# Program:featureCounts v2.1.1; Command:"featureCounts" "-T" "3" "-s" "2" "-Q" "10" "-t" "exon" "-g" "gene_id" "-a" "reference/genes.gtf" "-o" "results/strand_check/strand2.tsv" "alignments/WT_1.bam" "alignments/WT_2.bam" "alignments/WT_3.bam" "alignments/sec66del_1.bam" "alignments/sec66del_2.bam" "alignments/sec66del_3.bam" 
Geneid	Chr	Start	End	Strand	Length	alignments/WT_1.bam	alignments/WT_2.bam	alignments/WT_3.bam	alignments/sec66del_1.bam	alignments/sec66del_2.bam	alignments/sec66del_3.bam
YDL246C	IV	8683	9756	-	1074	9	3	4	7	7	8
YDL243C	IV	17577	18566	-	990	23	62	57	59	70	60
YDR387C	IV	1248154	1249821	-	1668	229	463	503	462	485	387
YDL094C	IV	289572	290081	-	510	4	6	12	8	4	2
YDR438W	IV	1338274	1339386	+	1113	93	187	165	185	204	173
YDR523C	IV	1485566	1487038	-	1473	30	41	50	42	38	37
YDR542W	IV	1523249	1523611	+	363	0	0	0	0	0	0
YDR492W	IV	1434924	1435874	+	951	800	1670	1649	1583	1906	2268
YDR018C	IV	482670	483860	-	1191	10	24	20	25	25	23
YDL189W	IV	122216	123589	+	1374	427	872	885	932	1028	1124
YDR508C	IV	1466453	1468444	-	1992	1054	2135	2076	2298	3351	3689
YDR462W	IV	1386073	1386516	+	444	112	190	199	260	298	223
YDR175C	IV	813193	814152	-	960	259	456	477	541	695	736
YDR186C	IV	832859	835492	-	2634	513	1037	994	1076	1561	1408
YDR150W	IV	755628	763874	+	8247	439	838	752	878	1147	1190
YDR243C	IV	948518	950284	-	1767	181	332	371	386	392	471
YDL182W	IV	133437	134723	+	1287	328	599	612	596	618	530
YDR362C	IV	1196679	1198697	-	2019	239	407	434	481	583	580
YDR232W	IV	927452	929098	+	1647	914	1657	1666	1637	1829	1411
YDR158W	IV	770357	771454	+	1098	2983	6201	6335	6105	6180	5549
YDR439W	IV	1339676	1340719	+	1044	178	320	338	357	377	438
YDL206W	IV	90176	92464	+	2289	191	350	387	380	347	401
YDR125C	IV	701397	702758	-	1362	56	114	127	143	117	144
YDR338C	IV	1147379	1149466	-	2088	181	288	296	354	359	363
YDR526C	IV	1491075	1491545	-	471	0	1	0	1	1	1
YDR533C	IV	1501447	1502160	-	714	232	395	478	307	320	241
YDR272W	IV	1009010	1009834	+	825	395	815	901	809	817	841
YDR197W	IV	851228	852397	+	1170	189	398	441	448	501	576
YDR512C	IV	1470500	1471063	-	564	101	197	200	241	279	333
YDR489W	IV	1431012	1431896	+	885	122	197	203	193	210	308
YDR299W	IV	1059627	1061231	+	1605	574	1227	1205	1194	1541	2318
YDL015C	IV	426002	426934	-	933	1458	3021	3188	2882	2922	4111
YDR304C	IV	1071880	1072557	-	678	1226	2200	2405	2402	2626	2111
YDR271C	IV	1008395	1008766	-	372	1	2	1	2	5	1
YDL181W	IV	135179	135436	+	258	109	178	236	172	449	232
YDR367W	IV;IV	1212848;1212979	1212877;1213614	+;+	666	401	816	797	792	720	1046
YDR085C	IV	614288	616150	-	1863	256	491	506	441	476	460
YDL097C	IV	285391	286695	-	1305	1189	2250	2336	2773	3370	2666
YDL139C	IV	211375	212046	-	672	73	128	128	155	169	123
YDR200C	IV	854279	856093	-	1815	244	444	497	503	546	610
YDR191W	IV	842337	843449	+	1113	77	157	115	141	162	171
YDR451C	IV	1361120	1362181	-	1062	85	171	178	212	322	303
YDR469W	IV	1399015	1399542	+	528	245	498	502	509	596	627
YDR470C	IV	1399706	1401214	-	1509	173	286	303	330	388	469
YDR105C	IV	665349	666770	-	1422	334	623	667	680	785	753
YDR483W	IV	1421157	1422485	+	1329	1865	3650	3702	3489	3358	3484
YDL123W	IV	241418	241840	+	423	89	168	161	163	211	123
YDL199C	IV	101290	103353	-	2064	64	85	90	85	110	68
YDR505C	IV	1456695	1459220	-	2526	486	884	951	900	1055	1019
YDL045W-A	IV	372248	372535	+	288	175	287	333	336	448	424
YDL045C	IV	372688	373608	-	921	249	485	516	500	576	524
YDR361C	IV	1195412	1196263	-	852	797	1471	1608	1387	1121	1635
YDR406W-A	IV	1283799	1284044	+	246	0	2	3	2	4	2
YDR199W	IV	854175	854540	+	366	1	1	0	0	0	1
YDR266C	IV	1000104	1002023	-	1920	450	967	983	893	1132	1281
YDL242W	IV	18959	19312	+	354	2	3	4	4	2	4
YDR002W	IV	453045	453650	+	606	2593	4770	5002	4452	4019	4139
YDR214W	IV	892875	893927	+	1053	656	1239	1299	2587	4243	3153
YDR130C	IV	715747	716622	-	876	76	175	187	213	227	205
YDL176W	IV	142097	144223	+	2127	177	348	327	329	409	415
YDR358W	IV	1190059	1191732	+	1674	221	342	407	380	413	314
YDR544C	IV	1525095	1525523	-	429	0	0	0	0	0	0
YDR460W	IV	1383811	1384776	+	966	212	323	321	383	475	466
snR84	IV	1492477	1493026	-	550	46	78	115	86	100	127
YDR034W-B	IV	521314	521469	+	156	11	24	31	41	17	10
YDL028C	IV	400997	403291	-	2295	207	360	404	456	550	616
YDR061W	IV	574164	575783	+	1620	264	469	521	653	725	709
YDR060W	IV	570649	573726	+	3078	2358	4898	4933	4850	4806	5742
YDR169C-A	IV	794574	794723	-	150	0	3	3	3	0	4
YDR363W	IV	1199183	1200553	+	1371	205	400	411	483	489	549
YDR422C	IV	1315326	1317773	-	2448	229	444	481	541	604	634
YDR119W	IV	688227	690533	+	2307	979	2029	2053	1905	2184	2398
tR(ACG)D	IV	619969	620041	-	73	1	0	1	1	0	3
YDR097C	IV	640109	643837	-	3729	349	775	792	890	1062	1292
YDR042C	IV	540601	541203	-	603	28	51	49	56	35	56
YDL160C	IV	170410	171930	-	1521	290	522	606	546	608	680
YDR425W	IV	1320064	1321941	+	1878	180	303	349	329	367	386
snR13	IV	1402919	1403042	+	124	5	3	20	12	8	10
YDR228C	IV	921926	923806	-	1881	278	445	439	496	553	698
YDR319C	IV	1105003	1105827	-	825	215	385	439	456	465	491
YDR471W	IV;IV	1401770;1402185	1401800;1402564	+;+	411	4604	8908	9614	8322	7984	6890
YDR089W	IV	622112	624721	+	2610	265	554	525	552	752	872
tD(GUC)D	IV	568964	569035	+	72	1	0	1	1	1	2
YDR275W	IV	1012252	1012959	+	708	182	301	314	272	284	248
YDR043C	IV	542674	543369	-	696	279	612	656	465	414	278
YDR129C	IV;IV	713340;715359	715247;715379	-;-	1929	2258	4133	4392	4260	4101	3289
YDR136C	IV	727711	728283	-	573	1	5	1	3	1	3
YDL066W	IV	334835	336121	+	1287	564	1061	1122	1168	1554	1180
YDR302W	IV	1067731	1068390	+	660	196	410	424	462	510	701
YDR239C	IV	941057	943420	-	2364	248	506	490	579	654	575
YDR539W	IV	1512094	1513605	+	1512	476	924	898	977	1129	1010
tK(CUU)D1	IV	1201750	1201822	+	73	0	0	0	0	0	0
YDL125C	IV;IV	239019;239510	239398;239606	-;-	477	916	1538	1777	1632	1606	1274
YDR493W	IV	1436217	1436588	+	372	89	163	199	224	232	227
YDR101C	IV	655686	657467	-	1782	1647	3276	3362	3044	2870	4137
YDR182W-A	IV	829151	829354	+	204	12	24	21	18	19	31
YDR212W	IV	887232	888911	+	1680	1085	2239	2401	2413	2551	2753
YDR476C	IV	1410453	1411127	-	675	193	280	327	413	465	259
YDL131W	IV	227393	228715	+	1323	628	1084	1119	1072	1315	1224
YDR458C	IV	1380055	1382046	-	1992	526	1027	1055	1169	1255	1463
YDR081C	IV	607304	610081	-	2778	397	714	759	809	940	1120
YDL071C	IV	330666	331040	-	375	2	4	1	4	13	8
YDR113C	IV	680496	681617	-	1122	126	241	259	293	376	385
YDR168W	IV	790328	791848	+	1521	795	1552	1710	1909	2087	2374
YDR520C	IV	1481085	1483403	-	2319	148	290	285	291	353	407
YDR307W	IV	1075865	1077853	+	1989	200	420	459	459	515	633
YDR265W	IV	998864	999877	+	1014	170	291	287	294	291	275
YDL076C	IV	320668	321552	-	885	235	460	470	457	552	534
YDL006W	IV	439909	440754	+	846	216	389	421	374	436	472
YDL086W	IV	301413	302234	+	822	744	1231	1362	1431	1573	993
YDR238C	IV	937895	940816	-	2922	1441	2710	2767	3184	3548	3651
YDR077W	IV	600793	601809	+	1017	9806	14823	15109	23264	29935	19153
YDR381C-A	IV;IV	1238312;1238825	1238630;1238850	-;-	345	98	189	197	193	189	239
YDL023C	IV	411761	412081	-	321	0	1	2	2	0	2
YDL083C	IV;IV	306926;307766	307333;307789	-;-	432	7167	13866	15224	12421	11579	9852
YDR036C	IV	523211	524713	-	1503	248	442	514	576	644	659
YDR057W	IV	565927	567555	+	1629	245	473	516	453	553	587
YDR513W	IV	1471017	1471448	+	432	413	719	803	766	914	893
YDR487C	IV	1428354	1428980	-	627	997	1877	2101	1996	2079	1402
YDR066C	IV	581908	582498	-	591	57	94	95	115	99	115
YDR352W	IV	1181801	1182754	+	954	370	675	776	699	673	758
YDR278C	IV	1017001	1017318	-	318	0	1	1	0	0	0
YDR079C-A	IV	603593	603811	-	219	40	103	107	75	76	108
YDR204W	IV	858137	859144	+	1008	146	255	338	312	379	264
YDL247W-A	IV	3762	3836	+	75	0	0	0	0	0	0
YDL024C	IV	408451	409857	-	1407	9	32	33	27	32	22
tA(AGC)D	IV	410379	410451	+	73	0	0	0	0	0	0
YDR109C	IV	673520	675667	-	2148	161	281	325	364	490	485
YDR466W	IV	1395121	1397817	+	2697	293	487	526	569	783	789
YDR427W	IV	1322205	1323386	+	1182	942	1870	2026	2270	2498	3003
YDL044C	IV	373967	375289	-	1323	109	195	258	229	282	301
YDL079C	IV;IV	312951;314337	314044;314748	-;-	1506	21	29	34	44	54	51
YDR193W	IV	844554	844952	+	399	0	0	0	1	0	1
YDR305C	IV;IV	1072746;1073402	1073312;1073488	-;-	654	155	268	334	300	358	334
YDR377W	IV	1228611	1228916	+	306	429	750	852	719	990	996
YDR219C	IV	905455	906852	-	1398	267	492	493	519	563	625
YDR416W	IV	1298432	1301011	+	2580	256	521	511	612	637	748
YDR365C	IV	1204497	1206383	-	1887	1599	3262	3370	2924	2583	3278
YDL233W	IV	36797	38173	+	1377	167	256	308	306	265	204
YDR287W	IV	1035995	1036873	+	879	148	260	286	324	371	333
YDR448W	IV	1356065	1357369	+	1305	111	215	229	249	300	306
YDR180W	IV	821295	825776	+	4482	179	369	364	398	481	653
tF(GAA)D	IV;IV	1095370;1095425	1095405;1095461	-;-	73	0	0	0	0	0	0
tT(AGU)D	IV	434264	434336	-	73	0	0	0	0	0	0
YDR294C	IV	1050459	1052228	-	1770	722	1393	1496	1482	1596	1270
YDR198C	IV	852533	853972	-	1440	245	535	499	555	623	760
YDL163W	IV	166956	167258	+	303	0	0	0	1	0	0
YDL119C	IV	246689	247612	-	924	153	231	276	292	344	357
YDR501W	IV	1451353	1452918	+	1566	39	77	69	90	136	167
YDL214C	IV	74446	76545	-	2100	22	32	32	44	38	31
YDR264C	IV	996029	998323	-	2295	789	1341	1489	1674	2155	2140
YDR343C	IV	1159608	1161320	-	1713	18	38	33	21	13	18
YDR373W	IV	1222759	1223331	+	573	379	745	774	872	901	969
YDR354W	IV	1184747	1185889	+	1143	420	754	756	905	1098	975
YDR246W	IV	954288	954947	+	660	138	289	327	362	469	279
YDR428C	IV	1323454	1324239	-	786	321	509	651	610	546	732
YDR157W	IV	769931	770332	+	402	40	74	71	70	92	46
YDR316W	IV	1093763	1095178	+	1416	258	580	557	643	794	855
YDL142C	IV	201719	202570	-	852	111	158	218	205	219	240
YDR253C	IV	963990	964565	-	576	27	42	47	58	85	107
YDL112W	IV	258915	263225	+	4311	1017	1854	1933	1969	1897	2361
YDR545W	IV	1526321	1531711	+	5391	0	0	0	0	0	0
YDL187C	IV	125509	125838	-	330	9	12	24	16	12	15
YDL138W	IV	213351	215642	+	2292	192	343	324	354	471	472
YDR528W	IV	1494586	1495857	+	1272	87	192	156	163	277	365
YDR284C	IV	1030550	1031419	-	870	363	793	804	799	812	837
YDR050C	IV	555726	556472	-	747	18617	33960	36260	29453	25862	21947
YDL010W	IV	432330	433025	+	696	307	497	568	541	562	517
YDL065C	IV	336249	337277	-	1029	342	616	656	799	921	933
YDR349C	IV	1172386	1174176	-	1791	846	1522	1531	1592	1625	1500
YDL098C	IV	284581	285165	-	585	91	183	182	199	234	214
YDL234C	IV	34237	36477	-	2241	1707	2911	3190	3401	2422	968
YDR118W	IV	685882	687840	+	1959	91	197	222	232	244	341
YDR118W-A	IV	687768	687884	+	117	0	4	3	4	5	5
YDR159W	IV	771877	775782	+	3906	375	752	796	835	1065	1067
YDR111C	IV	678241	679764	-	1524	225	335	410	307	338	340
YDR128W	IV	709549	712995	+	3447	300	631	568	741	862	967
YDL034W	IV	391783	392127	+	345	1	0	0	0	0	0
YDR065W	IV	580687	581784	+	1098	111	232	238	262	364	410
YDL004W	IV	443029	443511	+	483	745	1307	1546	1313	1892	1626
YDR024W	IV	491017	491502	+	486	49	105	108	92	89	117
YDL171C	IV	149203	155640	-	6438	1796	3418	3297	2603	2810	2875
YDR083W	IV	612073	613251	+	1179	883	1861	1939	1734	1559	1968
YDR457W	IV	1369790	1379596	+	9807	753	1499	1520	1530	1667	1600
YDR014W	IV	474046	475989	+	1944	127	226	274	266	310	311
YDR206W	IV	862054	864708	+	2655	660	1442	1511	1535	1555	1731
YDR478W	IV	1414575	1415171	+	597	98	229	209	227	240	217
YDR169C	IV	792348	793889	-	1542	370	603	644	674	804	670
YDR115W	IV	682175	682492	+	318	166	335	312	401	364	398
YDL159W-A	IV	172182	172313	+	132	0	1	0	0	0	0
YDL232W	IV	38487	38597	+	111	57	104	131	105	174	210
YDL240C-A	IV	22471	22608	-	138	0	0	0	0	0	0
tE(CUC)D	IV	1017207	1017278	-	72	0	0	0	0	0	0
YDL152W	IV	182822	183187	+	366	0	2	1	1	1	5
YDR432W	IV	1328783	1330027	+	1245	1420	2379	2549	2486	2888	2074
YDL022C-A	IV	409808	410056	-	249	0	0	0	2	0	0
YDL114W-A	IV	254935	255048	+	114	2	2	3	1	6	7
YDR410C	IV	1292372	1293091	-	720	238	507	478	477	451	603
YDR464C-A	IV	1392492	1392680	-	189	0	0	0	0	0	0
YDL072C	IV	329836	330447	-	612	764	1518	1634	1745	1848	1424
YDR053W	IV	560249	560644	+	396	1	0	1	0	1	1
YDL012C	IV;IV	431108;431473	431386;431517	-;-	324	237	383	426	427	480	278
YDR482C	IV	1420431	1420838	-	408	145	222	254	237	268	144
YDL070W	IV	331024	332940	+	1917	1222	2355	2523	2750	3101	2842
YDR064W	IV;IV	579458;580018	579478;580452	+;+	456	10351	17569	19617	15751	15232	16629
YDL135C	IV	218680	219288	-	609	455	863	913	942	1001	1306
YDL077C	IV	316971	320120	-	3150	263	518	547	609	670	703
YDR354C-A	IV	1185139	1185282	-	144	0	0	0	1	1	0
YDL033C	IV	392659	393912	-	1254	69	179	168	184	246	175
YDL031W	IV	394217	397204	+	2988	1253	2569	2692	2617	2346	2757
YDR398W	IV	1267471	1269402	+	1932	1364	2764	2832	2930	2945	3160
YDR326C	IV	1120609	1124925	-	4317	599	1195	1144	1088	1279	1541
YDL052C	IV	362672	363583	-	912	502	1007	1049	1182	1340	1161
YDR536W	IV	1508005	1509714	+	1710	2	5	7	1	1	6
YDR397C	IV;IV	1266366;1266862	1266769;1266898	-;-	441	450	774	950	873	939	872
YDL116W	IV	251566	253746	+	2181	465	908	919	957	1027	1259
YDR028C	IV	497835	500879	-	3045	801	1444	1541	1544	1805	1678
YDL007W	IV	438047	439360	+	1314	1381	2714	2942	3293	3815	3572
YDR236C	IV	935236	935892	-	657	163	281	320	303	361	360
YDR011W	IV	465919	470424	+	4506	962	1882	1926	2290	2989	3327
YDR155C	IV	768512	769000	-	489	2395	4176	4132	6098	7806	6784
YDR414C	IV	1295598	1296686	-	1089	155	323	318	343	375	457
YDR026C	IV	492556	494268	-	1713	388	729	803	845	936	938
YDL073W	IV	326613	329567	+	2955	426	830	832	895	1015	1338
tY(GUA)D	IV;IV	946312;946365	946350;946400	+;+	75	1	1	0	1	2	4
YDL115C	IV;IV	253995;255045	254974;255126	-;-	1062	277	497	560	602	656	600
YDL145C	IV	194571	198176	-	3606	2184	4279	4273	4322	4888	4944
YDR203W	IV	857682	857999	+	318	0	0	0	1	0	3
YDL104C	IV	273653	274876	-	1224	91	173	222	225	276	278
YDL149W	IV	184925	187918	+	2994	105	129	163	184	197	172
YDR231C	IV	926293	926910	-	618	53	105	105	100	159	145
YDR045C	IV	547978	548310	-	333	342	625	653	564	537	678
YDL075W	IV;IV	322226;322704	322282;322988	+;+	342	9577	17237	19458	15969	14805	13963
YDR415C	IV	1297037	1298161	-	1125	256	444	476	461	494	559
YDR339C	IV	1149951	1150520	-	570	592	1093	1267	1077	1133	1399
YDL213C	IV	77289	77966	-	678	1096	1850	2216	1857	1677	1507
YDR096W	IV	637139	639823	+	2685	348	506	564	492	598	550
YDL019C	IV	417663	421514	-	3852	532	994	964	801	1035	1030
YDL022W	IV	411825	413000	+	1176	715	1291	1352	953	1154	802
YDR413C	IV	1294836	1295411	-	576	2	5	8	6	3	3
YDR391C	IV	1257358	1258056	-	699	362	585	678	651	542	336
YDR091C	IV	626708	628534	-	1827	1687	3522	3455	3378	3336	4377
YDR240C	IV	943674	945152	-	1479	181	282	346	330	414	502
YDL244W	IV	16204	17226	+	1023	5	4	15	12	10	8
YDR179C	IV	818708	819196	-	489	50	102	118	144	149	262
YDL165W	IV	164290	164865	+	576	211	366	466	418	478	422
YDL140C	IV	205360	210561	-	5202	1418	2942	2726	3032	3800	3321
YDR120C	IV	691549	693261	-	1713	1034	2266	2322	2224	2106	2148
YDR003W	IV	454122	454754	+	633	196	292	333	325	345	289
YDR499W	IV	1447830	1450073	+	2244	139	288	290	321	410	437
YDR166C	IV	786306	789221	-	2916	368	673	750	802	921	1124
YDL092W	IV	292781	293221	+	441	451	892	1039	984	998	1167
YDL041W	IV	378102	378455	+	354	2	3	3	3	4	4
YDL241W	IV	20635	21006	+	372	231	417	485	398	256	223
YDL082W	IV;IV	308424;308793	308427;309388	+;+	600	5535	10308	11477	9683	9468	8443
YDR277C	IV	1014401	1015702	-	1302	53	62	72	41	133	84
YDR291W	IV	1039728	1042961	+	3234	278	489	538	552	611	709
YDR475C	IV	1407464	1410094	-	2631	474	679	700	723	725	400
YDR244W	IV	950563	952401	+	1839	214	358	389	422	477	508
YDR407C	IV	1284069	1287938	-	3870	331	657	640	833	958	1186
YDR382W	IV	1239492	1239824	+	333	8569	16909	18468	15013	14555	10228
YDR102C	IV	657648	657980	-	333	3	4	4	4	8	4
YDL188C	IV	123865	124998	-	1134	351	635	662	580	748	718
YDR405W	IV	1277646	1278437	+	792	220	357	367	439	541	356
YDR443C	IV	1345676	1349938	-	4263	145	319	282	339	524	480
YDR059C	IV;IV	569234;569724	569633;569770	-;-	447	83	119	141	167	199	140
YDR144C	IV	744311	746101	-	1791	793	1793	1742	1653	2013	2004
YDL157C	IV	174232	174588	-	357	255	452	492	457	483	566
YDL058W	IV	345665	351037	+	5373	422	922	944	987	1185	1339
YDL096C	IV	286998	287324	-	327	1	1	0	0	1	1
YDL155W	IV	176773	178056	+	1284	226	386	413	435	530	595
YDR147W	IV	751631	753235	+	1605	194	370	421	437	461	544
YDL191W	IV;IV	117664;118158	117666;118517	+;+	363	677	1285	1398	1111	891	1039
YDL128W	IV	232652	233887	+	1236	798	1521	1642	1442	1557	1459
YDR310C	IV	1081128	1084316	-	3189	602	1279	1224	1464	1727	1582
YDL160C-A	IV	169366	169608	-	243	55	95	130	120	114	115
YDR127W	IV	704484	709250	+	4767	1283	2588	2613	2548	2765	2462
YDR497C	IV	1443713	1445467	-	1755	2865	5629	5591	4925	4792	3741
YDL162C	IV	167359	167715	-	357	0	0	1	0	1	0
tS(AGA)D3	IV	1305630	1305712	+	83	0	0	1	0	0	1
YDR201W	IV	856317	856814	+	498	101	190	219	232	244	260
YDR163W	IV	781423	781950	+	528	156	217	280	299	318	287
YDL146W	IV	192750	194225	+	1476	144	291	259	285	287	290
YDR363W-A	IV	1202128	1202397	+	270	388	853	908	1006	1268	1207
YDL221W	IV	62011	62562	+	552	0	1	2	1	2	1
YDL089W	IV	296820	298274	+	1455	240	435	477	431	433	519
YDR385W	IV	1243230	1245758	+	2529	1377	2493	2493	2029	1927	1769
YDR331W	IV	1129588	1130823	+	1236	460	826	784	790	846	991
YDR196C	IV	850274	850999	-	726	261	534	579	627	584	727
YDR116C	IV	682724	683581	-	858	260	480	509	605	648	670
YDR001C	IV	450220	452475	-	2256	600	1156	1097	1135	1220	1106
YDL230W	IV	42700	43707	+	1008	87	177	184	184	242	181
YDR160W	IV	776163	778721	+	2559	345	592	551	629	665	619
YDR123C	IV	698554	699468	-	915	345	596	646	786	693	316
YDR322W	IV	1110589	1111692	+	1104	360	644	717	748	944	972
YDR040C	IV	535192	538467	-	3276	34	63	53	94	158	195
YDR025W	IV;IV	491515;491899	491559;492324	+;+	471	6046	10846	11419	10409	10613	8718
YDR046C	IV	548762	550576	-	1815	1177	2110	2248	1908	2457	1844
YDL057W	IV	351434	352420	+	987	58	138	125	154	176	142
YDL248W	IV	1802	2953	+	1152	64	137	158	128	114	141
YDR008C	IV	462252	462602	-	351	2	2	3	8	9	4
YDR029W	IV	501100	501414	+	315	1	0	0	0	0	0
YDR485C	IV	1424820	1427207	-	2388	431	684	725	850	1014	931
YDR408C	IV	1288215	1288859	-	645	406	801	851	781	802	473
YDR038C	IV	527422	530697	-	3276	66	141	130	125	149	112
YDL204W	IV	94605	95786	+	1182	118	286	222	150	130	91
YDR019C	IV	484163	485365	-	1203	220	455	390	538	640	667
YDR477W	IV	1412373	1414274	+	1902	526	960	1054	1015	1177	1163
YDR254W	IV	965113	966489	+	1377	80	136	146	179	230	250
YDR514C	IV	1471548	1472999	-	1452	262	476	478	516	569	648
YDR296W	IV	1055212	1055892	+	681	220	439	479	479	589	458
YDL216C	IV	68997	70319	-	1323	87	147	156	163	166	132
YDL100C	IV	282112	283176	-	1065	1305	2582	2737	3164	3595	3284
YDL068W	IV	333500	333829	+	330	2	7	3	5	2	6
YDL026W	IV	404749	405060	+	312	3	7	3	5	5	4
YDL124W	IV	240259	241197	+	939	1335	2367	2568	2637	2804	1836
YDL227C	IV	46271	48031	-	1761	303	536	572	759	1130	1133
YDL111C	IV	263313	264110	-	798	450	863	993	933	1002	1086
YDR324C	IV	1114433	1116763	-	2331	1322	2867	2886	2882	2938	3889
YDL170W	IV	156318	157904	+	1587	180	323	325	298	377	536
YDR317W	IV	1102184	1103428	+	1245	39	70	61	68	66	136
YDR436W	IV	1334821	1336953	+	2133	198	345	366	351	438	279
YDR208W	IV	868224	870563	+	2340	380	822	799	912	1146	1316
YDR386W	IV	1246084	1247982	+	1899	118	205	201	246	272	301
YDR504C	IV	1456311	1456694	-	384	28	41	44	46	48	53
YDL220C	IV	62244	65018	-	2775	96	226	212	258	310	272
YDR396W	IV	1266295	1266795	+	501	5	9	8	2	4	7
YDR258C	IV	971808	974243	-	2436	970	1213	1391	1680	2207	1793
YDR176W	IV	814452	816560	+	2109	358	657	685	752	905	834
YDL099W	IV	283419	284444	+	1026	554	1047	1113	1221	1298	1342
YDR380W	IV	1234218	1236125	+	1908	272	502	593	473	1438	977
YDL110C	IV	264512	264964	-	453	166	238	264	278	395	268
YDR148C	IV	753675	755066	-	1392	549	1072	1164	978	1257	1036
YDL201W	IV	99561	100421	+	861	589	1166	1308	1245	1106	1313
YDL107W	IV	268921	269976	+	1056	115	182	243	244	275	325
YDR515W	IV	1473429	1474772	+	1344	119	264	276	379	467	531
YDR133C	IV	720962	721297	-	336	1197	1942	2132	1686	2353	1775
YDR378C	IV	1229349	1229609	-	261	283	568	587	567	605	624
YDR473C	IV	1404445	1405854	-	1410	236	448	522	473	501	465
YDR403W	IV	1274602	1276212	+	1611	29	54	60	60	70	75
YDR268W	IV	1004004	1005143	+	1140	115	205	269	263	314	292
YDR409W	IV	1289406	1292120	+	2715	158	304	304	358	446	439
YDR173C	IV	810565	811632	-	1068	96	147	164	146	183	171
YDR187C	IV	836228	836746	-	519	0	1	0	0	0	0
YDR389W	IV	1252537	1254501	+	1965	353	622	631	644	815	915
YDR417C	IV	1301555	1301926	-	372	0	7	4	4	1	3
YDR165W	IV	784871	786205	+	1335	914	1732	1888	1861	1748	2630
YDL113C	IV	256633	258555	-	1923	296	414	502	533	533	500
YDR426C	IV	1321629	1322006	-	378	1	0	2	2	1	2
YDR521W	IV	1483141	1483476	+	336	0	1	0	1	0	0
YDR086C	IV	616928	617170	-	243	1179	2231	2393	2070	2186	2645
YDL021W	IV	413953	414888	+	936	17	26	19	43	45	38
YDR023W	IV	489508	490896	+	1389	3955	8200	8830	7839	7481	8940
YDR394W	IV	1261681	1262967	+	1287	1078	1947	2190	2397	3008	2314
YDR320C-A	IV	1108280	1108498	-	219	146	237	292	259	332	356
YDR003W-A	IV	454782	454904	+	123	49	70	78	72	69	90
YDR183W	IV	829585	830277	+	693	144	264	271	298	371	431
YDR245W	IV	952800	953981	+	1182	1125	2047	2312	2043	2140	2589
YDR431W	IV	1328390	1328701	+	312	0	1	0	2	0	1
YDL154W	IV	178334	181039	+	2706	145	227	304	258	253	286
YDL184C	IV	130407	130484	-	78	357	556	659	554	441	820
YDR153C	IV	766736	767971	-	1236	476	850	895	840	1051	1129
YDR014W-A	IV	477797	478285	+	489	5	5	9	12	11	17
YDR434W	IV	1331237	1332841	+	1605	391	896	927	876	963	1073
YDL002C	IV	446967	447578	-	612	280	614	661	590	618	708
YDR225W	IV	915530	915928	+	399	3571	6216	6654	6320	6030	5159
YDR418W	IV	1301616	1302113	+	498	6433	11852	13664	11581	11390	11402
YDR224C	IV	914317	914712	-	396	4838	9129	9892	9021	9596	8788
YDR502C	IV	1453310	1454464	-	1155	1709	3474	3269	3767	3920	3793
YDR447C	IV;IV	1354829;1355551	1355236;1355553	-;-	411	4789	9284	10179	8311	7612	9243
YDL039C	IV	381985	384081	-	2097	1579	2406	2778	1675	1500	1309
YDL225W	IV	52445	54100	+	1656	601	1190	1288	1339	1469	1534
YDR259C	IV	974631	975782	-	1152	61	121	124	143	220	165
YDR495C	IV	1438115	1441150	-	3036	208	420	398	484	548	670
YDL151C	IV	183318	183899	-	582	4	1	0	1	0	1
YDR357C	IV	1189199	1189567	-	369	100	222	253	283	358	399
YDR370C	IV	1217782	1219110	-	1329	224	447	466	487	507	673
YDR298C	IV	1058176	1058814	-	639	888	1460	1679	1474	2077	2002
YDR276C	IV	1013476	1013643	-	168	1307	2708	2652	2523	2641	2580
YDL185C-A	IV	126608	126835	-	228	0	0	1	1	2	0
YDR545C-A	IV	1530863	1531342	-	480	0	0	0	0	0	0
tM(CAU)D	IV	1175829	1175901	+	73	0	0	0	0	0	0
YDL247W	IV	5985	7814	+	1830	0	0	0	0	0	0
YDR406W	IV	1279210	1283799	+	4590	131	214	176	303	290	329
YDR273W	IV	1010176	1011273	+	1098	66	88	85	79	69	69
YDR269C	IV	1005665	1005988	-	324	0	1	0	1	1	0
YDR453C	IV	1365072	1365662	-	591	57	110	122	102	71	73
YDR383C	IV	1239960	1240676	-	717	110	184	218	203	235	208
YDR375C	IV	1225166	1226536	-	1371	254	465	469	534	649	653
YDL161W	IV	167714	169078	+	1365	570	1148	1166	1206	1417	1169
YDL051W	IV	363952	364779	+	828	1843	3409	3686	3112	2662	2902
YDR084C	IV	613405	614004	-	600	195	395	424	418	501	528
YDL056W	IV	352877	355378	+	2502	306	513	596	659	843	917
YDR344C	IV	1162006	1162449	-	444	8	15	22	16	21	18
YDR320C	IV	1106095	1108101	-	2007	328	570	521	706	783	826
YDR221W	IV	907330	909438	+	2109	247	489	531	516	604	573
tI(AAU)D	IV	668007	668080	-	74	0	0	0	0	0	0
YDL032W	IV	393690	394001	+	312	0	0	1	0	2	0
YDR456W	IV	1367485	1369386	+	1902	463	839	856	814	942	1075
YDL036C	IV	387513	388901	-	1389	316	663	679	688	686	704
tL(CAA)D	IV;IV	1461715;1461792	1461758;1461829	-;-	82	0	0	0	0	0	0
YDL217C	IV	67983	68606	-	624	205	372	333	415	447	537
snR63	IV	323217	323471	-	255	41	69	77	72	61	80
YDR334W	IV	1135932	1140476	+	4545	367	724	734	836	1167	1091
YDL049C	IV	365068	365874	-	807	89	154	192	145	151	90
YDL164C	IV	164987	167254	-	2268	280	511	520	628	790	934
YDR384C	IV	1241204	1242031	-	828	387	652	706	652	577	586
YDR149C	IV	755555	756262	-	708	0	0	0	0	0	0
YDR093W	IV	631282	636120	+	4839	602	1182	1192	1270	1432	1273
YDR071C	IV	588827	589402	-	576	1237	2376	2618	2533	2667	3077
YDL143W	IV	199996	201582	+	1587	1890	3530	3813	3597	3842	3838
YDR032C	IV	504099	504695	-	597	457	798	837	921	1114	902
tR(UCU)D	IV	568882	568953	+	72	0	0	0	0	0	0
YDR063W	IV	578663	579112	+	450	414	683	725	711	805	773
YDL166C	IV	163449	164042	-	594	346	632	641	677	676	647
YDR004W	IV	455201	456583	+	1383	229	477	482	513	559	565
YDR151C	IV	764178	765155	-	978	547	797	906	809	986	781
YDR037W	IV	525440	527215	+	1776	6361	13106	13264	12744	13411	13573
YDL175C	IV	144484	145518	-	1035	168	290	315	291	346	352
YDR286C	IV	1035231	1035575	-	345	49	89	95	110	119	154
YDR172W	IV	808324	810381	+	2058	2270	4342	4374	4430	4985	5137
YDL174C	IV	145826	147589	-	1764	497	815	846	981	1369	877
YDR080W	IV	604008	606986	+	2979	284	507	600	692	693	776
YDR503C	IV	1455042	1455866	-	825	82	145	156	204	228	252
YDR069C	IV	584939	587719	-	2781	161	272	275	290	356	338
YDR047W	IV	551860	552948	+	1089	959	1733	1777	1672	1840	1307
YDR215C	IV	894089	894502	-	414	0	1	0	0	0	0
YDR267C	IV	1002510	1003502	-	993	496	811	882	781	827	720
YDR142C	IV	740473	741600	-	1128	189	364	345	334	424	419
YDL212W	IV	78426	79058	+	633	1280	2332	2651	2366	2397	2655
YDR249C	IV	958681	959802	-	1122	214	299	309	259	285	334
YDL209C	IV	86207	87226	-	1020	83	147	196	188	226	325
YDR044W	IV	546642	547628	+	987	687	1294	1369	1004	935	669
tK(UUU)D	IV;IV	359577;359637	359613;359672	+;+	73	1	2	3	1	2	2
YDR311W	IV	1085065	1086993	+	1929	295	563	579	564	668	663
YDL159C-B	IV	173056	173232	-	177	1	0	0	0	0	0
YDR222W	IV	910054	911301	+	1248	319	536	665	629	812	587
YDR510C-A	IV	1469695	1469811	-	117	0	0	0	0	0	0
YDR401W	IV	1272223	1272786	+	564	10	13	10	11	15	19
YDR207C	IV	865012	867522	-	2511	260	519	547	531	596	494
YDL005C	IV	441014	442309	-	1296	301	489	568	554	705	625
YDR295C	IV	1052623	1054647	-	2025	237	493	536	571	588	595
YDR543C	IV	1524634	1524933	-	300	0	0	0	0	0	0
YDL208W	IV	87512	87982	+	471	2166	4220	4645	3629	3239	2576
YDR135C	IV	723004	727551	-	4548	930	1866	1904	2208	2594	2662
YDL114W	IV	255604	256530	+	927	3	4	4	4	4	8
YDR247W	IV	956013	957398	+	1386	315	545	600	488	423	218
YDL197C	IV	104917	106494	-	1578	178	324	319	359	481	343
YDR229W	IV	924785	926146	+	1362	319	471	515	513	536	465
YDR095C	IV	636117	636527	-	411	0	1	0	0	1	0
YDR027C	IV	494649	497318	-	2670	285	539	588	611	723	719
YDL106C	IV	270222	271901	-	1680	270	461	449	464	560	530
YDR404C	IV	1276654	1277169	-	516	514	928	1010	968	990	1050
YDR256C	IV	968133	969680	-	1548	53	83	71	61	65	40
YDR518W	IV	1478608	1480161	+	1554	296	575	550	553	617	698
YDR055W	IV	563527	564861	+	1335	2050	4145	4265	4480	4566	3508
YDL087C	IV	300214	300999	-	786	88	167	171	194	168	162
YDR177W	IV	816878	817525	+	648	538	1000	1155	1093	1171	1150
YDL014W	IV	427364	428347	+	984	4395	8476	8894	8341	7772	7284
YDR289C	IV	1038280	1039509	-	1230	189	407	441	479	495	513
YDL159W	IV	172481	174028	+	1548	182	288	323	357	409	458
YDR532C	IV	1499396	1500553	-	1158	194	304	324	330	389	479
YDR137W	IV	728259	730250	+	1992	369	664	658	693	750	829
YDL153C	IV	181186	183018	-	1833	1452	3110	3215	2924	2430	2918
YDR393W	IV	1259901	1261271	+	1371	178	315	390	393	489	488
YDR506C	IV	1459728	1461554	-	1827	33	82	99	115	117	138
YDL219W	IV;IV	65242;65378	65306;65765	+;+	453	240	517	531	516	569	718
YDL090C	IV	295034	296329	-	1296	210	319	372	348	408	389
YDR033W	IV	508147	509109	+	963	7269	13072	13611	11418	12438	11768
YDR035W	IV	521816	522928	+	1113	1407	2709	2959	2546	2507	2085
YDR332W	IV	1131001	1133070	+	2070	174	336	346	379	404	447
YDR510W	IV	1469400	1469705	+	306	631	1377	1424	1413	1609	1391
YDL055C	IV	355674	356759	-	1086	11369	21843	22765	23315	24048	22221
YDR480W	IV	1417399	1418370	+	972	71	152	140	156	246	197
YDL103C	IV	275148	276581	-	1434	398	723	721	781	965	901
YDL085C-A	IV	302464	302670	-	207	149	248	272	271	294	292
YDR350C	IV	1176120	1178174	-	2055	316	571	572	629	723	649
YDR342C	IV	1154216	1155928	-	1713	84	130	157	81	149	101
YDR087C	IV	617470	618306	-	837	886	1593	1663	1483	1246	1658
YDL236W	IV	32296	33234	+	939	953	1773	1754	1622	1797	1663
YDR012W	IV	471853	472941	+	1089	4837	8131	8297	7560	8633	6398
YDL121C	IV	245133	245582	-	450	469	942	991	968	937	1060
YDR525W-A	IV	1490596	1490835	+	240	43	73	76	59	84	72
tG(GCC)D2	IV	992832	992902	+	71	0	3	6	2	5	5
YDL190C	IV	118707	121592	-	2886	572	1055	1059	1135	1290	1379
YDL047W	IV	369771	370706	+	936	720	1280	1376	1366	1497	1234
YDR099W	IV	653607	654428	+	822	1811	3466	3751	4185	4744	4610
YDR092W	IV;IV	629876;630174	629905;630605	+;+	462	305	594	644	669	809	728
YDR164C	IV	782041	784215	-	2175	423	876	882	1013	1087	1190
YDR058C	IV	567723	568703	-	981	43	76	82	121	127	116
YDL020C	IV	415113	416708	-	1596	594	880	939	1106	1385	1130
YDL025C	IV	405344	407206	-	1863	258	431	413	391	448	339
YDR374C	IV	1223474	1224394	-	921	3	5	10	5	4	9
YDL207W	IV	88248	89864	+	1617	422	649	747	764	846	786
YDR270W	IV	1005675	1008689	+	3015	143	216	222	297	525	506
YDR152W	IV	765706	766503	+	798	770	1530	1660	1642	1724	1608
YDL148C	IV	188154	190586	-	2433	978	2127	2114	2114	1985	2637
tI(UAU)D	IV;IV	884361;884458	884397;884493	+;+	73	0	0	1	1	0	1
YDR379C-A	IV	1233278	1233517	-	240	14	35	37	73	95	88
YDR218C	IV	903781	905052	-	1272	5	16	13	9	13	12
YDL018C	IV	422833	423510	-	678	126	225	255	243	356	348
YDR507C	IV	1462358	1465786	-	3429	489	1171	1054	1494	1885	2171
YDL003W	IV	444683	446383	+	1701	273	587	565	753	1108	1278
YDR524C-B	IV	1489598	1489798	-	201	7018	10590	12141	11240	12023	8092
YDR371W	IV	1219413	1220948	+	1536	227	420	434	460	529	697
YDR359C	IV	1191936	1194884	-	2949	242	528	515	700	794	745
YDL180W	IV	135896	137539	+	1644	313	430	492	422	557	546
YDL133W	IV	222427	223740	+	1314	247	438	457	432	542	506
YDR335W	IV	1141168	1144842	+	3675	578	1141	1122	1235	1447	1541
YDR351W	IV	1178666	1181260	+	2595	363	632	646	775	919	1014
YDL150W	IV	183343	184611	+	1269	672	1285	1376	1262	1420	1463
YDL177C	IV	141209	141721	-	513	73	168	162	158	187	127
YDR171W	IV	806621	807748	+	1128	1807	2307	3014	1756	1290	323
YDR364C	IV	1202843	1204210	-	1368	226	447	498	484	598	663
YDR309C	IV	1079048	1080199	-	1152	445	842	839	1008	1357	1374
YDL239C	IV	26403	28775	-	2373	114	179	153	151	156	195
YDL228C	IV	45277	45918	-	642	1	2	0	2	0	0
YDL156W	IV	174918	176486	+	1569	68	173	136	149	272	219
YDL016C	IV	425570	425872	-	303	150	289	321	282	239	230
tX(XXX)D	IV	1150842	1150941	-	100	0	0	2	0	0	0
YDR524W-C	IV	1489403	1489492	+	90	0	2	0	0	0	0
YDL085W	IV	303211	304848	+	1638	3	6	14	12	15	17
YDR300C	IV	1061505	1062791	-	1287	485	998	1022	1065	1169	1264
YDL168W	IV	159604	160764	+	1161	418	795	946	959	1067	1048
YDR360W	IV	1194598	1195032	+	435	0	0	0	2	0	0
YDR195W	IV	848599	850200	+	1602	295	465	502	524	509	668
YDR321W	IV	1108702	1109847	+	1146	944	1836	1858	1687	1496	1718
YDR237W	IV	936615	937493	+	879	231	441	482	526	646	751
YDL127W	IV	234927	235853	+	927	100	217	210	204	348	388
YDR107C	IV	669016	671034	-	2019	68	115	97	114	144	134
YDR472W	IV	1403322	1404173	+	852	328	617	714	595	770	700
YDL030W	IV	397537	399129	+	1593	210	451	450	473	496	633
YDR468C	IV	1398026	1398700	-	675	269	544	601	666	742	763
YDL084W	IV	305237	306577	+	1341	3161	6181	6294	6130	6160	6503
YDL203C	IV	96082	97953	-	1872	242	464	485	518	606	704
YDL025W-A	IV	405410	405514	+	105	0	0	1	0	0	1
YDR285W	IV	1032436	1035063	+	2628	179	283	318	308	306	338
YDL229W	IV	44065	45906	+	1842	14405	28053	28640	24176	23059	19903
YDR329C	IV	1126270	1127595	-	1326	301	581	625	616	693	622
YDR034C	IV	509737	512109	-	2373	317	650	665	671	797	860
YDR009W	IV	463434	464996	+	1563	24	61	53	71	73	69
tS(AGA)D2	IV	980974	981055	-	82	0	0	0	0	1	0
YDR488C	IV	1429188	1430789	-	1602	76	140	140	177	224	155
YDR103W	IV	658350	661103	+	2754	353	719	666	758	867	1012
YDR336W	IV	1145092	1146036	+	945	164	362	384	360	363	417
YDL101C	IV	280307	281848	-	1542	173	331	334	409	452	579
YDR162C	IV	780390	781100	-	711	204	380	414	460	541	487
YDR312W	IV	1087581	1088942	+	1362	322	715	726	862	877	1160
YDL061C	IV	340628	340798	-	171	3971	7850	8123	6691	6760	6652
YDL040C	IV	378874	381438	-	2565	1108	2242	2288	2279	2456	2553
YDR145W	IV	746738	748357	+	1620	633	1077	1179	1187	1450	1446
YDR124W	IV	700315	701289	+	975	81	198	157	139	117	72
YDL231C	IV	38867	42244	-	3378	501	948	905	956	1181	1235
YDR190C	IV	840604	841995	-	1392	1301	2527	2652	2549	2672	2518
YDL064W	IV;IV	337487;337635	337524;338070	+;+	474	286	572	626	615	701	838
YDR463W	IV	1386816	1388375	+	1560	386	645	678	679	921	876
YDR491C	IV	1434500	1434991	-	492	1	0	1	0	2	0
YDR449C	IV	1357580	1358902	-	1323	503	1015	1014	1110	1147	1990
YDL035C	IV	389172	392057	-	2886	386	680	729	740	898	1034
YDR074W	IV	593893	596583	+	2691	1628	2847	2854	2179	1342	1135
YDR525W	IV	1489905	1490234	+	330	4	1	0	2	2	0
YDR257C	IV	969990	971474	-	1485	363	750	783	791	866	988
YDR402C	IV	1272234	1273703	-	1470	9	14	15	19	12	7
YDR450W	IV;IV	1359923;1360405	1359969;1360798	+;+	441	8697	15958	17784	14803	13824	12730
YDR376W	IV	1226822	1228303	+	1482	245	439	456	530	652	642
YDR161W	IV	779043	780206	+	1164	967	1895	2034	1735	1516	1854
YDR090C	IV	625066	625998	-	933	203	388	378	410	475	493
YDR189W	IV	838392	840392	+	2001	605	1183	1232	1346	1638	1674
YDR524C	IV	1487542	1488990	-	1449	441	787	853	879	948	1085
YDL237W	IV	30657	31829	+	1173	397	702	750	771	871	890
YDR188W	IV	836421	838061	+	1641	1464	2645	2788	2847	3171	2282
YDL133C-A	IV	221724	221801	-	78	1879	2742	3585	2923	2925	4184
YDR531W	IV	1498232	1499335	+	1104	547	1042	995	1094	1182	1374
tG(GCC)D1	IV	83548	83618	+	71	0	0	0	0	0	0
YDR226W	IV	916486	917154	+	669	3131	5661	6420	5584	5717	4820
YDL054C	IV	359825	361285	-	1461	199	416	421	431	489	445
YDL205C	IV	92762	93745	-	984	380	725	719	693	856	919
YDR537C	IV	1510856	1511461	-	606	0	1	2	1	5	0
YDR496C	IV	1441433	1443403	-	1971	1688	3608	3622	3551	3348	4810
YDR313C	IV	1089219	1090079	-	861	146	187	263	212	285	236
YDL108W	IV;IV	267698;267807	267725;268699	+;+	921	203	396	491	490	503	457
tV(CAC)D	IV	1075472	1075544	-	73	0	0	0	0	1	1
YDR340W	IV	1150881	1151183	+	303	0	1	1	1	0	1
YDL147W	IV	190924	192261	+	1338	1201	2258	2412	2695	3247	3688
YDL081C	IV	309802	310122	-	321	8283	13568	16045	12666	12422	11866
YDR283C	IV	1025070	1030049	-	4980	270	583	566	621	685	714
YDR261C	IV	977521	979209	-	1689	476	1054	1016	969	1128	1065
YDL211C	IV	79294	80412	-	1119	78	125	119	112	145	171
YDL074C	IV	324047	326149	-	2103	694	1398	1445	1425	1760	2150
YDL091C	IV	293392	294759	-	1368	179	344	377	334	456	404
YDR346C	IV	1167214	1168659	-	1446	1964	3765	3934	3908	3604	4087
YDR072C	IV	589761	591344	-	1584	859	1356	1495	1588	1887	1799
YDR242W	IV	946807	948456	+	1650	155	243	290	309	345	240
YDR323C	IV	1112480	1114027	-	1548	84	141	176	173	148	181
YDR486C	IV	1427431	1428120	-	690	324	567	714	682	763	781
YDR420W	IV	1306267	1311675	+	5409	555	909	773	1096	1347	1185
YDL122W	IV	242552	244981	+	2430	887	1866	1956	2031	2174	2562
YDR390C	IV	1254937	1256847	-	1911	505	947	1004	993	1207	1227
YDR481C	IV	1418550	1420250	-	1701	1027	1903	2053	1673	1999	1493
YDR318W	IV;IV	1103758;1103893	1103809;1104947	+;+	1107	154	247	287	240	294	287
YDL105W	IV	272389	273597	+	1209	57	122	139	122	179	234
YDL141W	IV	203039	205111	+	2073	242	479	498	568	778	691
YDR400W	IV	1271063	1272085	+	1023	299	561	569	616	728	762
YDR522C	IV	1483795	1485303	-	1509	1	3	1	4	1	2
YDL173W	IV	148191	149078	+	888	535	1060	1189	1350	1637	1099
YDR279W	IV	1019368	1020420	+	1053	217	415	475	475	490	657
YDR281C	IV	1022007	1022321	-	315	183	291	335	254	299	334
YDR213W	IV	889751	892492	+	2742	221	429	493	364	397	254
YDR179W-A	IV	819433	820824	+	1392	127	270	275	315	346	504
YDR330W	IV	1127872	1129374	+	1503	221	389	426	450	544	467
YDR106W	IV	667004	667858	+	855	12	22	28	21	11	26
YDL178W	IV	139522	141114	+	1593	568	1143	1332	1332	1368	1429
YDR484W	IV	1422763	1424688	+	1926	203	414	442	478	475	644
YDR308C	IV	1078027	1078449	-	423	282	505	542	548	524	601
YDL192W	IV	116321	116866	+	546	3176	5831	6291	5624	5409	6169
YDL202W	IV	98475	99224	+	750	218	400	432	496	633	693
YDR146C	IV	748613	750742	-	2130	351	774	747	766	1125	1183
YDR241W	IV	945151	945438	+	288	12	24	22	29	29	45
YDL158C	IV	173866	174174	-	309	64	122	115	102	103	161
YDL185W	IV	126787	130002	+	3216	3316	6351	6303	6154	6705	6560
YDR251W	IV	960614	963106	+	2493	793	1336	1374	1458	1592	1529
tL(UAA)D	IV	519743	519826	+	84	0	0	1	0	0	0
YDR192C	IV	843569	844861	-	1293	135	230	265	309	402	344
YDR368W	IV	1213904	1214842	+	939	338	582	698	729	799	740
YDR494W	IV	1436930	1438015	+	1086	412	685	809	848	980	1177
YDR399W	IV	1270068	1270733	+	666	3380	6224	7032	5624	4824	5303
YDR070C	IV	588098	588379	-	282	26	44	63	62	36	32
YDR138W	IV	730578	732836	+	2259	328	588	659	682	691	875
YDR031W	IV	503498	503863	+	366	56	117	124	117	143	166
YDR255C	IV	966557	967822	-	1266	88	161	225	223	189	185
YDL060W	IV	341619	343985	+	2367	1306	2627	2743	2658	2645	2978
YDR048C	IV	553084	553398	-	315	1	3	3	5	2	2
YDR067C	IV	582791	583465	-	675	285	435	495	456	473	551
YDR126W	IV	703234	704244	+	1011	93	183	184	180	164	151
YDR315C	IV	1092741	1093586	-	846	63	103	137	117	184	183
YDL126C	IV	236157	238664	-	2508	2765	5157	5304	6129	7525	6173
YDR262W	IV	993134	993952	+	819	366	592	661	627	606	649
tQ(UUG)D3	IV	802731	802802	-	72	0	0	0	0	0	0
YDR345C	IV	1162957	1164660	-	1704	4740	8579	8849	6314	7717	6952
YDR079W	IV	603064	603399	+	336	107	209	219	234	241	253
YDR433W	IV	1329600	1330040	+	441	0	0	2	1	2	1
YDL144C	IV	198662	199732	-	1071	224	425	462	496	706	391
YDR306C	IV	1073735	1075171	-	1437	220	397	441	428	489	488
YDR292C	IV	1043146	1045011	-	1866	1000	1970	2135	2185	2275	2526
YDL009C	IV	432925	433248	-	324	3	5	7	8	2	2
YDR290W	IV	1039370	1039699	+	330	0	0	0	0	0	0
YDR282C	IV	1023511	1024755	-	1245	147	228	251	281	319	304
YDR170C	IV	796193	802222	-	6030	902	1760	1741	1832	1924	1861
YDR174W	IV	812110	812850	+	741	1033	2098	2147	2015	2325	1885
YDL218W	IV	66493	67446	+	954	8	31	25	14	25	23
YDL062W	IV	339857	340282	+	426	0	0	0	1	0	1
YDL048C	IV	366739	368211	-	1473	1388	2420	2586	2011	1991	607
YDR500C	IV;IV	1450198;1450847	1450457;1450853	-;-	267	4103	7850	9442	7629	7825	6704
YDR112W	IV	679544	679852	+	309	0	1	1	2	0	1
YDR538W	IV	1510902	1511630	+	729	176	389	391	382	441	425
YDL011C	IV	432308	432631	-	324	1	0	0	1	0	0
YDR355C	IV	1186067	1186369	-	303	0	0	0	0	0	0
YDR301W	IV	1063352	1067425	+	4074	325	556	594	596	687	758
YDR412W	IV	1294693	1295400	+	708	697	1278	1449	1259	1147	1336
YDR530C	IV	1496791	1497768	-	978	139	242	304	276	263	169
YDR227W	IV	917571	921647	+	4077	333	724	667	759	997	1076
YDR041W	IV	539803	540414	+	612	233	451	486	555	625	651
YDR015C	IV	477960	478199	-	240	0	0	0	0	0	0
YDL008W	IV	433497	433994	+	498	228	398	456	431	484	341
YDR234W	IV	931129	933210	+	2082	677	1200	1265	1223	1298	1174
YDR511W	IV	1470017	1470418	+	402	88	194	229	263	265	253
YDR519W	IV	1480425	1480832	+	408	348	668	707	721	702	715
YDL086C-A	IV	301655	302089	-	435	4	7	15	13	16	12
YDR250C	IV	960086	960361	-	276	2	2	3	2	2	1
YDR465C	IV	1393336	1394574	-	1239	1164	2227	2412	2151	1743	2007
YDL001W	IV	447984	449276	+	1293	218	321	377	424	508	544
YDR454C	IV	1366264	1366827	-	564	1678	2957	3248	2808	2717	2772
YDR013W	IV	473157	473783	+	627	150	287	290	303	286	339
YDR076W	IV	598468	599688	+	1221	35	110	93	123	138	134
YDL095W	IV	287059	289512	+	2454	1237	2526	2572	2667	3294	3006
YDL007C-A	IV	436567	436824	-	258	0	1	0	0	0	0
YDL130W	IV;IV	229906;230321	230019;230527	+;+	321	5820	9930	11254	8579	7972	5886
YDR100W	IV	655013	655444	+	432	113	231	264	285	355	374
YDR479C	IV	1415210	1416874	-	1665	168	311	331	350	372	347
tS(AGA)D1	IV	437772	437853	+	82	0	0	0	0	0	0
YDL117W	IV	248581	251238	+	2658	572	1033	1130	1124	1446	1500
YDR140W	IV	734138	734803	+	666	191	345	374	449	493	521
YDR381W	IV;IV	1236558;1237609	1236842;1238004	+;+	681	1719	3071	3295	3259	3337	2982
tQ(UUG)D2	IV	645153	645224	-	72	0	0	0	0	0	0
YDR327W	IV	1125302	1125628	+	327	0	1	0	0	0	0
YDR062W	IV	576474	578159	+	1686	1356	2818	2902	2895	2863	2926
YDR143C	IV	742042	743874	-	1833	409	819	830	872	1018	843
YDL172C	IV	148607	149086	-	480	3	5	4	4	4	7
YDL053C	IV	361699	362256	-	558	299	524	588	551	652	654
YDR223W	IV	912099	913502	+	1404	21	25	18	26	14	16
YDL037C	IV	384601	385587	-	987	619	1033	1082	706	578	486
YDL167C	IV	160995	163154	-	2160	612	1245	1291	1384	1774	2062
YDR246W-A	IV	955133	955333	+	201	8	6	8	7	15	9
YDR371C-A	IV	1219509	1219613	-	105	1	3	1	0	1	1
YDR517W	IV	1477239	1478357	+	1119	311	578	698	633	945	589
YDL226C	IV	51115	52173	-	1059	601	1175	1235	1425	1566	1423
YDR467C	IV	1397583	1397909	-	327	16	28	20	16	11	23
YDL134C	IV	219662	220771	-	1110	644	1287	1373	1239	1316	1259
YDR117C	IV	683946	685643	-	1698	318	615	645	691	757	873
YDR314C	IV	1090433	1092511	-	2079	107	183	209	200	224	270
YDR440W	IV	1342493	1344241	+	1749	236	548	514	559	718	837
YDR303C	IV	1068729	1071386	-	2658	396	835	843	885	963	1305
YDL078C	IV	315357	316388	-	1032	695	1234	1332	1451	1575	1354
YDL238C	IV	28985	30454	-	1470	76	136	153	150	134	95
YDR529C	IV	1496165	1496548	-	384	818	1532	1642	1477	2208	1821
YDR437W	IV	1337352	1337774	+	423	22	39	62	53	42	44
snR47	IV	541602	541700	-	99	18	20	21	16	15	27
YDL196W	IV	106741	107070	+	330	0	0	1	0	4	2
YDR452W	IV	1362878	1364902	+	2025	663	1356	1387	1375	1713	1773
YDR445C	IV	1352182	1352589	-	408	0	1	0	1	0	0
YDR347W	IV	1169178	1170143	+	966	417	846	794	946	1161	1094
tQ(UUG)D1	IV	520972	521043	+	72	0	0	0	0	0	0
YDR490C	IV	1431968	1434268	-	2301	122	197	262	282	383	312
YDR516C	IV	1474974	1476476	-	1503	529	906	904	776	1094	830
YDR509W	IV	1468226	1468573	+	348	0	0	1	1	0	0
YDL193W	IV	114672	115799	+	1128	277	578	557	560	584	696
YDL137W	IV	216529	217074	+	546	1070	2118	2246	2627	3003	2749
YDL118W	IV	247302	247682	+	381	1	1	0	0	0	1
YDR235W	IV	933504	935138	+	1635	340	677	692	712	660	849
YDR233C	IV	929470	930357	-	888	4267	7878	8188	7801	8547	8061
YDR388W	IV	1250186	1251634	+	1449	775	1287	1479	1616	1800	1570
YDR209C	IV	871036	871449	-	414	1	4	1	0	0	0
YDR049W	IV	553254	555152	+	1899	324	616	625	716	837	868
YDL194W	IV	111580	114234	+	2655	106	150	154	148	160	155
YDR021W	IV	486804	488003	+	1200	234	472	515	513	527	721
YDR353W	IV	1183299	1184258	+	960	1686	3043	3188	3281	3759	3053
YDR051C	IV	557056	558060	-	1005	341	627	687	657	752	744
YDR288W	IV	1037195	1038106	+	912	164	392	436	383	419	473
YDR141C	IV	734901	739997	-	5097	516	1044	1032	1102	1261	1383
YDR194C	IV	845952	847946	-	1995	1118	2375	2373	2730	3189	3785
YDR424C	IV;IV;IV	1319387;1319698;1319817	1319617;1319720;1319841	-;-;-	279	203	329	395	403	454	410
YDR054C	IV	561440	562327	-	888	670	1281	1352	1344	1556	1304
YDR122W	IV	694700	697894	+	3195	376	653	624	675	760	612
YDR184C	IV	830629	831513	-	885	344	768	826	809	882	1186
YDR183C-A	IV	830397	830654	-	258	59	136	113	117	95	198
YDL240W	IV	22823	25876	+	3054	240	456	419	437	586	724
YDR056C	IV	565023	565640	-	618	475	898	968	950	963	1004
YDR541C	IV	1519664	1520698	-	1035	186	417	442	372	433	442
YDL042C	IV	376757	378445	-	1689	230	484	457	373	563	549
YDR185C	IV	831934	832473	-	540	88	150	153	128	101	76
YDR328C	IV	1125434	1126018	-	585	848	1350	1624	1500	1810	1107
YDR280W	IV	1020747	1021664	+	918	575	1065	1197	1179	1149	1260
tV(UAC)D	IV	488797	488870	-	74	0	0	1	0	1	1
YDR098C	IV	644178	644930	-	753	558	1029	1187	1247	1365	1344
YDR005C	IV;IV	456836;458098	458017;458103	-;-	1188	371	792	817	771	866	894
YDR423C	IV	1318046	1319275	-	1230	168	349	401	418	463	368
YDR017C	IV	479115	482267	-	3153	576	1213	1133	1174	1362	1496
YDR419W	IV	1303174	1305072	+	1899	176	376	333	405	447	452
YDR444W	IV	1350290	1352353	+	2064	248	500	470	556	587	592
YDR341C	IV	1151803	1153626	-	1824	2919	5756	6215	5373	5189	5833
YDR154C	IV	768403	768753	-	351	127	250	257	320	315	386
YDR464W	IV	1388872	1393179	+	4308	387	789	796	927	1175	1170
YDR132C	IV	718816	720303	-	1488	133	268	278	329	354	366
YDL210W	IV	84270	85985	+	1716	39	74	80	73	70	88
YDR395W	IV	1263324	1266158	+	2835	1241	2843	2766	2825	3201	3784
YDL222C	IV	60872	61801	-	930	7	30	16	22	23	26
YDR372C	IV	1221112	1222149	-	1038	969	2029	2002	1941	1909	2023
YDR325W	IV	1117126	1120233	+	3108	217	422	442	587	726	766
YDR216W	IV	895035	899006	+	3972	52	96	102	129	305	317
YDR082W	IV	610441	611925	+	1485	128	231	290	264	347	373
YDL224C	IV	54397	56346	-	1950	324	698	618	731	963	964
YDR498C	IV	1445843	1446994	-	1152	205	410	442	411	535	464
YDR010C	IV	465051	465383	-	333	1	3	1	0	0	1
YDR006C	IV	458542	461247	-	2706	509	988	899	1004	1359	1625
YDR182W	IV	827582	829057	+	1476	459	851	882	849	962	983
YDL102W	IV	276872	280165	+	3294	271	483	489	625	680	733
YDL179W	IV	138291	139205	+	915	378	701	708	790	1136	1094
YDL067C	IV	334217	334396	-	180	302	552	662	574	794	557
YDR030C	IV	501753	503273	-	1521	53	126	127	155	165	198
YDR020C	IV	485746	486444	-	699	178	310	330	332	314	474
YDR527W	IV	1491094	1492413	+	1320	485	984	1037	1056	1145	1295
YDR333C	IV	1133260	1135431	-	2172	448	766	871	860	1021	1086
YDL093W	IV	289909	292140	+	2232	220	479	415	488	494	568
YDL043C	IV	375680	376480	-	801	207	417	434	383	512	514
YDR139C	IV;IV	733618;733776	733702;733924	-;-	234	288	568	653	637	675	764
YDR322C-A	IV	1112003	1112293	-	291	282	497	599	581	759	760
YDL130W-A	IV	229171	229431	+	261	45	91	108	172	230	177
YDR210W	IV	871074	871301	+	228	509	829	1022	912	959	787
YDR260C	IV	976717	977229	-	513	109	183	193	216	242	219
YDL017W	IV	424209	425732	+	1524	176	312	334	359	348	389
YDR073W	IV	592439	592948	+	510	188	310	328	334	353	300
YDL069C	IV	333121	333810	-	690	101	159	176	178	202	228
YDR455C	IV	1367373	1367681	-	309	1	0	1	0	0	0
YDR461W	IV	1385176	1385286	+	111	402	679	856	521	575	681
YDR435C	IV	1332983	1333969	-	987	213	344	413	351	372	337
YDL063C	IV	338272	340134	-	1863	710	1564	1686	1682	1651	2514
YDR121W	IV	693585	694175	+	591	233	429	516	465	508	501
YDR178W	IV	817950	818495	+	546	271	473	546	477	715	537
YDL013W	IV	429067	430926	+	1860	272	492	484	522	633	559
YDR534C	IV	1503314	1504900	-	1587	9	27	23	35	46	33
YDR392W	IV	1258696	1259709	+	1014	233	402	410	460	471	434
YDR034C-A	IV	520516	520692	-	177	0	1	0	1	1	1
YDL132W	IV	224304	226751	+	2448	566	1007	1104	1238	1446	1509
YDR535C	IV;IV	1506606;1507315	1507058;1507362	-;-	501	2	0	3	5	4	2
YDR202C	IV	856898	857953	-	1056	241	457	508	525	518	481
YDL050C	IV	364446	364817	-	372	4	0	1	0	0	1
YDR524C-A	IV	1489871	1489990	-	120	2	0	0	0	0	1
YDL109C	IV	265258	267201	-	1944	112	194	175	209	232	211
YDR211W	IV	884727	886865	+	2139	869	1817	1743	1929	1972	2446
YDR110W	IV	676102	677802	+	1701	243	537	565	633	710	842
tG(CCC)D	IV	1257008	1257079	-	72	0	0	0	0	0	0
YDR274C	IV	1011589	1011960	-	372	0	0	0	0	0	0
YDR167W	IV	789449	790069	+	621	323	622	760	722	725	606
YDR156W	IV	769525	769938	+	414	213	377	377	404	450	296
YDL223C	IV	57265	60405	-	3141	95	183	201	240	295	256
YDR075W	IV	597156	598082	+	927	297	537	542	487	608	795
YDR039C	IV	531307	534582	-	3276	0	0	0	0	0	0
YDL088C	IV	298417	300003	-	1587	472	818	873	897	1013	1115
YDL129W	IV	231024	231899	+	876	178	270	328	270	270	301
YDL215C	IV	70640	73918	-	3279	526	975	935	966	1040	1213
YDR297W	IV	1056551	1057600	+	1050	1017	1782	1855	1606	1500	1331
YDR131C	IV	716790	718460	-	1671	147	276	298	309	296	370
YDR230W	IV	926223	926570	+	348	0	0	0	0	0	0
YDR348C	IV	1170326	1171825	-	1500	586	1140	1200	1135	1390	1285
YDL169C	IV	158064	158735	-	672	32	40	53	47	73	64
YDR007W	IV	461842	462516	+	675	61	109	117	89	125	108
YDL195W	IV	107208	111029	+	3822	1499	2969	2765	3255	3921	3627
YDR263C	IV	994242	995534	-	1293	45	83	78	93	137	159
YDR220C	IV	907000	907293	-	294	1	2	2	1	0	3
YDR429C	IV	1324477	1325301	-	825	2639	4724	5232	4768	4673	4722
YDR119W-A	IV	691014	691214	+	201	16	19	40	15	15	10
YDR421W	IV	1312040	1314892	+	2853	198	338	359	361	432	411
YDL186W	IV	125616	126449	+	834	0	4	1	6	10	4
YDL198C	IV	103649	104551	-	903	610	1294	1415	1550	1865	1625
YDL120W	IV	245923	246447	+	525	273	430	535	512	647	665
YDR379W	IV	1230167	1233196	+	3030	312	581	507	636	664	672
YDL029W	IV;IV	399340;399485	399361;400638	+;+	1176	837	1492	1596	1800	1983	1682
YDR205W	IV	859346	861520	+	2175	252	420	420	437	573	647
YDR094W	IV	635840	636175	+	336	1	0	0	0	0	0
YDR369C	IV	1215016	1217580	-	2565	129	274	293	335	329	399
YDR088C	IV	618497	619645	-	1149	236	416	435	467	507	524
YDR411C	IV	1293369	1294394	-	1026	236	476	541	652	828	629
YDR441C	IV	1344517	1345062	-	546	448	734	751	723	894	882
YDR446W	IV	1353725	1354633	+	909	3	6	6	5	6	7
YDL183C	IV	130871	131833	-	963	62	86	111	108	106	108
YDR194W-A	IV	848071	848223	+	153	0	0	1	0	0	0
YDR114C	IV	681924	682226	-	303	1	0	1	0	3	1
YDR442W	IV	1345647	1346039	+	393	0	1	0	1	1	0
tK(CUU)D2	IV	1352466	1352538	-	73	0	0	0	0	0	0
YDL059C	IV	344237	344953	-	717	45	72	81	108	123	96
YDR016C	IV	478474	478758	-	285	94	150	170	153	160	222
YDR430C	IV	1325501	1328470	-	2970	311	575	595	817	1009	1082
YDR366C	IV	1212438	1212836	-	399	0	3	2	3	1	3
YDR374W-A	IV	1224757	1225026	+	270	56	98	95	106	126	157
YDR293C	IV	1045640	1049392	-	3753	1884	3408	3335	3526	3239	2735
YDR459C	IV	1382319	1383443	-	1125	147	296	308	310	343	432
YDR022C	IV	488072	488662	-	591	39	81	102	116	133	151
YDR217C	IV	899551	903480	-	3930	342	788	776	889	1018	1184
YDR052C	IV	558511	560625	-	2115	414	798	838	885	1086	1310
YDL027C	IV	403695	404957	-	1263	188	383	402	406	433	497
YDR104C	IV	661173	664910	-	3738	133	246	237	270	327	331
YDL136W	IV;IV	217600;218008	217602;218367	+;+	363	549	956	1008	810	661	684
YDR248C	IV	957758	958339	-	582	146	341	344	413	426	349
YDR078C	IV	602198	602869	-	672	69	116	119	124	100	158
YDR068W	IV	583713	584645	+	933	378	663	758	763	861	897
YDL080C	IV	310642	312471	-	1830	258	492	470	506	517	517
YDR461C-A	IV	1385524	1385766	-	243	14	15	22	27	54	27
YDR252W	IV	963412	963861	+	450	53	70	76	71	91	103
YDL046W	IV	371240	371761	+	522	932	1712	1695	1802	2149	2030
YDR540C	IV	1517136	1517675	-	540	53	136	170	159	133	198
YDR181C	IV	825910	827355	-	1446	212	396	404	448	508	547
YDL200C	IV	100501	101067	-	567	88	193	180	247	259	292
YDR108W	IV	671269	673365	+	2097	176	335	336	365	414	512
YDR337W	IV	1146319	1147179	+	861	312	609	593	671	801	861
YDR356W	IV	1186107	1188941	+	2835	194	360	368	471	515	661
YDL235C	IV	33415	33918	-	504	474	829	909	994	1152	1492
YDR320W-B	IV	1108484	1108621	+	138	3	8	5	4	9	9
YDL245C	IV	11657	13360	-	1704	0	0	0	0	0	0
YDR170W-A	IV	803195	804517	+	1323	22	50	65	76	72	92
YDR210W-B	IV	872112	877425	+	5314	11	15	15	26	26	23
YDR210C-D	IV	878659	883927	-	5269	16	28	38	40	46	56
YDR316W-B	IV	1096064	1101332	+	5269	0	0	0	0	0	0
YDR261C-D	IV	987534	992349	-	4816	74	122	117	121	131	173
YDR210C-C	IV	882605	883927	-	1323	0	0	0	0	0	0
YDR261C-C	IV	991027	992349	-	1323	0	0	0	0	0	0
YDR261W-B	IV	981462	986775	+	5314	14	49	45	77	63	72
YDR365W-A	IV	1206997	1208319	+	1323	0	0	0	0	0	0
YDR316W-A	IV	1096064	1097386	+	1323	0	0	0	0	0	0
YDR261W-A	IV	981462	982778	+	1317	0	0	0	0	0	0
YDR365W-B	IV	1206997	1212265	+	5269	0	0	0	0	0	0
YDR098C-B	IV	645858	651126	-	5269	2	0	2	1	1	4
YDR098C-A	IV	649804	651126	-	1323	0	0	0	0	0	0
YDR210W-A	IV	872112	873428	+	1317	0	0	0	0	0	0
YDR034C-D	IV	514043	519356	-	5314	34	107	72	106	135	127
YDR034C-C	IV	518040	519356	-	1317	0	0	0	0	0	0
YOR185C	XV	681444	682106	-	663	89	186	179	227	289	235
YOR237W	XV	781994	783298	+	1305	14	27	23	23	15	24
YOL048C	XV;XV	240204;241026	240947;241310	-;-	1029	120	272	302	288	313	337
tG(GCC)O1	XV	226611	226681	-	71	0	0	0	0	0	0
YOL144W	XV	53098	54552	+	1455	396	808	786	809	803	1020
snR8	XV	832332	832521	+	190	11	24	30	36	14	15
YOR082C	XV	479296	479637	-	342	0	0	1	1	1	0
YOL072W	XV	194970	196337	+	1368	146	249	280	326	356	345
YOR114W	XV	537570	538454	+	885	50	66	99	90	142	132
YOL085C	XV	161673	162014	-	342	2	2	0	0	0	0
YOR385W	XV	1065043	1065915	+	873	2119	3813	4087	4958	4559	2340
YOR214C	XV	745593	746303	-	711	1	4	6	3	3	2
YOL119C	XV	94856	96361	-	1506	225	555	532	695	837	794
YOR019W	XV	368127	370319	+	2193	86	118	136	155	123	86
YOR206W	XV	727512	729644	+	2133	1708	3659	3816	3488	3397	4648
YOR345C	XV	981812	982162	-	351	0	2	0	0	0	0
YOR341W	XV	960987	965981	+	4995	2770	5637	5624	5665	5137	5828
YOL088C	XV	153912	154745	-	834	260	469	560	461	543	600
YOR392W	XV	1079282	1079725	+	444	0	0	0	0	0	0
YOR160W	XV	633839	636757	+	2919	448	928	979	971	1091	1282
YOR084W	XV	480587	481750	+	1164	57	131	147	115	194	106
YOR039W	XV	405768	406544	+	777	606	1237	1249	1205	1343	1587
YOR264W	XV	818866	820158	+	1293	408	792	925	840	1092	1139
YOR281C	XV	846269	847129	-	861	481	906	1034	929	1089	1174
tK(UUU)O	XV;XV	438643;438703	438679;438738	+;+	73	0	1	0	1	1	2
YOR230W	XV	770800	772113	+	1314	1478	3027	3070	3742	4411	3523
YOR144C	XV	602717	605092	-	2376	154	277	299	321	472	583
YOL081W	XV	171070	180309	+	9240	550	1037	1087	1072	1006	943
YOL052C	XV	232446	233636	-	1191	633	1227	1290	1299	1517	1081
YOR285W	XV	849635	850054	+	420	241	424	506	637	795	619
YOR058C	XV	433688	436345	-	2658	245	525	529	630	673	854
YOR270C	XV	828052	830574	-	2523	3645	7670	7364	7032	7345	8185
YOL154W	XV	34658	35407	+	750	46	84	82	73	57	60
YOR115C	XV	538659	539465	-	807	424	824	852	857	944	1141
YOL003C	XV	321858	322994	-	1137	158	294	296	329	360	396
YOR258W	XV	811671	812324	+	654	74	139	145	131	130	155
tN(GUU)O2	XV	487439	487512	+	74	0	0	0	0	0	0
YOL103W	XV	124001	125830	+	1830	559	1036	1108	1077	1294	1208
YOR215C	XV	746725	747282	-	558	298	600	592	659	741	639
YOL095C	XV	139227	141347	-	2121	88	199	186	258	326	399
YOL063C	XV	207392	210265	-	2874	258	485	462	509	613	603
YOL079W	XV	181057	181455	+	399	2	2	0	1	2	3
YOR389W	XV	1074213	1076087	+	1875	58	74	95	93	104	100
YOR231W	XV	772601	774127	+	1527	319	525	573	578	683	621
YOR021C	XV	372798	373439	-	642	1088	1892	2105	1816	1532	1880
YOR139C	XV	586950	587342	-	393	1	0	1	0	0	1
YOR120W	XV	551114	552052	+	939	231	425	443	377	272	198
YOL038W	XV	255337	256101	+	765	982	1721	1990	2316	2785	2134
YOR023C	XV	376012	377712	-	1701	302	458	530	563	690	504
YOL124C	XV	85456	86757	-	1302	616	1338	1291	1313	1243	1558
YOR212W	XV	742910	744181	+	1272	941	1797	1920	1698	1692	1914
YOL013W-A	XV	301047	301238	+	192	8	39	44	22	42	38
YOL120C	XV;XV	93395;94291	93843;94402	-;-	561	9449	16869	18512	15235	14796	16385
YOR181W	XV	675939	677840	+	1902	301	456	438	543	597	376
YOR333C	XV	944541	944957	-	417	1	4	2	2	3	2
YOR335C	XV	946233	949109	-	2877	2966	5686	5975	5580	5878	6547
YOL046C	XV	243466	244140	-	675	0	0	1	0	0	0
YOL029C	XV	269815	270420	-	606	202	375	406	410	451	492
YOL155W-A	XV	27084	27218	+	135	0	0	0	0	0	0
YOR072W	XV	461502	461816	+	315	5	3	2	3	3	1
YOL161C	XV	11549	11911	-	363	0	0	0	1	0	0
snR58	XV	136088	136183	-	96	0	0	0	0	1	1
YOL122C	XV	89692	91419	-	1728	294	540	544	618	767	725
YOR252W	XV	803667	804203	+	537	654	1163	1236	1123	889	1136
YOR157C	XV	630966	631751	-	786	623	1189	1123	1458	1700	1549
YOL107W	XV	112102	113130	+	1029	170	274	308	266	242	289
YOR274W	XV	837674	838960	+	1287	378	634	685	723	743	578
YOL013W-B	XV	300690	300980	+	291	2	6	3	4	2	3
YOR343C	XV	968148	968474	-	327	5	8	12	9	12	4
YOR093C	XV	497506	502452	-	4947	228	461	504	619	686	760
YOR381W-A	XV	1058423	1058590	+	168	2	5	2	3	4	7
YOL065C	XV	204731	205885	-	1155	148	268	312	269	315	306
YOR092W	XV	495127	496968	+	1842	450	715	812	723	676	539
YOR207C	XV	730008	733457	-	3450	1053	2078	2150	2072	1925	2281
YOR365C	XV	1023461	1025572	-	2112	8	8	11	13	9	7
YOL005C	XV	315813	316175	-	363	214	400	424	436	495	397
YOL020W	XV	286172	287950	+	1779	605	1031	1039	1036	1578	1309
YOL053W	XV	230085	231272	+	1188	160	254	270	309	325	258
YOL117W	XV	97551	99488	+	1938	106	207	246	259	253	263
YOR038C	XV	402761	405388	-	2628	205	385	377	469	543	659
YOR303W	XV	882899	884134	+	1236	784	1748	1674	2104	2396	2232
YOR137C	XV	581813	583681	-	1869	381	592	647	627	554	463
YOL034W	XV	259923	263204	+	3282	135	319	298	348	454	574
YOR052C	XV	426772	427224	-	453	629	1138	1254	1593	1916	1350
YOR190W	XV	690695	692032	+	1338	20	25	34	32	32	35
YOL039W	XV	254297	254617	+	321	5517	9491	10614	8572	8399	6910
YOR349W	XV	989789	992833	+	3045	107	215	208	221	250	314
YOL090W	XV	147382	150276	+	2895	327	676	630	747	947	1182
YOR271C	XV	831059	832042	-	984	1363	2717	2800	2745	2778	2215
YOR173W	XV	657264	658325	+	1062	56	100	97	81	82	67
YOR106W	XV	519121	519972	+	852	242	407	472	460	522	536
YOR108W	XV	523027	524841	+	1815	1470	2755	2782	2844	2855	2965
YOR059C	XV	438906	440258	-	1353	230	543	557	615	689	615
YOL149W	XV	44938	45633	+	696	363	705	790	777	790	1115
YOR121C	XV	551798	552103	-	306	25	74	48	51	53	56
YOL106W	XV	113226	113579	+	354	8	10	19	15	14	16
snR9	XV	407948	408134	-	187	23	29	45	39	28	30
YOR295W	XV	869208	869894	+	687	105	207	254	235	258	313
YOR203W	XV	722565	722918	+	354	4	3	6	2	4	3
YOR132W	XV	573175	574830	+	1656	443	721	784	801	969	845
YOR216C	XV	747525	748979	-	1455	396	844	869	937	1133	1103
YOR099W	XV	511825	513006	+	1182	1321	2408	2683	2518	2606	2767
YOR001W	XV	326832	329033	+	2202	825	1714	1749	1778	1746	2089
YOR009W	XV	344335	345798	+	1464	87	131	95	102	97	54
YOR204W	XV	722911	724725	+	1815	2012	3480	3678	3554	4094	3509
YOR209C	XV	736437	737726	-	1290	2181	4106	4355	4242	4262	4225
YOR284W	XV	848478	849209	+	732	40	83	95	102	119	140
YOR036W	XV	400348	401214	+	867	505	886	982	1044	981	624
YOR154W	XV	624729	626492	+	1764	308	649	659	680	759	946
YOR048C	XV	418630	421650	-	3021	798	1579	1556	1680	1739	1923
YOL073C	XV	193832	194800	-	969	176	283	308	335	395	290
YOL152W	XV	40748	42610	+	1863	121	232	206	429	561	409
YOL101C	XV	126982	127920	-	939	158	336	281	332	290	327
YOR085W	XV	482033	483085	+	1053	785	1453	1414	1518	1745	1686
YOR227W	XV	762825	766565	+	3741	246	452	422	530	655	733
YOR159C	XV	633282	633566	-	285	187	359	397	360	450	438
YOR146W	XV	605873	606178	+	306	14	15	11	14	9	11
YOR372C	XV	1034807	1036471	-	1665	283	475	496	585	831	905
YOR112W	XV	531508	533793	+	2286	333	664	680	742	837	891
YOR387C	XV	1069621	1070241	-	621	3	2	3	2	4	3
YOR229W	XV	768409	769812	+	1404	112	211	251	218	247	201
YOR068C	XV	453869	454213	-	345	0	0	1	0	1	1
YOR376W-A	XV	1045196	1045351	+	156	21	38	40	39	47	27
YOL050C	XV	237882	238202	-	321	0	0	0	0	0	1
YOR342C	XV	966666	967625	-	960	840	1447	1551	1568	1858	2015
YOL035C	XV	258803	259105	-	303	0	0	0	1	2	2
YOR251C	XV	802550	803464	-	915	401	796	799	747	677	709
YOR041C	XV	408358	408789	-	432	2	2	2	4	4	4
YOR130C	XV	569929	570807	-	879	154	262	351	316	366	282
YOR119C	XV	548792	550246	-	1455	449	973	936	941	903	1214
YOL166C	XV	1000	1338	-	339	0	0	2	0	0	0
YOR008C	XV	341278	342414	-	1137	924	1524	1630	1474	1632	1261
YOL011W	XV	305349	307409	+	2061	569	997	903	1025	1152	1028
YOR248W	XV	798013	798315	+	303	3	3	3	9	4	3
YOR202W	XV	721946	722608	+	663	72	116	137	138	152	98
YOR266W	XV	821023	822294	+	1272	160	344	400	378	409	483
YOR140W	XV	586981	589281	+	2301	206	399	344	427	636	490
YOR004W	XV	333592	334356	+	765	595	1201	1252	1086	945	1065
YOR308C	XV	894624	896387	-	1764	143	324	333	395	466	477
YOR032C	XV	389771	391075	-	1305	192	316	371	332	445	214
YOR311C	XV	899056	899928	-	873	434	809	879	878	906	921
YOL019W	XV	288898	290553	+	1656	619	1170	1124	1611	1983	1814
YOL138C	XV	61325	65350	-	4026	220	413	394	426	543	542
YOL151W	XV	43694	44722	+	1029	261	460	500	583	644	514
YOR330C	XV	939621	943385	-	3765	322	635	622	673	803	869
YOR379C	XV	1050726	1051064	-	339	3	5	6	9	17	8
YOR142W	XV	593057	594046	+	990	681	1280	1356	1450	1891	1698
YOR268C	XV	825534	825932	-	399	0	1	0	0	1	1
snR81	XV	234346	234546	+	201	6	8	5	7	6	6
YOR017W	XV	361412	363814	+	2403	215	405	384	382	554	639
YOR394W	XV	1082718	1083212	+	495	0	0	0	0	0	0
YOL134C	XV	70156	70545	-	390	0	1	0	0	1	1
YOR002W	XV	329417	331051	+	1635	691	1164	1268	1163	1302	1462
YOR194C	XV	711683	712543	-	861	519	1005	1018	1118	1312	1333
YOR298C-A	XV	877230	877685	-	456	1969	3013	3771	4320	5596	3169
YOL069W	XV	198942	200297	+	1356	98	206	190	225	292	308
YOR014W	XV	357674	359947	+	2274	939	1750	1756	1894	1974	2163
YOR346W	XV	981828	984785	+	2958	539	1117	1155	1135	1185	1450
YOR044W	XV	413007	413480	+	474	113	198	214	213	187	163
YOR275C	XV	839084	841069	-	1986	330	556	595	590	681	660
YOR174W	XV	658747	659601	+	855	303	544	616	588	640	654
YOR336W	XV	949773	953870	+	4098	214	458	478	509	673	728
YOL094C	XV	141584	142555	-	972	222	431	465	495	568	594
YOR122C	XV;XV	552298;552875	552665;552887	-;-	381	1348	2475	2761	2575	2711	2471
YOR256C	XV	808254	810683	-	2430	427	700	778	855	893	883
YOL137W	XV	65621	67114	+	1494	279	533	499	511	574	668
YOR350C	XV	992864	994855	-	1992	134	279	346	323	412	450
YOR196C	XV	715593	716837	-	1245	496	1069	1065	1000	1039	923
YOR380W	XV	1051290	1052930	+	1641	80	133	129	134	184	126
YOR314W-A	XV	904458	904568	+	111	0	2	0	0	0	0
tA(UGC)O	XV	854187	854259	-	73	0	0	0	0	0	0
YOL097W-A	XV	136220	136405	+	186	14	31	24	29	25	27
YOR376W	XV	1043191	1043559	+	369	0	0	0	0	0	0
YOR369C	XV	1028194	1028625	-	432	18247	30465	35867	26865	24459	24539
YOL132W	XV	71300	72715	+	1416	9	13	15	6	6	20
YOR296W	XV	870202	874071	+	3870	181	292	308	310	423	489
YOR260W	XV	813984	815720	+	1737	969	2156	2248	2297	2475	2683
YOR373W	XV	1036834	1039389	+	2556	144	292	259	350	486	429
YOR163W	XV	642741	643307	+	567	251	377	449	500	571	522
YOR029W	XV	384600	384935	+	336	0	0	0	0	1	1
YOL042W	XV	249825	250916	+	1092	288	480	518	542	562	657
YOR316C	XV	906236	907555	-	1320	306	636	656	699	881	963
YOR326W	XV	925721	930445	+	4725	1481	3102	3135	3543	4145	4408
YOR293C-A	XV	867998	868147	-	150	0	1	0	0	0	0
YOL036W	XV	256745	259030	+	2286	502	958	935	1059	1311	1053
YOR072W-B	XV	464469	464630	+	162	0	0	0	0	0	0
YOR332W	XV	943656	944357	+	702	2540	4739	4946	4902	4993	4364
YOL002C	XV	323411	324364	-	954	531	991	1031	985	907	1074
YOR193W	XV	710446	711576	+	1131	167	305	302	335	309	400
YOR243C	XV	790211	792241	-	2031	1218	2391	2356	2222	2011	2238
YOR126C	XV	559961	560677	-	717	89	186	187	233	225	266
YOR070C	XV	455907	457820	-	1914	243	362	366	411	471	485
YOR328W	XV	931803	936497	+	4695	176	329	316	362	366	400
YOL056W	XV	223268	224179	+	912	275	549	556	520	566	539
YOR098C	XV	507948	511178	-	3231	641	1331	1274	1381	1942	1912
YOL110W	XV	109176	109889	+	714	51	118	116	151	143	103
YOR213C	XV	744535	745281	-	747	143	255	299	310	310	348
YOR253W	XV	804377	804907	+	531	328	564	643	671	620	725
YOR008C-A	XV	342857	343081	-	225	0	1	2	0	0	0
YOL113W	XV	104326	106293	+	1968	351	631	607	802	707	519
YOR060C	XV	440390	441163	-	774	184	274	295	311	339	300
YOL076W	XV	187024	189414	+	2391	342	697	709	664	814	1082
YOR186C-A	XV	683329	683538	-	210	0	1	1	1	1	0
YOR381W	XV	1055545	1057680	+	2136	147	195	249	203	270	216
YOR113W	XV	534075	536819	+	2745	178	237	259	278	313	301
YOR273C	XV	834452	836431	-	1980	1022	1370	1518	1193	710	240
tN(GUU)O1	XV	228331	228404	+	74	0	0	0	0	0	0
YOR161W-A	XV	637574	637654	+	81	1	1	11	9	10	9
YOL147C	XV	47933	48643	-	711	156	265	278	287	332	320
YOR338W	XV	956898	957989	+	1092	152	349	379	612	867	992
YOR178C	XV	667860	670241	-	2382	58	70	84	36	20	10
YOR188W	XV	685767	689180	+	3414	274	636	608	726	940	1028
YOL159C	XV	17281	17796	-	516	137	230	265	267	231	250
YOR382W	XV	1059531	1059992	+	462	50	78	82	121	140	99
YOL071W	XV	196507	196995	+	489	131	223	265	263	296	279
YOR363C	XV	1020222	1023212	-	2991	194	364	328	361	425	448
YOR069W	XV	453768	455795	+	2028	430	824	858	956	1063	1036
YOR075W	XV	468212	469252	+	1041	176	304	325	377	440	565
YOR124C	XV	554824	558642	-	3819	444	830	883	984	1165	1213
YOR008W-B	XV	343929	344030	+	102	14	14	16	15	11	15
snR31	XV	841958	842182	-	225	54	124	143	114	100	83
YOL025W	XV	274957	276939	+	1983	137	268	287	292	380	388
YOR057W	XV	432186	433373	+	1188	297	568	622	654	735	812
YOR265W	XV	820454	820774	+	321	168	348	367	430	438	548
YOL127W	XV;XV	80348;80775	80360;81190	+;+	429	11819	20876	23162	19340	17999	17931
YOR107W	XV	521353	522282	+	930	288	539	492	363	485	318
YOL142W	XV	55558	56280	+	723	374	735	815	817	777	892
YOR239W	XV;XV	784857;785689	785687;786744	+;+	1887	1491	2926	2806	3063	3289	3216
YOL091W	XV	145334	147163	+	1830	35	49	57	40	39	66
YOR317W	XV	909343	911445	+	2103	1198	2218	2165	1952	2064	1664
YOR370C	XV	1029183	1030994	-	1812	960	1825	2017	2174	2551	2491
tM(CAU)O1	XV	710201	710272	+	72	0	1	0	0	2	3
YOR211C	XV	738924	741569	-	2646	305	552	573	626	745	916
YOR191W	XV	692475	697334	+	4860	403	787	757	972	974	1003
YOL064C	XV	206103	207176	-	1074	740	1463	1590	1452	1600	1479
tT(AGU)O1	XV	113802	113874	+	73	0	0	1	0	0	0
YOL049W	XV	238619	240094	+	1476	824	1569	1657	1867	2213	2174
YOL043C	XV	248392	249534	-	1143	139	288	329	325	376	335
YOR043W	XV	410870	412330	+	1461	734	1271	1369	1309	1595	1664
YOR331C	XV	943565	944122	-	558	3	6	4	4	4	2
YOR309C	XV	896698	897078	-	381	163	297	390	263	254	335
YOR104W	XV	517642	518490	+	849	93	194	193	227	213	271
YOL114C	XV	103317	103925	-	609	17	31	40	28	21	33
YOR300W	XV	880575	880883	+	309	3	5	5	4	1	4
YOR220W	XV	755328	756125	+	798	656	1262	1492	1524	1399	848
YOR378W	XV	1049511	1051058	+	1548	24	45	50	38	55	52
YOL059W	XV	217126	218448	+	1323	1585	2540	2826	2629	2537	1928
YOR386W	XV	1066839	1068536	+	1698	174	306	392	355	294	291
YOL027C	XV	272003	273724	-	1722	739	1496	1546	1702	1953	1644
snR62	XV	409765	409864	-	100	2	4	5	8	12	17
snR17a	XV;XV	780107;780278	780120;780596	+;+	333	8	17	13	16	24	24
YOL155C	XV	28703	31606	-	2904	42	89	90	101	143	70
YOR375C	XV	1041678	1043042	-	1365	4340	8858	8990	9357	12598	9969
snR35	XV	759326	759529	-	204	11	16	17	23	14	15
YOR100C	XV	513295	514278	-	984	4	8	9	6	10	6
YOL026C	XV	274012	274353	-	342	67	128	131	155	162	111
YOL012C	XV	303579	303983	-	405	402	725	746	691	756	910
YOR026W	XV	379781	380806	+	1026	191	372	358	354	441	482
YOR359W	XV	1011189	1012760	+	1572	385	642	608	710	1054	1237
YOR250C	XV	800970	802307	-	1338	247	418	421	463	569	520
YOL013C	XV	301380	303035	-	1656	315	555	564	612	657	682
YOR272W	XV	832813	834195	+	1383	845	1721	1780	1729	1719	1842
tG(GCC)O2	XV	282164	282234	+	71	0	1	0	0	0	0
YOL164W-A	XV	4130	4312	+	183	0	0	0	1	1	0
YOL082W	XV	168727	169974	+	1248	284	511	508	529	607	564
snR36	XV	680685	680866	-	182	11	14	19	19	15	16
YOR035C	XV	397735	400104	-	2370	346	640	624	783	623	565
YOL016C	XV	294777	296120	-	1344	4397	7962	8797	8422	6559	2716
YOR007C	XV	338938	339978	-	1041	2236	3915	4305	5719	6469	5820
YOR325W	XV	924577	925050	+	474	0	0	0	1	0	0
YOL085W-A	XV	161579	161791	+	213	1	8	6	8	11	3
YOL160W	XV	14313	14654	+	342	5	2	17	13	15	14
YOR361C	XV	1015361	1017652	-	2292	2987	5752	5982	5508	5840	7030
YOL158C	XV	19491	21311	-	1821	601	979	998	1082	1123	1034
YOR315W	XV	904760	905800	+	1041	759	1353	1467	1562	2092	2254
YOR010C	XV	346195	346950	-	756	29	67	56	52	55	39
YOR384W	XV	1061564	1063648	+	2085	3	9	11	17	12	12
YOR234C	XV;XV	778555;779387	778859;779405	-;-	324	3023	5931	6768	5513	5325	5438
YOR283W	XV	847453	848145	+	693	478	845	974	957	987	1065
YOR020W-A	XV	371685	371957	+	273	115	192	229	206	241	204
YOL045W	XV	243497	246802	+	3306	415	849	798	872	855	1055
YOR102W	XV	516423	516773	+	351	3	7	6	9	5	8
YOL128C	XV	78352	79479	-	1128	158	300	345	343	356	356
YOR360C	XV	1013241	1014821	-	1581	531	974	992	1029	1500	2417
YOL097C	XV	136527	137825	-	1299	2176	4217	4498	4116	3976	3680
YOR164C	XV	643394	644332	-	939	477	1017	1123	1087	1101	1363
YOR175C	XV	659815	661674	-	1860	724	1458	1464	1638	1596	1825
tP(UGG)O1	XV;XV	301097;301163	301132;301198	+;+	72	0	0	0	0	0	0
YOR086C	XV	483219	486779	-	3561	708	1432	1455	1366	1579	1619
YOR242C	XV	788742	789857	-	1116	18	37	26	22	36	39
YOR155C	XV	626628	627980	-	1353	390	642	740	704	812	693
YOL019W-A	XV	288420	288572	+	153	0	0	0	0	0	0
YOL030W	XV	268187	269641	+	1455	1416	2809	2679	2867	3271	3133
YOR323C	XV	921535	922905	-	1371	1222	2284	2311	2307	2347	2201
YOL017W	XV	292529	294673	+	2145	93	173	162	202	284	341
YOR233W	XV	775846	778248	+	2403	289	606	600	735	910	957
YOL037C	XV	256666	257019	-	354	0	1	2	0	0	0
YOR083W	XV	479533	480420	+	888	46	82	96	95	157	79
YOL010W	XV	307938	309041	+	1104	481	870	872	1041	1254	1625
YOR118W	XV	546857	548560	+	1704	341	638	645	732	809	976
YOR128C	XV	564476	566191	-	1716	1244	2394	2176	2248	1948	2254
YOL125W	XV	83834	85264	+	1431	385	704	728	714	762	733
YOL004W	XV	316938	321548	+	4611	710	1410	1316	1584	1789	1748
YOR177C	XV	665785	667179	-	1395	15	32	44	55	65	59
YOR166C	XV	647126	648502	-	1377	301	511	534	592	633	852
YOR006C	XV	337680	338621	-	942	363	700	775	699	791	822
YOR324C	XV	923232	925040	-	1809	160	284	283	326	422	412
YOL024W	XV	277086	277604	+	519	6	12	8	7	8	6
YOR033C	XV	392416	394524	-	2109	222	433	416	455	609	644
YOL033W	XV	263475	265085	+	1611	163	291	305	320	436	429
YOL070C	XV	197220	198725	-	1506	564	1042	1112	1153	1357	1058
YOR116C	XV	539763	544145	-	4383	913	1928	1896	1824	1892	2166
YOL067C	XV	201985	202518	-	534	126	201	229	274	319	183
YOR145C	XV	605347	606171	-	825	1349	2649	2854	2671	2453	2655
YOR304C-A	XV	888520	888750	-	231	68	125	140	153	195	225
YOR192C	XV	698768	700567	-	1800	48	57	44	55	58	56
YOL109W	XV	110297	110638	+	342	5725	11521	12577	12331	13433	12558
YOR078W	XV	472725	473369	+	645	415	920	1040	1035	1181	1543
YOR134W	XV	578564	579793	+	1230	185	339	344	433	210	79
YOR131C	XV	572182	572838	-	657	294	554	583	603	688	566
YOR368W	XV	1026843	1028048	+	1206	106	172	194	232	276	285
YOL111C	XV	108258	108896	-	639	308	519	540	554	591	436
YOR168W	XV	649303	651732	+	2430	2411	5141	4893	4650	4889	6066
YOR226C	XV	761614	762084	-	471	169	361	392	403	488	288
YOL162W	XV	10119	10766	+	648	19	22	33	50	45	40
YOR334W	XV	944596	946008	+	1413	115	206	197	238	325	331
YOR241W	XV	786995	788641	+	1647	529	1161	1170	1190	1170	1276
tP(UGG)O2	XV;XV	464450;464516	464485;464551	+;+	72	0	0	0	0	0	0
YOR245C	XV	794076	795332	-	1257	280	495	507	518	648	672
YOL009C	XV	309324	310139	-	816	149	216	243	295	228	243
YOR153W	XV	619840	624375	+	4536	4479	8618	8349	13972	12657	15988
YOR358W	XV	1010161	1010889	+	729	74	136	156	192	200	131
YOR335W-A	XV	946568	946648	+	81	1	1	0	0	0	0
YOR170W	XV	651858	652163	+	306	2	3	0	1	2	1
YOR267C	XV	822588	824867	-	2280	1306	2138	2375	2099	2102	1459
YOR081C	XV	476939	479188	-	2250	288	523	503	614	789	645
YOL145C	XV	49555	52788	-	3234	844	1892	1897	1972	2076	2357
YOL156W	XV	25273	26976	+	1704	0	1	3	3	1	5
YOR322C	XV	918606	921062	-	2457	434	858	855	919	1186	1069
YOL044W	XV	247150	248301	+	1152	187	275	293	325	307	336
YOR054C	XV	427833	429857	-	2025	152	256	303	266	344	237
YOL031C	XV	266264	267529	-	1266	397	748	758	880	1005	1238
YOR034C-A	XV	397426	397668	-	243	30	42	37	33	33	60
YOR306C	XV	889867	891432	-	1566	858	1504	1518	1867	1775	2101
YOR261C	XV	815915	816931	-	1017	1067	2149	2382	2637	2748	3228
YOR293W	XV;XV	867098;867587	867149;867852	+;+	318	9045	16139	18360	15324	15370	16148
YOR062C	XV	442725	443531	-	807	73	117	151	121	171	111
YOR339C	XV	958362	958832	-	471	12	28	17	22	13	18
YOR067C	XV	451729	453462	-	1734	548	1028	1114	1084	1068	1236
YOR312C	XV	900250	900767	-	518	8886	15861	17979	14914	14734	15223
YOR094W	XV	502795	503346	+	552	169	320	319	355	343	427
YOL135C	XV	69376	70044	-	669	92	170	196	222	277	192
YOL105C	XV	114138	115808	-	1671	232	373	353	351	398	399
YOR329W-A	XV	939348	939557	+	210	2	3	3	1	1	1
YOR197W	XV	717086	718384	+	1299	1055	1862	2019	2017	2133	1743
YOL104C	XV	116396	117454	-	1059	76	201	181	273	256	282
YOR262W	XV	817292	818335	+	1044	276	613	630	561	602	661
YOR167C	XV	648804	649007	-	204	4965	9160	10748	8253	8355	7710
YOL015W	XV	297078	298838	+	1761	101	210	199	162	87	109
YOR161C	XV	636939	638558	-	1620	157	301	275	144	141	132
YOR393W	XV	1080276	1081589	+	1314	0	0	0	0	0	0
YOR105W	XV	518195	518521	+	327	16	16	17	21	19	16
YOR210W	XV	738320	738532	+	213	463	852	1004	888	855	1118
YOR364W	XV	1023371	1023739	+	369	3	8	6	9	9	12
YOL087C	XV	155287	158637	-	3351	517	839	833	759	886	757
YOR127W	XV	561170	564193	+	3024	460	978	918	1066	1272	1299
YOR184W	XV	679357	680544	+	1188	1163	2218	2393	2261	2331	2533
YOR150W	XV	611999	612490	+	492	319	560	631	644	714	674
YOR179C	XV	671845	672411	-	567	145	245	267	289	298	244
YOR340C	XV	959202	960182	-	981	774	1619	1672	1665	1554	1850
YOR354C	XV	1001147	1003225	-	2079	425	811	826	947	1237	1319
YOR217W	XV	749301	751886	+	2586	675	1309	1318	1471	1680	1745
YOR298W	XV	875599	877038	+	1440	36	73	79	76	54	63
YOL006C	XV	313078	315387	-	2310	481	839	890	984	1295	1438
YOR259C	XV	812395	813708	-	1314	1078	2032	2256	2690	3154	3118
YOR318C	XV;XV	911784;912433	912085;912436	-;-	306	8	15	18	18	20	16
YOR320C	XV	913619	915094	-	1476	379	737	781	827	955	1126
YOR222W	XV	758330	759253	+	924	329	592	720	650	669	597
YOL165C	XV	1647	2078	-	432	7	8	14	20	12	14
YOL007C	XV	311342	312367	-	1026	274	444	474	689	915	1119
YOR307C	XV	892731	894092	-	1362	318	645	624	726	827	956
YOL051W	XV	234940	238185	+	3246	713	1375	1357	1414	1682	1540
YOR091W	XV	493433	494470	+	1038	831	1584	1677	1877	2003	1763
YOR079C	XV	473475	474416	-	942	287	516	554	529	584	629
YOL022C	XV	280272	281498	-	1227	793	1391	1545	1524	1307	1532
YOR278W	XV	842817	843644	+	828	149	235	251	269	287	352
YOR024W	XV	377847	378170	+	324	0	0	0	4	2	0
YOL148C	XV	45760	47574	-	1815	254	486	514	515	639	580
YOL078W	XV	181682	185212	+	3531	207	388	369	412	512	451
tP(UGG)O3	XV;XV	980683;980752	980718;980787	+;+	72	4	4	2	2	1	12
YOR089C	XV	490196	490828	-	633	627	1183	1279	1223	1470	1094
YOL098C	XV	132725	135838	-	3114	1059	2084	2080	2218	2535	2869
YOR171C	XV	652010	653884	-	1875	590	1026	1101	1035	1133	1293
YOL089C	XV	150398	153490	-	3093	195	397	363	384	461	552
YOL150C	XV	44473	44784	-	312	2	1	0	2	2	5
YOR095C	XV	503552	504328	-	777	888	1727	1839	1562	1416	1897
YOL146W	XV	48864	49448	+	585	118	239	236	223	274	298
YOR224C	XV	760825	761265	-	441	1536	2597	2879	2569	2763	2432
YOR302W	XV	882765	882842	+	78	58	97	95	108	158	212
YOR286W	XV	850280	850729	+	450	361	622	739	750	931	794
YOR046C	XV	414459	415907	-	1449	1176	2518	2632	2490	2579	3152
tG(CCC)O	XV	594354	594425	-	72	0	0	0	0	0	0
YOR388C	XV	1071793	1072923	-	1131	1	0	2	1	0	0
YOR228C	XV	766869	767777	-	909	123	180	217	188	199	178
YOL112W	XV	106710	108188	+	1479	272	569	559	636	745	677
YOR141C	XV	589942	592587	-	2646	385	763	751	838	1054	1059
YOL131W	XV	73031	73357	+	327	0	0	1	0	2	1
YOR049C	XV	422668	423732	-	1065	16	25	27	52	33	32
YOL143C	XV	54595	55104	-	510	348	654	674	727	784	590
YOR172W	XV	654210	656570	+	2361	261	417	479	451	503	477
YOR149C	XV	609838	611388	-	1551	222	431	458	475	477	595
YOL164W	XV	6175	8115	+	1941	122	197	241	224	360	232
YOR011W	XV	349679	353863	+	4185	192	364	331	324	357	450
YOR071C	XV	459480	461276	-	1797	217	388	391	400	414	422
YOR022C	XV	373710	375857	-	2148	133	247	262	296	331	352
YOR125C	XV	559030	559731	-	702	197	328	395	371	409	357
YOL141W	XV	56452	58539	+	2088	116	230	224	252	276	336
YOR101W	XV	515244	516173	+	930	677	1346	1453	1386	1322	1453
YOR263C	XV	818757	819164	-	408	1	0	0	0	0	1
YOR383C	XV	1060441	1061055	-	615	92	139	162	179	189	141
YOR056C	XV	430247	431626	-	1380	896	1833	1895	1868	1789	1732
YOL075C	XV	189658	193542	-	3885	147	356	337	360	398	449
YOR073W-A	XV	467390	467623	+	234	0	0	0	0	0	0
YOR246C	XV	795801	796793	-	993	513	904	984	999	1075	857
YOR042W	XV	408425	409660	+	1236	419	749	819	926	1131	921
YOR236W	XV	780906	781541	+	636	228	460	455	443	458	485
YOR183W	XV	678872	679261	+	390	0	0	1	0	3	0
YOR176W	XV	662401	663582	+	1182	527	977	1038	916	1101	917
YOR238W	XV	783677	784588	+	912	204	334	398	454	443	461
YOR367W	XV	1026007	1026609	+	603	115	259	206	255	314	377
YOR297C	XV	874743	875321	-	579	153	290	298	326	441	465
YOR310C	XV	896825	898360	-	1536	3463	6488	7099	6490	5737	7128
YOR063W	XV	444686	445849	+	1164	23994	43651	46826	40789	40644	34255
YOR189W	XV	689624	689974	+	351	152	269	314	365	441	367
YOL129W	XV	77560	78114	+	555	570	943	1052	1123	1280	1126
YOR280C	XV	844992	845792	-	801	192	312	331	381	344	414
YOR037W	XV	401555	402655	+	1101	210	419	437	462	491	495
YOR090C	XV	491123	492841	-	1719	413	744	797	797	988	889
YOR313C	XV	901858	902874	-	1017	32	106	95	64	103	125
YOL032W	XV	265429	266169	+	741	224	347	473	401	364	314
YOR158W	XV	632164	633120	+	957	315	579	646	763	921	964
YOR162C	XV	639560	641992	-	2433	139	251	252	311	343	356
YOL092W	XV	144204	145130	+	927	1140	2135	2185	1711	1647	1741
YOL061W	XV	212244	213734	+	1491	1267	2269	2489	2303	2331	2262
YOR232W	XV	774573	775259	+	687	1190	2321	2462	2545	2593	2882
YOR219C	XV	752214	755009	-	2796	492	823	894	836	804	765
YOR182C	XV;XV	678191;678791	678379;678793	-;-	192	2466	4219	5161	3875	3617	4711
YOL099C	XV	132017	132508	-	492	3	12	18	7	11	11
YOR294W	XV	868340	868951	+	612	1009	1878	2063	1969	1554	1561
YOR288C	XV	852121	853077	-	957	201	441	474	527	576	576
YOR110W	XV	528941	530248	+	1308	322	482	583	552	606	615
YOR040W	XV	407064	407921	+	858	81	140	147	165	191	187
YOL083W	XV	165714	166952	+	1239	57	82	91	87	114	130
YOL136C	XV	67561	68754	-	1194	684	1395	1411	1276	1723	1816
YOL130W	XV	74400	76979	+	2580	1102	2139	2125	1872	2083	2037
YOL021C	XV	282421	285426	-	3006	934	1745	1793	1913	2027	2032
YOR282W	XV	847000	847320	+	321	1	0	0	0	0	1
YOL077W-A	XV	185438	185644	+	207	259	575	610	527	824	884
YOR319W	XV	912822	913463	+	642	147	268	302	283	283	339
YOR030W	XV	386825	388684	+	1860	208	404	404	449	531	607
YOR291W	XV	861175	865593	+	4419	308	551	607	598	667	808
YOL077C	XV	185848	186723	-	876	1791	3688	4097	3385	2961	3872
YOR390W	XV	1076784	1077911	+	1128	34	52	61	57	56	88
YOL052C-A	XV	231570	231755	-	186	14	31	23	30	18	21
YOR123C	XV	553176	554570	-	1395	897	1712	1816	1805	2002	1694
YOR013W	XV	356751	357221	+	471	23	46	40	46	45	32
YOR249C	XV	798674	800731	-	2058	212	402	480	455	504	580
YOR362C	XV	1017880	1018746	-	867	861	1525	1738	1985	2346	1687
YOL058W	XV	219211	220473	+	1263	219	537	574	549	799	214
YOR143C	XV	601383	602342	-	960	328	641	715	675	690	918
YOR347C	XV	984942	986462	-	1521	112	184	218	205	238	157
YOL157C	XV	22525	24294	-	1770	19	28	44	40	35	32
YOL057W	XV	220767	222902	+	2136	685	1289	1350	1481	1642	1714
YOR321W	XV	916030	918291	+	2262	210	410	437	436	517	546
YOR015W	XV	359993	360352	+	360	170	273	300	280	288	326
YOR111W	XV	530429	531127	+	699	117	194	253	266	271	310
YOL008W	XV	310312	310935	+	624	173	289	299	321	327	322
YOR279C	XV	843698	844630	-	933	146	243	265	244	289	312
YOR394C-A	XV	1084202	1084369	-	168	0	1	4	1	1	0
YOR180C	XV	674352	675167	-	816	36	77	79	70	106	98
YOL055C	XV	224420	226075	-	1656	142	284	323	305	373	387
snR5	XV	842403	842606	+	204	14	31	42	40	30	30
YOL139C	XV	60383	61024	-	642	3493	6912	7184	6678	6548	7013
YOR287C	XV	850937	851839	-	903	188	435	453	402	427	657
YOR198C	XV	718653	720065	-	1413	2462	5027	5170	5645	5951	6354
YOR053W	XV	427817	428158	+	342	3	7	12	5	3	3
YOL054W	XV	228614	229834	+	1221	195	332	391	464	499	436
YOR012W	XV	356543	356956	+	414	5	14	21	26	28	38
YOL118C	XV	96608	96916	-	309	3	4	6	2	2	6
YOR034C	XV	394837	397086	-	2250	312	551	603	571	605	676
YOR374W	XV	1039840	1041399	+	1560	146	248	256	330	694	588
YOR018W	XV	364369	366882	+	2514	292	465	469	496	494	496
YOL084W	XV	162356	165331	+	2976	77	107	115	82	66	38
YOR314W	XV	903043	903372	+	330	0	0	1	0	0	0
YOR050C	XV	424270	424617	-	348	3	5	5	2	7	4
YOR391C	XV	1078545	1079258	-	714	0	0	0	0	0	0
YOR327C	XV	930734	931081	-	348	399	868	929	889	914	845
YOR352W	XV	997213	998244	+	1032	130	282	302	306	303	306
YOR348C	XV	986899	988782	-	1884	75	110	123	112	226	69
YOL115W	XV	101475	103229	+	1755	411	725	770	750	835	969
YOR066W	XV	449436	451325	+	1890	322	495	520	474	736	636
YOR072W-A	XV	461791	462039	+	249	1	6	8	6	11	2
YOL096C	XV	138107	139045	-	939	161	292	311	313	323	265
tM(CAU)O2	XV	976421	976493	+	73	0	0	0	2	0	0
YOR020C	XV	370524	370844	-	321	914	1718	2032	2952	3901	3291
YOR133W	XV	575098	577626	+	2529	927	1623	1568	1357	1216	1083
YOR356W	XV	1007221	1009116	+	1896	348	701	735	843	1176	1068
YOR208W	XV	733925	736177	+	2253	470	885	813	868	728	671
YOR357C	XV	1009224	1009712	-	489	174	308	358	353	439	423
YOR277C	XV	841515	841823	-	309	4	4	2	3	5	3
YOR276W	XV	841333	841818	+	486	1311	2616	2957	2443	2218	2429
YOR247W	XV	797676	798308	+	633	989	1711	1625	2370	3342	2462
snR50	XV	259489	259578	+	90	16	17	19	15	18	12
YOL047C	XV;XV	241614;242505	242441;242747	-;-	1071	7	12	18	12	13	12
YOR221C	XV	756476	757558	-	1083	370	715	725	841	892	914
YOR344C	XV	977194	978069	-	876	1123	1932	2089	1979	2242	1983
YOR269W	XV	826385	827869	+	1485	152	242	241	239	311	286
YOR152C	XV	617518	618288	-	771	140	178	184	229	215	248
YOR103C	XV	516449	516841	-	393	445	824	830	900	957	1115
YOR377W	XV	1046226	1047803	+	1578	401	811	824	784	625	720
YOR129C	XV	566877	569558	-	2682	138	286	267	307	374	532
YOL038C-A	XV	254926	255021	-	96	3	8	7	17	23	29
YOR156C	XV	628360	630540	-	2181	133	216	250	247	366	309
YOR329C	XV	936731	939349	-	2619	374	633	612	705	858	800
YOR351C	XV	995018	996511	-	1494	2	4	3	2	4	2
YOL040C	XV	253149	253577	-	429	12006	22218	23457	20532	22041	20561
YOL159C-A	XV	15233	15505	-	273	31	63	53	51	78	103
YOR051C	XV	424846	426084	-	1239	1590	3146	3295	2779	2626	2733
YOR003W	XV	331455	332891	+	1437	69	140	157	173	212	148
YOR064C	XV	446079	446738	-	660	106	170	211	185	240	229
YOR073W	XV	464771	466543	+	1773	124	267	237	315	434	427
YOR201C	XV	720470	721708	-	1239	290	537	491	605	821	615
YOR065W	XV	447439	448368	+	930	666	1197	1270	1164	2205	1532
YOR186W	XV	683111	683545	+	435	0	5	8	6	3	5
YOR045W	XV	413852	414037	+	186	263	486	595	520	500	504
YOL018C	XV	290881	292074	-	1194	225	461	495	540	538	543
YOL133W	XV	70325	70690	+	366	156	274	308	357	364	394
YOR087W	XV	487707	489734	+	2028	256	462	493	531	669	764
YOL028C	XV	270633	271370	-	738	138	321	335	327	412	344
YOL086C	XV	159548	160594	-	1047	34481	61570	61750	54738	54918	39589
YOL108C	XV	111431	111886	-	456	171	317	298	292	306	253
YOL023W	XV	278056	280086	+	2031	171	302	342	380	504	522
YOR011W-A	XV	355652	355858	+	207	0	0	0	0	0	0
YOR165W	XV	644566	646896	+	2331	912	1845	1909	1990	2092	2322
YOL068C	XV	200368	201879	-	1512	541	1072	1116	1248	1378	1531
YOR138C	XV	584309	586324	-	2016	285	482	539	539	616	495
YOR016C	XV	360461	361084	-	624	364	645	712	661	752	847
YOL121C	XV;XV	92026;92831	92440;92850	-;-	435	3954	6449	7200	6140	6074	5225
YOL126C	XV	81787	82920	-	1134	197	318	364	323	482	227
YOR235W	XV	779870	780184	+	315	0	0	0	0	1	0
YOR080W	XV	474594	476792	+	2199	246	533	496	564	587	681
YOR169C	XV	651376	651840	-	465	4	10	7	5	5	5
YOR028C	XV	383533	384420	-	888	87	161	172	140	147	156
YOR225W	XV	761392	761721	+	330	0	1	1	0	1	1
YOR108C-A	XV	524605	524814	-	210	1	2	1	0	3	0
YOR109W	XV	525278	528601	+	3324	452	817	882	980	1159	1242
YOL093W	XV	142815	143696	+	882	391	822	893	912	958	850
YOR147W	XV	606607	608475	+	1869	322	593	628	534	592	801
YOR218C	XV	751476	751895	-	420	2	1	0	0	1	0
YOR254C	XV	805032	807023	-	1992	1647	3180	3331	3206	3407	4062
YOL080C	XV	180558	181427	-	870	509	961	1103	962	793	1031
YOR161W-B	XV	637975	638235	+	261	14	11	14	26	38	20
tY(GUA)O	XV;XV	288192;288245	288230;288280	+;+	75	1	0	0	0	0	0
YOR136W	XV	580250	581359	+	1110	978	1571	1768	3008	4047	2899
tR(ACG)O	XV	340299	340371	-	73	0	0	0	0	0	0
YOR192C-C	XV	703988	704224	-	237	4	9	11	13	7	12
YOR205C	XV	725564	727234	-	1671	206	445	480	525	772	792
YOR200W	XV	720417	720815	+	399	0	1	0	0	1	0
YOR305W	XV	889022	889750	+	729	193	346	415	447	557	607
YOR195W	XV	712866	715331	+	2466	287	630	626	780	935	1222
YOL123W	XV	87844	89448	+	1605	1560	3014	3213	2953	2969	3092
YOR097C	XV	506978	507505	-	528	94	151	189	206	293	233
YOL083C-A	XV	166461	166601	-	141	1	2	0	2	0	1
YOL086W-A	XV	159173	159445	+	273	71	140	173	172	222	167
YOR337W	XV	954344	956623	+	2280	313	576	525	682	882	918
YOL100W	XV	129237	132482	+	3246	253	513	535	557	648	640
YOR289W	XV	853357	854112	+	756	45	74	112	93	101	71
YOR255W	XV	807271	808107	+	837	2	4	3	3	1	1
YOR304W	XV	884514	887876	+	3363	530	1129	1072	1183	1314	1485
YOL163W	XV	9597	10106	+	510	17	44	52	59	57	50
YOR077W	XV	471899	472597	+	699	47	91	87	102	118	94
YOR074C	XV	466675	467589	-	915	164	309	334	417	522	492
YOR117W	XV	545029	546333	+	1305	882	1868	1916	2263	2657	2552
YOR055W	XV	429478	429912	+	435	1	1	0	1	0	0
YOL166W-A	XV	585	740	+	156	0	0	0	0	0	0
YOL066C	XV	202696	204471	-	1776	191	408	406	492	569	555
YOR396W	XV	1085473	1090863	+	5391	0	0	0	0	0	0
YOR161C-C	XV	639121	639267	-	147	2	2	3	5	7	3
tV(AAC)O	XV	663812	663885	-	74	1	0	1	0	0	0
YOR151C	XV	612997	616671	-	3675	1441	2979	2957	3262	3701	3715
YOR187W	XV	684030	685343	+	1314	1291	2640	2820	2805	3954	3624
YOL001W	XV	325249	326130	+	882	168	346	337	332	343	391
YOR005C	XV	334509	337343	-	2835	177	293	310	345	352	345
YOR199W	XV	720181	720510	+	330	0	3	0	2	1	2
YOR355W	XV	1005137	1006705	+	1569	850	1659	1704	1686	2219	2606
YOR290C	XV	855147	860258	-	5112	483	1023	983	1152	1432	1292
YOR396C-A	XV	1090015	1090497	-	483	0	0	0	0	0	0
YOR047C	XV	416347	417681	-	1335	542	913	904	908	1109	1101
YOL014W	XV	299693	300067	+	375	534	1164	1310	1038	731	315
YOR244W	XV	792531	793868	+	1338	261	439	489	511	585	606
YOL102C	XV	125997	126689	-	693	217	310	362	365	426	425
YOL060C	XV	214017	216137	-	2121	315	561	551	675	1024	820
YOL041C	XV	251267	252646	-	1380	1355	2706	2676	2743	2621	3632
YOL116W	XV	99809	100957	+	1149	187	398	400	423	481	405
YOR353C	XV	998453	1000828	-	2376	209	449	402	467	529	637
YOR299W	XV	878435	880675	+	2241	559	820	942	968	928	736
YOR366W	XV	1025256	1025609	+	354	11	8	17	13	12	11
tD(GUC)O	XV	571958	572029	+	72	0	2	1	0	2	3
YOR096W	XV;XV	505794;506339	505937;506767	+;+	573	9270	18154	18614	15010	13342	15774
YOR148C	XV	608640	609197	-	558	138	239	265	276	289	296
YOR301W	XV	880965	882272	+	1308	156	307	299	420	496	330
YOR257W	XV	811008	811493	+	486	305	501	540	538	552	603
YOR135C	XV	580159	580500	-	342	1	1	1	0	0	1
YOR032W-A	XV	392176	392376	+	201	2	9	10	9	6	6
YOR223W	XV	759782	760660	+	879	80	178	190	226	221	162
YOR076C	XV	469377	471620	-	2244	229	440	445	464	585	703
YOR231C-A	XV	773163	773363	-	201	0	1	1	2	1	0
YOR316C-A	XV	907726	907935	-	210	2	8	4	3	8	7
tS(GCU)O	XV;XV	274673;274729	274709;274773	+;+	82	0	0	0	2	1	0
YOR061W	XV	441534	442553	+	1020	1092	2081	2154	2096	2284	2326
YOR025W	XV	378219	379562	+	1344	122	327	307	350	454	393
YOR371C	XV	1031489	1034182	-	2694	181	377	370	412	512	470
YOL140W	XV	58759	60030	+	1272	217	473	477	407	425	448
YOL062C	XV	210520	211995	-	1476	613	1131	1261	1249	1314	1311
YOR292C	XV	865653	866582	-	930	139	232	243	212	243	230
tG(UCC)O	XV	110962	111033	-	72	0	0	0	0	0	0
YOR027W	XV	381053	382822	+	1770	1638	2527	2928	4570	7416	5764
tT(AGU)O2	XV	354041	354113	-	73	0	0	1	0	1	0
YOR142W-B	XV	595112	600380	+	5269	0	0	0	0	0	0
YOR192C-A	XV	708416	709732	-	1317	0	0	0	0	0	0
YOL103W-B	XV	118000	123268	+	5269	7	10	21	12	19	6
YOR142W-A	XV	595112	596434	+	1323	0	0	0	0	0	0
YOR192C-B	XV	704419	709732	-	5314	27	51	63	58	64	72
YOR343W-B	XV	970578	975891	+	5314	57	118	149	159	170	143
YOR343W-A	XV	970578	971894	+	1317	0	0	0	0	0	0
YOL103W-A	XV	118000	119322	+	1323	0	0	0	0	0	0
YGL087C	VII;VII	346406;346894	346808;346904	-;-	414	148	300	309	388	459	385
YGL156W	VII	210416	213667	+	3252	81	155	147	199	271	302
YGL015C	VII	465043	465435	-	393	4	9	5	4	15	12
RME2	VII	141898	144120	-	2223	416	639	636	615	781	719
YGR251W	VII	995639	996229	+	591	250	434	501	460	453	421
YGR162W	VII	824059	826917	+	2859	3182	6376	6450	6165	6661	6970
tK(UUU)G2	VII;VII	700953;701012	700988;701048	-;-	73	0	0	0	0	1	0
YGR005C	VII	504657	505859	-	1203	526	1030	1126	1129	1160	1056
YGL160W	VII	200561	202273	+	1713	379	713	733	775	973	1028
snR46	VII	545370	545566	+	197	16	24	36	21	16	37
tD(GUC)G1	VII	531610	531681	+	72	0	2	1	0	0	2
YGL211W	VII	92512	93591	+	1080	384	749	823	832	821	740
YGR141W	VII	770569	771972	+	1404	164	309	342	317	337	259
YGL239C	VII	49431	49745	-	315	0	0	0	0	0	0
YGL097W	VII	321782	323230	+	1449	705	1517	1585	1619	1678	1452
YGR030C	VII	545681	546157	-	477	90	188	212	215	228	403
YGR224W	VII	942806	944647	+	1842	5	4	6	9	7	4
YGR142W	VII	772454	773686	+	1233	2032	2247	3161	1822	1744	922
YGR186W	VII	867774	869981	+	2208	769	1466	1443	1514	1636	1692
YGR181W	VII	858287	858604	+	318	193	388	415	446	482	515
YGL081W	VII	357377	358339	+	963	12	32	39	29	34	46
YGR082W	VII	644044	644595	+	552	523	981	1089	1173	1309	1244
YGL028C	VII	441281	442909	-	1629	1227	2278	1997	2218	3303	3313
YGL021W	VII	454785	457067	+	2283	350	793	696	938	1167	1370
YGL110C	VII	301537	303411	-	1875	307	524	532	572	624	665
YGR167W	VII	832456	833157	+	702	830	1558	1579	1757	2075	1878
YGL017W	VII	459854	461365	+	1512	238	386	404	434	430	415
tA(UGC)G	VII	794417	794489	+	73	0	0	0	0	0	0
YGR156W	VII	800546	801823	+	1278	119	237	245	295	312	322
YGR291C	VII	1076283	1076504	-	222	0	0	0	0	0	0
YGR197C	VII	892497	894140	-	1644	136	202	204	202	209	208
YGR041W	VII	577487	579130	+	1644	277	519	487	483	605	598
YGL079W	VII	359444	360100	+	657	113	201	227	262	329	255
YGL107C	VII	304333	306273	-	1941	261	550	548	551	725	893
YGL168W	VII	187464	187796	+	333	15	17	21	22	16	31
YGL228W	VII	67598	69331	+	1734	675	1430	1444	1423	1660	1434
YGR183C	VII;VII	859063;859474	859260;859476	-;-	201	262	508	568	469	752	845
YGL050W	VII	405776	406597	+	822	300	520	569	616	603	631
YGR273C	VII	1038715	1039239	-	525	1	1	2	1	0	2
YGR086C	VII	649598	650617	-	1020	1932	3759	4131	3991	5420	4666
YGR228W	VII	949365	949709	+	345	8	15	4	6	5	10
YGL145W	VII	230243	232348	+	2106	341	716	760	848	893	1225
YGR098C	VII	682566	687458	-	4893	164	402	357	467	663	742
YGR074W	VII	635712	636152	+	441	182	361	399	389	432	398
YGL098W	VII	317342	318079	+	738	171	340	362	385	404	442
snR7-S	VII	939494	939672	-	179	0	0	0	0	0	0
YGL096W	VII	325331	326161	+	831	75	158	182	116	75	36
YGR240C-A	VII	974577	974777	-	201	3	8	10	11	6	4
YGR172C	VII	842845	843591	-	747	335	609	660	650	719	818
YGR194C	VII	886073	887875	-	1803	176	269	273	283	365	301
YGL026C	VII	446412	448535	-	2124	947	1858	1840	1842	2084	1826
YGL213C	VII	90054	91247	-	1194	414	751	817	780	929	1096
YGL248W	VII	35653	36762	+	1110	349	620	682	634	638	492
YGL075C	VII	366925	368088	-	1164	70	122	135	136	180	159
YGL256W	VII	15159	16307	+	1149	389	776	826	746	833	842
YGL012W	VII	472855	474276	+	1422	1188	2230	2424	2332	2789	2784
YGL082W	VII	355827	356972	+	1146	443	781	872	797	880	852
YGR161C	VII	808629	809420	-	792	426	501	618	681	733	370
tW(CCA)G1	VII;VII	287350;287420	287385;287455	-;-	72	2	1	2	3	1	5
YGR274C	VII	1039895	1043095	-	3201	401	783	755	852	1039	1147
YGR031C-A	VII	546809	547300	-	492	1	0	1	2	0	0
YGL037C	VII	427297	427947	-	651	1119	1761	1945	1525	1678	991
YGL252C	VII	25718	27484	-	1767	685	1269	1359	1349	1383	1418
YGL250W	VII	31910	32635	+	726	70	103	117	127	156	115
YGR260W	VII	1012485	1014089	+	1605	1621	2674	2760	2281	2412	2401
YGR159C	VII	806412	807656	-	1245	4371	7993	8020	7175	6732	7198
YGR006W	VII	506070	506825	+	756	60	98	99	121	171	125
YGL121C	VII	280777	281157	-	381	17	42	49	39	23	23
YGL040C	VII	419527	420555	-	1029	597	1153	1213	1341	1536	1313
YGR130C	VII	751394	753844	-	2451	772	1370	1394	1281	1516	1308
YGR021W	VII	527632	528504	+	873	203	319	340	409	516	294
YGR097W	VII	678695	682135	+	3441	609	1283	1277	1440	1471	1282
YGL170C	VII	184153	185394	-	1242	10	12	14	10	17	19
YGL166W	VII	191129	191806	+	678	133	277	280	274	322	180
YGL104C	VII	308713	310173	-	1461	135	226	228	255	279	255
YGR149W	VII	789031	790329	+	1299	390	828	856	747	669	583
YGR195W	VII	888882	889622	+	741	447	837	950	914	952	888
tG(GCC)G2	VII	930953	931023	-	71	0	0	1	0	0	0
YGR250C	VII	991176	993521	-	2346	1600	2449	2691	2304	2216	1365
YGL155W	VII	214081	215211	+	1131	356	604	720	705	819	797
YGL216W	VII	84885	87302	+	2418	154	344	281	359	515	470
YGR029W	VII;VII	543553;543722	543638;544205	+;+	570	182	374	416	450	495	365
YGL125W	VII	272520	274322	+	1803	250	419	455	536	580	483
YGR038W	VII	560682	561350	+	669	240	419	411	445	561	537
YGR008C	VII	508110	508364	-	255	818	1377	1604	1067	743	351
YGR248W	VII	985972	986739	+	768	34	80	92	58	36	27
YGL094C	VII	331118	334465	-	3348	420	852	898	1000	1246	1306
YGR131W	VII	754726	755250	+	525	102	186	215	191	167	103
YGR163W	VII	827552	828577	+	1026	352	642	675	719	733	818
YGR125W	VII	742325	745435	+	3111	381	734	697	836	879	1020
YGR279C	VII	1048798	1049958	-	1161	2087	3530	3469	3641	4200	3626
YGL022W	VII	452404	454560	+	2157	1198	2334	2368	2456	2966	2353
tD(GUC)G2	VII	544577	544648	-	72	0	2	0	1	0	0
YGR271W	VII	1031791	1037694	+	5904	358	694	721	735	903	937
YGL025C	VII	448764	449957	-	1194	157	245	265	343	377	284
YGL176C	VII	171415	173079	-	1665	219	338	353	332	437	466
YGR031W	VII	546441	547469	+	1029	132	215	257	258	331	247
YGL102C	VII	311505	311933	-	429	17	11	10	5	4	7
YGR182C	VII	858551	858904	-	354	193	411	410	382	571	575
YGR025W	VII	532639	532941	+	303	4	13	7	7	12	34
YGL113W	VII	295932	297938	+	2007	164	358	361	415	498	522
YGR188C	VII	872044	875109	-	3066	80	156	130	184	216	270
YGL162W	VII	198138	199037	+	900	65	204	166	198	205	214
YGL084C	VII	350616	352298	-	1683	386	739	834	824	999	1123
snR10	VII	345986	346230	+	245	14	18	21	27	23	12
YGL196W	VII	129883	131169	+	1287	655	1230	1393	1174	1082	784
RME3	VII	33109	35013	-	1905	62	101	105	96	75	114
YGR230W	VII	951894	952307	+	414	50	111	145	112	123	117
YGR084C	VII	647123	648142	-	1020	237	502	521	604	807	825
YGL222C	VII	80659	81186	-	528	68	123	147	165	172	120
YGR166W	VII	830515	832197	+	1683	332	669	610	706	719	778
YGR122C-A	VII	735630	735758	-	129	1	2	5	3	2	2
YGR152C	VII	794674	795492	-	819	263	446	545	555	667	736
YGL210W	VII	93792	94460	+	669	221	387	396	427	532	464
YGR265W	VII	1021648	1022058	+	411	0	0	0	0	0	0
YGR157W	VII	802440	805049	+	2610	1539	2779	2712	2992	3287	3942
YGL240W	VII	48613	49365	+	753	44	76	57	89	92	65
YGR085C	VII	648383	648907	-	525	2418	4286	4953	4363	4327	4452
YGR237C	VII	963298	965655	-	2358	494	765	797	767	594	514
YGL146C	VII	228751	229686	-	936	8	17	19	19	37	41
YGL153W	VII	216273	217298	+	1026	149	281	285	324	380	342
YGR075C	VII	636147	636875	-	729	54	140	123	113	158	209
tT(UGU)G2	VII	1004216	1004287	+	72	0	0	0	0	0	0
YGL169W	VII	186059	187339	+	1281	402	939	937	1004	1028	1066
YGR187C	VII	870232	871416	-	1185	806	1526	1675	1550	1585	2151
YGL167C	VII	187616	190468	-	2853	898	1801	1835	1817	1879	2066
YGR050C	VII	592086	592442	-	357	22	33	43	29	32	50
YGR035W-A	VII	557565	557786	+	222	0	0	0	0	0	0
YGR217W	VII	924696	930815	+	6120	254	566	573	632	687	782
YGR068C	VII	625324	627084	-	1761	98	182	203	226	313	270
YGR296W	VII;VII	1084864;1085031	1084882;1090591	+;+	5580	0	0	0	0	0	0
YGR177C	VII	848829	850436	-	1608	314	663	599	624	676	744
YGL068W	VII	375087	375671	+	585	559	995	1095	1267	1361	1110
tN(GUU)G	VII	731137	731210	+	74	0	2	1	0	0	0
YGL018C	VII	459110	459664	-	555	86	186	203	209	228	191
YGL188C	VII	149343	149516	-	174	111	199	211	171	265	262
YGR126W	VII	745835	746527	+	693	110	187	159	158	183	150
YGL065C	VII	379760	381271	-	1512	305	574	558	666	723	850
YGL014W	VII	466141	468807	+	2667	872	1675	1654	1608	1993	2225
YGL100W	VII	313234	314283	+	1050	498	1075	1123	1169	1247	1165
YGR288W	VII	1070293	1071714	+	1422	77	112	144	152	126	122
YGL174W	VII	174545	175345	+	801	97	175	158	235	226	246
YGR211W	VII	915241	916701	+	1461	1876	3019	3438	3300	3733	3377
YGL204C	VII	111700	112005	-	306	21	64	57	39	76	69
YGR270W	VII	1027370	1031509	+	4140	596	1288	1195	1358	1570	1522
YGR204W	VII	905934	908774	+	2841	2132	3848	3860	4115	4980	3110
YGR266W	VII	1022656	1024761	+	2106	306	568	550	715	795	915
YGL070C	VII	374459	374827	-	369	299	552	661	596	635	722
YGL225W	VII	76894	77907	+	1014	1884	3569	3549	3193	3405	3525
YGL120C	VII	281634	283937	-	2304	1716	3330	3459	3601	3305	3724
tE(UUC)G1	VII	328583	328654	+	72	1	0	1	1	0	2
YGR252W	VII	996869	998188	+	1320	272	538	566	562	622	609
YGL106W	VII	306560	307009	+	450	777	1358	1541	1480	1605	1030
YGR284C	VII	1060658	1061590	-	933	714	1385	1384	1689	2099	2520
YGR032W	VII	548264	553951	+	5688	417	680	686	1168	1306	1469
YGR174C	VII	845893	846405	-	513	94	156	169	186	200	153
YGR208W	VII	911883	912812	+	930	585	1104	1166	1182	1124	1140
YGL016W	VII	461666	464911	+	3246	409	820	738	859	889	1137
YGR255C	VII	1002523	1003962	-	1440	271	484	592	605	705	725
YGR146C-A	VII	785276	785437	-	162	4	5	2	2	3	5
YGL194C	VII	140368	141726	-	1359	102	176	204	217	217	225
YGL138C	VII	248494	249531	-	1038	3	0	7	6	2	2
YGR091W	VII	666341	667825	+	1485	194	389	406	436	564	573
YGR200C	VII	899904	902270	-	2367	931	2074	2080	2073	2110	2603
YGR191W	VII	880420	882231	+	1812	1208	2175	2204	2180	2341	2620
YGR270C-A	VII	1027382	1027600	-	219	0	1	0	0	0	0
YGL227W	VII	69671	72547	+	2877	240	356	376	430	435	383
YGR081C	VII	643148	643780	-	633	348	702	738	742	845	1099
YGL243W	VII	43307	44509	+	1203	197	376	406	402	458	468
YGL194C-A	VII	139719	139961	-	243	47	71	129	109	121	146
YGR148C	VII	787312	787779	-	468	7431	13711	15009	12538	12507	12313
YGL136C	VII	252897	253859	-	963	156	283	300	325	365	311
YGR276C	VII	1043819	1045480	-	1662	501	1030	975	1074	1123	1186
YGL129C	VII	267723	269075	-	1353	308	603	672	699	943	1005
tR(UCU)G2	VII	828723	828794	-	72	5	3	4	5	3	14
YGR053C	VII	594986	595837	-	852	31	84	74	75	53	50
YGR069W	VII	627083	627418	+	336	2	0	1	1	0	4
YGL224C	VII	78015	78857	-	843	323	696	726	649	700	843
YGL193C	VII	141916	142227	-	312	0	0	0	0	0	0
YGL020C	VII	457163	457870	-	708	502	836	1016	965	1008	1059
YGL177W	VII	167559	167906	+	348	8	11	8	24	16	9
YGL189C	VII	148229	148588	-	360	10910	19271	22629	17693	17778	15993
YGR122W	VII	733935	735143	+	1209	183	358	363	378	376	378
YGL003C	VII	492474	494174	-	1701	241	356	368	385	521	405
YGR210C	VII	913503	914738	-	1236	811	1343	1530	1446	1769	1414
tG(GCC)G1	VII	845649	845719	+	71	0	0	1	0	1	1
YGR079W	VII	640720	641832	+	1113	204	411	326	413	691	826
YGL115W	VII	292033	293001	+	969	590	1092	1215	1149	1204	1244
YGL105W	VII	307437	308567	+	1131	3369	6761	6927	6804	7090	6109
YGR026W	VII	532985	533821	+	837	613	1178	1299	1344	1460	1702
YGR087C	VII	651290	652981	-	1692	7	10	14	12	10	5
YGR278W	VII	1046731	1048464	+	1734	128	329	320	349	426	442
YGR042W	VII	579476	580291	+	816	171	297	327	361	382	332
YGR043C	VII	580435	581436	-	1002	23	43	62	56	47	45
YGL165C	VII	191398	191976	-	579	2	4	5	0	3	5
YGR110W	VII	713709	715046	+	1338	57	101	112	123	193	149
YGR089W	VII	656960	659770	+	2811	653	1246	1229	1267	1459	1725
YGL158W	VII	207033	208571	+	1539	12	30	24	17	14	31
YGR262C	VII	1016974	1017759	-	786	316	578	647	708	744	622
YGL200C	VII	122694	123305	-	612	1188	2155	2404	2421	2797	2122
YGL117W	VII	288512	289309	+	798	102	229	251	206	316	257
YGL186C	VII	151037	152776	-	1740	613	977	1031	1029	1162	1182
YGR010W	VII	511545	512732	+	1188	137	302	310	342	418	401
YGR198W	VII	894693	897146	+	2454	533	1046	1022	1171	1380	1688
YGR137W	VII	762888	763262	+	375	93	190	183	191	218	225
YGL058W	VII	393986	394504	+	519	402	707	765	773	883	673
YGL226W	VII	73340	73711	+	372	64	132	135	147	182	148
YGL055W	VII	398628	400160	+	1533	6326	13857	13328	14389	14758	12071
YGL184C	VII	154615	156012	-	1398	37	124	106	199	200	205
YGL024W	VII	449788	450123	+	336	3	2	3	1	1	0
tV(AAC)G3	VII	73829	73902	-	74	2	3	1	0	0	3
YGL151W	VII	217524	220922	+	3399	470	841	935	908	1007	1173
YGR101W	VII	693363	694403	+	1041	193	359	378	449	554	511
YGL230C	VII	63772	64215	-	444	6	10	7	5	14	15
YGR103W	VII	695417	697234	+	1818	4325	8580	8957	7476	5657	6944
YGR096W	VII	676621	677565	+	945	63	99	109	98	121	87
YGR112W	VII	717358	718527	+	1170	184	335	350	405	447	316
tI(AAU)G	VII	739122	739195	+	74	0	0	1	2	0	1
YGL013C	VII	469092	472298	-	3207	338	673	689	831	1126	1086
YGL076C	VII;VII;VII	364335;365433;365986	364964;365526;365996	-;-;-	735	6009	10577	11456	9643	9850	9031
YGR067C	VII	622372	624786	-	2415	26	48	46	56	88	67
YGR094W	VII	672186	675500	+	3315	5453	10570	10814	10122	9968	9934
YGL226C-A	VII;VII	72749;73138	72988;73158	-;-	261	382	703	695	714	795	963
YGR045C	VII	583934	584296	-	363	1	3	5	3	4	3
YGR175C	VII	846933	848423	-	1491	4869	9345	9679	8734	9068	8342
YGL008C	VII	479910	482666	-	2757	35675	65847	62528	54417	59832	56292
YGR115C	VII	720372	721151	-	780	2	1	0	2	0	1
YGR108W	VII	703636	705051	+	1416	327	713	742	672	888	987
YGR218W	VII	932541	935795	+	3255	1046	2172	2184	2151	2479	2946
YGR205W	VII	909213	910085	+	873	71	127	143	94	122	139
YGL073W	VII	368753	371254	+	2502	354	613	666	838	1022	1004
YGL009C	VII	476313	478652	-	2340	7470	16835	15423	18351	16631	16512
YGL095C	VII	328874	330607	-	1734	376	690	722	762	879	973
YGL137W	VII;VII	249869;250087	249886;252738	+;+	2670	1321	2686	2621	2813	3100	3001
YGL214W	VII	90010	90495	+	486	2	5	3	1	1	4
YGR105W	VII	698599	698832	+	234	314	647	641	604	613	655
YGR001C	VII;VII;VII	497133;497459;498000	497365;497937;498034	-;-;-	747	635	1158	1208	1199	1146	1290
tK(UUU)G1	VII;VII	115488;115548	115524;115583	+;+	73	0	0	0	0	0	0
YGL217C	VII	84839	85180	-	342	0	0	0	1	1	0
YGL173C	VII	175527	180113	-	4587	1109	2409	2349	2816	3357	3417
YGL086W	VII	347119	349368	+	2250	335	757	661	785	874	1122
YGR223C	VII	940869	942215	-	1347	194	298	352	351	389	354
tS(AGA)G	VII	561662	561743	-	82	1	0	0	1	0	0
YGR077C	VII	637744	639513	-	1770	270	515	491	577	702	771
YGL052W	VII	403437	403742	+	306	12	12	11	9	12	12
YGR285C	VII	1061852	1063153	-	1302	4104	8128	8434	7516	7689	6557
YGL080W	VII	358636	359028	+	393	172	322	348	367	403	531
YGL207W	VII	98969	102076	+	3108	1045	2158	2107	2335	2882	3209
YGR261C	VII	1014321	1016750	-	2430	457	903	1030	1019	1102	1291
YGR226C	VII	946792	947001	-	210	0	0	0	0	0	0
YGL140C	VII	241353	245012	-	3660	549	1053	982	1072	1127	1262
YGL078C	VII	360288	361859	-	1572	2063	3933	4164	3904	3328	4191
YGL199C	VII	123572	124042	-	471	4	7	3	7	6	3
YGR164W	VII	828625	828960	+	336	2	7	13	9	10	7
YGR150C	VII	790459	793053	-	2595	365	691	708	813	953	1212
YGL006W-A	VII	485423	485533	+	111	0	1	0	2	0	1
YGR196C	VII	889733	892186	-	2454	217	331	413	461	447	466
YGL197W	VII	124698	129161	+	4464	421	830	787	868	870	781
YGR136W	VII	762428	763153	+	726	528	903	983	1084	1196	1169
YGR153W	VII	796092	796745	+	654	62	89	89	126	149	181
YGL159W	VII	202721	203833	+	1113	210	389	472	413	438	585
YGR286C	VII	1063813	1064940	-	1128	309	501	551	521	672	517
YGL254W	VII	22304	23203	+	900	126	186	229	238	287	303
tH(GUG)G1	VII	110625	110696	-	72	0	1	1	0	0	1
YGR023W	VII	529264	530919	+	1656	370	497	515	426	386	198
snR48	VII	609584	609696	+	113	4	6	11	9	5	13
YGL063W	VII	383654	384766	+	1113	81	138	160	145	215	97
YGL154C	VII	215278	216096	-	819	67	143	135	144	138	151
YGL035C	VII	431548	433062	-	1515	276	511	535	427	775	729
YGR009C	VII	509047	511002	-	1956	394	640	780	782	911	865
YGR034W	VII;VII	555812;556308	555830;556672	+;+	384	7456	13670	15479	12535	11386	11153
YGL064C	VII	381523	383208	-	1686	143	290	270	356	415	490
YGR118W	VII;VII	726974;727358	727038;727730	+;+	438	6787	12151	13681	11261	10361	9383
YGR277C	VII	1045644	1046561	-	918	251	484	537	638	715	557
YGR232W	VII	953960	954646	+	687	206	334	326	370	442	416
YGR227W	VII	947420	948997	+	1578	317	582	649	683	806	937
YGL142C	VII	236269	238119	-	1851	377	692	717	721	737	857
YGL143C	VII	234717	235958	-	1242	191	356	384	433	480	402
YGR222W	VII	939923	940804	+	882	138	263	251	262	335	410
YGL045W	VII	414102	415730	+	1629	301	429	471	384	389	262
YGL253W	VII	23935	25395	+	1461	5997	10700	11734	11456	13161	11611
YGR257C	VII	1006205	1007305	-	1101	310	555	595	654	855	768
YGL131C	VII	261648	265859	-	4212	219	420	454	518	616	634
YGR064W	VII	617621	617989	+	369	9	20	29	19	19	10
YGR263C	VII	1017967	1019241	-	1275	116	199	228	233	304	280
YGL049C	VII	406860	409604	-	2745	693	1288	1318	1374	1547	1455
YGR296C-B	VII	1089746	1090228	-	483	0	0	0	0	0	0
YGL202W	VII	116059	117561	+	1503	1855	3654	3656	3597	3864	3701
YGL258W-A	VII	9162	9395	+	234	5	7	4	4	5	6
YGR133W	VII	756896	757447	+	552	54	129	124	145	150	130
YGR109C	VII	705359	706501	-	1143	13	33	26	41	54	137
YGR037C	VII	559731	559994	-	264	908	1436	1514	1759	1830	1873
YGL077C	VII	362225	363916	-	1692	1154	2451	2339	2097	2061	2199
YGR111W	VII	715828	717030	+	1203	383	647	706	722	698	780
YGR016W	VII	522261	522833	+	573	30	78	109	94	95	100
YGR245C	VII	979765	982068	-	2304	1479	3003	3193	2868	2556	2831
YGR287C	VII	1067222	1068991	-	1770	43	68	79	75	110	77
YGL244W	VII	41498	43174	+	1677	833	1501	1681	1663	1938	1848
YGL057C	VII	394966	395829	-	864	85	179	178	177	216	228
YGL187C	VII	149704	150171	-	468	694	1198	1426	1152	1870	1713
YGR180C	VII	855264	856301	-	1038	2283	4098	4815	4132	4601	3981
YGR116W	VII	720409	724764	+	4356	1459	2839	2747	3013	3283	3706
YGL181W	VII	157906	159096	+	1191	365	591	712	727	889	721
YGR202C	VII	903474	904748	-	1275	493	923	998	906	1053	852
YGL127C	VII	270392	270775	-	384	126	223	191	227	312	242
YGR203W	VII	905237	905683	+	447	64	96	109	103	142	61
YGL150C	VII	221104	225573	-	4470	781	1500	1475	1522	1758	1704
YGR134W	VII	757770	761138	+	3369	204	387	418	445	538	503
YGR095C	VII	675671	676342	-	672	542	893	1056	975	918	976
YGR214W	VII;VII	920575;921120	920664;921788	+;+	759	8129	15213	16629	14299	14177	10770
YGR269W	VII	1026636	1026962	+	327	0	5	5	4	3	8
YGR176W	VII	848720	849067	+	348	0	1	0	1	0	0
YGL263W	VII	2790	3932	+	1143	0	0	0	0	0	0
YGR057C	VII	604773	605501	-	729	144	402	401	428	418	526
YGL074C	VII	368596	368922	-	327	0	0	0	0	0	0
YGR007W	VII	506969	507940	+	972	477	811	908	915	1062	998
YGR241C	VII	974875	976581	-	1707	356	631	621	670	821	861
YGR127W	VII	746798	747736	+	939	169	245	240	231	204	219
YGL219C	VII	82878	84257	-	1380	357	637	734	716	1053	785
YGL061C	VII	388968	389711	-	744	98	253	258	319	317	402
YGR083C	VII	644860	646815	-	1956	761	1619	1765	1821	2026	2272
YGL038C	VII	425362	426804	-	1443	401	637	697	624	809	726
YGL047W	VII	411552	412160	+	609	80	143	181	217	270	234
YGR244C	VII	978036	979319	-	1284	459	723	820	1195	1740	1413
YGR289C	VII	1073963	1075813	-	1851	80	112	132	128	111	105
YGL089C	VII	344791	345153	-	363	0	2	4	0	1	2
YGL180W	VII	160065	162758	+	2694	112	150	156	216	234	212
YGR146C	VII	784223	784858	-	636	362	573	619	547	625	644
YGL149W	VII	225572	225877	+	306	0	0	5	0	3	1
YGL242C	VII	44652	45197	-	546	212	437	458	578	712	630
YGR106C	VII	698989	699786	-	798	1715	3275	3693	3361	3601	4077
YGR004W	VII	502938	504326	+	1389	126	249	297	286	309	317
YGR209C	VII	912913	913227	-	315	586	1005	1091	1394	1469	1194
YGR052W	VII	593596	594705	+	1110	66	147	153	64	58	38
YGR158C	VII	805269	806021	-	753	463	921	961	983	952	852
YGR003W	VII	500132	502366	+	2235	228	472	463	485	584	708
YGR219W	VII	936035	936376	+	342	2	1	0	1	0	0
YGL247W	VII	36933	37526	+	594	110	192	203	198	189	225
YGR170W	VII	837142	840558	+	3417	320	634	691	798	876	931
YGR246C	VII	982482	984272	-	1791	281	493	535	518	579	513
YGL183C	VII;VII	156543;157283	157199;157285	-;-	660	15	16	19	21	18	17
YGR160W	VII	807073	807684	+	612	7	7	5	5	4	1
YGR204C-A	VII	909061	909174	-	114	1	1	2	3	4	3
YGR039W	VII	574888	575199	+	312	18	38	38	31	33	46
YGL059W	VII	392223	393698	+	1476	183	283	359	310	284	254
YGL123W	VII	277617	278381	+	765	23183	43994	47376	38744	38171	32827
YGL099W	VII	314631	316553	+	1923	753	1563	1619	1531	1421	1849
YGR102C	VII	694584	695135	-	552	116	219	219	240	243	266
YGL233W	VII	59122	61854	+	2733	345	628	702	729	830	950
YGL072C	VII	371003	371362	-	360	15	33	33	32	36	18
YGL056C	VII	396035	397618	-	1584	473	957	922	1029	1464	1384
YGR104C	VII	697445	698368	-	924	143	302	288	305	381	398
YGR240C	VII	970771	973734	-	2964	8163	15110	15494	13932	13995	12138
YGR243W	VII	977336	977776	+	441	14	21	33	17	30	26
YGR275W	VII	1043276	1043749	+	474	221	431	503	497	585	514
YGL088W	VII	345836	346201	+	366	1	0	0	0	1	1
YGR020C	VII	526973	527329	-	357	1217	2532	2585	2503	2613	2736
YGR100W	VII	690245	693097	+	2853	425	714	751	848	990	897
YGR231C	VII	952548	953480	-	933	485	885	879	1144	1326	1207
YGR215W	VII	922175	922507	+	333	201	329	397	452	518	494
YGR018C	VII	524365	524694	-	330	5	5	5	8	3	4
YGL152C	VII	216692	217369	-	678	2	1	6	7	1	0
YGL212W	VII	91432	92382	+	951	71	149	144	173	164	137
YGL066W	VII	377609	379582	+	1974	269	454	464	511	607	506
YGL060W	VII	390065	391990	+	1926	230	417	438	484	496	569
YGL185C	VII	153167	154306	-	1140	140	226	230	268	307	288
YGR145W	VII	781767	783890	+	2124	1149	2518	2606	2316	1986	2389
YGL011C	VII	474489	475247	-	759	1071	1837	2168	2381	2786	2589
YGR147C	VII	786054	786920	-	867	385	682	749	752	781	663
YGR036C	VII	558149	558868	-	720	144	246	304	250	322	394
YGL122C	VII	278946	280523	-	1578	629	1120	1285	1387	1569	1421
YGL261C	VII	6290	6652	-	363	4	11	10	12	7	6
YGL041C	VII	419022	419225	-	204	4	2	5	7	3	1
YGR099W	VII	687899	689965	+	2067	135	319	277	359	457	483
YGR046W	VII	584895	586052	+	1158	331	624	607	593	631	747
YGL188C-A	VII	148824	148964	-	141	5	7	10	8	11	39
YGR216C	VII	922633	924462	-	1830	293	556	535	584	643	815
tG(UCC)G	VII	779616	779687	+	72	0	0	0	0	0	0
YGR047C	VII	586392	589469	-	3078	224	446	432	533	573	638
YGR238C	VII	966039	968687	-	2649	125	218	235	228	268	277
YGR282C	VII	1057783	1058724	-	942	5772	10269	10594	11402	11741	10511
YGL132W	VII	261580	261915	+	336	1	0	3	1	0	1
tA(AGC)G	VII	774349	774421	+	73	0	0	0	0	0	0
YGR169C	VII	834689	835903	-	1215	152	352	346	365	405	419
YGR063C	VII	617516	617824	-	309	265	449	546	496	518	369
YGR256W	VII	1004624	1006102	+	1479	31	64	70	88	101	97
YGL036W	VII	428601	431330	+	2730	413	756	789	833	894	1055
YGR192C	VII	882812	883810	-	999	55692	93109	95649	96255	107079	75843
YGL191W	VII	144808	145197	+	390	698	1139	1315	1170	1512	1566
YGR051C	VII	592906	593229	-	324	0	1	0	0	0	0
YGR013W	VII	514554	516416	+	1863	347	562	554	615	677	579
YGR123C	VII	736662	738203	-	1542	721	1410	1411	1384	1140	1428
YGL209W	VII	95858	97006	+	1149	208	289	296	216	353	346
YGL163C	VII	193707	196403	-	2697	233	486	456	470	581	557
YGR296C-A	VII	1088870	1089445	-	576	0	0	0	0	0	0
YGL178W	VII;VII	167352;167995	167354;170571	+;+	2580	507	870	864	1000	1056	1177
YGL092W	VII	337906	341859	+	3954	802	1672	1719	1803	2229	2510
YGR132C	VII	755589	756452	-	864	819	1442	1501	1606	1781	1474
YGL208W	VII	97338	98585	+	1248	94	162	185	249	220	141
tL(GAG)G	VII	700675	700756	+	82	0	0	0	0	0	0
YGR059W	VII	607563	609101	+	1539	12	14	14	20	9	9
YGR114C	VII	720265	720654	-	390	0	0	0	0	0	0
YGR128C	VII	747950	750091	-	2142	1044	2401	2358	2354	2243	3054
YGL246C	VII	37617	38780	-	1164	436	845	880	862	802	1009
YGL190C	VII	145809	147389	-	1581	469	794	857	847	978	1256
YGR033C	VII	554248	554967	-	720	381	726	812	850	999	963
YGL112C	VII	298178	299728	-	1551	522	971	1015	1032	1157	1314
YGL001C	VII	495453	496502	-	1050	843	1482	1670	1604	1677	1479
YGR168C	VII	833352	834482	-	1131	157	334	335	354	351	446
YGL093W	VII	334886	337639	+	2754	230	385	369	433	571	550
YGR120C	VII	730033	730821	-	789	226	396	467	479	538	607
YGR027C	VII	534132	534458	-	327	7808	13779	15840	12453	12227	12885
YGL259W	VII	8470	8967	+	498	3	7	6	3	2	1
YGR294W	VII	1080306	1080668	+	363	1	6	3	4	2	1
YGR124W	VII	739944	741662	+	1719	3046	5713	5910	6132	6805	5678
YGL103W	VII;VII	310967;311527	311015;311927	+;+	450	11538	20227	22748	18414	16391	16241
YGL062W	VII	385196	388732	+	3537	327	579	564	999	1735	1525
YGR049W	VII	591314	591877	+	564	258	524	603	610	759	665
snR39	VII	365163	365251	-	89	14	33	38	30	33	62
YGR076C	VII	637104	637577	-	474	152	278	303	401	431	500
YGL161C	VII	199210	200142	-	933	474	830	915	942	1110	837
YGR062C	VII	616328	617278	-	951	133	218	229	253	308	254
tV(AAC)G1	VII	412294	412367	-	74	1	0	0	0	0	0
YGL237C	VII	52731	53528	-	798	101	187	187	202	263	197
YGR024C	VII	531883	532596	-	714	381	714	753	717	731	894
YGR184C	VII	859901	865753	-	5853	485	1031	1024	1251	1417	1476
YGR292W	VII	1076599	1078353	+	1755	5	5	9	15	13	6
YGR151C	VII	794655	794990	-	336	0	0	2	1	0	0
YGL034C	VII	433214	433579	-	366	0	2	0	1	1	1
YGL067W	VII	376101	377255	+	1155	404	735	750	760	805	836
YGR072W	VII	634304	635467	+	1164	432	734	775	776	806	923
YGL229C	VII	64503	66959	-	2457	86	168	165	164	200	223
YGR055W	VII	599417	601141	+	1725	817	1750	1655	1770	2718	3119
YGL044C	VII	416146	417036	-	891	235	421	472	463	478	476
YGL054C	VII	400871	401287	-	417	764	1443	1517	1540	1659	2280
YGL119W	VII	284442	285947	+	1506	257	529	507	563	693	743
YGR068W-A	VII	626294	626389	+	96	0	0	0	0	0	0
YGR206W	VII	910432	910737	+	306	54	142	204	187	161	194
YGR121W-A	VII	733412	733627	+	216	8	10	16	17	12	8
YGL130W	VII	266145	267524	+	1380	347	598	640	694	792	812
YGL042C	VII	418288	418593	-	306	0	2	0	0	1	0
YGR090W	VII	662358	666071	+	3714	1135	2507	2391	2688	3167	4229
YGR221C	VII	937124	938992	-	1869	84	147	147	170	255	260
YGR143W	VII	775193	777508	+	2316	517	886	945	858	766	684
tR(UCU)G1	VII	405470	405541	+	72	0	0	0	2	0	1
YGL218W	VII	83650	84300	+	651	1	2	0	2	2	1
YGL198W	VII	123591	124298	+	708	256	501	472	510	567	474
YGL083W	VII	353058	355472	+	2415	284	522	516	624	692	768
tC(GCA)G	VII	707108	707179	-	72	0	0	0	0	0	0
YGR071C	VII	631481	634063	-	2583	274	536	608	589	627	819
YGR259C	VII	1012481	1012921	-	441	4	11	7	2	4	8
YGR058W	VII	606136	607143	+	1008	178	312	334	358	372	394
YGL195W	VII	131525	139543	+	8019	1485	2826	2749	2613	2728	2759
YGL192W	VII	142246	144048	+	1803	1	0	0	2	2	1
YGL206C	VII	102543	107504	-	4962	864	1647	1660	1682	1931	1977
YGR060W	VII	610564	611493	+	930	3994	7624	7685	6790	7722	7777
YGL257C	VII	12481	14157	-	1677	446	857	883	892	1007	1173
YGL236C	VII	53787	55796	-	2010	101	217	228	272	437	344
YGR138C	VII	763762	765606	-	1845	1392	2823	2786	1901	1233	234
YGR015C	VII	521090	522076	-	987	110	176	218	188	209	239
YGL023C	VII	450197	452104	-	1908	358	750	681	916	1098	674
YGL144C	VII	232450	234507	-	2058	237	381	368	400	473	492
YGL071W	VII	372012	374084	+	2073	387	759	771	925	1305	1013
tK(CUU)G3	VII	876394	876466	+	73	0	0	0	0	0	0
YGR080W	VII	642010	643008	+	999	329	617	695	693	779	742
YGL116W	VII	289809	291641	+	1833	263	626	557	583	724	646
YGR035C	VII	557072	557422	-	351	116	160	150	185	127	249
YGL201C	VII	117854	120907	-	3054	453	853	843	892	1040	1087
YGR212W	VII	917040	918446	+	1407	100	179	194	198	267	279
YGR154C	VII	796798	797868	-	1071	86	146	139	136	161	203
YGL241W	VII	45445	48459	+	3015	356	713	733	789	820	988
YGL262W	VII	5312	5839	+	528	0	0	0	0	0	0
YGR247W	VII	984966	985685	+	720	167	297	343	290	290	210
YGR199W	VII	897502	899781	+	2280	318	672	685	690	908	960
YGL260W	VII	6860	7090	+	231	0	0	0	0	0	0
YGR179C	VII	853675	854895	-	1221	133	188	206	235	294	331
YGR011W	VII	512497	512823	+	327	13	27	43	31	36	54
YGL111W	VII	299978	301369	+	1392	912	1862	1874	1841	1885	2018
snR39B	VII	366374	366469	-	96	8	17	17	22	22	17
YGR073C	VII	635615	635986	-	372	18	39	37	31	45	39
YGR155W	VII	798543	800066	+	1524	4680	8704	9093	9180	10019	10852
YGL114W	VII	293460	295637	+	2178	458	829	908	859	1024	927
YGL255W	VII	20978	22108	+	1131	1303	2765	2562	929	650	592
YGR066C	VII	620921	621799	-	879	5	17	18	16	11	14
YGR233C	VII	954674	958210	-	3537	853	1642	1788	1720	1935	2303
YGR092W	VII	668189	669907	+	1719	315	568	578	676	839	865
YGL041W-A	VII	418825	419289	+	465	211	314	384	379	390	481
YGR171C	VII	840824	842551	-	1728	203	354	399	439	501	553
tW(CCA)G2	VII;VII	878710;878780	878745;878815	-;-	72	0	0	0	0	0	0
YGL171W	VII	182390	184084	+	1695	682	1583	1546	1570	1437	1671
YGL029W	VII	440063	440425	+	363	613	1081	1102	865	718	831
YGR040W	VII	575398	576504	+	1107	252	467	510	554	591	612
YGR220C	VII	936074	936883	-	810	282	606	635	655	794	764
YGR268C	VII	1026057	1026653	-	597	142	214	251	262	282	135
YGL147C	VII	227754	228329	-	576	7874	14210	15387	11757	10294	9460
tK(CUU)G1	VII	122269	122341	+	73	0	0	0	0	0	1
YGR144W	VII	780399	781379	+	981	15	24	32	19	22	20
YGR178C	VII	851047	853215	-	2169	1205	2227	2364	2432	2730	2536
YGR113W	VII	718893	719924	+	1032	178	329	287	388	401	381
YGL203C	VII	112475	114664	-	2190	504	921	930	882	1077	1024
YGL048C	VII	410069	411286	-	1218	1288	2545	2649	3069	3531	3254
YGR207C	VII	910843	911628	-	786	391	699	776	859	920	1095
YGR258C	VII	1007671	1010766	-	3096	207	407	394	488	588	578
YGL091C	VII	342056	343042	-	987	278	531	542	575	599	584
YGR093W	VII	670388	671911	+	1524	398	862	877	910	876	1069
YGR119C	VII	728046	729671	-	1626	675	1333	1426	1511	1789	1917
YGR213C	VII	918512	919465	-	954	62	130	131	237	155	120
YGR061C	VII	611889	615965	-	4077	2816	5666	5471	4814	4734	4982
YGL182C	VII	157273	157596	-	324	1	1	2	4	1	4
YGR139W	VII	765726	766064	+	339	2	2	1	1	0	1
YGR121C	VII	731449	732927	-	1479	335	483	540	658	803	431
YGL043W	VII	417483	418412	+	930	442	819	949	976	1133	1012
YGR280C	VII	1050910	1051725	-	816	1081	2064	2103	1922	1585	1637
YGL085W	VII	349616	350440	+	825	129	276	288	309	335	357
YGL031C	VII	437467	437934	-	468	8724	16385	17725	14874	13819	14752
YGR117C	VII	725049	726479	-	1431	232	437	414	482	491	550
YGR254W	VII	1000927	1002240	+	1314	6840	11640	12396	8297	7649	3849
YGR235C	VII	961360	962061	-	702	215	463	449	494	564	554
YGL124C	VII	274780	276714	-	1935	260	474	539	572	561	640
YGR236C	VII	962530	962817	-	288	3	14	15	19	13	8
YGL164C	VII	191978	193300	-	1323	286	474	550	559	565	553
YGR293C	VII	1079885	1080346	-	462	0	0	0	1	0	0
tL(CAA)G1	VII;VII	205521;205591	205558;205634	+;+	82	0	0	0	0	0	0
YGR264C	VII	1019598	1021853	-	2256	2910	6170	6319	5979	5874	6853
YGL234W	VII	56482	58890	+	2409	3552	6783	6203	5657	4951	4712
YGL109W	VII	303513	303836	+	324	0	0	0	3	1	1
YGL238W	VII	49552	52434	+	2883	960	1883	1828	2070	2352	3122
YGL041C-B	VII	418704	418886	-	183	3	4	3	8	2	5
YGR056W	VII	601661	604447	+	2787	296	471	499	533	732	800
YGR201C	VII	902520	903197	-	678	158	272	306	273	271	216
YGR239C	VII	969187	970053	-	867	132	228	231	308	429	366
YGR169C-A	VII	836387	836665	-	279	242	384	442	398	511	477
YGR185C	VII	866336	867520	-	1185	1831	3694	3943	3629	3697	4110
YGR189C	VII	876669	878192	-	1524	2708	4700	4701	6764	7894	5682
YGR022C	VII	529257	529586	-	330	0	0	0	4	1	0
YGR290W	VII	1075482	1075925	+	444	0	1	1	1	0	0
YGL205W	VII	108158	110404	+	2247	4	8	7	7	10	6
tK(CUU)G2	VII	185714	185786	-	73	0	0	0	0	0	0
YGL221C	VII	81426	82292	-	867	538	1020	1094	1270	1292	990
YGL108C	VII	303649	304071	-	423	149	265	306	313	367	342
YGL069C	VII	375050	375514	-	465	4	5	4	5	3	4
YGL135W	VII	254641	255294	+	654	2799	5000	5329	4458	4227	4520
YGR253C	VII	998358	999140	-	783	995	1926	1994	2305	2564	2443
YGL053W	VII	402589	403302	+	714	166	271	320	338	297	256
YGL101W	VII	312193	312840	+	648	288	580	608	581	674	723
YGR271C-A	VII	1037800	1038501	-	702	712	1386	1424	1260	1033	1806
YGR267C	VII	1025004	1025735	-	732	1062	1955	2217	1974	1963	1810
YGR234W	VII	959904	961103	+	1200	9316	17077	18634	15786	16068	17339
YGL251C	VII;VII	27921;31579	31426;31636	-;-	3564	177	342	354	409	411	461
YGL141W	VII	238353	241085	+	2733	241	422	464	530	598	622
YGL245W	VII	39023	41149	+	2127	2681	5203	5227	5040	5103	5303
YGL007W	VII	483260	483637	+	378	1	2	3	2	3	3
YGL005C	VII	489708	490547	-	840	245	482	514	487	530	638
YGL215W	VII	87981	89339	+	1359	1349	2618	2753	2929	3220	3487
YGR173W	VII	843854	844960	+	1107	426	823	839	901	958	995
YGL249W	VII	33098	35212	+	2115	9	26	31	30	35	36
YGR161W-C	VII	810227	810505	+	279	32	55	67	58	119	55
YGR229C	VII	949382	950899	-	1518	1436	2896	2935	2977	3484	3856
YGR070W	VII	627806	631273	+	3468	196	337	335	370	369	301
YGR135W	VII	761392	762168	+	777	1144	2354	2477	2558	2856	2723
YGL014C-A	VII	466237	466398	-	162	0	0	0	0	0	0
YGR225W	VII;VII	945145;946421	946327;947019	+;+	1782	16	25	30	24	31	30
YGL258W	VII	11110	11730	+	621	9	5	10	10	5	4
tT(UGU)G1	VII	661749	661820	+	72	0	0	0	0	0	0
YGL139W	VII	245716	248124	+	2409	473	976	961	1041	1217	1291
YGL172W	VII	180700	182118	+	1419	387	702	774	717	811	870
YGR088W	VII	654634	656322	+	1689	282	543	509	293	174	131
YGL126W	VII	270997	272139	+	1143	168	267	340	369	451	218
YGR140W	VII	767429	770299	+	2871	287	472	550	603	716	806
YGR129W	VII	750400	751047	+	648	59	168	175	222	220	253
YGL027C	VII	443642	446143	-	2502	668	1190	1234	1278	1479	1528
tL(CAA)G2	VII;VII	423092;423162	423129;423205	+;+	82	0	1	0	0	0	0
YGL231C	VII	63048	63620	-	573	470	863	979	1081	1074	1078
YGL019W	VII	458156	458992	+	837	577	991	1188	1112	1275	1023
tR(UCU)G3	VII	736340	736411	+	72	0	0	0	0	0	0
YGR017W	VII	523787	524680	+	894	643	1140	1264	1226	1267	1159
YGR107W	VII	702667	703116	+	450	4	3	2	8	3	3
YGL039W	VII	423961	425007	+	1047	318	575	568	706	611	614
tL(CAA)G3	VII;VII	857378;857454	857421;857491	-;-	82	0	0	0	0	0	0
YGL123C-A	VII	277634	277864	-	231	42	40	14	13	17	19
YGL002W	VII	494517	495167	+	651	212	372	404	433	392	465
YGR044C	VII	582990	583892	-	903	482	1000	1055	963	1154	860
YGR193C	VII	884509	885741	-	1233	520	988	1025	1030	1193	1106
YGL033W	VII;VII;VII	435625;435750;436375	435679;436312;436401	+;+;+	645	10	12	13	13	7	33
YGR165W	VII	829116	830153	+	1038	314	721	696	786	930	933
YGL030W	VII;VII	439091;439324	439093;439638	+;+	318	10242	17376	19988	15175	14206	15487
YGL128C	VII	269293	270144	-	852	83	138	138	178	236	156
YGL063C-A	VII	384502	384651	-	150	0	0	0	1	0	0
YGL007C-A	VII	482941	483027	-	87	3	8	4	10	10	4
YGL175C	VII	173285	174322	-	1038	24	56	37	62	97	76
YGL223C	VII	79112	80365	-	1254	279	504	535	569	671	677
YGR190C	VII	880296	880661	-	366	3	3	1	1	0	0
YGL004C	VII	490703	491956	-	1254	230	368	411	399	416	433
YGL148W	VII	226399	227529	+	1131	2464	4634	4887	4520	4348	3091
YGR281W	VII	1052824	1057257	+	4434	513	990	956	1155	1261	1475
tH(GUG)G2	VII	319781	319852	+	72	0	0	0	2	1	0
tF(GAA)G	VII;VII	440716;440771	440751;440807	-;-	73	0	0	0	0	1	0
YGR078C	VII	639772	640371	-	600	310	461	582	612	711	638
YGL133W	VII	257707	261501	+	3795	424	774	765	887	1123	1048
tV(AAC)G2	VII	823482	823555	+	74	0	0	0	0	0	0
YGR295C	VII	1081584	1082729	-	1146	531	1014	1058	1046	1177	1244
YGR048W	VII	589826	590911	+	1086	235	433	496	563	767	634
YGR065C	VII	618077	619858	-	1782	210	362	423	470	604	684
YGL051W	VII	403687	404391	+	705	12	14	9	13	7	3
YGL220W	VII	82374	82736	+	363	339	627	738	781	828	631
YGR019W	VII	525229	526644	+	1416	394	743	749	792	848	698
YGL010W	VII	475545	476069	+	525	31	53	59	49	64	62
YGL090W	VII	343319	344584	+	1266	148	263	326	326	346	370
YGR054W	VII	596693	598621	+	1929	1687	3360	3337	3362	3891	3812
YGR174W-A	VII	846655	846741	+	87	5	12	22	9	6	14
YGL032C	VII	436570	436833	-	264	336	622	686	455	568	576
tE(UUC)G2	VII	401527	401598	-	72	0	0	0	0	0	0
YGL179C	VII	163409	165091	-	1683	612	865	1008	757	493	297
tE(UUC)G3	VII	541850	541921	+	72	0	0	0	0	0	0
YGR002C	VII	498476	499906	-	1431	252	450	464	514	561	556
YGL134W	VII	255663	256964	+	1302	149	240	335	278	363	306
YGL235W	VII	55279	55815	+	537	1	0	1	1	2	1
YGL006W	VII	485921	489442	+	3522	1062	1903	1951	1473	1079	808
YGR028W	VII	542203	543291	+	1089	231	419	513	523	538	529
YGR283C	VII	1059015	1060040	-	1026	309	613	650	583	691	889
YGR249W	VII	988049	989419	+	1371	357	597	686	579	309	83
snR82	VII	316788	317055	+	268	10	23	23	25	27	30
snR7-L	VII	939459	939672	-	214	0	0	0	0	0	0
YGL232W	VII;VII	62075;62190	62131;63002	+;+	870	511	1053	1118	1072	1088	1371
YGL157W	VII	209006	210049	+	1044	544	961	1059	1127	1146	1075
YGL118C	VII	288014	288451	-	438	0	0	0	0	2	1
YGR012W	VII	513159	514340	+	1182	231	484	529	619	703	577
YGR242W	VII	976415	976723	+	309	0	0	0	1	0	0
YGR014W	VII	516943	520863	+	3921	682	1191	1164	1503	2236	2145
YGR038C-A	VII	566145	567467	-	1323	0	0	0	0	0	0
YGR161C-C	VII	821693	823015	-	1323	0	0	0	0	0	0
YGR027W-A	VII	536057	537379	+	1323	0	0	0	0	0	0
YGR109W-A	VII	707610	708482	+	873	0	0	0	0	0	0
YGR027W-B	VII	536057	541325	+	5269	0	0	0	0	0	0
YGR038C-B	VII	562199	567467	-	5269	1	0	0	0	0	0
YGR161C-D	VII	817747	823015	-	5269	19	49	42	40	42	48
YGR161W-A	VII	811738	813054	+	1317	0	0	0	0	0	0
YGR109W-B	VII	707610	712254	+	4645	42	73	68	75	81	78
YGR161W-B	VII	811738	817051	+	5314	0	0	0	0	0	0
YLL050C	XII;XII	39804;40401	40221;40414	-;-	432	2045	3726	4091	3922	4028	4019
YLL032C	XII	74270	76747	-	2478	209	350	356	419	541	581
YLR466W	XII	1067087	1071235	+	4149	0	0	1	2	1	0
YLR054C	XII;XII	248717;250948	250860;250978	-;-	2175	48	113	143	132	114	63
YLR437C	XII	1011622	1012023	-	402	140	244	259	294	372	217
YLR217W	XII	572909	573232	+	324	0	3	3	0	2	2
YLL056C	XII	27409	28305	-	897	28	68	82	57	56	49
YLR128W	XII;XII	398530;398627	398532;399433	+;+	810	65	148	140	175	190	129
YLR279W	XII	704309	704698	+	390	0	0	0	0	0	0
YLR075W	XII	282927	283592	+	666	20716	35909	40208	33895	32539	29789
YLR052W	XII	247201	247953	+	753	324	602	670	685	814	830
YLR159C-A	XII	485711	485842	-	132	0	0	0	0	0	0
YLR025W	XII	194452	195174	+	723	494	975	1070	1001	1263	1149
YLR049C	XII	243886	245172	-	1287	314	589	562	643	804	879
YLR308W	XII	747937	748875	+	939	1	1	0	3	2	0
YLR032W	XII	204991	208500	+	3510	219	510	523	591	671	753
ETS2-2	XII	460712	460922	-	211	0	0	0	0	0	0
YLR251W	XII	641464	642057	+	594	51	90	119	116	93	64
YLR321C	XII	776584	777864	-	1281	324	541	580	592	792	743
YLR327C	XII	783127	783387	-	261	98	128	156	137	182	61
YLR154C-H	XII	468827	468958	-	132	0	0	0	0	0	0
YLR247C	XII	628684	633354	-	4671	383	765	749	956	1047	1098
YLR167W	XII	498947	499405	+	459	27229	49580	56219	45038	41975	40025
YLR220W	XII	576825	577793	+	969	421	804	843	739	852	739
YLR455W	XII	1053629	1054543	+	915	169	296	264	365	388	504
YLR282C	XII	705071	705412	-	342	0	1	0	0	1	0
YLR094C	XII	327730	329238	-	1509	168	283	273	267	360	286
YLR272C	XII	683672	687202	-	3531	226	451	456	575	640	881
YLR264C-A	XII	673828	673944	-	117	0	0	0	1	0	2
YLR338W	XII	804346	805203	+	858	0	2	2	1	2	1
YLR181C	XII	516678	517670	-	993	240	483	505	567	606	596
YLR458W	XII	1056455	1056835	+	381	0	1	0	0	0	1
YLR180W	XII	515262	516410	+	1149	2453	4449	4705	4905	5158	3985
YLR250W	XII	640317	641021	+	705	559	1002	1155	1131	1162	1245
YLR222C-A	XII	582006	582236	-	231	22	41	29	31	35	38
YLR424W	XII	973395	975521	+	2127	137	261	245	303	349	397
YLR253W	XII	642627	644336	+	1710	340	648	618	681	796	756
YLR390W-A	XII	903724	904440	+	717	2493	3885	3573	4719	5883	3931
YLR233C	XII	607425	609524	-	2100	97	192	191	180	240	269
YLR347W-A	XII	824789	824929	+	141	1	0	0	0	0	0
YLR117C	XII	382471	384534	-	2064	331	615	581	610	693	807
YLR110C	XII	369697	370098	-	402	28250	46672	47813	52575	60755	33300
YLR072W	XII	278862	280943	+	2082	228	353	368	423	526	444
YLR069C	XII	271630	273915	-	2286	322	636	678	884	1119	1094
YLR403W	XII	925568	927619	+	2052	419	750	707	707	885	1041
YLR008C	XII	165577	166083	-	507	387	763	813	882	1044	1237
YLR231C	XII	605758	607119	-	1362	156	302	347	365	420	366
YLR264W	XII	673131	673334	+	204	1132	1934	2310	1610	1645	1661
YLR164W	XII	493883	494389	+	507	28	37	40	36	53	39
YLR079W	XII	286820	287674	+	855	514	944	1018	1055	1349	1001
YLR103C	XII	343989	345941	-	1953	121	286	260	339	406	437
YLR170C	XII	500579	501049	-	471	138	244	323	330	372	307
YLR228C	XII	600019	602463	-	2445	233	458	418	383	458	417
YLL036C	XII	66745	68256	-	1512	466	874	975	939	1042	1020
YLR467C-A	XII	1077050	1077532	-	483	0	0	0	0	0	0
YLR198C	XII	547286	547645	-	360	15	13	13	12	10	15
snR61	XII	794486	794575	-	90	8	7	8	8	17	24
YLR411W	XII	947253	947978	+	726	35	38	62	55	60	77
YLR056W	XII	253861	254958	+	1098	3766	6598	7135	6084	7663	6350
YLR429W	XII	990777	992732	+	1956	1301	2412	2598	2739	3155	2827
YLL060C	XII	21138	21839	-	702	45	97	97	139	112	110
YLR310C	XII	752224	756993	-	4770	550	1121	1142	1310	1536	1617
YLR342W	XII	809997	815627	+	5631	5739	10765	10451	10596	11070	11980
YLR017W	XII	177608	178621	+	1014	718	1443	1604	1439	1458	1286
tL(UAG)L2	XII;XII	732090;732147	732127;732190	+;+	82	0	0	0	0	0	0
YLR304C	XII	735212	737548	-	2337	2045	3700	3754	5401	7698	6457
YLL052C	XII	35912	36361	-	450	32	49	74	30	29	35
YLR027C	XII	196829	198085	-	1257	1610	2836	2994	3409	4341	2798
YLR214W	XII	568567	570627	+	2061	793	1647	1554	2130	2971	3083
ITS2-2	XII	464319	464550	-	232	0	0	0	0	0	1
YLL062C	XII	16639	17613	-	975	87	150	152	281	451	488
YLR378C	XII	875736	877178	-	1443	1652	3058	2802	3356	4186	3405
YLR023C	XII	185498	187129	-	1632	226	392	419	428	514	615
YLR425W	XII	982894	986817	+	3924	197	360	364	403	491	540
YLR073C	XII	281019	281621	-	603	124	291	256	306	429	534
YLL008W	XII	131729	133987	+	2259	1607	3174	3115	3146	2976	3335
YLL063C	XII	14648	16072	-	1425	55	89	80	94	112	105
YLR449W	XII	1030834	1032012	+	1179	2234	4358	4309	3926	3475	3411
YLL046C	XII	46714	47463	-	750	4	6	13	5	7	13
YLR089C	XII	318237	320015	-	1779	750	1546	1591	1732	2223	2032
RDN18-1	XII	455933	457732	-	1800	0	0	0	0	0	0
YLR020C	XII	181789	183405	-	1617	557	1006	1136	1119	1183	1199
YLR190W	XII	535214	536689	+	1476	795	1582	1632	1614	1907	2092
YLR045C	XII	235037	237703	-	2667	324	700	718	912	1093	990
YLR285W	XII	707360	708145	+	786	433	924	1028	835	914	1100
YLR322W	XII	777628	777942	+	315	0	2	1	0	1	1
YLR276C	XII	695046	696830	-	1785	1567	3301	3402	3224	2925	3819
YLR346C	XII	822287	822592	-	306	10	22	23	42	20	23
YLR156W	XII	472113	472457	+	345	0	0	0	0	0	0
YLR135W	XII	413281	415527	+	2247	166	279	282	284	358	421
YLR261C	XII	668237	668563	-	327	1	5	4	6	3	4
YLL066C	XII;XII	6120;9550	9450;9836	-;-	3618	2	5	3	1	4	1
YLR077W	XII	283872	285623	+	1752	211	452	481	540	723	618
YLR144C	XII	429677	432016	-	2340	252	447	525	550	648	672
YLR414C	XII	953353	954144	-	792	785	1643	1863	2116	1873	1111
YLR030W	XII	203290	204081	+	792	12	19	18	33	38	24
YLR301W	XII	730825	731559	+	735	619	1282	1346	1250	1307	1288
YLR252W	XII	641957	642262	+	306	19	47	50	40	43	28
YLR427W	XII	988428	990440	+	2013	346	633	717	828	857	830
YLR200W	XII	549012	549356	+	345	340	638	681	610	726	847
YLR150W	XII	440467	441288	+	822	10861	20076	22245	19087	19592	13492
YLL021W	XII	100947	105347	+	4401	687	1435	1397	1605	1975	1928
YLR078C	XII;XII	285736;286557	286467;286559	-;-	735	229	463	484	494	524	593
YLR153C	XII	445524	447575	-	2052	3565	6916	6965	7193	8874	6798
YLR404W	XII	928743	929600	+	858	123	241	242	266	297	281
YLR014C	XII	172268	174982	-	2715	204	406	371	420	462	547
YLL005C	XII	137940	140546	-	2607	2	9	5	6	8	2
tQ(UUG)L	XII	448650	448721	-	72	0	0	0	0	0	0
YLR262C	XII	668244	668891	-	648	111	222	255	206	244	367
YLR296W	XII	722978	723304	+	327	1	0	3	1	0	0
YLR234W	XII	609783	611753	+	1971	41	71	68	113	182	99
YLR096W	XII	332590	336033	+	3444	532	997	1001	1015	1216	1228
YLR271W	XII	682737	683561	+	825	102	213	219	204	179	162
YLR033W	XII	208761	210269	+	1509	371	715	726	819	938	1096
YLR278C	XII	699999	704024	-	4026	635	1267	1263	1235	1460	1076
YLL055W	XII	30109	31704	+	1596	111	194	211	177	170	173
YLR266C	XII	675619	677724	-	2106	194	309	333	328	345	458
YLL030C	XII	80356	80697	-	342	0	1	1	0	0	0
YLR323C	XII	778173	778952	-	780	121	257	289	273	328	307
YLR007W	XII	164392	165402	+	1011	239	371	425	440	468	482
YLR406C-A	XII	932206	932355	-	150	1	0	1	2	0	0
YLL015W	XII	116432	121111	+	4680	665	1204	1199	1199	1200	1380
YLR343W	XII	816094	817761	+	1668	20	66	74	37	41	37
YLR269C	XII	680866	681216	-	351	0	1	0	0	0	0
tN(GUU)L	XII	975983	976056	-	74	0	0	0	0	0	0
YLR210W	XII	562008	563390	+	1383	120	220	232	248	308	344
YLR058C	XII	257992	259401	-	1410	2178	4347	4026	4280	4339	4872
YLR145W	XII	432168	432773	+	606	148	272	281	283	312	357
YLR080W	XII	287916	289250	+	1335	61	83	104	123	127	108
YLR443W	XII	1022625	1023971	+	1347	286	565	589	602	649	646
YLR325C	XII	781143	781379	-	237	6967	11662	13927	11068	11506	12927
YLL006W	XII	136586	137866	+	1281	151	306	309	351	374	394
YLR074C	XII	281956	282456	-	501	725	1316	1532	1348	1207	1173
RDN5-5	XII	485697	485815	+	119	0	0	0	0	0	0
YLR311C	XII	757265	757612	-	348	3	0	0	2	3	2
YLR191W	XII	537272	538432	+	1161	151	295	320	303	368	393
YLR235C	XII	611532	611930	-	399	0	1	1	0	0	0
YLR364C-A	XII	855523	855645	-	123	0	0	0	1	0	0
ITS2-1	XII	455182	455413	-	232	0	0	0	0	0	0
YLR288C	XII	713480	714904	-	1425	113	228	264	264	307	288
YLL001W	XII	147890	150163	+	2274	258	446	434	511	707	806
YLR409C	XII	934414	937233	-	2820	1056	2269	2266	2146	2371	2937
YLR099C	XII	339744	340928	-	1185	205	391	441	625	703	505
YLR131C	XII	404510	406822	-	2313	198	404	349	424	532	518
YLR362W	XII	849866	852019	+	2154	220	401	413	453	551	522
YLR256W	XII	646415	650923	+	4509	488	820	806	780	666	614
YLR068W	XII	271008	271463	+	456	427	760	842	728	589	812
YLR101C	XII	342566	342961	-	396	7	10	16	8	9	12
YLR341W	XII	807385	808818	+	1434	2	3	6	9	5	6
YLL054C	XII	32673	35204	-	2532	168	296	313	391	392	432
YLR186W	XII	523632	524390	+	759	826	1678	1686	1526	1546	1482
YLR143W	XII	427329	429386	+	2058	344	786	778	806	915	1005
YLR368W	XII	857540	859336	+	1797	241	418	396	456	512	554
YLR393W	XII	907079	907918	+	840	70	105	108	146	154	129
YLR176C	XII	507797	510232	-	2436	92	175	178	184	199	227
YLR126C	XII	394765	395520	-	756	195	369	402	412	499	557
YLR099W-A	XII	341325	341588	+	264	87	116	162	167	179	100
YLR423C	XII	971917	973170	-	1254	89	138	145	180	209	220
YLR357W	XII	841331	844000	+	2670	403	739	701	768	999	981
YLR197W	XII	546097	547611	+	1515	4327	8506	8848	7770	6917	8888
ETS1-1	XII	457733	458432	-	700	0	0	0	0	0	0
YLR187W	XII	524865	527945	+	3081	152	282	248	299	366	344
RDN5-2	XII	468813	468931	+	119	0	0	0	0	0	0
YLL034C	XII	70633	73146	-	2514	666	1376	1341	1429	1465	1876
YLL023C	XII	97997	98836	-	840	302	558	588	520	525	504
YLR065C	XII	266373	266918	-	546	439	807	888	829	813	852
YLL031C	XII	77152	80205	-	3054	574	1044	1055	1092	1388	1594
YLR419W	XII	958428	962735	+	4308	430	852	969	1026	1151	1291
YLR149C-A	XII	440370	440456	-	87	1	0	0	0	0	0
YLR294C	XII	721701	722030	-	330	250	468	516	432	674	749
YLR405W	XII	929789	930892	+	1104	278	445	527	533	598	472
YLR157C-C	XII	482059	482190	-	132	0	0	0	0	0	0
YLR463C	XII	1066265	1066816	-	552	1	5	1	1	2	1
YLR026C	XII	195450	196472	-	1023	261	491	519	559	667	710
YLR267W	XII	678212	679924	+	1713	20	43	51	56	45	44
YLR093C	XII;XII	326513;327400	327258;327415	-;-	762	301	501	606	644	704	706
YLR085C	XII	300673	301989	-	1317	216	440	449	424	496	486
YLR246W	XII	627118	628197	+	1080	165	250	266	300	375	340
YLR433C	XII	1004347	1006008	-	1662	215	431	436	436	481	405
YLR227C	XII	590562	592043	-	1482	102	199	230	239	221	310
YLR012C	XII	169982	170281	-	300	0	0	1	2	0	0
YLR111W	XII	370391	370723	+	333	3	4	4	3	2	3
YLR152C	XII	442958	444688	-	1731	243	432	411	363	400	271
YLR370C	XII	861718	862254	-	537	514	943	1002	1071	1274	1027
YLL026W	XII	88623	91349	+	2727	6596	9653	10489	8967	8243	4656
YLR289W	XII	715089	717026	+	1938	108	168	181	228	299	307
YLL066W-B	XII	5605	5775	+	171	0	0	0	0	0	0
YLR114C	XII	374944	377238	-	2295	509	863	962	1046	1233	1292
YLR213C	XII	566654	567922	-	1269	56	126	115	97	141	97
YLR146C	XII	432823	433725	-	903	285	579	627	567	516	600
YLR445W	XII;XII	1024189;1024655	1024572;1024837	+;+	567	0	0	1	0	3	2
RDN18-2	XII	465070	466869	-	1800	0	0	0	0	0	0
YLR169W	XII	500335	500688	+	354	0	0	1	0	0	1
YLR202C	XII;XII	550194;550575	550458;550636	-;-	327	10	19	21	17	22	32
YLL053C	XII	35503	35961	-	459	50	106	124	83	68	49
YLR333C	XII	795573	795899	-	327	2965	6350	6696	5501	5159	5479
YLR082C	XII	292394	293572	-	1179	138	238	244	265	281	313
YLR193C	XII	540009	540536	-	528	121	217	234	257	334	285
YLL043W	XII	49938	51947	+	2010	579	1062	1144	1176	1506	1301
YLR337C	XII	802653	805106	-	2454	341	548	573	675	881	505
YLL066W-A	XII	6486	6968	+	483	0	0	0	0	0	0
YLR039C	XII	225426	228596	-	3171	311	597	551	698	779	881
YLR457C	XII	1055812	1056771	-	960	95	159	188	191	208	247
YLR377C	XII	873746	874792	-	1047	4	3	10	7	7	3
YLR104W	XII	346585	346980	+	396	144	273	305	346	371	408
YLR319C	XII	769318	771684	-	2367	254	496	552	614	717	715
YLR184W	XII	522106	522453	+	348	0	0	0	0	0	0
YLR317W	XII	765655	766089	+	435	37	49	48	58	75	51
YLL003W	XII	143201	146041	+	2841	236	485	463	515	584	663
YLR004C	XII	157934	159505	-	1572	27	39	31	34	42	43
YLR407W	XII	932967	933653	+	687	231	454	463	436	569	659
YLR336C	XII	799697	802396	-	2700	588	1184	1253	1322	1389	1810
YLR430W	XII	993434	1000129	+	6696	790	1538	1505	1617	1632	1777
YLR436C	XII	1007421	1011245	-	3825	327	655	603	689	746	819
YLR347C	XII	823828	826413	-	2586	738	1392	1374	1492	1900	1924
YLR324W	XII	779215	780786	+	1572	199	336	366	430	574	405
tV(AAC)L	XII	687859	687932	-	74	0	0	1	1	0	3
YLR460C	XII	1059757	1060887	-	1131	53	83	109	99	144	126
YLR113W	XII	371620	372927	+	1308	1512	2967	3019	2998	3191	3025
YLR046C	XII	238001	238813	-	813	81	141	138	134	185	193
YLR125W	XII	393484	393894	+	411	29	64	39	59	73	68
YLR196W	XII	543968	545698	+	1731	1801	3650	3834	3513	3132	3473
YLR363W-A	XII	853461	853718	+	258	256	546	510	437	398	581
YLL061W	XII	17956	19707	+	1752	183	333	294	475	606	670
YLR119W	XII	385534	386175	+	642	114	179	193	190	187	220
snR57	XII	794937	795024	-	88	17	43	37	47	47	47
YLL020C	XII	105556	105861	-	306	12	29	21	18	25	26
YLR163C	XII	491866	493254	-	1389	319	620	606	741	1012	1005
YLL014W	XII	121322	121648	+	327	324	689	736	696	699	951
YLR129W	XII	399657	402488	+	2832	934	2084	2137	2183	2386	3066
tD(GUC)L2	XII	793918	793989	+	72	0	0	0	0	0	0
YLR173W	XII	502421	504247	+	1827	148	254	227	274	294	276
YLR090W	XII	320701	322080	+	1380	290	485	523	483	623	477
YLR286W-A	XII	708562	708696	+	135	1	5	6	8	3	3
snR55	XII	794697	794794	-	98	7	21	26	24	30	23
YLR259C	XII	663284	665002	-	1719	2130	3885	4234	6498	9912	7471
YLR219W	XII	574151	576337	+	2187	421	660	748	771	859	666
YLR401C	XII	922442	924448	-	2007	708	1533	1550	1443	1572	1465
YLL058W	XII	23569	25296	+	1728	207	299	337	318	348	302
YLR177W	XII	511054	512940	+	1887	228	407	456	360	302	223
YLR415C	XII	954259	954597	-	339	0	3	3	6	5	1
YLR467W	XII	1072508	1077898	+	5391	0	0	0	0	0	0
YLR302C	XII	732191	732553	-	363	0	1	0	1	1	2
YLR185W	XII;XII	522663;523029	522669;523288	+;+	267	3782	7660	8416	6844	6075	6394
YLR060W	XII	260979	262766	+	1788	2944	5880	6160	5792	6044	5582
YLR313C	XII	760750	762342	-	1593	70	126	151	172	244	292
YLR303W	XII	732542	733876	+	1335	2294	4721	4707	7196	8720	9401
YLR154W-B	XII	454392	454556	+	165	0	0	0	0	0	0
YLL029W	XII	81461	83710	+	2250	606	1034	1062	1222	1445	1196
YLL047W	XII	46672	47055	+	384	1	0	1	2	0	2
YLR285C-A	XII	708168	708338	-	171	177	427	384	293	324	380
YLR001C	XII	151389	153977	-	2589	155	305	298	337	378	435
snR79	XII	348427	348510	-	84	4	3	7	5	4	5
YLR465C	XII	1067045	1067353	-	309	0	1	0	1	2	1
YLR015W	XII	175227	176744	+	1518	177	469	461	516	522	563
YLR432W	XII	1002557	1004128	+	1572	2025	4001	4062	3255	3296	3684
YLR081W	XII	290212	291936	+	1725	7	5	8	8	6	7
YLR166C	XII	495429	498044	-	2616	414	875	890	904	977	1253
YLR383W	XII	885288	888632	+	3345	165	373	356	398	481	526
YLR035C	XII	212369	214456	-	2088	119	230	248	310	340	327
YLR044C	XII	232390	234081	-	1692	66861	116451	127046	123489	130093	97286
YLR293C	XII	720771	721430	-	660	3550	6925	7345	7015	7062	7777
YLR399W-A	XII	920869	920973	+	105	0	0	0	0	0	0
YLR192C	XII	538792	539589	-	798	1356	2684	2752	2670	3094	2800
YLR300W	XII	728955	730301	+	1347	4966	9725	9591	10178	12770	12379
YLR098C	XII	337527	339473	-	1947	280	408	407	496	512	413
YLR448W	XII;XII	1028854;1029253	1028868;1029768	+;+	531	4301	7885	8322	7547	7472	6719
YLR381W	XII	879723	881924	+	2202	179	292	292	356	456	446
YLR280C	XII	704483	704833	-	351	0	0	0	0	0	0
snR44	XII	856710	856920	+	211	165	285	307	220	196	290
YLR367W	XII;XII	856442;857058	856574;857317	+;+	393	2188	4046	4266	3551	3523	3595
YLR309C	XII	749034	751769	-	2736	517	948	969	1112	1242	1476
YLR299W	XII	726069	728051	+	1983	362	601	639	750	845	552
YLR224W	XII	586464	587573	+	1110	383	742	768	755	951	974
YLR029C	XII	201976	202590	-	615	15216	28747	32583	27058	26080	26975
YLR373C	XII	868662	871367	-	2706	327	585	594	665	784	795
YLR092W	XII	323544	326225	+	2682	38	82	71	105	146	247
YLL018C-A	XII	108676	108972	-	297	87	141	171	154	185	118
RDN25-2	XII	460923	464318	-	3396	0	0	0	0	0	0
YLR066W	XII	267169	267723	+	555	497	835	1025	907	970	1168
RDN58-1	XII	455414	455571	-	158	0	0	0	0	0	0
YLR146W-A	XII	433870	434058	+	189	68	120	128	122	130	165
YLR175W	XII	506134	507585	+	1452	4121	8548	8673	7693	7084	7319
YLR402W	XII	924889	925080	+	192	7	29	23	18	36	30
YLR158C	XII	482549	483637	-	1089	0	0	0	0	0	0
YLL051C	XII	37333	39471	-	2139	386	613	678	744	944	880
YLR314C	XII	762575	764137	-	1563	1067	2174	2283	2367	2843	3072
YLR438C-A	XII	1013909	1014178	-	270	395	766	855	820	929	661
YLR209C	XII	560797	561732	-	936	293	546	565	620	667	604
YLR019W	XII	180288	181481	+	1194	356	591	647	665	828	715
YLR123C	XII	391078	391407	-	330	1	6	13	6	5	6
YLR353W	XII	834352	836163	+	1812	181	344	364	390	537	484
YLR361C	XII	847388	849124	-	1737	203	368	364	371	413	391
YLL033W	XII	73409	74101	+	693	54	103	118	114	133	145
YLR389C	XII	899577	902660	-	3084	732	1258	1284	1404	1423	1428
YLR438W	XII	1012501	1013775	+	1275	33	76	72	204	389	151
YLR290C	XII	717145	717978	-	834	99	191	235	244	263	275
YLR270W	XII	681186	682238	+	1053	276	505	562	488	501	460
YLR194C	XII	540809	541573	-	765	3546	5603	6085	6637	6189	2441
YLR006C	XII	161755	163893	-	2139	699	1184	1330	1258	1179	796
YLR223C	XII	582233	585490	-	3258	550	1093	1068	1174	1680	1909
YLR195C	XII	541937	543304	-	1368	450	942	983	1046	1136	1198
YLL016W	XII	112847	115993	+	3147	130	238	218	271	271	298
YLL067W-A	XII	843	1325	+	483	0	0	0	0	0	0
YLR398C	XII	915156	919019	-	3864	452	887	892	1024	1313	1262
YLR418C	XII	956914	958095	-	1182	400	652	732	748	821	926
YLR010C	XII	167320	167802	-	483	31	43	49	69	53	67
YLR307W	XII	745620	746525	+	906	7	20	25	16	20	30
YLR356W	XII	840321	840914	+	594	76	174	180	180	272	208
YLR431C	XII	1000342	1001703	-	1362	149	265	281	261	273	341
YLR109W	XII	368781	369311	+	531	2041	3773	4186	7805	11810	8682
tI(UAU)L	XII;XII	605300;605396	605335;605432	-;-	73	0	0	0	0	0	0
YLR364W	XII	854062	854391	+	330	56	98	101	116	153	196
YLR106C	XII	349006	363738	-	14733	2342	4513	4372	4088	3338	3373
YLR083C	XII	294091	296094	-	2004	1366	2803	2841	2553	2577	3081
YLR274W	XII	691555	693882	+	2328	385	800	783	791	912	1014
YLR413W	XII	951156	953183	+	2028	2180	4340	3914	3403	4197	5288
YLR412C-A	XII	950267	950473	-	207	1	1	0	1	1	1
YLR340W	XII	805887	806825	+	939	14422	28038	28865	25843	26075	23550
YLR055C	XII	251272	253080	-	1809	169	345	356	357	530	329
YLR254C	XII	644404	644973	-	570	136	241	244	212	224	210
YLL017W	XII	112234	112545	+	312	4	4	3	1	4	1
YLR121C	XII	388744	390270	-	1527	710	1345	1421	1789	1537	573
tA(AGC)L	XII	656934	657006	-	73	0	0	0	0	0	0
YLL042C	XII	52087	52590	-	504	26	57	48	58	62	69
YLR157W-D	XII	475764	475976	+	213	0	0	0	0	0	0
YLR211C	XII;XII	563792;564514	564454;564531	-;-	681	50	120	93	128	172	221
YLR400W	XII	922063	922536	+	474	0	1	1	2	0	2
YLR105C	XII	347047	348180	-	1134	263	490	514	516	532	562
YLR142W	XII	425186	426616	+	1431	295	509	544	710	886	490
YLR376C	XII	872826	873554	-	729	57	90	107	103	80	124
YLR318W	XII	766542	769196	+	2655	86	178	200	200	230	297
YLR239C	XII	616332	617318	-	987	230	426	487	476	543	559
YLR262C-A	XII	669468	669662	-	195	889	1660	1872	1469	1353	1492
tE(UUC)L	XII	797178	797249	+	72	0	0	0	0	1	0
YLL037W	XII	66562	66942	+	381	1	2	3	3	5	4
YLR452C	XII	1039270	1041366	-	2097	658	1481	1447	1108	1394	1701
YLR372W	XII	867354	868391	+	1038	3252	6459	6570	5956	5981	7026
YLR154W-C	XII	454696	455070	+	375	0	0	0	0	0	0
ETS2-1	XII	451575	451785	-	211	0	0	0	0	0	0
YLR363C	XII	852495	853151	-	657	126	261	319	270	267	358
YLR207W	XII	556788	559289	+	2502	336	561	619	635	738	591
YLR312W-A	XII	759480	760241	+	762	232	447	476	541	681	750
YLR188W	XII	528300	530387	+	2088	418	857	922	989	1173	1182
YLR011W	XII	169103	169678	+	576	70	134	162	181	186	146
YLR159W	XII	485345	485689	+	345	0	0	0	0	0	0
YLR328W	XII	784913	786118	+	1206	506	941	1017	992	1125	1047
YLR171W	XII	500733	501122	+	390	3	2	3	7	2	0
YLR241W	XII	620473	622821	+	2349	535	956	963	1039	1062	995
YLR245C	XII	626502	626930	-	429	35	77	73	55	99	79
YLR360W	XII	846103	847422	+	1320	163	294	352	389	415	495
snR30	XII	198784	199389	+	606	76	108	147	118	108	48
YLR205C	XII	552724	553677	-	954	243	393	415	484	691	308
RDN25-1	XII	451786	455181	-	3396	0	0	0	0	0	0
YLR161W	XII	488997	489341	+	345	0	0	0	0	0	0
YLR287C	XII	710991	712058	-	1068	492	1026	1006	1047	1192	1575
YLR366W	XII	855538	855843	+	306	0	0	0	1	3	2
YLR410W	XII	937541	940981	+	3441	1075	2130	2122	2249	2565	2695
YLR230W	XII	604574	604879	+	306	1	3	3	4	0	2
YLR097C	XII	336231	337265	-	1035	216	454	484	459	461	446
YLR397C	XII	912550	914892	-	2343	485	994	1014	1125	1146	1073
YLR120C	XII	386511	388220	-	1710	1626	2503	2688	2762	2870	1653
YLR335W	XII	797430	799592	+	2163	979	2145	2078	2307	2660	2629
YLR399C	XII	919536	921596	-	2061	698	1381	1345	1391	1820	1542
YLL044W	XII	48216	48662	+	447	7	10	1	2	0	1
YLR453C	XII	1041799	1042986	-	1188	58	115	133	148	139	148
YLL057C	XII	25756	26994	-	1239	30	52	64	66	54	53
YLR388W	XII	898651	898821	+	171	3096	5351	6756	5361	5512	5840
YLR249W	XII	636780	639914	+	3135	36580	69026	69893	63781	60140	60000
YLR151C	XII	441715	442737	-	1023	34	62	88	105	134	134
YLR260W	XII	665844	667907	+	2064	280	468	499	623	755	618
YLL010C	XII	129330	130613	-	1284	161	285	321	318	398	348
YLR133W	XII	408445	410193	+	1749	247	426	475	479	470	384
YLR329W	XII;XII	786442;786713	786615;787333	+;+	795	11	29	14	31	19	25
snR6	XII	366235	366346	+	112	0	0	0	2	1	2
YLL011W	XII	127523	128992	+	1470	507	967	1062	1033	1276	1777
YLR384C	XII	888851	892900	-	4050	1084	2201	2186	2077	2072	2299
YLR203C	XII	550650	551960	-	1311	402	699	761	897	1073	1013
YLR156C-A	XII	472479	472610	-	132	0	0	0	0	0	0
YLR394W	XII	907950	909398	+	1449	139	261	252	306	360	352
YLR021W	XII	183623	184162	+	540	171	362	384	366	429	376
YLR331C	XII	790669	791046	-	378	0	0	2	0	1	0
YLR450W	XII	1032627	1035764	+	3138	444	807	778	768	718	754
YLR140W	XII	423474	423800	+	327	1	0	0	0	1	1
YLR157W-E	XII	481873	482037	+	165	0	0	0	0	0	0
YLR390W	XII	903066	903404	+	339	79	122	153	156	189	120
YLR291C	XII	718317	719462	-	1146	705	1338	1437	1340	1494	1612
RDN5-4	XII	482045	482163	+	119	0	0	0	0	0	0
YLR408C	XII	933885	934253	-	369	24	57	48	43	49	57
YLR240W	XII	617533	620160	+	2628	216	405	444	471	537	511
YLR018C	XII	178707	179606	-	900	213	426	504	523	653	574
YLR344W	XII;XII	819312;819778	819330;820142	+;+	384	3942	7827	8700	7404	7491	6315
YLR412W	XII	948368	949192	+	825	335	639	670	645	691	845
YLR447C	XII	1026856	1027893	-	1038	2063	3962	4132	3703	3637	3774
YLR361C-A	XII	849383	849679	-	297	41	114	141	157	146	173
YLR112W	XII	370791	371210	+	420	17	38	56	35	45	41
YLR435W	XII	1006378	1006995	+	618	642	1220	1374	1174	1056	1248
YLR084C	XII	296589	300251	-	3663	305	662	634	725	1086	1571
snR34	XII	899180	899382	+	203	10	16	29	31	14	27
YLR091W	XII	322297	323178	+	882	53	132	156	130	159	118
YLR275W	XII;XII	694378;694473	694382;694800	+;+	333	128	237	262	237	248	381
YLR102C	XII	342970	343767	-	798	68	128	158	170	181	114
YLR263W	XII	670340	672823	+	2484	100	190	182	214	201	266
YLR379W	XII	876922	877296	+	375	0	0	0	0	0	0
tL(UAG)L1	XII;XII	592519;592582	592562;592619	-;-	82	0	0	0	0	0	0
YLR459W	XII	1057334	1058518	+	1185	292	608	597	643	697	888
YLR316C	XII;XII;XII	765266;766130;766250	766073;766181;766358	-;-;-	969	186	390	359	441	450	408
YLR277C	XII	697156	699495	-	2340	312	538	591	698	767	905
tP(UGG)L	XII;XII	92548;92615	92583;92650	+;+	72	0	0	0	0	0	0
YLR229C	XII	604212	604787	-	576	951	1736	1870	1676	1825	1463
YLR120W-A	XII	388672	388773	+	102	3	2	3	3	6	2
YLR048W	XII;XII	242232;242681	242321;243349	+;+	759	11346	21116	22509	19584	19291	16858
YLL059C	XII	22474	22980	-	507	6	14	14	11	21	11
YLR238W	XII	614755	616191	+	1437	198	344	349	357	379	477
YLR283W	XII	705186	706130	+	945	77	167	182	187	207	198
YLR298C	XII	724721	725416	-	696	206	413	436	461	397	454
YLR232W	XII	606830	607177	+	348	2	0	1	0	1	0
YLR086W	XII	302243	306499	+	4257	294	625	606	750	908	976
YLR053C	XII	248100	248426	-	327	1	5	8	4	5	3
YLL041C	XII	53131	53931	-	801	322	502	610	457	750	540
YLR330W	XII	787664	789679	+	2016	1397	2425	2629	2622	2878	2463
YLR244C	XII	625168	626331	-	1164	1047	2180	2274	2212	2262	2330
YLR299C-A	XII	727911	728003	-	93	0	0	0	1	1	0
YLL019W-A	XII	106908	107000	+	93	0	1	1	0	0	1
YLR258W	XII	660716	662833	+	2118	370	632	642	567	514	402
YLR174W	XII	504591	505829	+	1239	20	60	55	61	75	63
YLR444C	XII	1023686	1023988	-	303	0	0	0	0	0	1
YLR315W	XII	764808	765269	+	462	10	37	33	34	54	42
YLR374C	XII	871453	871842	-	390	2	1	1	2	4	2
YLR154W-F	XII	455883	456023	+	141	0	0	0	0	0	0
tR(ACG)L	XII	374355	374427	+	73	0	1	0	0	0	1
YLR172C	XII	501260	502162	-	903	1177	1951	2090	1887	1708	1608
YLR273C	XII	689083	691029	-	1947	44	97	109	138	166	220
tK(UUU)L	XII;XII	875376;875436	875412;875471	+;+	73	0	4	1	0	1	1
YLL012W	XII	125534	127255	+	1722	236	470	454	513	607	719
YLR022C	XII	184174	184926	-	753	442	794	929	834	912	1034
YLR382C	XII	882067	884751	-	2685	219	459	451	554	789	816
YLR041W	XII	229377	229697	+	321	17	16	29	12	27	21
YLR466C-A	XII	1070387	1070869	-	483	0	0	0	0	0	0
YLR268W	XII	680200	680844	+	645	471	948	1038	1141	1224	1209
YLR420W	XII	963785	964879	+	1095	481	1017	1114	1093	1133	1169
ITS1-1	XII	455572	455932	-	361	0	0	0	0	0	0
YLR137W	XII	417006	418109	+	1104	80	158	166	169	231	154
YLR087C	XII	306855	315731	-	8877	203	407	405	477	476	502
YLL049W	XII	40666	41205	+	540	111	220	238	243	293	362
tL(CAA)L	XII;XII	628383;628454	628420;628497	+;+	82	2	3	4	5	4	6
RDN37-1	XII;XII;XII	451786;455414;455933	455181;455571;457732	-;-;-	5354	0	0	0	0	0	0
YLR426W	XII;XII	987062;987213	987141;988113	+;+	981	116	191	221	246	293	257
YLL035W	XII	68580	70478	+	1899	308	635	627	716	784	895
YLL009C	XII	131205	131414	-	210	86	170	169	238	259	264
YLR036C	XII	221521	222132	-	612	111	260	225	244	267	326
YLR118C	XII	384725	385408	-	684	209	362	426	427	459	481
ETS1-2	XII	466870	467569	-	700	0	0	0	0	0	0
YLR406C	XII;XII	931065;931699	931349;931755	-;-	342	4309	8566	9668	7986	8298	8514
ITS1-2	XII	464709	465069	-	361	0	0	0	0	0	0
YLR136C	XII	415801	416658	-	858	80	78	103	160	211	153
YLR385C	XII	892992	893390	-	399	12	27	29	25	41	38
YLR281C	XII	704493	704960	-	468	0	1	2	3	1	3
YLR138W	XII	418437	421394	+	2958	995	1750	1775	1870	1734	1504
YLL019C	XII	105686	107899	-	2214	218	386	354	429	707	534
YLR284C	XII	706198	707040	-	843	45	100	103	84	91	100
YLR295C	XII	721999	722373	-	375	378	734	765	764	1160	1050
YLR307C-A	XII	746848	747111	-	264	2	4	1	2	5	8
YLR349W	XII	827521	828027	+	507	3	3	6	4	9	1
YLR248W	XII	634252	636084	+	1833	1039	1707	1877	1714	1732	1662
YLL006W-A	XII	136345	136521	+	177	0	0	0	0	0	0
YLR127C	XII	395758	398319	-	2562	209	421	454	454	556	585
YLR002C	XII	154343	156334	-	1992	753	1561	1544	1595	1627	1852
YLR168C	XII	499578	500270	-	693	308	581	591	654	847	813
YLR342W-A	XII	815810	815983	+	174	52	120	119	79	65	94
YLR031W	XII	204225	204785	+	561	20	34	30	28	34	45
RDN5-3	XII	472465	472583	+	119	0	0	0	0	0	0
YLR189C	XII	530797	534393	-	3597	277	596	585	669	774	824
YLR358C	XII	843487	844050	-	564	0	0	1	2	0	0
YLR134W	XII	410723	412414	+	1692	122	189	202	182	265	212
YLR051C	XII	246324	246977	-	654	534	1077	1086	1000	1063	1324
YLR466C-B	XII	1071594	1071710	-	117	0	0	0	1	0	0
YLR215C	XII	570776	571858	-	1083	183	366	410	428	453	497
YLR206W	XII	554578	556419	+	1842	608	1134	1197	1294	1596	1137
tI(AAU)L2	XII	1052071	1052144	-	74	0	0	0	0	0	0
YLR201C	XII	549511	550293	-	783	178	338	370	365	405	398
YLL018C	XII	109902	111575	-	1674	3031	5820	5689	5374	5760	4615
YLL025W	XII	94747	95121	+	375	12	13	11	24	24	11
YLR392C	XII	904749	906305	-	1557	194	306	295	300	361	365
YLR063W	XII	264157	265254	+	1098	136	249	266	282	335	484
tA(UGC)L	XII	214883	214955	-	73	0	0	0	0	0	0
YLR124W	XII	391600	391944	+	345	0	1	1	3	2	1
YLR350W	XII	828730	829380	+	651	941	1587	1801	1588	1639	863
YLR312C	XII	757637	758833	-	1197	13	22	22	20	22	20
YLR204W	XII	552270	552605	+	336	202	320	364	409	475	334
YLL007C	XII	134302	136299	-	1998	148	243	261	272	271	281
YLR141W	XII	423683	424774	+	1092	49	107	96	111	163	81
tD(GUC)L1	XII	427132	427203	+	72	0	0	0	0	0	0
YLL038C	XII	65775	66518	-	744	101	185	202	201	250	158
YLR257W	XII	658826	659791	+	966	3013	5513	6067	5935	5723	3745
YLR108C	XII	366667	368124	-	1458	32	104	121	142	264	222
YLR163W-A	XII	492812	492925	+	114	0	1	0	0	0	0
YLR416C	XII	954491	954889	-	399	0	2	1	1	1	1
YLR375W	XII	871697	872728	+	1032	641	1112	1163	1131	1252	727
YLR287C-A	XII;XII	712537;713156	712725;713158	-;-	192	5359	10034	11542	9619	10271	9398
YLR154W-E	XII	455433	455636	+	204	0	0	0	0	0	0
YLR155C	XII	469317	470405	-	1089	0	0	0	0	0	0
tS(AGA)L	XII	167944	168025	-	82	0	0	0	0	0	0
YLR003C	XII	156855	157730	-	876	685	1242	1400	1329	1212	1642
YLR221C	XII	578362	579024	-	663	950	1745	1918	1727	1592	1994
YLR355C	XII	838066	839253	-	1188	4934	10263	9597	11258	13982	12864
YLR464W	XII;XII	1066572;1067364	1067084;1067501	+;+	651	0	0	0	0	0	0
YLR446W	XII	1025214	1026515	+	1302	33	58	62	60	65	80
YLR237W	XII	612367	614163	+	1797	203	324	358	291	379	449
YLR441C	XII	1018141	1018908	-	768	13728	26126	28849	23684	22479	21817
YLR178C	XII	513162	513821	-	660	125	227	223	251	237	144
YLR028C	XII	199540	201315	-	1776	1428	2658	2663	3010	3693	3239
YLR043C	XII	231702	232013	-	312	1129	1936	2383	2171	2201	2379
YLR218C	XII	573466	573918	-	453	46	114	104	110	105	68
YLR243W	XII	624203	625021	+	819	405	758	799	841	872	987
YLR148W	XII	434641	437397	+	2757	346	675	704	773	830	992
YLR162W-A	XII	490406	490594	+	189	0	0	0	0	1	0
YLR462W	XII	1065956	1066564	+	609	1	3	0	1	0	0
RDN37-2	XII;XII;XII	460923;464551;465070	464318;464708;466869	-;-;-	5354	0	0	0	0	0	0
YLR095C	XII	329677	332115	-	2439	305	562	575	660	926	821
YLR199C	XII;XII	547853;548764	548677;548769	-;-	831	308	587	597	743	923	902
YLR154W-A	XII	452438	452623	+	186	0	0	0	0	0	0
YLR154C	XII	447982	448314	-	333	128	222	218	242	293	277
YLL064C	XII	13083	13445	-	363	0	0	0	0	0	0
YLR461W	XII	1062919	1063281	+	363	0	0	0	0	2	0
tL(UAA)L	XII	962972	963055	-	84	0	0	0	0	0	1
YLR265C	XII	674427	675455	-	1029	127	230	245	266	320	408
YLR428C	XII	990617	990961	-	345	0	2	4	2	4	1
YLR242C	XII	622918	623883	-	966	94	182	169	153	151	224
YLR351C	XII	829489	830364	-	876	527	1108	1258	1196	1216	1110
YLR306W	XII;XII	744151;744288	744153;744851	+;+	567	132	203	239	217	222	220
YLR130C	XII	402794	404062	-	1269	925	2068	2076	1483	1649	1455
YLL028W	XII	84804	86564	+	1761	496	988	970	733	879	841
YLR183C	XII	520543	522012	-	1470	306	736	688	872	1046	1095
tR(CCG)L	XII	818609	818680	+	72	0	0	0	0	0	0
YLR042C	XII	229966	230451	-	486	52	89	128	155	246	210
YLR396C	XII	910235	912310	-	2076	148	314	327	378	420	462
YLR122C	XII	390954	391331	-	378	2	1	5	6	1	3
YLR326W	XII	782174	782896	+	723	83	165	181	188	218	167
YLR024C	XII	187663	193281	-	5619	133	306	274	405	496	540
YLR442C	XII	1019315	1022251	-	2937	318	621	590	665	756	877
YLR380W	XII	878282	879508	+	1227	504	921	958	1010	1201	953
YLR061W	XII;XII	263194;263595	263205;263948	+;+	366	6013	10482	12257	9946	9955	8916
YLR386W	XII	893628	896270	+	2643	272	586	583	616	680	750
YLR387C	XII	896374	897672	-	1299	416	717	808	937	1106	1031
YLR422W	XII	965897	971695	+	5799	300	508	564	648	727	839
YLR354C	XII	836350	837357	-	1008	3223	5517	5998	6477	7510	6468
YLR434C	XII	1006025	1006408	-	384	1	1	2	0	1	4
YLL039C	XII	64062	65207	-	1146	965	1834	2101	3522	4268	3258
YLR149C	XII	437631	439823	-	2193	70	103	107	98	100	87
YLR208W	XII	559551	560444	+	894	1060	2082	2255	2081	2386	2046
RDN5-6	XII	489349	489469	+	121	0	0	0	0	0	0
YLR115W	XII	377985	380564	+	2580	300	620	604	756	879	977
YLR005W	XII	160049	161434	+	1386	352	550	639	690	705	655
YLR147C	XII	434158	434463	-	306	209	315	398	424	389	361
YLR076C	XII	283185	283607	-	423	4	6	3	0	0	1
YLR162W	XII	489573	489929	+	357	0	0	0	0	0	1
YLR451W	XII	1036093	1038753	+	2661	444	835	823	973	945	1078
YLR212C	XII	564860	566281	-	1422	238	390	391	440	569	503
YLR454W	XII	1043998	1051884	+	7887	309	542	545	625	745	800
YLR437C-A	XII	1012459	1012686	-	228	0	1	1	1	1	2
YLR064W	XII	265456	266277	+	822	460	969	971	991	1282	1391
YLR132C	XII	407283	408155	-	873	62	116	117	107	126	114
YLR182W	XII	517940	520351	+	2412	397	739	753	848	969	1130
YLR038C	XII	224921	225172	-	252	262	535	662	548	781	785
YLR107W	XII	364116	365330	+	1215	272	511	607	582	550	670
YLR139C	XII	421542	423473	-	1932	122	193	192	226	319	293
YLR305C	XII	738161	743863	-	5703	671	1391	1314	1380	1497	1464
YLR339C	XII	805784	806335	-	552	3	1	3	3	2	0
YLR062C	XII	263577	263954	-	378	8	3	2	0	0	0
YLR334C	XII	796698	797078	-	381	0	0	0	0	0	2
YLL002W	XII	146291	147601	+	1311	148	238	280	293	370	392
YLR070C	XII	274141	275211	-	1071	20	45	47	48	60	38
YLR157C	XII	472969	474057	-	1089	0	0	0	0	0	0
YLR226W	XII	589354	590541	+	1188	229	384	365	409	517	735
YLL048C	XII	41280	46265	-	4986	1270	2639	2627	2427	2570	2773
YLL024C	XII	95566	97485	-	1920	6758	12399	13086	21333	28559	22106
YLR009W	XII	166537	167136	+	600	1471	2775	2904	2661	2430	3066
YLR057W	XII	255306	257855	+	2550	316	627	593	723	835	970
YLR348C	XII	826977	827873	-	897	305	454	516	505	788	404
YLR439W	XII	1014491	1015450	+	960	187	384	329	483	633	410
YLR236C	XII	611794	612117	-	324	1	1	1	0	0	1
YLR345W	XII	820511	822040	+	1530	232	385	494	437	507	447
YLR050C	XII	245587	246072	-	486	209	361	361	446	463	457
YLR332W	XII	790676	791806	+	1131	790	1291	1303	1185	1498	966
YLR369W	XII	859552	861525	+	1974	336	586	606	718	824	827
YLL065W	XII	11726	12076	+	351	0	0	0	0	0	0
tX(XXX)L	XII;XII	784354;784410	784389;784453	+;+	80	0	0	0	0	0	0
RDN5-1	XII	459676	459796	+	121	0	2	0	1	1	2
YLR417W	XII	955010	956710	+	1701	174	317	315	325	374	348
YLR179C	XII	514108	514713	-	606	928	1854	1866	2150	2258	1539
YLR013W	XII	171339	171764	+	426	0	0	1	0	0	0
YLR116W	XII	380822	382252	+	1431	218	412	392	479	521	483
YLR371W	XII	862714	866784	+	4071	392	707	696	740	856	1008
YLR222C	XII	579318	581771	-	2454	853	1766	1735	1749	1831	2381
YLR365W	XII	855199	855531	+	333	1	5	2	0	0	2
YLR440C	XII	1015568	1017697	-	2130	242	442	479	610	639	633
YLR059C	XII	259738	260547	-	810	311	616	674	680	719	493
YLR165C	XII	494494	495258	-	765	87	209	204	194	219	174
YLR421C	XII	965090	965560	-	471	439	906	947	992	1157	1253
YLL027W	XII	87403	88155	+	753	271	569	586	706	672	522
YLR292C	XII	719789	720370	-	582	453	878	1019	989	1015	1209
YLR034C	XII	210512	211933	-	1422	388	720	689	717	901	1051
YLR016C	XII	176802	177416	-	615	152	320	340	324	382	275
YLR255C	XII	645600	645953	-	354	5	2	5	5	0	1
YLR297W	XII	724044	724433	+	390	179	360	364	301	375	213
YLR225C	XII	587695	588918	-	1224	428	824	958	812	806	830
YLR047C	XII	239347	241407	-	2061	119	215	197	259	317	346
YLL022C	XII	99044	100201	-	1158	255	482	495	572	590	474
tI(AAU)L1	XII	734802	734875	+	74	0	0	0	0	0	0
YLR395C	XII	909729	909965	-	237	460	746	994	775	1161	1274
YLL067C	XII;XII	585;4015	3915;4301	-;-	3618	1	4	9	5	7	1
YLR359W	XII	844282	845730	+	1449	3518	6984	6866	5399	4415	4906
YLR456W	XII	1055070	1055684	+	615	41	117	125	96	103	134
YLR067C	XII	267813	270710	-	2898	172	322	355	404	530	596
RDN58-2	XII	464551	464708	-	158	0	0	0	0	0	0
YLR040C	XII	228908	229582	-	675	138	301	316	275	330	300
YLL013C	XII	122075	124714	-	2640	87	158	156	203	270	221
YLR320W	XII	771940	776304	+	4365	198	392	401	414	473	557
YLL045C	XII	47859	48629	-	771	12839	24983	27405	22400	21173	18366
YLR352W	XII	831116	833539	+	2424	132	196	227	279	345	345
YLR160C	XII	486201	487289	-	1089	0	0	0	0	0	0
YLR071C	XII	275378	278626	-	3249	412	803	738	870	1049	1240
YLR286C	XII	708448	710136	-	1689	5891	11634	11857	10902	12128	11540
YLR037C	XII	222685	223059	-	375	12	27	28	37	31	22
YLL004W	XII	141073	142923	+	1851	130	278	303	375	381	559
YLR100W	XII	341810	342853	+	1044	1080	2136	2243	2560	2703	2731
YLR088W	XII	316107	317951	+	1845	340	647	694	682	784	859
YLR216C	XII	572096	573211	-	1116	1258	2144	2435	4034	5454	4706
YLL040C	XII	54211	63645	-	9435	355	705	771	852	996	879
YLR154C-G	XII	462522	462671	-	150	0	0	0	0	0	0
YLR410W-B	XII	941483	946796	+	5314	17	34	32	50	67	62
YLR410W-A	XII	941483	942799	+	1317	0	0	0	0	0	0
YLR157C-A	XII	480279	481601	-	1323	0	0	0	0	0	0
YLR256W-A	XII	651117	652439	+	1323	2	11	8	7	11	9
YLR035C-A	XII	215440	218907	-	3468	0	0	1	0	2	1
YLR227W-A	XII	593438	594760	+	1323	0	0	0	0	0	0
YLR157C-B	XII	476333	481601	-	5269	0	0	1	0	0	1
YLR227W-B	XII	593438	598706	+	5269	3	8	3	9	1	5
YPL071C	XVI	420048	420518	-	471	150	301	309	325	328	344
YPL208W	XVI	157842	159593	+	1752	229	514	534	592	693	753
YPL102C	XVI	360003	360305	-	303	1	0	0	0	1	1
YPL217C	XVI	139620	143171	-	3552	1441	2787	2959	2873	2665	2871
YPL197C	XVI	174343	174756	-	414	2	0	1	0	0	1
YPR139C	XVI	813156	814058	-	903	363	746	843	820	961	915
YPR169W	XVI	878690	880168	+	1479	1132	2142	2227	2246	2173	2231
YPL257W	XVI	63279	63860	+	582	49	89	96	78	69	81
snR41	XVI	719148	719242	-	95	29	48	50	46	45	81
YPL009C	XVI	535820	538936	-	3117	926	1767	1878	2024	2281	2458
YPL183C	XVI	199495	202536	-	3042	900	1930	1960	2144	2345	2750
YPR065W	XVI	679693	680799	+	1107	560	1138	1202	1677	2801	2050
YPR099C	XVI	729757	730113	-	357	6	16	16	11	8	11
YPR032W	XVI	634123	637224	+	3102	297	520	547	549	641	691
tM(CAU)P	XVI	338848	338919	-	72	0	0	0	0	0	0
YPR194C	XVI	924304	926937	-	2634	219	317	369	175	234	296
YPL084W	XVI	394038	396572	+	2535	577	1159	1105	1190	1287	1420
YPR101W	XVI	730492	731019	+	528	195	334	355	309	396	461
YPL179W	XVI	208157	209806	+	1650	773	1319	1354	1446	1674	2022
YPL224C	XVI	126634	128088	-	1455	269	463	493	453	515	414
tG(GCC)P2	XVI	860379	860449	+	71	0	0	0	0	0	1
snR17b	XVI;XVI	281056;281504	281373;281517	-;-	332	14	19	32	22	23	43
YPR204W	XVI	944603	947701	+	3099	7	9	15	20	23	12
YPR103W	XVI	732349	733212	+	864	1079	1942	2137	2503	2769	2274
YPR155C	XVI	835563	837413	-	1851	188	290	312	297	409	453
YPL250W-A	XVI	75702	75989	+	288	11	10	2	1	3	4
YPL244C	XVI	87014	88033	-	1020	448	774	813	879	923	961
YPR141C	XVI	815734	817923	-	2190	110	221	245	307	388	436
YPL275W	XVI	18369	19079	+	711	0	0	0	0	0	0
YPR156C	XVI	837909	839777	-	1869	1227	2256	2253	1844	1527	768
YPL240C	XVI	96496	98625	-	2130	2688	3559	4131	4630	7316	5034
YPR188C	XVI	911988	912479	-	492	210	416	446	415	466	528
YPL111W	XVI	339944	340945	+	1002	189	408	464	682	1079	931
YPR119W	XVI	771653	773128	+	1476	365	795	746	770	961	1448
YPL192C	XVI	182655	183056	-	402	2	13	8	15	14	9
YPL059W	XVI	444579	445031	+	453	306	570	645	696	837	838
YPL218W	XVI;XVI	138698;138865	138725;139409	+;+	573	1554	2733	3031	2903	3042	3205
tI(AAU)P1	XVI	819529	819602	+	74	0	0	0	0	0	1
YPL264C	XVI	43283	44344	-	1062	52	70	62	58	93	70
YPL198W	XVI;XVI;XVI	173152;173572;174073	173162;173665;174702	+;+;+	735	1404	2668	2707	2791	2991	3179
YPL006W	XVI	544631	548143	+	3513	299	625	543	581	621	691
YPR161C	XVI	864449	866422	-	1974	420	726	811	783	899	918
YPL145C	XVI	278395	279699	-	1305	1783	3678	3770	3742	4108	4092
YPL092W	XVI	373793	375169	+	1377	102	167	209	156	179	242
YPR181C	XVI	897361	899667	-	2307	2220	3830	3749	3930	4741	4192
YPR171W	XVI	883828	885558	+	1731	238	445	495	482	595	534
YPR122W	XVI	782045	785671	+	3627	467	950	972	983	1085	1136
YPL091W	XVI	375502	376953	+	1452	733	1357	1543	1423	1659	1610
YPL137C	XVI	292817	296647	-	3831	402	722	697	809	998	1086
YPL014W	XVI	527547	528692	+	1146	1122	2025	2014	1561	1008	306
YPL164C	XVI	239350	241497	-	2148	144	290	316	351	334	297
YPL163C	XVI	241918	242700	-	783	551	813	757	1341	1682	1340
YPR069C	XVI	684556	685437	-	882	1440	2737	2960	2761	2732	3006
YPL038W-A	XVI	480182	480373	+	192	3	3	9	6	12	12
YPR072W	XVI	690107	691789	+	1683	753	1526	1585	1578	1722	1973
YPR067W	XVI	682220	682777	+	558	155	296	317	330	428	414
YPL175W	XVI;XVI	218630;218747	218646;220088	+;+	1359	299	599	639	727	649	674
YPL088W	XVI	381965	382993	+	1029	456	816	820	1212	902	824
YPL125W	XVI	313388	316486	+	3099	430	833	858	888	1035	1266
YPL090C	XVI;XVI	377291;378390	377995;378395	-;-	711	4348	8376	9067	7359	6678	5876
YPR120C	XVI	773875	775182	-	1308	109	267	241	302	382	498
YPR198W	XVI	934034	935665	+	1632	434	855	854	945	1044	1203
YPR053C	XVI	665788	666243	-	456	20	26	33	37	49	20
YPR106W	XVI	740061	741392	+	1332	150	294	289	245	316	408
YPL250C	XVI	74309	74719	-	411	132	223	234	131	112	74
YPL051W	XVI	459963	460559	+	597	178	315	313	341	356	380
YPR013C	XVI	584632	585585	-	954	301	547	602	469	409	229
YPL121C	XVI	320962	321630	-	669	0	0	1	1	3	0
YPR068C	XVI	682941	684353	-	1413	109	187	205	211	256	256
YPR160W-A	XVI	861934	862014	+	81	0	0	0	0	0	0
YPR202W	XVI;XVI	943032;943199	943050;943896	+;+	717	4	7	4	9	6	18
YPL270W	XVI	30482	32803	+	2322	341	625	669	703	807	764
YPL248C	XVI	79711	82356	-	2646	23	46	39	45	53	68
YPR058W	XVI	673751	674674	+	924	334	593	575	606	571	486
YPL004C	XVI	550632	551657	-	1026	1587	2757	2997	2827	3454	2638
YPR110C	XVI	745828	746835	-	1008	1671	3303	3720	3321	3164	3759
YPL042C	XVI	473040	474707	-	1668	292	419	454	439	496	463
YPR149W	XVI	829918	830439	+	522	2345	4378	4738	3544	4225	3738
YPL172C	XVI	224353	225741	-	1389	157	253	279	315	453	471
YPR009W	XVI	576552	577358	+	807	306	545	553	509	497	596
YPL039W	XVI	479225	480175	+	951	105	172	170	210	239	239
YPR051W	XVI	664960	665490	+	531	240	425	453	507	431	411
YPR134W	XVI	798051	798857	+	807	107	172	205	195	230	219
YPR118W	XVI	767752	768987	+	1236	897	1907	1975	1881	1808	1999
YPR019W	XVI	596750	599551	+	2802	507	906	868	918	1143	1073
YPL213W	XVI	150614	151330	+	717	135	286	296	344	380	352
YPR121W	XVI	778583	780301	+	1719	117	225	212	213	253	200
YPL054W	XVI	455759	456664	+	906	10	13	19	18	35	26
YPL123C	XVI	317641	318945	-	1305	115	259	265	246	248	224
YPL144W	XVI	280480	280926	+	447	77	144	148	157	223	165
YPR036W-A	XVI	645950	646153	+	204	957	1467	1772	1224	1704	759
YPL140C	XVI	287514	289034	-	1521	242	492	528	530	566	541
snR70	XVI	718887	719050	-	164	35	55	65	52	61	75
YPL202C	XVI	168088	169338	-	1251	247	430	479	577	685	833
YPL114W	XVI	335948	336367	+	420	10	25	23	34	27	16
tI(AAU)P2	XVI	880296	880369	-	74	0	0	0	0	0	0
YPL045W	XVI	467260	469656	+	2397	288	526	575	631	701	822
YPL267W	XVI	38169	38798	+	630	82	162	183	216	278	320
YPL133C	XVI	299888	301228	-	1341	165	219	222	270	313	273
tA(AGC)P	XVI	856902	856974	+	73	0	0	0	0	0	0
YPL263C	XVI	44551	46506	-	1956	763	1484	1544	1565	1661	1592
YPL097W	XVI	364952	366430	+	1479	149	254	289	402	485	473
YPR130C	XVI	793374	793781	-	408	4	8	9	17	12	7
YPR177C	XVI	892313	892684	-	372	2	2	5	1	2	2
YPR124W	XVI	786208	787428	+	1221	1145	2301	2336	3489	4182	3635
YPR157W	XVI	841266	842669	+	1404	547	1050	1064	733	544	182
YPR004C	XVI	564007	565041	-	1035	508	1086	999	1143	1331	1228
YPR080W	XVI	700594	701970	+	1377	6087	10652	11668	9936	9630	7699
YPL162C	XVI	243206	244027	-	822	144	251	273	275	295	315
YPL200W	XVI	171484	171954	+	471	0	0	0	2	0	2
YPR057W	XVI	672471	673496	+	1026	225	369	398	403	498	470
YPR100W	XVI	729791	730213	+	423	264	548	559	614	747	811
YPR033C	XVI	637379	639019	-	1641	2034	4049	4132	3985	3702	3956
YPR174C	XVI	888043	888708	-	666	97	240	234	275	319	239
YPR151C	XVI	831055	831675	-	621	10	10	16	18	33	28
YPR180W	XVI	895961	897004	+	1044	303	521	637	626	687	737
YPL210C	XVI	154290	156212	-	1923	1226	2382	2653	2655	2850	3423
tC(GCA)P1	XVI	435893	435964	-	72	1	0	0	0	0	0
YPL155C	XVI	257216	259336	-	2121	180	334	340	390	522	459
YPL225W	XVI	126006	126446	+	441	878	1826	1980	1794	1949	2444
YPL081W	XVI;XVI	404950;405458	404956;406044	+;+	594	1057	2160	2275	3093	3625	3977
YPL266W	XVI	39121	40077	+	957	1079	2059	2106	1975	1642	1850
YPR002W	XVI	558385	559935	+	1551	28	43	71	73	96	71
YPL127C	XVI	308828	309604	-	777	381	656	685	846	1141	766
YPR108W	XVI	742454	743743	+	1290	820	1610	1779	2078	2455	2464
YPR172W	XVI	885796	886398	+	603	215	437	453	494	471	468
tF(GAA)P2	XVI;XVI	622540;622595	622575;622631	-;-	73	0	0	0	0	0	2
YPR200C	XVI	939279	939671	-	393	25	43	57	42	41	50
YPL058C	XVI	445842	450377	-	4536	1107	1953	1870	1566	1450	1324
YPL073C	XVI	418499	418984	-	486	1	3	0	2	1	2
YPR197C	XVI	933898	934461	-	564	4	5	7	3	11	7
YPR088C	XVI	711403	713028	-	1626	936	1853	1928	1899	1887	1934
YPL254W	XVI	69485	70951	+	1467	300	605	622	639	627	732
YPR010C-A	XVI;XVI	582373;582702	582558;582734	-;-	219	177	286	346	322	532	602
YPL223C	XVI	128632	129138	-	507	1	4	10	13	13	7
YPR056W	XVI	671126	672142	+	1017	234	480	535	497	546	616
YPR006C	XVI	567269	568996	-	1728	124	154	220	236	270	267
YPR129W	XVI	792687	793736	+	1050	616	1084	1180	1266	1472	1335
YPR199C	XVI	938148	939032	-	885	183	329	395	403	427	400
YPL062W	XVI	431895	432299	+	405	1	2	1	1	2	1
YPR113W	XVI	752257	752919	+	663	895	1589	1619	1580	1608	1461
YPL166W	XVI	237338	237979	+	642	63	107	112	118	114	113
YPR020W	XVI	599870	600217	+	348	354	676	724	591	859	967
YPL160W	XVI	246990	250262	+	3273	3056	6447	6258	6541	6779	6681
YPL147W	XVI	273255	275867	+	2613	129	206	240	237	255	306
YPL107W	XVI	349119	349865	+	747	160	250	300	313	379	337
YPL169C	XVI	229039	230838	-	1800	702	1427	1454	1537	1745	1807
YPR169W-A	XVI	883239	883457	+	219	0	0	0	0	0	0
YPR170W-A	XVI	883378	883563	+	186	0	0	0	0	0	0
YPR014C	XVI	587189	587518	-	330	0	1	0	1	0	1
YPR049C	XVI	661137	664673	-	3537	165	337	307	430	486	554
YPL087W	XVI	383455	384408	+	954	692	1183	1326	1128	968	704
YPR115W	XVI	754877	758128	+	3252	354	712	694	697	837	731
YPL184C	XVI	195950	197788	-	1839	462	902	923	1010	1052	1157
YPR111W	XVI	747306	749000	+	1695	120	214	244	274	339	365
YPR203W	XVI	943880	944188	+	309	0	0	0	0	0	0
YPR189W	XVI	912664	916962	+	4299	371	740	782	881	966	1091
YPR034W	XVI	639525	640958	+	1434	484	853	903	1108	1406	1155
YPL189W	XVI	189154	190983	+	1830	17	55	53	58	53	56
YPL246C	XVI	84509	85297	-	789	522	993	1042	1067	1208	1101
YPL020C	XVI	512313	514178	-	1866	425	674	796	783	904	1024
YPL255W	XVI	67725	68882	+	1158	116	197	234	252	345	319
YPL196W	XVI	175043	175864	+	822	185	324	339	360	361	267
YPR135W	XVI	799234	802017	+	2784	239	466	500	523	709	781
YPR044C	XVI	654524	654877	-	354	4	3	2	3	0	1
YPL061W	XVI	432588	434090	+	1503	1642	3255	3408	4522	9211	7608
YPL238C	XVI	100474	100863	-	390	6	3	1	1	2	2
YPL052W	XVI;XVI	458799;459007	459005;459678	+;+	879	210	366	425	480	452	527
YPR112C	XVI	749256	751919	-	2664	1072	2134	2288	2151	2125	2610
YPL186C	XVI	194512	195426	-	915	38	53	57	64	59	46
YPR148C	XVI	826833	828140	-	1308	905	1620	1823	1990	2185	2207
YPL276W	XVI	17948	18385	+	438	0	0	0	0	0	0
YPL280W	XVI	11887	12600	+	714	0	0	0	0	0	0
YPR143W	XVI	818323	819075	+	753	1094	2005	2132	1886	1536	1913
YPL261C	XVI	48996	49304	-	309	0	0	1	3	1	2
YPL034W	XVI	486712	487209	+	498	126	252	261	305	285	340
YPL116W	XVI	329606	331699	+	2094	150	334	320	358	498	565
YPL131W	XVI	303121	304014	+	894	15903	28036	30340	27058	28888	24386
YPR017C	XVI	593486	593917	-	432	87	192	224	165	172	216
YPL012W	XVI	529723	533409	+	3687	2548	5288	5238	5300	5047	6974
YPL017C	XVI	518734	520233	-	1500	12	22	27	15	19	9
YPL010W	XVI	535018	535587	+	570	881	1611	1784	1697	1814	2071
YPR173C	XVI	886524	887837	-	1314	769	1409	1508	1612	1870	1578
YPL233W	XVI	106172	106822	+	651	167	282	320	328	363	216
YPR024W	XVI	610481	612724	+	2244	530	934	997	1130	1593	1355
YPL152W-A	XVI	264602	264700	+	99	0	1	0	0	0	2
YPL187W	XVI	193648	194145	+	498	8	4	3	0	5	4
YPR191W	XVI	919381	920487	+	1107	984	1654	1737	1664	2968	2276
YPR170C	XVI	882983	883318	-	336	0	2	2	3	0	1
YPR123C	XVI	786141	786575	-	435	4	2	8	0	0	5
YPR142C	XVI	818130	818693	-	564	6	9	11	7	0	4
YPL063W	XVI	429939	431369	+	1431	933	1966	1927	2000	2382	2209
YPR007C	XVI	569336	571378	-	2043	11	22	25	22	17	33
YPR084W	XVI	706972	708342	+	1371	215	364	380	417	458	480
YPL149W	XVI	271310	272194	+	885	302	555	629	696	652	473
YPL089C	XVI	379120	381150	-	2031	691	1195	1210	1429	1520	1066
YPR166C	XVI	876282	876629	-	348	168	262	357	374	385	490
YPR167C	XVI	876847	877632	-	786	152	287	308	371	456	422
YPL231W	XVI	108652	114315	+	5664	4747	9387	8762	8191	8111	7256
YPR025C	XVI	613377	614558	-	1182	229	475	516	505	598	625
YPL098C	XVI	364386	364727	-	342	168	350	376	431	509	379
YPR147C	XVI	825645	826559	-	915	250	550	582	574	610	624
YPL129W	XVI;XVI	305298;305412	305306;306137	+;+	735	760	1397	1497	1437	1600	1510
YPR153W	XVI;XVI	833689;833828	833693;834245	+;+	423	15	57	43	71	72	65
YPR164W	XVI	870703	874926	+	4224	239	481	506	539	713	880
YPL026C	XVI	500675	502183	-	1509	274	515	473	470	796	656
YPR001W	XVI	556377	557837	+	1461	18	20	25	37	37	35
YPL282C	XVI	7933	8427	-	495	0	0	1	0	0	0
YPR178W	XVI	892332	893729	+	1398	191	331	421	442	466	421
YPR061C	XVI	675977	676882	-	906	59	75	106	77	85	79
YPL180W	XVI	205248	207647	+	2400	240	450	480	580	695	762
YPL142C	XVI	282686	283003	-	318	5	3	3	1	2	2
YPL019C	XVI	514511	517018	-	2508	4213	9201	8860	7197	6972	9658
YPL258C	XVI	53498	55153	-	1656	66	113	109	111	138	82
YPL022W	XVI	506697	509999	+	3303	462	771	876	871	1063	1066
YPL279C	XVI	13228	14355	-	1128	35	80	87	70	75	86
YPL044C	XVI	469926	470474	-	549	0	3	1	1	1	0
YPR193C	XVI	922909	923379	-	471	6	30	18	25	22	18
YPL001W	XVI	554605	555729	+	1125	226	433	451	435	486	624
YPR083W	XVI	704854	706593	+	1740	120	240	249	212	277	302
YPR195C	XVI	927965	928294	-	330	17	31	27	28	21	12
YPL057C	XVI	451909	453057	-	1149	673	1214	1243	1519	1866	1489
YPL211W	XVI	153495	154040	+	546	1006	1909	2060	1595	1254	1704
YPL041C	XVI	475118	475741	-	624	70	125	116	130	140	129
YPR003C	XVI	561504	563768	-	2265	177	296	350	306	365	273
YPL181W	XVI	203421	204941	+	1521	462	871	915	917	1051	887
YPR168W	XVI	878076	878549	+	474	53	120	137	135	149	134
YPL185W	XVI	195253	195648	+	396	5	11	2	9	7	5
YPL040C	XVI	475993	479001	-	3009	159	367	374	444	553	607
YPL070W	XVI	420948	422786	+	1839	407	683	749	715	668	659
YPR159W	XVI	857583	859745	+	2163	1079	2009	1865	2690	3277	3436
YPL002C	XVI	553627	554328	-	702	117	247	281	268	300	336
snR51	XVI	718700	718806	-	107	16	26	30	16	22	35
YPL227C	XVI	120163	121167	-	1005	377	795	770	869	931	1201
YPL067C	XVI	425251	425847	-	597	156	251	242	290	350	197
YPL236C	XVI	101608	102702	-	1095	147	223	282	252	271	243
YPL151C	XVI	266180	267535	-	1356	234	375	451	424	525	464
YPL234C	XVI	104946	105440	-	495	847	1402	1551	1353	1370	1192
YPL015C	XVI	525810	526883	-	1074	329	639	651	606	815	660
YPR035W	XVI	642208	643320	+	1113	8571	15773	17016	16014	16422	10313
YPR037C	XVI	646448	647038	-	591	233	447	448	509	498	322
YPR184W	XVI	902044	906654	+	4611	126	231	221	245	322	337
YPL135W	XVI	297553	298050	+	498	470	794	857	1180	1676	1165
YPL215W	XVI	147416	148423	+	1008	366	641	648	651	788	1021
YPL112C	XVI	337436	338620	-	1185	293	595	650	642	805	882
tK(UUU)P	XVI;XVI	769207;769266	769242;769302	-;-	73	3	6	17	3	3	6
YPR146C	XVI	825347	825676	-	330	48	84	68	78	85	87
YPR087W	XVI	711354	711674	+	321	9	15	14	14	7	18
tW(CCA)P	XVI;XVI	56169;56239	56204;56274	-;-	72	2	1	0	1	3	4
YPL154C	XVI	259714	260931	-	1218	1538	2759	2783	3422	4174	3615
YPL136W	XVI	296286	296654	+	369	1	7	5	5	5	0
YPR094W	XVI	720637	720960	+	324	141	227	235	258	269	294
YPR074C	XVI	692796	694838	-	2043	5761	10540	10726	10177	12317	10283
YPL056C	XVI	453430	453735	-	306	18	24	13	38	35	25
YPL189C-A	XVI	188307	188513	-	207	83	169	158	161	134	138
YPR082C	XVI	704225	704656	-	432	144	242	261	263	307	318
YPR133C	XVI	795978	797210	-	1233	800	1651	1748	1636	1826	1869
YPL047W	XVI	465962	466261	+	300	118	217	244	218	241	240
YPL077C	XVI	409368	410090	-	723	46	112	124	129	150	102
YPR016W-A	XVI	593096	593356	+	261	1	0	0	0	0	0
YPL272C	XVI	26611	28164	-	1554	51	69	70	58	98	109
YPR050C	XVI	664953	665366	-	414	5	5	2	1	2	0
YPR108W-A	XVI	744175	744387	+	213	1	3	0	1	2	2
YPR070W	XVI	685898	687598	+	1701	349	594	611	644	720	835
YPL176C	XVI	216012	218363	-	2352	472	767	829	806	870	815
YPL220W	XVI	135790	136443	+	654	2331	4425	4938	3740	3380	3930
YPL065W	XVI	427927	428655	+	729	124	200	224	228	287	327
YPL074W	XVI	415763	418027	+	2265	372	703	643	679	816	663
YPL032C	XVI	488887	491364	-	2478	898	1645	1611	1858	2251	2236
YPL167C	XVI	232593	237107	-	4515	171	338	343	383	364	461
tN(GUU)P	XVI	810676	810749	+	74	8	8	21	11	10	5
YPR185W	XVI	907218	909434	+	2217	205	398	409	466	623	611
YPR160C-A	XVI	862577	862861	-	285	3	3	9	8	5	8
YPL038W	XVI	480535	481068	+	534	178	244	281	276	274	300
YPR145W	XVI	822620	824338	+	1719	4949	10399	10452	10661	13264	9939
YPL165C	XVI	237956	239077	-	1122	33	73	65	45	30	35
YPL193W	XVI	181403	182548	+	1146	316	647	702	646	654	843
YPL003W	XVI	552020	553408	+	1389	91	159	168	159	190	196
YPL178W	XVI	212158	212784	+	627	561	1052	1157	1073	1079	1086
YPL013C	XVI	528985	529350	-	366	235	357	409	486	570	458
YPR012W	XVI	584309	584563	+	255	5	8	5	3	6	5
YPR042C	XVI	650435	653662	-	3228	227	404	424	444	469	448
YPL103C	XVI	358000	359406	-	1407	168	332	363	447	567	492
YPR028W	XVI;XVI	623527;623711	623577;624202	+;+	543	1726	2937	3232	2966	3055	3079
YPR039W	XVI	647012	647347	+	336	0	0	0	0	0	0
YPR089W	XVI	713275	715941	+	2667	506	904	897	1047	1203	1397
YPL075W	XVI;XVI	412254;413013	412261;415362	+;+	2358	569	1172	1150	1061	1155	1070
YPR196W	XVI	931376	932788	+	1413	70	180	136	145	175	125
YPR077C	XVI	697131	697502	-	372	0	0	0	0	0	0
YPL024W	XVI	503517	504242	+	726	66	136	170	171	225	269
YPR008W	XVI	573018	575102	+	2085	671	1117	1219	1173	1305	1290
YPR071W	XVI	688172	688807	+	636	105	231	235	202	211	255
YPL182C	XVI	203306	203689	-	384	0	2	3	1	2	2
tC(GCA)P2	XVI	775765	775836	-	72	0	0	0	0	0	0
YPR062W	XVI	677165	677641	+	477	812	1487	1616	1455	1442	1188
YPL277C	XVI	15405	16868	-	1464	10	29	40	33	43	36
YPR125W	XVI	787961	789325	+	1365	533	1102	1099	1212	1534	1556
YPR131C	XVI	793911	794498	-	588	225	389	444	468	535	548
YPL221W	XVI	133043	135424	+	2382	935	1418	1496	1518	1731	1420
YPR073C	XVI	691933	692418	-	486	343	527	667	649	742	916
YPL262W	XVI	47336	48802	+	1467	925	1708	1633	1763	2114	1735
snR45	XVI	821732	821903	+	172	3	5	8	10	3	12
YPR036W	XVI	643836	645272	+	1437	1736	3347	3544	3460	3591	2564
YPL031C	XVI;XVI	492018;493021	492918;493037	-;-	918	338	577	670	678	791	554
YPL237W	XVI	100496	101353	+	858	3103	5793	5967	5337	5039	5576
YPL053C	XVI	457118	458458	-	1341	626	1277	1310	1398	1335	1544
YPR109W	XVI	744689	745573	+	885	206	365	429	405	468	499
YPR159C-A	XVI	860314	860415	-	102	0	0	0	0	0	0
YPL122C	XVI	319226	320767	-	1542	245	479	496	528	533	672
YPL085W	XVI	387067	393654	+	6588	626	1094	1058	1249	1577	1484
YPR104C	XVI	733623	736433	-	2811	254	473	459	521	664	711
YPR186C	XVI	909733	911022	-	1290	175	316	306	347	416	561
YPR201W	XVI	939922	941136	+	1215	18	46	44	53	58	37
YPL138C	XVI	291366	292427	-	1062	117	239	325	274	331	364
YPR030W	XVI	627880	631245	+	3366	65	111	118	162	170	147
YPR190C	XVI	917077	919041	-	1965	657	1341	1391	1383	1498	1883
YPL043W	XVI	469939	471996	+	2058	1410	2666	2816	2555	2515	2922
YPL108W	XVI	348446	348952	+	507	78	152	168	140	176	193
YPL105C	XVI	352863	355412	-	2550	1055	2009	2026	2220	2632	2551
YPL168W	XVI	231217	232509	+	1293	172	258	309	330	381	335
YPR018W	XVI	594476	596296	+	1821	280	495	534	569	712	807
YPR132W	XVI;XVI	794965;795395	795029;795767	+;+	438	7695	13516	15737	12416	11483	10904
YPL222C-A	XVI	131870	132115	-	246	3	5	9	8	8	3
YPR137W	XVI	802359	804080	+	1722	822	1902	1861	1994	2278	2871
YPL219W	XVI	136750	138228	+	1479	159	210	241	221	218	177
tS(UGA)P	XVI	689565	689646	+	82	0	0	1	0	1	0
YPL029W	XVI	495506	497719	+	2214	175	379	373	476	592	661
YPL113C	XVI	335953	337143	-	1191	20	21	33	25	45	45
YPL190C	XVI	185317	187725	-	2409	750	1517	1476	1784	2136	1744
YPL241C	XVI;XVI	95372;96234	96153;96258	-;-	807	105	164	180	175	210	226
YPL281C	XVI	9557	10870	-	1314	0	1	1	2	0	1
YPL023C	XVI	504339	506312	-	1974	520	863	967	983	1274	1158
YPR043W	XVI;XVI	654166;654571	654167;654847	+;+	279	6207	9759	11255	9006	8559	7463
YPR116W	XVI	758648	759481	+	834	57	103	148	177	144	109
YPL252C	XVI	73363	73881	-	519	176	263	295	304	401	256
YPR047W	XVI	657529	658938	+	1410	155	272	301	405	451	443
YPL119C-A	XVI	324024	324287	-	264	9	22	22	25	29	47
YPL194W	XVI	179277	181115	+	1839	89	184	181	218	284	268
YPL157W	XVI	254814	255761	+	948	244	510	523	510	595	650
YPL177C	XVI	213042	213962	-	921	488	921	1022	914	1153	1119
YPR165W	XVI	875368	875997	+	630	2253	4013	4347	4338	4565	4307
YPL037C	XVI	481428	481901	-	474	3950	6918	7941	6616	6557	4803
YPR093C	XVI	719558	720424	-	867	88	181	202	213	226	154
tG(GCC)P1	XVI	572269	572339	+	71	0	0	0	0	0	1
YPR066W	XVI	681213	682112	+	900	51	78	81	95	109	91
YPL247C	XVI	82625	84196	-	1572	296	494	487	441	406	227
YPL101W	XVI	360209	361579	+	1371	451	783	794	842	848	854
YPL064C	XVI	428711	429616	-	906	275	557	628	522	609	584
YPL256C	XVI	64977	66614	-	1638	572	1152	1093	1948	2456	2696
YPL099C	XVI	363520	364068	-	549	110	197	243	231	246	278
YPR023C	XVI	608826	610031	-	1206	424	739	790	809	934	826
YPL093W	XVI	370978	372921	+	1944	2601	5707	5626	5647	5647	6708
YPL134C	XVI	298571	299503	-	933	54	123	137	130	198	187
YPL153C	XVI	261727	264192	-	2466	105	197	194	225	328	394
YPL222W	XVI	130162	132228	+	2067	63	97	106	129	160	126
YPR075C	XVI	695737	696819	-	1083	413	720	755	877	1144	871
YPL118W	XVI	326628	327662	+	1035	481	932	994	1033	1274	1496
YPL239W	XVI	99484	100086	+	603	769	1481	1570	1571	1598	1516
YPR136C	XVI	802325	802837	-	513	5	2	2	0	0	5
YPL033C	XVI	487362	488207	-	846	2	7	3	5	2	1
YPR045C	XVI	655140	656552	-	1413	220	421	470	432	425	441
YPR038W	XVI	646836	647195	+	360	0	0	0	0	0	0
YPR011C	XVI	583062	584042	-	981	168	284	327	389	394	368
YPL100W	XVI	361872	363362	+	1491	229	439	468	452	427	454
YPL076W	XVI	410443	411285	+	843	126	219	227	229	219	231
YPL027W	XVI	499665	500402	+	738	0	4	5	9	2	6
YPL271W	XVI	30079	30267	+	189	355	595	684	624	1054	1104
YPL128C	XVI	306533	308221	-	1689	213	417	384	487	628	672
YPL139C	XVI	289669	291051	-	1383	373	779	754	788	825	834
YPL005W	XVI	548486	550306	+	1821	125	146	185	210	206	214
YPL148C	XVI	272294	272815	-	522	33	55	66	95	92	89
YPL080C	XVI	406172	406498	-	327	0	0	0	0	3	0
YPL265W	XVI	41043	42869	+	1827	648	1057	1159	849	1665	1186
snR59	XVI	173827	173904	+	78	6	8	9	6	6	17
YPR052C	XVI	665693	665974	-	282	169	265	261	238	234	127
YPR145C-A	XVI	824690	824926	-	237	91	146	182	214	113	37
YPL096W	XVI	366927	368018	+	1092	210	377	424	412	471	415
YPR078C	XVI	697147	698265	-	1119	4	3	5	1	5	4
YPL104W	XVI	355700	357676	+	1977	188	348	337	410	480	504
YPR074W-A	XVI	695018	695188	+	171	0	0	1	0	0	0
YPL283W-B	XVI	643	1125	+	483	0	0	0	0	0	0
YPR162C	XVI	866715	868304	-	1590	198	406	406	477	557	574
YPL030W	XVI	493543	495246	+	1704	374	724	680	794	868	1044
YPL069C	XVI	422885	423892	-	1008	127	227	273	245	305	383
YPL188W	XVI	191406	192650	+	1245	259	453	534	501	646	671
YPL201C	XVI	169770	171155	-	1386	34	33	31	35	30	28
YPL207W	XVI	159909	162341	+	2433	1260	2543	2651	2420	2245	2428
YPR021C	XVI	600649	603357	-	2709	240	483	496	541	644	691
YPL253C	XVI	71063	73006	-	1944	76	125	164	206	314	305
YPR040W	XVI	647305	648375	+	1071	151	311	301	286	356	243
YPL143W	XVI;XVI	282122;282666	282140;282970	+;+	324	6126	11174	13221	10234	10654	8625
YPL132W	XVI	301716	302618	+	903	141	260	301	310	453	357
YPL171C	XVI	226169	227371	-	1203	18	35	30	43	50	45
YPL126W	XVI	310210	312900	+	2691	1634	3272	3477	3505	3428	4582
YPR063C	XVI;XVI	677812;678280	678193;678320	-;-	423	559	1083	1108	1079	1176	946
YPR187W	XVI;XVI	911257;911353	911276;911800	+;+	468	1748	2995	3378	2913	2720	2691
YPL007C	XVI	542082	543848	-	1767	177	314	328	384	476	484
YPL209C	XVI	156490	157593	-	1104	29	59	58	81	94	132
YPR182W	XVI	900194	900454	+	261	149	200	255	232	271	113
YPL242C	XVI	90622	95109	-	4488	461	1035	1042	1128	1330	1564
YPL205C	XVI	163922	164266	-	345	0	3	4	0	1	3
YPL278C	XVI	15053	15355	-	303	4	10	8	18	10	7
YPR086W	XVI	710101	711138	+	1038	589	1149	1126	1187	1212	1210
YPR117W	XVI	760025	767494	+	7470	431	762	806	819	762	796
YPL096C-A	XVI	366529	366735	-	207	60	104	90	97	106	119
YPR092W	XVI	718379	718684	+	306	0	1	6	1	1	4
YPL086C	XVI	384773	386446	-	1674	766	1507	1599	1548	1337	1794
YPR005C	XVI	565787	566671	-	885	80	95	145	98	143	132
YPR046W	XVI	656799	657344	+	546	71	108	131	128	148	166
tK(CUU)P	XVI	582062	582134	+	73	0	1	1	0	0	1
YPL269W	XVI	33013	34947	+	1935	97	241	226	239	314	331
YPL135C-A	XVI	297678	297851	-	174	1	0	0	0	0	0
YPR105C	XVI	736984	739569	-	2586	347	712	801	809	1025	1234
YPL158C	XVI	252034	254310	-	2277	593	1180	1050	1250	1635	1773
tE(UUC)P	XVI	210192	210263	-	72	0	0	0	1	0	0
YPL094C	XVI	369839	370663	-	825	841	1603	1682	1813	1942	2042
YPR176C	XVI	891101	892078	-	978	257	455	509	484	574	538
YPL191C	XVI	183597	184679	-	1083	67	157	127	148	208	169
YPR204C-A	XVI	946856	947338	-	483	0	0	0	0	0	0
YPR163C	XVI	868645	869955	-	1311	4112	8093	8561	7638	7178	6891
YPL229W	XVI	117067	117687	+	621	79	133	142	157	178	207
YPR160W	XVI	861306	864014	+	2709	224	450	375	167	276	294
YPL049C	XVI	462481	463839	-	1359	735	1232	1291	1263	1559	948
YPL066W	XVI	426233	427672	+	1440	419	827	827	895	1095	1053
YPL183W-A	XVI	199095	199376	+	282	140	259	289	304	371	354
YPL235W	XVI	103232	104647	+	1416	905	1838	1842	1790	1852	2220
YPL141C	XVI	283464	286061	-	2598	357	737	621	824	1054	1048
tF(GAA)P1	XVI;XVI	560198;560253	560233;560289	-;-	73	1	5	1	2	3	5
YPR144C	XVI	819765	821423	-	1659	678	1286	1387	1377	1322	1714
YPL249C-A	XVI;XVI	75699;76224	75985;76239	-;-	303	6804	11551	13112	11273	11578	10649
YPR128C	XVI	791218	792204	-	987	224	529	520	508	564	565
YPR054W	XVI	666280	667446	+	1167	2	3	7	6	15	7
YPL156C	XVI	255913	256767	-	855	182	307	374	284	282	236
YPL173W	XVI	223143	224036	+	894	286	540	516	635	685	703
YPR098C	XVI;XVI	728947;729482	729385;729528	-;-	486	122	249	220	210	274	251
YPL260W	XVI	49303	50958	+	1656	839	1499	1549	1540	1660	1881
YPL251W	XVI	73625	73927	+	303	0	0	2	0	1	0
YPL016W	XVI	521014	524958	+	3945	272	464	468	488	550	637
YPR095C	XVI	721037	724717	-	3681	308	500	514	556	651	626
YPR079W	XVI	698869	700014	+	1146	150	294	304	310	274	280
YPR010C	XVI	577585	581196	-	3612	2956	6184	6106	6149	6078	6996
YPL046C	XVI	466644	466943	-	300	40	76	99	82	125	135
YPL021W	XVI	511101	511664	+	564	1	0	0	0	0	0
YPL268W	XVI	35236	37845	+	2610	342	603	617	616	728	801
YPL283C	XVI;XVI	280;5989	5840;6007	-;-	5580	0	12	4	9	6	6
YPL206C	XVI	162632	163597	-	966	296	531	498	606	701	611
YPR055W	XVI	667676	670873	+	3198	253	501	556	584	745	828
YPR138C	XVI	810984	812453	-	1470	689	1207	1189	1023	1549	1216
YPL243W	XVI	88517	90316	+	1800	1337	2492	2550	2647	2816	3426
YPR127W	XVI	790083	791120	+	1038	278	447	552	443	507	436
YPL095C	XVI	368071	369441	-	1371	166	322	306	290	308	269
YPR027C	XVI	620425	621258	-	834	2	12	6	9	6	10
YPL232W	XVI	107275	108147	+	873	962	1663	1849	1730	1903	1619
YPL124W	XVI	316755	317516	+	762	80	107	103	138	152	179
YPR041W	XVI	648704	649921	+	1218	2270	4119	4309	4143	4487	4272
YPL083C	XVI	396702	398105	-	1404	191	370	395	444	510	574
YPL048W	XVI	464401	465648	+	1248	1405	2604	2843	2707	2959	1975
YPL120W	XVI	322071	323744	+	1674	134	252	282	365	431	437
YPL117C	XVI	327864	328730	-	867	1379	2812	3053	2903	3340	3774
YPR126C	XVI	789077	789385	-	309	1	1	0	1	0	1
YPR091C	XVI	716156	718468	-	2313	513	876	833	898	977	1132
YPR059C	XVI	674314	674700	-	387	5	11	10	13	6	8
YPL214C	XVI	148569	150191	-	1623	207	348	357	364	404	407
YPL203W	XVI	166256	167398	+	1143	280	491	551	448	543	418
YPL273W	XVI	25087	26064	+	978	1741	3377	3503	3011	3020	3639
YPR081C	XVI	702114	703970	-	1857	193	352	408	461	562	451
YPL011C	XVI	533642	534703	-	1062	215	415	457	472	565	580
YPR097W	XVI	725394	728615	+	3222	520	996	1026	997	1171	1491
YPL274W	XVI	22938	24701	+	1764	528	964	962	1019	1342	1282
YPR158W	XVI	843262	844020	+	759	519	625	834	653	801	605
YPL050C	XVI	460779	461966	-	1188	1020	2035	2099	2082	2438	2738
YPR114W	XVI	753301	754248	+	948	635	1206	1222	1196	1368	1306
YPL110C	XVI	341068	344739	-	3672	413	899	843	1002	969	977
YPL161C	XVI	244319	246220	-	1902	211	402	414	469	564	615
YPR022C	XVI	603911	607312	-	3402	434	767	820	882	1138	1147
tT(UGU)P	XVI	744284	744355	+	72	0	0	0	0	0	0
YPR175W	XVI	888974	891043	+	2070	189	305	327	328	477	575
YPL068C	XVI	424215	425096	-	882	66	134	121	127	139	219
YPL055C	XVI	453992	454990	-	999	118	203	232	278	360	262
YPL079W	XVI;XVI	406636;407068	406646;407539	+;+	483	6392	11364	13377	10207	9620	7985
YPL150W	XVI	268188	270893	+	2706	309	544	514	671	674	646
YPR192W	XVI	921860	922777	+	918	8	9	8	9	12	9
YPL226W	XVI	121767	125357	+	3591	2717	5280	5261	5198	5847	6675
YPL115C	XVI	332100	335486	-	3387	396	848	821	948	1077	1122
YPL283W-A	XVI	1426	2001	+	576	0	0	0	0	0	0
YPL170W	XVI	228314	228772	+	459	191	401	436	543	579	377
YPL245W	XVI	85586	86950	+	1365	322	530	596	528	482	451
YPR140W	XVI	814391	815536	+	1146	235	434	454	499	673	741
YPR048W	XVI	659182	661053	+	1872	294	578	622	678	721	877
YPR102C	XVI	731224	731748	-	525	3412	6044	7101	5756	5354	5489
YPL036W	XVI	482843	485686	+	2844	85	112	140	123	153	153
YPR015C	XVI	590283	591026	-	744	12	20	27	21	22	22
YPR133W-A	XVI	797557	797709	+	153	267	443	570	555	607	844
YPL146C	XVI	276162	277529	-	1368	1351	2582	2691	2285	2024	2925
YPR107C	XVI	741438	742064	-	627	148	285	324	325	331	363
YPL035C	XVI	486564	486911	-	348	0	0	1	2	1	0
YPL082C	XVI	398480	404083	-	5604	586	1133	1029	1137	1390	1449
YPR064W	XVI	678951	679370	+	420	2	3	1	2	8	0
YPL216W	XVI	143821	147129	+	3309	94	223	205	249	314	291
YPL152W	XVI	265028	266104	+	1077	116	246	268	286	281	281
YPL230W	XVI	115312	116487	+	1176	52	139	121	122	89	72
YPL159C	XVI	250907	251668	-	762	246	435	463	461	543	565
YPR183W	XVI	900755	901558	+	804	952	1732	1706	1715	1873	1146
YPL204W	XVI	164276	165760	+	1485	998	1795	1812	1848	2306	2560
YPL109C	XVI;XVI	345264;345597	345444;347389	-;-	1974	96	156	180	207	209	212
YPL249C	XVI	76669	79353	-	2685	221	397	403	444	593	490
YPR154W	XVI	834565	835212	+	648	314	653	701	675	712	430
YPR026W	XVI	615379	619014	+	3636	160	245	283	280	358	254
YPR076W	XVI	696476	696850	+	375	3	3	7	1	2	5
YPR170W-B	XVI;XVI	883239;883487	883387;883595	+;+	258	129	181	229	217	176	183
YPR016C	XVI	592332	593069	-	738	2034	3778	4200	3190	3073	3413
YPL060W	XVI	434523	435764	+	1242	107	192	206	211	224	173
YPR029C	XVI	624469	626967	-	2499	680	1326	1328	1412	1708	1917
YPR002C-A	XVI	560569	560766	-	198	2	7	6	9	1	8
YPL106C	XVI	350194	352275	-	2082	6283	10994	11660	15226	18333	16274
YPR085C	XVI	708497	709828	-	1332	170	326	327	390	392	396
YPL008W	XVI	539385	541970	+	2586	215	427	454	475	546	648
YPR152C	XVI	832061	833458	-	1398	137	180	228	222	255	152
YPL212C	XVI	151515	153149	-	1635	977	1751	1855	1873	1889	2076
YPL119C	XVI	324411	326264	-	1854	40	51	42	79	72	81
YPL078C	XVI	408010	408744	-	735	1040	1854	1991	1958	2534	2263
YPL195W	XVI	176223	179021	+	2799	644	1205	1319	1359	1505	1819
YPL025C	XVI	502473	503030	-	558	2	5	5	6	2	7
YPR060C	XVI	674861	675631	-	771	459	963	958	942	992	1363
YPL199C	XVI	172033	172755	-	723	605	1055	1165	1150	1234	1183
YPL228W	XVI	118382	120031	+	1650	301	518	562	572	652	781
YPL018W	XVI	517651	518760	+	1110	134	307	287	232	307	291
YPL259C	XVI	51244	52671	-	1428	405	663	712	676	718	839
YPR150W	XVI	830999	831520	+	522	5	8	15	7	5	9
YPL072W	XVI	418512	420011	+	1500	67	182	175	208	301	341
YPL130W	XVI	304387	305058	+	672	7	20	15	10	16	14
YPR179C	XVI	893797	895764	-	1968	305	544	563	545	647	679
YPR096C	XVI	724842	725144	-	303	3	4	2	1	7	8
YPL028W	XVI	498096	499292	+	1197	2045	3947	3995	4157	5093	4060
YPL174C	XVI	220167	222773	-	2607	171	342	322	410	447	561
YPR031W	XVI	631515	633761	+	2247	155	287	315	391	493	588
YPL257W-A	XVI	56748	58070	+	1323	0	0	0	0	0	0
YPR158W-A	XVI	844709	846031	+	1323	0	0	0	0	0	0
YPL257W-B	XVI	56748	62016	+	5269	0	0	0	0	0	0
YPR158C-D	XVI	850989	856257	-	5269	32	79	71	62	96	73
YPR137C-A	XVI	808947	810269	-	1323	0	0	0	0	0	0
YPR137C-B	XVI	805001	810269	-	5269	0	0	0	0	0	0
YPR158W-B	XVI	844709	849980	+	5272	7	12	10	12	13	13
YPL060C-A	XVI	437333	442742	-	5410	12	15	29	19	37	31
YPR158C-C	XVI	854935	856257	-	1323	0	0	0	0	0	0
YMR172W	XIII	605981	608140	+	2160	166	322	356	390	493	445
YMR027W	XIII	325877	327289	+	1413	610	1091	1205	1304	1505	1395
YML089C	XIII	91041	91409	-	369	0	0	0	1	1	2
YMR290C	XIII	850074	851591	-	1518	1818	3796	4019	3710	3135	4139
YMR139W	XIII	546125	547237	+	1113	247	399	466	444	460	434
YMR191W	XIII	645656	646777	+	1122	191	405	389	532	682	715
YMR244C-A	XIII	758517	758831	-	315	91	206	248	224	245	182
YMR091C	XIII	450058	451365	-	1308	509	927	996	1007	1201	1232
YMR173W-A	XIII	608897	610081	+	1185	17	26	22	41	28	20
YMR180C	XIII	622251	623213	-	963	94	190	214	201	200	225
YML020W	XIII	231149	233143	+	1995	230	382	427	421	517	449
YML088W	XIII	92235	94241	+	2007	526	999	987	1124	1219	1209
YML077W	XIII	111865	112344	+	480	236	500	539	529	625	690
YML125C	XIII	20761	21699	-	939	1001	1887	2044	2120	1962	1699
YMR318C	XIII	911061	912143	-	1083	1109	1964	1982	2178	2499	2310
YMR115W	XIII	497704	499209	+	1506	243	465	448	498	690	687
YMR266W	XIII	798518	801379	+	2862	1599	3106	3077	2637	2468	2846
YML057W	XIII	160180	161994	+	1815	456	889	811	993	1144	947
YML055W	XIII	164790	165326	+	537	281	497	533	614	647	821
YMR105C	XIII	475897	477606	-	1710	164	342	331	214	285	249
YMR268C	XIII	802888	804222	-	1335	122	244	228	291	344	374
YML133W-B	XIII	827	1309	+	483	0	0	0	0	0	0
YML090W	XIII	90744	91130	+	387	0	0	0	0	0	0
YML101C	XIII	69735	70088	-	354	59	130	128	141	164	82
YMR012W	XIII	291134	294967	+	3834	1674	3431	3363	3680	4314	4534
tY(GUA)M2	XIII;XIII	837928;837981	837966;838016	+;+	75	0	0	0	0	0	0
YMR202W	XIII	667537	668205	+	669	2253	4579	4968	4661	4876	3850
YMR083W	XIII	434788	435915	+	1128	2099	3962	4256	4425	4590	3777
snR76	XIII	297725	297833	+	109	46	94	92	75	100	124
YMR017W	XIII	307489	308682	+	1194	9	18	9	14	10	15
YML085C	XIII;XIII	97941;99376	99259;99400	-;-	1344	1448	2733	2702	2833	3130	2936
YML013W	XIII	244149	245903	+	1755	245	435	525	535	668	501
YMR224C	XIII	718575	720653	-	2079	173	305	335	355	502	454
YMR059W	XIII	391099	391485	+	387	88	145	178	172	164	180
YMR072W	XIII	411569	412120	+	552	721	1340	1439	1360	1683	1769
YMR304W	XIII	874987	878679	+	3693	270	500	528	541	640	637
YML087C	XIII	94431	95369	-	939	51	63	71	73	111	84
YMR195W	XIII	654034	654417	+	384	214	387	516	320	306	245
YMR240C	XIII	749930	751240	-	1311	174	298	363	339	409	343
YMR308C	XIII	888952	892221	-	3270	1627	3172	3217	3301	3641	3830
YML001W	XIII	267174	267800	+	627	669	1073	1216	1193	1238	1303
YML114C	XIII	42043	43575	-	1533	271	575	563	642	837	626
YMR319C	XIII	912880	914538	-	1659	821	1762	1779	1726	1792	1612
YML075C	XIII	115734	118898	-	3165	1743	3586	3432	3770	4354	4082
YMR075W	XIII	413982	416036	+	2055	285	548	594	610	670	797
YML129C	XIII	14541	14753	-	213	83	176	214	228	245	180
YML073C	XIII;XIII	123227;124158	123742;124172	-;-	531	6330	11850	12216	10576	9648	9245
YMR149W	XIII	560996	561856	+	861	892	1673	1840	1698	1951	1721
YMR233W	XIII	739185	739865	+	681	193	436	421	414	359	401
YMR048W	XIII	366981	367934	+	954	92	161	153	222	327	262
YML030W	XIII	216435	216914	+	480	233	408	439	469	520	350
YMR118C	XIII	502144	502734	-	591	5	8	7	1	11	4
YMR260C	XIII	789378	789839	-	462	3021	5313	6373	5314	5054	5445
YMR135W-A	XIII	539911	540444	+	534	0	1	0	1	0	0
tM(CAU)M	XIII	572883	572955	-	73	0	0	0	0	0	0
YML056C	XIII;XIII	162194;163717	163308;164176	-;-	1575	3412	6547	6731	5591	5809	6466
YML064C	XIII	145139	145876	-	738	150	247	266	344	399	435
YML132W	XIII	7244	8383	+	1140	0	0	0	0	1	0
YML113W	XIII	44045	44791	+	747	157	296	316	356	494	326
YML058W-A	XIII	158760	158966	+	207	7	24	31	33	38	20
YMR136W	XIII	541199	542881	+	1683	530	919	960	893	988	525
YML091C	XIII	87123	90731	-	3609	270	490	474	446	1044	1031
YMR199W	XIII	662644	664284	+	1641	464	835	760	996	1362	1637
YMR286W	XIII	841942	842202	+	261	191	349	450	394	474	462
YMR025W	XIII	323300	324187	+	888	40	82	82	110	116	135
YMR112C	XIII	494100	494495	-	396	117	207	246	228	265	221
YML127W	XIII	17064	18809	+	1746	412	708	706	849	999	849
YML005W	XIII	260221	261609	+	1389	199	394	451	428	493	506
YMR160W	XIII	575066	577516	+	2451	108	270	300	291	358	335
YMR046W-A	XIII	362702	362830	+	129	0	0	0	0	0	0
YMR096W	XIII	458408	459301	+	894	78	143	150	166	179	178
YML133C	XIII;XIII	461;3891	3791;4684	-;-	4125	5	9	6	8	10	6
YMR246W	XIII	759807	761891	+	2085	2823	5987	5524	5169	5567	4690
YMR052C-A	XIII	380069	380434	-	366	3	0	6	2	2	4
YMR120C	XIII	507502	509280	-	1779	1843	3720	3291	2864	2383	2577
YMR052W	XIII	379586	380200	+	615	47	143	118	138	142	157
YML100W-A	XIII	70138	70311	+	174	1	1	4	5	5	0
YML049C	XIII	174220	178305	-	4086	320	614	633	709	915	948
YMR065W	XIII	399702	401216	+	1515	106	196	220	183	233	238
YMR098C	XIII	460771	462609	-	1839	249	467	509	573	676	744
YMR302C	XIII	870073	872625	-	2553	352	706	708	866	1048	1023
YMR075C-A	XIII	415688	416053	-	366	3	7	10	8	9	11
YML060W	XIII	151871	153001	+	1131	131	260	245	315	369	380
YMR080C	XIII	426712	429627	-	2916	928	1955	2021	1975	2184	2276
YMR156C	XIII	570300	571016	-	717	46	84	98	94	115	98
YMR294W	XIII	856966	858087	+	1122	170	336	346	361	423	472
YMR167W	XIII	594886	597195	+	2310	215	372	384	491	529	464
YMR242W-A	XIII	754297	754386	+	90	0	0	0	0	0	0
YMR079W	XIII;XIII	424989;425154	424997;426059	+;+	915	859	1628	1697	1645	1644	2048
YMR275C	XIII	815651	818581	-	2931	296	541	547	578	704	663
YMR100W	XIII	466300	468162	+	1863	292	545	564	601	702	705
YMR030W-A	XIII	337313	337603	+	291	4	15	16	16	8	17
YMR161W	XIII	577718	578392	+	675	282	438	515	564	629	590
YMR183C	XIII	626921	627808	-	888	798	1490	1524	1587	1741	1616
YML021C	XIII	229734	230813	-	1080	182	323	390	396	471	420
YML074C	XIII	120089	121324	-	1236	2556	5065	5219	4750	4693	3869
YMR157C	XIII	571277	572044	-	768	138	230	245	284	328	329
YMR110C	XIII	490394	491992	-	1599	421	768	849	813	1024	1000
YMR097C	XIII	459424	460527	-	1104	241	436	508	504	489	611
YMR111C	XIII	492404	493792	-	1389	132	199	213	232	291	261
YML011C	XIII	246895	247428	-	534	82	145	162	199	220	213
YMR064W	XIII	397903	399459	+	1557	277	535	599	579	723	911
YML082W	XIII	101862	103811	+	1950	308	618	663	649	772	761
YMR300C	XIII	865559	867091	-	1533	921	1687	1660	1681	1615	1844
YMR262W	XIII	793726	794667	+	942	114	161	191	148	238	124
YMR031C	XIII	332212	334743	-	2532	763	1208	1255	1191	1215	1134
YMR016C	XIII	303236	305593	-	2358	641	1183	1278	1289	1660	1147
YMR066W	XIII	401541	404237	+	2697	193	345	380	342	414	478
YMR007W	XIII	279960	280340	+	381	3	2	2	1	4	5
YMR201C	XIII;XIII	665845;667018	666933;667044	-;-	1116	149	309	286	401	390	356
YMR232W	XIII	736926	738959	+	2034	31	69	79	51	66	63
YMR200W	XIII	664752	665522	+	771	653	1062	1136	1132	1184	1222
YMR297W	XIII	861922	863520	+	1599	2465	4458	4529	5364	6095	4458
YML026C	XIII;XIII	222987;223782	223380;223828	-;-	441	10328	18542	20772	17106	15980	15026
YML023C	XIII	226994	228664	-	1671	284	557	520	552	681	727
YMR143W	XIII;XIII	551928;552496	551951;552903	+;+	432	6295	12429	13097	10688	10311	10989
YMR073C	XIII	412268	412873	-	606	117	229	217	259	261	312
YML069W	XIII	135500	137158	+	1659	832	1578	1646	1839	1995	2047
YML050W	XIII	173139	174074	+	936	74	123	128	149	171	181
YML099W-A	XIII	74229	74558	+	330	0	0	1	0	0	1
YMR211W	XIII	689083	690510	+	1428	235	472	536	465	517	639
tF(GAA)M	XIII;XIII	352280;352335	352316;352370	+;+	73	2	0	1	0	0	0
YMR283C	XIII	835326	836867	-	1542	215	377	425	458	393	458
snR74	XIII	298138	298225	+	88	4	4	1	8	5	5
RNA170	XIII	667288	667456	-	169	1	4	4	2	2	1
YML078W	XIII	111002	111550	+	549	651	1088	1196	1284	1277	1153
YMR142C	XIII;XIII	550206;551204	550801;551207	-;-	600	9544	18006	19723	16406	15515	13872
YMR203W	XIII	668492	669655	+	1164	1383	2594	2704	2801	3073	3104
YMR077C	XIII	421484	422149	-	666	156	263	298	349	345	432
YMR245W	XIII	758563	759183	+	621	3	8	6	2	4	0
YMR284W	XIII	838187	839995	+	1809	256	421	477	417	472	430
YMR089C	XIII	445609	448086	-	2478	503	883	932	1139	1445	1307
YMR134W	XIII	537838	538551	+	714	214	544	550	675	753	802
YMR290W-A	XIII	851422	851769	+	348	0	1	0	1	0	1
YMR095C	XIII	457285	457959	-	675	4	6	7	12	12	7
snR83	XIII	626349	626654	+	306	52	77	82	97	73	95
snR73	XIII	298307	298412	+	106	0	0	0	0	0	0
tH(GUG)M	XIII	363064	363135	+	72	1	1	3	1	0	3
YMR099C	XIII	463934	464827	-	894	774	1379	1462	1564	1663	1660
YMR132C	XIII	534944	535570	-	627	172	262	279	309	367	422
YML115C	XIII	40187	41794	-	1608	713	1245	1398	1337	1488	1315
snR11	XIII	652275	652532	+	258	15	23	23	20	16	26
YMR086W	XIII	439208	442090	+	2883	513	890	934	1078	1113	1108
YMR044W	XIII	355384	356811	+	1428	371	632	686	668	750	712
YMR222C	XIII	715638	716309	-	672	138	277	308	321	372	269
YMR272W-A	XIII	810466	810579	+	114	0	0	0	0	0	0
YMR321C	XIII	917579	917896	-	318	24	63	54	36	38	30
YML131W	XIII	10198	11295	+	1098	119	202	196	284	334	364
YML038C	XIII	202775	204103	-	1329	434	743	831	839	927	1073
YML122C	XIII	26038	26418	-	381	5	3	5	2	8	2
YMR036C	XIII	341856	343520	-	1665	205	317	314	349	373	440
YML012W	XIII	246116	246751	+	636	1063	2077	2187	2126	2208	2102
YML100W	XIII	70624	73920	+	3297	567	1098	992	620	472	388
YMR312W	XIII	898405	899226	+	822	335	646	625	645	642	597
YML112W	XIII	45063	45953	+	891	198	301	327	341	446	380
YML099C	XIII	74398	77040	-	2643	337	636	686	748	828	839
YML123C	XIII	24037	25800	-	1764	7641	16180	14900	12015	15128	18763
tV(AAC)M3	XIII	586636	586709	-	74	0	0	0	0	0	0
YMR141C	XIII	549736	550044	-	309	9	10	10	4	4	12
YMR324C	XIII	922202	922444	-	243	0	0	0	0	0	0
YMR207C	XIII	677193	683564	-	6372	290	552	502	580	672	714
YMR236W	XIII	742971	743444	+	474	378	657	698	751	813	608
YML034C-A	XIII	209428	209826	-	399	2	2	2	3	3	1
YMR204C	XIII	670063	671325	-	1263	73	104	116	134	154	157
YMR011W	XIII	288079	289704	+	1626	2272	3563	3802	3283	5620	5909
YML008C	XIII	251839	252990	-	1152	2735	5709	5669	6128	6980	6331
YMR109W	XIII	486587	490246	+	3660	615	1167	1197	1164	1469	1496
YMR004W	XIII	274017	275552	+	1536	399	673	726	774	835	833
YMR158C-A	XIII	573194	573331	-	138	18	25	29	24	35	27
YMR216C	XIII	698811	701039	-	2229	477	860	879	933	1308	1374
YMR159C	XIII	574476	574928	-	453	13	32	45	33	36	37
YMR307C-A	XIII	887731	887925	-	195	0	0	0	2	2	1
YMR272C	XIII	809623	810777	-	1155	889	1452	1578	1301	1588	1202
YMR106C	XIII	478301	480190	-	1890	107	197	182	223	297	257
YML092C	XIII	85987	86739	-	753	689	1290	1462	1722	2109	1613
tV(AAC)M2	XIII	420588	420661	-	74	0	1	0	0	1	1
YML104C	XIII	58939	62322	-	3384	264	533	585	585	720	930
YML058W	XIII	159383	159697	+	315	875	1914	1977	1970	2250	2039
tW(CCA)M	XIII;XIII	379303;379373	379338;379408	-;-	72	0	0	0	0	0	0
YMR148W	XIII	560366	560812	+	447	87	184	170	222	260	228
YMR168C	XIII	597332	599158	-	1827	131	276	293	358	363	346
YML063W	XIII	146482	147249	+	768	14706	27699	31192	25654	25142	27302
YMR008C	XIII	280590	282584	-	1995	1398	2255	2407	2522	2142	1708
YMR294W-A	XIII	858209	858568	+	360	0	0	1	0	0	3
YMR177W	XIII	616566	618098	+	1533	315	533	603	500	593	544
YMR213W	XIII	693381	695153	+	1773	176	318	296	338	376	311
YMR192W	XIII	647118	649280	+	2163	313	599	582	737	720	797
YMR326C	XIII	923494	923802	-	309	0	0	0	0	0	0
YMR014W	XIII	298868	300427	+	1560	871	1662	1835	1803	1810	2173
YMR020W	XIII	315377	316903	+	1527	292	464	520	467	420	354
snR86	XIII	762110	763113	-	1004	339	618	691	635	562	527
YMR208W	XIII	684467	685798	+	1332	924	1672	1841	1941	2239	1877
YML098W	XIII	77267	77770	+	504	168	267	301	345	420	301
YMR133W	XIII;XIII	536207;537565	537448;537609	+;+	1287	1	0	2	1	6	1
YML028W	XIII	220138	220728	+	591	3185	6325	7031	8253	9963	6316
YMR285C	XIII	840144	841691	-	1548	351	617	645	678	764	793
YMR040W	XIII	350381	350863	+	483	70	125	118	145	149	71
YMR094W	XIII	455825	457261	+	1437	55	110	97	138	176	231
YMR189W	XIII	637500	640604	+	3105	255	541	448	587	881	892
YML128C	XIII	15135	16676	-	1542	304	547	591	461	344	278
YML022W	XIII	228937	229500	+	564	1636	3155	3241	2652	2467	2859
YMR299C	XIII	864412	865350	-	939	110	259	274	347	377	413
YMR227C	XIII	722613	724385	-	1773	230	465	537	539	634	561
YMR119W	XIII	505333	507207	+	1875	354	669	651	645	733	851
YMR255W	XIII	778001	778567	+	567	388	807	886	905	949	863
YMR024W	XIII	321875	323047	+	1173	447	778	788	938	1097	1124
YML054C	XIII	165533	167308	-	1776	41	84	95	88	128	105
YMR317W	XIII	907364	910786	+	3423	23	47	40	28	27	22
YMR084W	XIII	436628	437416	+	789	88	184	185	134	48	23
YMR274C	XIII	814364	815311	-	948	120	201	232	213	222	277
YMR215W	XIII	696796	698370	+	1575	875	1689	1715	1362	1603	1750
YMR277W	XIII	820256	822454	+	2199	565	1080	1063	1229	1475	1309
YMR033W	XIII;XIII	337788;337904	337817;339277	+;+	1404	671	1233	1328	1387	1438	1772
YML094C-A	XIII	82219	82620	-	402	0	0	3	1	0	0
YML041C	XIII	194913	195755	-	843	135	241	272	268	279	304
YMR305C	XIII	879063	880232	-	1170	3614	6359	6397	7958	8871	6775
YMR315W-A	XIII	904286	904393	+	108	3	3	9	16	13	2
YMR237W	XIII	743749	745923	+	2175	565	1056	1043	1183	1361	1361
YML095C	XIII	81481	82113	-	633	59	92	110	118	164	139
YMR018W	XIII	310208	311752	+	1545	18	25	19	23	21	37
YMR163C	XIII	584271	586388	-	2118	87	191	171	246	291	288
YML027W	XIII	221406	222563	+	1158	84	181	126	200	393	400
ZOD1	XIII	91970	92027	+	58	0	0	0	0	0	0
tD(GUC)M	XIII	463554	463625	+	72	0	1	0	0	0	0
YMR162C	XIII	578951	583921	-	4971	250	453	475	560	666	720
YMR158W	XIII	572248	572715	+	468	143	342	375	396	484	541
YMR210W	XIII	687516	688865	+	1350	180	299	315	295	363	358
YMR316C-A	XIII	905662	905973	-	312	2	5	2	2	1	2
YMR241W	XIII	751961	752905	+	945	1035	1877	2068	1965	2234	2354
YMR205C	XIII	671887	674766	-	2880	6844	12685	12751	11666	11849	9854
YMR235C	XIII	741512	742735	-	1224	1321	2626	2682	2643	2590	2851
YMR047C	XIII	363364	366705	-	3342	766	1670	1537	1689	2187	2067
YMR259C	XIII	784621	788883	-	4263	561	1196	1250	1216	1329	1798
YMR175W-A	XIII	611314	611508	+	195	1	1	1	1	1	0
YMR281W	XIII	832339	833253	+	915	160	274	290	259	235	269
YMR261C	XIII	790205	793369	-	3165	798	1411	1362	1296	1360	1411
YMR026C	XIII	324236	325435	-	1200	208	420	471	481	536	588
YML010W	XIII	247677	250868	+	3192	883	1691	1823	1951	2074	1850
YMR150C	XIII	561956	562528	-	573	146	205	263	297	326	314
YMR067C	XIII	404323	405573	-	1251	313	569	634	696	931	838
YMR179W	XIII	619858	622134	+	2277	132	297	292	323	508	612
YMR126C	XIII	520761	521789	-	1029	161	286	266	274	344	360
YML032C	XIII	212515	213930	-	1416	313	605	585	714	951	842
YML018C	XIII	234771	235952	-	1182	850	1672	1733	1524	1672	1580
YML081W	XIII	104777	108532	+	3756	468	909	902	952	1067	1133
YMR003W	XIII	273118	273714	+	597	66	126	141	173	190	239
YMR221C	XIII	713931	715445	-	1515	632	1295	1251	1336	1360	1549
YMR257C	XIII	779629	782031	-	2403	159	280	253	315	384	463
YML068W	XIII	137550	138944	+	1395	180	296	343	357	343	365
YMR117C	XIII	501250	501891	-	642	49	99	109	114	162	242
YMR060C	XIII	391532	392515	-	984	163	294	346	401	494	511
YMR144W	XIII	553362	554390	+	1029	79	150	170	186	288	307
YMR068W	XIII	406304	407584	+	1281	50	106	112	139	146	110
YML097C	XIII	78335	79690	-	1356	304	614	683	719	845	996
YMR182C	XIII	624532	625167	-	636	94	139	141	147	152	160
YMR295C	XIII	858297	858890	-	594	1019	1778	2206	1902	2009	1249
YMR181C	XIII	623616	624080	-	465	286	479	516	417	391	297
YML080W	XIII	108806	110077	+	1272	330	657	694	702	814	865
YMR194C-B	XIII;XIII	652594;652848	652775;652887	-;-	222	6	25	23	18	18	28
YMR140W	XIII	547714	549183	+	1470	255	368	407	434	485	456
YMR058W	XIII	388822	390732	+	1911	1983	3297	3546	3352	4731	3890
YMR076C	XIII	416196	420029	-	3834	249	529	535	624	801	994
YMR239C	XIII	748262	749677	-	1416	476	987	1031	1012	900	1215
tG(GCC)M	XIII	183898	183968	-	71	0	0	0	0	0	0
YMR242C	XIII	753225	753742	-	518	8512	14244	15749	13072	13089	11836
YMR306C-A	XIII	886183	886572	-	390	1	1	6	5	2	4
YMR193C-A	XIII	651072	651458	-	387	0	0	2	1	0	1
YMR114C	XIII	496343	497449	-	1107	125	219	255	208	232	257
YMR009W	XIII	284102	284641	+	540	537	1021	1226	1276	1161	823
YMR088C	XIII	443414	445102	-	1689	564	1024	1071	1119	1186	1192
YMR253C	XIII	775946	777190	-	1245	124	230	244	242	269	252
YMR103C	XIII	472902	473264	-	363	85	174	196	161	105	56
YMR254C	XIII	777615	777923	-	309	0	0	0	0	2	1
YMR303C	XIII	873291	874337	-	1047	14	16	11	17	21	10
YMR316W	XIII	904825	905835	+	1011	1469	2754	3164	3030	2302	1389
YML017W	XIII;XIII	236588;236954	236591;238731	+;+	1782	184	331	345	401	472	418
YMR104C	XIII	473420	475453	-	2034	563	1116	1121	999	561	348
YMR309C	XIII	892988	895426	-	2439	2172	4471	4306	4424	5101	6826
YML133W-A	XIII	1610	2185	+	576	0	0	0	0	0	0
YMR155W	XIII	568551	570194	+	1644	191	339	402	391	458	416
YMR313C	XIII	899379	901307	-	1929	305	557	545	600	580	671
YMR028W	XIII	327482	328582	+	1101	209	356	428	493	496	547
snR72	XIII	298554	298651	+	98	2	10	12	12	3	15
YMR154C	XIII	565999	568182	-	2184	91	187	185	226	217	207
tY(GUA)M1	XIII;XIII	168795;168848	168833;168883	+;+	75	0	1	0	1	0	1
snR75	XIII	297918	298006	+	89	10	24	25	20	16	33
YML096W	XIII	79909	81486	+	1578	274	634	636	697	674	767
YML016C	XIII	239458	241536	-	2079	682	1226	1336	1473	1497	1576
YML006C	XIII	256092	258416	-	2325	433	824	876	786	826	865
YMR178W	XIII	618479	619303	+	825	361	684	774	710	661	769
YML109W	XIII	51640	54468	+	2829	152	294	291	353	487	519
YML015C	XIII	241989	243029	-	1041	234	457	483	584	594	650
YMR197C	XIII	658545	659198	-	654	307	511	572	622	619	575
YML014W	XIII	243225	244064	+	840	248	462	517	541	493	374
YML106W	XIII	56773	57453	+	681	1947	3504	3824	3334	3327	3292
YML025C	XIII;XIII	224406;225339	225239;225365	-;-	861	234	442	490	564	756	703
tS(AGA)M	XIII	259158	259239	-	82	1	0	0	0	0	0
YMR172C-A	XIII	607828	608211	-	384	0	0	1	0	0	0
YMR193W	XIII	650036	650812	+	777	227	411	452	487	548	696
YML052W	XIII	170402	171310	+	909	739	1346	1318	1161	1615	1543
YML079W	XIII	110247	110852	+	606	337	597	626	718	753	671
YML101C-A	XIII	69409	69726	-	318	2	9	11	3	7	6
YML047C	XIII	180017	181075	-	1059	3	4	3	5	4	8
YMR174C	XIII	610159	610365	-	207	6	25	29	32	39	29
YMR218C	XIII	703579	706887	-	3309	348	574	610	676	770	939
YMR315W	XIII	902800	903849	+	1050	588	960	986	1145	1229	847
YMR001C	XIII	269019	271136	-	2118	386	778	745	842	1051	1267
tV(AAC)M1	XIII	372445	372518	-	74	0	0	0	0	0	0
tE(UUC)M	XIII	290801	290872	+	72	0	0	0	0	0	0
YML121W	XIII	26930	27862	+	933	262	513	549	643	691	753
YMR085W	XIII	437491	438789	+	1299	176	313	326	212	128	47
YMR105W-A	XIII	478064	478258	+	195	0	0	0	0	2	0
YMR122C	XIII	510701	511075	-	375	5	2	5	0	5	0
snR78	XIII	297278	297364	+	87	2	5	4	7	9	16
YMR217W	XIII	701790	703367	+	1578	5334	10037	10176	8836	8040	8881
tA(AGC)M2	XIII	768369	768441	-	73	0	0	0	0	0	0
YMR298W	XIII	863819	864271	+	453	289	547	647	597	590	587
YMR057C	XIII	388359	388730	-	372	1	3	1	1	2	2
YML042W	XIII	192788	194800	+	2013	61	117	114	146	120	125
YMR320W	XIII	916746	917051	+	306	16	22	16	19	17	8
YMR287C	XIII	842436	845345	-	2910	200	307	385	411	538	567
YMR289W	XIII	848685	849809	+	1125	324	609	646	671	795	772
YML048W	XIII	178426	179637	+	1212	1129	2193	2263	2598	3018	2945
YMR250W	XIII	770801	772558	+	1758	358	589	582	454	306	185
YMR230W-A	XIII	733268	733456	+	189	9	11	11	8	11	15
YMR124W	XIII	514456	517287	+	2832	434	873	908	1033	1005	904
YMR311C	XIII	896914	897603	-	690	550	1009	1104	1107	1342	972
snR77	XIII	297506	297593	+	88	12	17	25	24	23	53
YMR322C	XIII	918366	919079	-	714	0	0	0	0	0	0
YML119W	XIII	30611	31684	+	1074	239	443	516	447	512	440
YML043C	XIII	190244	191767	-	1524	129	302	310	323	501	829
YML046W	XIII	181474	183363	+	1890	342	695	671	690	854	1057
YML004C	XIII	261705	262685	-	981	703	1216	1477	1470	1529	1344
YMR071C	XIII	410762	411265	-	504	388	815	783	826	948	1065
YMR229C	XIII	725934	731123	-	5190	2457	5133	5026	4418	4113	4917
YMR063W	XIII	397077	397796	+	720	30	74	79	75	76	87
YMR301C	XIII	867555	869627	-	2073	401	776	834	944	977	936
YMR276W	XIII	818827	819948	+	1122	655	1135	1289	1844	2287	1249
YMR002W	XIII	272193	272663	+	471	635	1035	1207	1484	2279	1462
YML081C-A	XIII	103983	104162	-	180	507	962	1085	919	1173	1256
YML019W	XIII	233457	234455	+	999	296	603	616	650	713	770
YMR176W	XIII	611740	615975	+	4236	261	455	499	527	623	627
YMR158W-B	XIII	574471	574791	+	321	1	0	0	0	0	1
YML108W	XIII	54793	55110	+	318	223	434	462	445	401	627
YMR198W	XIII	659745	661529	+	1785	93	167	174	201	268	283
YML094W	XIII;XIII	82275;82374	82290;82849	+;+	492	364	674	759	680	731	762
YMR006C	XIII	277561	279681	-	2121	574	1160	1064	830	858	936
YML003W	XIII	263483	264355	+	873	42	82	80	105	94	86
YML057C-A	XIII	160023	160412	-	390	1	0	5	3	1	1
YML009C-A	XIII	250675	251001	-	327	2	1	2	2	0	4
tQ(CUG)M	XIII	808246	808317	-	72	0	0	0	0	0	0
YML093W	XIII	83090	85789	+	2700	1416	2794	2809	3036	2969	3249
YMR116C	XIII;XIII	499456;500152	499878;500688	-;-	960	18643	30313	33405	25587	23256	21636
YMR196W	XIII	655076	658342	+	3267	273	444	473	458	561	449
YML053C	XIII	169116	169754	-	639	130	256	298	330	385	407
YMR151W	XIII	562506	562943	+	438	1	9	6	2	5	9
YML009C	XIII	251304	251516	-	213	105	172	190	236	300	237
YMR070W	XIII	409154	410626	+	1473	228	392	398	510	656	533
YMR219W	XIII	707133	712109	+	4977	399	785	766	895	1148	1034
YML037C	XIII	204386	205408	-	1023	36	77	59	90	122	123
YMR280C	XIII	827028	831329	-	4302	20	46	44	39	61	50
YMR170C	XIII	601562	603082	-	1521	52	119	139	143	158	133
YMR123W	XIII	513593	513961	+	369	375	749	775	844	855	846
YML012C-A	XIII	245537	245914	-	378	1	0	4	2	1	1
YMR019W	XIII	312156	315005	+	2850	258	461	484	611	714	692
YMR206W	XIII	675896	676837	+	942	4	3	5	6	4	4
YMR165C	XIII	590040	592628	-	2589	276	516	534	580	595	579
YMR010W	XIII	285100	286317	+	1218	462	858	819	847	971	1282
YMR184W	XIII	628189	628785	+	597	118	203	244	345	378	410
YML126C	XIII	19060	20535	-	1476	2783	5470	5525	5910	7632	7419
YMR244W	XIII	757250	758317	+	1068	8	12	18	12	7	6
YMR279C	XIII	824729	826351	-	1623	2	9	11	2	5	11
YMR316C-B	XIII	907321	907629	-	309	27	51	49	31	55	48
YMR107W	XIII	483014	483361	+	348	2	4	3	3	3	2
YML054C-A	XIII	167623	167781	-	159	0	0	0	0	0	0
YMR043W	XIII	353871	354731	+	861	731	1321	1472	1206	1539	865
tA(AGC)M1	XIII	321147	321219	-	73	0	0	0	0	0	0
YMR270C	XIII	805326	806423	-	1098	314	607	648	601	773	768
YMR175W	XIII	611016	611255	+	240	5	5	4	13	12	6
YML009W-B	XIII	250435	250911	+	477	16	33	31	27	27	45
YMR035W	XIII	341142	341675	+	534	81	149	153	161	167	177
YMR108W	XIII	484084	486147	+	2064	3552	7074	7008	8419	9879	8105
YML002W	XIII	264541	266754	+	2214	159	320	279	292	291	323
YML111W	XIII	46942	49704	+	2763	322	713	719	784	1078	1265
YMR278W	XIII	822763	824631	+	1869	249	445	483	520	595	601
YMR185W	XIII	629025	631970	+	2946	319	685	683	733	704	982
YMR304C-A	XIII	878780	879130	-	351	350	714	634	810	760	1001
YML084W	XIII	99489	99797	+	309	1	1	1	2	1	1
YMR258C	XIII	782620	784281	-	1662	210	448	501	472	503	593
YMR023C	XIII	319437	321017	-	1581	142	192	295	201	258	237
YMR291W	XIII	852630	854390	+	1761	327	466	453	481	360	244
YMR041C	XIII	350966	351973	-	1008	102	217	219	238	282	274
YMR029C	XIII	328660	330231	-	1572	374	677	727	782	817	871
YMR092C	XIII	451632	453479	-	1848	649	1234	1315	1392	1599	1484
YMR138W	XIII	545155	545730	+	576	96	178	187	218	188	201
YMR122W-A	XIII	511315	511569	+	255	2912	4434	5285	6118	7495	4610
YMR053C	XIII	380346	382898	-	2553	77	103	120	115	102	75
YMR220W	XIII	712316	713671	+	1356	753	1555	1588	1714	2068	2012
YMR087W	XIII	442527	443381	+	855	70	108	107	115	139	137
YML031W	XIII	214189	216156	+	1968	607	1136	1158	1268	1443	1345
YML118W	XIII	32334	33851	+	1518	87	136	159	146	122	79
YML120C	XIII	28266	29807	-	1542	571	993	1085	960	1571	878
YMR078C	XIII	422503	424728	-	2226	160	358	357	457	628	689
tL(CAA)M	XIII;XIII	504895;504965	504932;505008	+;+	82	0	0	0	0	0	0
YMR042W	XIII	352603	353136	+	534	101	179	200	235	220	130
YMR251W	XIII	772915	774015	+	1101	4	5	10	10	8	9
YMR223W	XIII	716715	718130	+	1416	237	386	443	388	430	577
YML007C-A	XIII	253162	253272	-	111	1	2	3	4	5	8
YMR256C	XIII	778945	779127	-	183	217	363	419	359	462	613
YMR214W	XIII	695350	696483	+	1134	345	626	721	768	1040	767
tP(UGG)M	XIII;XIII	196068;196135	196103;196170	-;-	72	1	3	2	2	1	1
YMR055C	XIII	386101	387021	-	921	63	111	96	125	165	103
YML117W	XIII	34243	37647	+	3405	850	1483	1548	1629	1601	1361
YMR271C	XIII	806865	807548	-	684	62	98	128	84	66	55
snR24	XIII	499984	500072	-	89	10	16	15	19	17	43
YMR226C	XIII	721593	722396	-	804	1172	2051	2286	2465	2943	2208
YML110C	XIII	50031	50954	-	924	651	1281	1382	1629	1901	1852
YML047W-A	XIII	179893	180258	+	366	1	1	2	0	7	0
YML007W	XIII	253848	255800	+	1953	618	1135	1151	1579	2119	1926
YMR190C	XIII	640915	645258	-	4344	113	256	266	321	459	436
YMR225C	XIII;XIII	720960;721346	721198;721403	-;-	297	146	265	316	367	391	340
YMR264W	XIII	795805	796416	+	612	369	768	832	812	814	691
YMR037C	XIII	344403	346517	-	2115	499	830	794	863	1158	1136
YML024W	XIII;XIII	225889;226290	225891;226697	+;+	411	7915	14712	15811	13084	12702	15914
YML083C	XIII	99794	101050	-	1257	9	13	8	15	20	11
YMR182W-A	XIII	625811	625897	+	87	7	6	9	8	7	14
YMR030W	XIII	330793	331923	+	1131	180	264	321	233	237	210
YMR187C	XIII	634689	635984	-	1296	115	222	249	258	303	363
YMR238W	XIII	746353	747729	+	1377	814	1408	1575	1992	1863	1622
YML061C	XIII	148953	151532	-	2580	286	626	560	673	803	797
YMR130W	XIII	532119	533027	+	909	296	630	651	690	799	848
YMR005W	XIII	276045	277211	+	1167	588	1140	1121	1244	1358	1228
YMR054W	XIII	383303	385975	+	2673	738	1157	1247	1326	1526	1572
YMR209C	XIII	685911	687284	-	1374	273	574	568	541	643	716
YML102W	XIII	68294	69700	+	1407	173	341	371	404	514	371
YMR194W	XIII;XIII	651145;651624	651160;651910	+;+	303	1814	3258	3772	3163	2976	3228
YMR252C	XIII	775315	775719	-	405	70	137	131	141	175	148
YMR164C	XIII	587274	589550	-	2277	125	233	240	264	339	331
YMR074C	XIII	413036	413473	-	438	420	737	910	818	730	845
YML065W	XIII	142210	144954	+	2745	287	615	578	755	860	959
YMR243C	XIII	754838	756166	-	1329	2110	4062	4170	3542	3588	4167
snR85	XIII	67768	67938	-	171	8	6	6	5	11	8
YMR145C	XIII	554793	556475	-	1683	3815	6663	7418	7315	8989	7322
YML071C	XIII	129749	131572	-	1824	380	768	756	868	949	1070
YMR015C	XIII	300869	302485	-	1617	1339	2875	2726	2819	3907	4525
YML070W	XIII	133475	135229	+	1755	574	1102	1146	1225	1325	1211
YMR125W	XIII;XIII	517539;517886	517563;520446	+;+	2586	1005	2124	2189	2282	2596	3412
YMR325W	XIII	922641	923015	+	375	0	0	0	0	0	0
YMR141W-A	XIII	550911	551135	+	225	0	1	1	0	0	0
YML072C	XIII	124730	129367	-	4638	1337	2740	2678	2708	3210	3071
YML105C	XIII	57866	58687	-	822	639	1276	1337	1253	1288	1389
YMR119W-A	XIII	506996	507370	+	375	12	14	24	20	19	26
YMR069W	XIII	407709	408566	+	858	23	21	25	28	41	25
YMR293C	XIII	855399	856793	-	1395	126	226	235	272	289	302
YML124C	XIII;XIII	22048;23659	23360;23683	-;-	1338	928	1770	1773	1945	2099	1723
YMR090W	XIII	449245	449928	+	684	111	210	217	234	210	163
YML029W	XIII	217362	219878	+	2517	226	422	400	463	579	634
YMR171C	XIII	603868	605520	-	1653	540	913	937	955	1157	973
YMR102C	XIII	469848	472352	-	2505	1201	1714	1895	2030	1503	1021
YMR188C	XIII	636291	637004	-	714	296	528	566	722	861	924
YMR269W	XIII	804456	805091	+	636	358	691	702	613	587	634
YMR128W	XIII	523696	527499	+	3804	907	2005	1925	2029	1899	2070
YMR039C	XIII	348644	349522	-	879	925	1655	1884	1734	1728	1490
YMR230W	XIII;XIII	732414;732876	732465;733141	+;+	318	4369	8212	8911	7673	7517	7807
YMR267W	XIII	801772	802704	+	933	344	594	645	729	872	969
YMR247C	XIII	763351	768039	-	4689	453	862	827	892	1012	1259
YMR152W	XIII	563096	564193	+	1098	298	575	594	632	720	782
YMR251W-A	XIII	774752	774931	+	180	1118	1572	2238	2309	2604	2263
YMR146C	XIII	557481	558524	-	1044	3306	6333	6814	5952	5936	4939
YMR228W	XIII	724626	725651	+	1026	110	240	229	323	320	401
YMR032W	XIII	335298	337307	+	2010	225	412	449	484	563	583
YMR013C-A	XIII	296471	296620	-	150	0	0	0	0	0	0
YMR001C-A	XIII	271347	271577	-	231	9	15	11	17	21	38
YMR031W-A	XIII	334709	335035	+	327	0	1	1	1	0	0
YMR153W	XIII	564435	565862	+	1428	360	684	715	835	864	993
YMR056C	XIII	387315	388244	-	930	31	69	74	78	85	42
YMR282C	XIII	833356	835098	-	1743	216	409	448	500	548	588
YMR234W	XIII	740266	741312	+	1047	196	422	446	424	429	569
YMR323W	XIII	920088	921401	+	1314	0	0	0	0	0	0
YMR062C	XIII	395054	396379	-	1326	368	813	786	881	935	822
YMR247W-A	XIII	769283	769426	+	144	0	0	0	0	0	0
YMR038C	XIII	347511	348260	-	750	602	1309	1363	1537	1652	1153
YMR049C	XIII	368094	370517	-	2424	1604	3244	3302	3123	3092	3733
YMR272W-B	XIII	811089	811196	+	108	0	0	0	0	0	0
YMR147W	XIII	559199	559870	+	672	69	112	124	144	163	166
YML067C	XIII;XIII	139063;140184	140090;140214	-;-	1059	459	948	980	962	989	1091
tK(CUU)M	XIII	480621	480693	-	73	0	0	1	0	2	2
tR(UCU)M1	XIII	747892	747963	-	72	0	0	0	0	0	0
YML107C	XIII	55265	56269	-	1005	102	184	166	167	225	228
snR54	XIII	163535	163620	-	86	4	6	8	8	11	20
YMR231W	XIII	733545	736634	+	3090	253	516	505	568	631	749
YMR081C	XIII	430079	431095	-	1017	221	291	298	240	204	56
YML051W	XIII	171594	172901	+	1308	396	810	754	836	1020	913
YMR314W	XIII	901709	902413	+	705	879	1511	1687	1910	2305	1687
YMR113W	XIII	494999	496282	+	1284	260	440	529	537	526	554
YML031C-A	XIII	214086	214421	-	336	0	0	0	0	0	0
YMR263W	XIII	794919	795524	+	606	239	409	454	467	441	272
YML034W	XIII;XIII	209525;211571	211444;212155	+;+	2505	485	820	784	985	1074	996
YMR131C	XIII	533163	534698	-	1536	1842	3856	4047	3826	3707	4018
YMR310C	XIII	895716	896669	-	954	519	984	1037	1007	1127	960
YMR034C	XIII	339418	340722	-	1305	96	137	160	140	118	110
YML103C	XIII	62582	67549	-	4968	577	1298	1318	1377	1402	1847
YMR306W	XIII	881159	886516	+	5358	39	104	89	121	142	121
YMR169C	XIII	599352	600872	-	1521	38	63	77	57	67	57
YMR186W	XIII	632355	634472	+	2118	9206	17666	18015	31079	41850	43244
YML059C	XIII	153219	158258	-	5040	254	519	519	622	950	1015
YML086C	XIII	95791	97371	-	1581	843	1505	1548	1527	1807	1951
YMR013C	XIII	295179	296738	-	1560	215	384	445	402	436	558
YMR127C	XIII	522329	523345	-	1017	123	207	235	275	274	384
YMR153C-A	XIII	565574	565909	-	336	8	18	10	18	21	18
YMR212C	XIII	690695	693043	-	2349	700	1466	1443	1438	1534	1816
YMR296C	XIII	859215	860891	-	1677	1087	2119	2260	2413	2857	2027
YMR101C	XIII	468445	469476	-	1032	7	16	9	12	8	19
YMR166C	XIII	593367	594473	-	1107	142	209	209	237	330	267
YMR061W	XIII	392755	394788	+	2034	560	1146	1189	1179	1245	1560
YMR288W	XIII	845571	848486	+	2916	240	449	504	497	631	642
YMR265C	XIII	796540	797925	-	1386	193	331	376	359	395	327
YML116W	XIII	38196	39824	+	1629	221	458	448	493	565	606
YML130C	XIII	11483	13174	-	1692	1197	1887	2025	2437	2779	3053
YMR273C	XIII	811233	813980	-	2748	297	594	579	620	824	643
YMR292W	XIII;XIII	854795;854899	854816;855293	+;+	417	243	585	590	549	566	745
YMR137C	XIII	542978	544963	-	1986	105	202	200	230	254	298
YMR013W-A	XIII	298311	298391	+	81	0	0	0	0	0	0
YML076C	XIII	112513	115347	-	2835	231	469	455	495	539	590
YMR082C	XIII	431769	432125	-	357	0	0	1	0	0	1
tR(UCU)M2	XIII	131825	131896	-	72	0	0	0	0	0	0
YMR022W	XIII	318680	319177	+	498	271	520	573	558	659	641
YML062C	XIII	147505	148683	-	1179	368	643	748	711	780	815
YMR086C-A	XIII	442026	442364	-	339	6	15	13	12	10	14
YML035C	XIII	206428	208860	-	2433	498	962	939	1086	1145	1582
YMR173W	XIII	608689	609981	+	1293	111	159	190	154	142	230
YMR194C-A	XIII	652912	653136	-	225	6	21	14	15	22	11
YMR093W	XIII	454015	455556	+	1542	539	1114	1053	1061	1456	1568
YML036W	XIII;XIII	205642;206204	206097;206293	+;+	546	177	335	380	381	379	451
YMR307W	XIII	887003	888682	+	1680	8314	15396	15758	17040	19547	18602
YML116W-A	XIII	37472	37774	+	303	25	60	52	61	49	39
YMR021C	XIII	317165	318418	-	1254	175	336	379	362	365	351
YMR135C	XIII	538689	540056	-	1368	378	672	714	596	546	333
YMR121C	XIII	509734	510348	-	615	221	377	403	418	461	412
YMR129W	XIII	527804	531817	+	4014	637	1274	1241	1279	1520	1729
YML066C	XIII	140424	141533	-	1110	0	2	1	2	4	2
YMR045C	XIII	357359	362627	-	5269	105	235	209	234	209	213
YMR050C	XIII	373057	378325	-	5269	11	21	16	15	20	11
YML045W	XIII	184461	189729	+	5269	5	14	15	16	17	8
YML040W	XIII	196628	197950	+	1323	0	0	0	0	0	0
YML045W-A	XIII	184461	185783	+	1323	0	0	0	0	0	0
YMR046C	XIII	361305	362627	-	1323	0	0	0	0	0	0
YMR051C	XIII	377003	378325	-	1323	0	0	0	0	0	0
YML039W	XIII	196628	201896	+	5269	10	16	12	16	4	16
YBR225W	II	670627	673329	+	2703	234	353	423	411	418	411
YBR182C-A	II	595361	595555	-	195	0	0	1	1	1	0
YBL055C	II	115573	116829	-	1257	458	858	954	925	814	788
YBR293W	II	787006	788430	+	1425	239	417	448	373	389	440
YBR223W-A	II	668721	668840	+	120	0	0	0	0	0	0
YBR115C	II	469748	473926	-	4179	374	720	893	771	892	885
YBR031W	II	300166	301254	+	1089	4088	7450	7317	6525	7261	6001
YBL108C-A	II	7605	7733	-	129	0	0	0	0	0	0
YBR116C	II	474199	474726	-	528	3	2	2	4	4	1
YBR241C	II	702589	704055	-	1467	65	123	128	129	188	101
YBR182C	II	593506	594864	-	1359	194	339	396	333	247	170
YBR134W	II	504243	504644	+	402	1	2	0	1	3	4
YBL037W	II	147209	150286	+	3078	210	405	429	565	586	703
YBR019C	II	276253	278352	-	2100	5	19	14	25	16	23
YBR022W	II	283738	284271	+	534	132	271	296	319	273	335
YBR121C-A	II	482326	482484	-	159	0	0	0	0	0	0
YBR119W	II;II	479338;479435	479345;480323	+;+	897	213	331	429	441	438	422
YBL022C	II	177874	181275	-	3402	552	1216	1166	1758	2211	1990
snR161	II	307185	307345	-	161	0	2	4	5	5	7
YBR243C	II	705447	706793	-	1347	242	543	572	660	731	807
YBR234C	II	685438	686592	-	1155	970	1805	1858	1925	2214	2068
YBR179C	II	586547	589114	-	2568	256	539	523	603	756	871
YBR247C	II	713004	714455	-	1452	941	1906	1921	1975	1868	2233
YBR124W	II	486507	486866	+	360	1	2	0	4	1	0
YBL086C	II	61202	62602	-	1401	309	489	508	433	423	328
YBL065W	II	99963	100307	+	345	0	2	3	1	3	0
YBR227C	II	673572	675134	-	1563	409	721	788	768	888	892
YBR218C	II	658707	662249	-	3543	1283	2483	2588	2282	2584	2246
YBR244W	II	707528	708016	+	489	158	251	269	341	375	337
YBR160W	II	560078	560974	+	897	416	776	848	962	1077	1065
YBL080C	II	73070	74695	-	1626	95	162	183	197	253	224
YBR083W	II	409169	410629	+	1461	398	827	861	721	1149	1126
YBR294W	II	789235	791814	+	2580	9	12	16	36	54	43
tI(AAU)B	II	197494	197567	+	74	0	0	0	0	0	0
YBR091C	II	427155	427484	-	330	79	123	181	171	201	189
YBR284W	II	771239	773632	+	2394	36	102	80	88	91	65
YBR158W	II	556549	558198	+	1650	1683	3341	3164	2972	4210	5052
YBR111W-A	II;II;II	462139;462290;462500	462209;462429;462579	+;+;+	291	196	338	415	397	349	419
YBL071C	II	90223	90531	-	309	2	1	1	1	1	5
YBR126W-B	II	490927	491070	+	144	58	70	88	88	105	54
YBR229C	II	676357	679221	-	2865	295	627	618	669	831	821
YBR042C	II	320416	321609	-	1194	364	725	732	741	723	877
YBR150C	II	541209	544493	-	3285	146	214	253	260	259	225
YBR298C	II	802631	804475	-	1845	108	164	146	115	156	140
YBR143C	II	530869	532182	-	1314	3666	7097	7760	6807	6566	7772
YBR014C	II	266725	267336	-	612	222	434	479	475	580	642
tS(AGA)B	II	227075	227156	+	82	0	2	0	0	1	0
YBR259W	II	730387	732453	+	2067	150	312	332	369	482	541
YBR060C	II	360652	362514	-	1863	319	500	547	574	685	655
YBR180W	II	589741	591459	+	1719	2	5	8	8	8	7
YBL034C	II	153848	158389	-	4542	186	382	348	379	507	622
YBR212W	II	647886	649904	+	2019	578	1022	1001	1059	1308	1114
YBR071W	II	380411	381046	+	636	463	847	865	1186	1427	987
YBL074C	II	86722	87789	-	1068	46	90	90	133	131	149
YBL107C	II	9961	10551	-	591	221	447	457	576	642	654
YBR097W	II	436951	441315	+	4365	212	386	413	442	446	506
YBR136W	II	505668	512774	+	7107	161	319	298	346	350	361
YBR039W	II	315575	316510	+	936	1091	1860	2123	1851	2655	2588
YBL089W	II	49574	50953	+	1380	208	337	390	416	478	441
YBL067C	II	93639	95882	-	2244	567	999	1040	1009	1135	1234
YBR270C	II	742761	744398	-	1638	81	152	138	141	173	142
YBR087W	II	423765	424829	+	1065	454	877	941	967	1013	1086
YBR121C	II	481364	483367	-	2004	3948	7823	8200	7436	7315	8144
YBR026C	II	292877	294019	-	1143	377	708	817	865	1073	994
YBR197C	II	615203	615856	-	654	98	177	222	209	223	186
YBR027C	II	294024	294356	-	333	11	29	23	24	34	34
YBR177C	II	584807	586162	-	1356	774	1464	1523	1080	1222	1046
YBR176W	II	583720	584658	+	939	148	259	291	343	327	366
YBR230W-A	II	680362	680562	+	201	37	71	100	94	130	53
YBR090C	II;II	426333;426874	426516;427058	-;-	369	6	6	8	5	8	6
YBL071C-B	II	89458	89556	-	99	2	2	1	3	0	5
YBR064W	II	367763	368191	+	429	1	0	0	0	0	0
YBR044C	II	324341	326059	-	1719	239	389	436	511	604	556
YBL068W	II	92414	93394	+	981	585	1112	1092	982	1006	1233
YBR216C	II	655576	657600	-	2025	280	576	582	699	744	894
YBR271W	II	744852	746111	+	1260	414	758	759	734	781	903
YBR084W	II	411054	413981	+	2928	1821	3788	3809	3508	3586	3426
YBR065C	II	368584	369678	-	1095	114	204	268	235	305	337
YBR245C	II	708150	711539	-	3390	620	1280	1268	1353	1540	1653
YBR085W	II	415983	416906	+	924	81	171	152	161	153	144
YBR059C	II	356861	360187	-	3327	362	725	704	763	926	887
YBR068C	II	373861	375690	-	1830	3335	6333	5871	6806	6845	6432
YBR285W	II	773922	774356	+	435	8	13	11	13	17	18
YBR041W	II	318266	320275	+	2010	578	1050	1076	1148	1210	1228
YBR252W	II	722611	723054	+	444	373	732	873	666	713	646
YBL082C	II	69751	71127	-	1377	219	374	387	403	453	285
YBL002W	II	236492	236887	+	396	1854	3538	3807	3530	4275	4326
YBL098W	II	39145	40527	+	1383	221	487	425	460	447	465
YBR117C	II	474392	476437	-	2046	9	17	15	16	19	20
YBR214W	II	651415	652998	+	1584	344	593	628	582	616	309
YBR169C	II	573915	575996	-	2082	461	697	752	561	456	344
YBR207W	II	635146	636543	+	1398	482	738	809	810	1049	988
YBR155W	II	549771	550928	+	1158	641	1345	1405	1381	1313	1601
YBL106C	II	10847	13879	-	3033	84	223	200	235	253	280
YBR237W	II	691969	694518	+	2550	253	500	456	522	587	627
YBR193C	II	609082	609753	-	672	142	229	296	268	324	307
YBR149W	II	539987	541021	+	1035	596	1048	1129	1331	1549	1063
YBR013C	II	265492	265881	-	390	0	0	0	0	0	0
YBL063W	II	101886	105221	+	3336	134	272	271	376	447	508
YBL029C-A	II	164488	164772	-	285	163	279	345	257	278	230
YBR147W	II	536575	537465	+	891	10	21	24	20	12	12
YBR246W	II	711591	712754	+	1164	415	761	782	782	865	852
YBR002C	II	241708	242568	-	861	298	563	632	613	721	624
YBR023C	II	284428	287925	-	3498	861	1681	1630	1943	2279	2588
YBL088C	II	51019	59382	-	8364	316	630	599	647	750	805
YBL064C	II	100371	101156	-	786	140	237	257	258	417	317
YBL007C	II	212632	216366	-	3735	1023	1885	1889	2061	2444	2110
tL(UAA)B2	II	347603	347686	+	84	0	0	0	0	0	0
YBL093C	II	44256	44918	-	663	414	782	919	911	938	824
YBL091C	II	47363	48628	-	1266	1093	2001	2065	2018	2284	1715
YBR142W	II	528317	530638	+	2322	1092	2336	2418	2273	2090	2790
YBR047W	II	331833	332360	+	528	25	44	46	70	57	56
YBR238C	II	695107	697302	-	2196	1031	1659	1668	1371	1613	1817
YBR067C	II	372103	372735	-	633	851	1537	1497	1155	1403	851
YBR010W	II	256331	256741	+	411	2077	3799	4149	3901	4026	4101
YBL054W	II	117589	119166	+	1578	624	1140	1187	1322	1301	1455
YBR209W	II	642583	642900	+	318	0	1	0	0	0	0
YBL060W	II	107932	109995	+	2064	169	329	368	373	468	569
YBR089W	II	425183	425782	+	600	4	5	6	7	5	3
YBR025C	II	290681	291865	-	1185	4907	9775	10264	9753	10075	10331
YBR040W	II	316968	317864	+	897	3	7	5	5	13	6
YBR230C	II;II	679549;680040	679942;680050	-;-	405	146	201	238	236	350	266
YBL027W	II;II	168423;168809	168424;169376	+;+	570	10792	19911	22191	18719	18219	14787
YBL100C	II	36989	37303	-	315	0	0	0	1	0	0
YBR261C	II	734832	735530	-	699	305	615	678	663	764	468
YBR034C	II	304930	305976	-	1047	1553	2862	3024	2872	2978	3362
YBR101C	II	443821	444693	-	873	1427	2271	2558	2456	2697	2412
YBL010C	II	206107	206949	-	843	76	135	155	179	234	280
YBR053C	II	339675	340751	-	1077	155	289	332	381	502	527
YBL059C-A	II;II	110125;110506	110420;110539	-;-	330	89	220	238	252	299	310
YBR255C-A	II;II	726618;727012	726917;727074	-;-	363	60	118	174	153	208	167
YBL042C	II	138341	140260	-	1920	738	1615	1717	1945	2635	2439
YBL039C	II	143989	145728	-	1740	1635	3376	3608	3438	3125	3515
YBR217W	II	657832	658392	+	561	84	158	151	152	176	183
YBR200W-A	II	622983	623147	+	165	0	0	0	0	0	0
YBL003C	II	235394	235792	-	399	1988	3226	3809	2920	2938	3492
YBR069C	II	376574	378433	-	1860	1082	2028	2199	2112	2519	2863
YBR056W-A	II	351255	351455	+	201	145	308	372	408	302	130
YBR009C	II	255373	255684	-	312	1790	3365	3694	3373	3873	3646
YBL038W	II	146187	146885	+	699	245	409	472	542	667	689
YBR056C-B	II	351293	351451	-	159	3	3	1	4	1	1
YBR081C	II	401253	405251	-	3999	373	763	756	915	1056	1034
YBR007C	II	248806	251016	-	2211	262	489	464	540	633	574
YBR146W	II	535260	536096	+	837	484	1017	1074	1157	1288	1367
YBR171W	II	578364	578984	+	621	634	1219	1363	2	1	0
YBL028C	II	167518	167838	-	321	701	1321	1452	1233	1089	1525
YBR135W	II	504854	505306	+	453	182	332	391	439	506	334
YBR264C	II	737770	738369	-	600	143	224	268	268	311	254
YBR043C	II	321876	323945	-	2070	269	476	501	551	657	533
YBL059W	II;II	110594;110949	110879;111244	+;+	582	51	96	104	125	134	124
YBR131W	II	497163	499277	+	2115	112	224	244	280	292	348
YBR233W-A	II	684977	685261	+	285	94	168	192	184	237	288
YBR092C	II	427698	429101	-	1404	1614	2660	2782	2257	2413	2315
YBR126C	II	488905	490392	-	1488	1417	2337	2431	2083	2006	1068
YBR057C	II	352193	353293	-	1101	356	659	679	702	817	929
YBR086C	II	420201	423041	-	2841	1672	3118	3117	3056	3670	3878
YBR174C	II	582338	582652	-	315	1	6	0	4	2	3
snR56	II	88190	88277	+	88	0	3	5	5	3	5
YBR281C	II	764970	767606	-	2637	368	741	794	897	1085	1189
YBL103C	II	22076	23536	-	1461	255	446	441	474	516	514
tG(GCC)B	II	197629	197699	-	71	0	0	0	0	0	0
YBR159W	II	558685	559728	+	1044	977	1985	2160	2084	2169	2280
YBR118W	II	477671	479047	+	1377	6296	10741	12086	11063	11357	8251
YBL004W	II	227636	235117	+	7482	1391	3004	2779	2677	2370	2801
YBR163W	II	565723	567480	+	1758	245	502	532	439	479	562
YBL013W	II	202056	203261	+	1206	12	22	30	16	36	25
YBL112C	II	2582	2899	-	318	0	0	0	0	0	0
YBR231C	II	682179	683090	-	912	100	178	169	235	267	200
YBL066C	II	96669	100115	-	3447	166	299	292	305	434	410
YBR008C	II	252563	254209	-	1647	168	282	289	347	462	421
YBL015W	II	194122	195702	+	1581	215	354	336	368	473	320
YBR038W	II	311898	314789	+	2892	417	834	831	986	1155	1246
YBL018C	II;II	185998;186428	186352;186474	-;-	402	177	290	323	279	303	384
YBR253W	II	723270	723635	+	366	144	255	277	269	348	311
YBL068W-A	II	91794	92030	+	237	0	0	0	0	0	0
YBR058C	II	353672	356017	-	2346	513	1045	1147	1121	1215	1329
YBL084C	II	67169	69445	-	2277	226	383	370	413	540	514
YBR224W	II	670125	670640	+	516	2	1	2	2	0	4
YBR077C	II	391805	392293	-	489	136	245	300	309	319	343
YBL087C	II;II	59822;60698	60193;60739	-;-	414	4724	7803	9054	7175	7237	5456
YBR098W	II	441515	443590	+	2076	74	155	133	174	192	265
YBR239C	II	698354	699943	-	1590	145	271	266	258	328	292
YBR168W	II	572371	573612	+	1242	129	222	278	268	285	374
YBL046W	II	132424	133749	+	1326	236	400	452	418	559	419
YBR003W	II	242809	244230	+	1422	336	610	660	675	834	806
YBR215W	II;II	653356;653453	653368;655317	+;+	1878	235	524	539	623	675	831
LSR1	II	680688	681862	-	1175	39	69	66	48	76	67
YBL025W	II	171481	171918	+	438	75	117	137	147	185	151
YBR105C	II	450881	451969	-	1089	291	558	619	545	674	657
YBR200W	II	620872	622527	+	1656	332	574	642	602	722	774
YBR190W	II	605966	606277	+	312	0	2	2	0	3	2
YBR248C	II	714807	716465	-	1659	741	1369	1417	1429	1571	1519
YBR145W	II	533762	534817	+	1056	234	446	491	318	255	210
YBL047C	II	127895	132040	-	4146	1194	2313	2160	2343	2863	2550
YBR099C	II	442924	443307	-	384	30	35	33	40	59	59
YBL014C	II	199064	201748	-	2685	293	489	473	477	605	783
YBR062C	II;II	365976;366585	366502;366600	-;-	543	173	272	331	351	407	393
YBL092W	II	45978	46370	+	393	11627	23072	25894	21282	20823	18712
YBR240C	II	700490	701842	-	1353	22	33	54	43	46	39
YBR251W	II	721390	722313	+	924	161	314	345	382	430	432
YBR199W	II	618909	620303	+	1395	838	1568	1619	1540	1768	1745
YBR128C	II	493081	494115	-	1035	44	52	68	75	67	63
YBR139W	II	515664	517190	+	1527	318	593	671	682	870	676
YBL070C	II	90605	90925	-	321	2	1	6	3	3	3
YBR054W	II	343101	344135	+	1035	1051	1922	2132	861	531	216
YBL039W-B	II	143393	143572	+	180	51	86	83	78	71	96
YBR072W	II	382030	382674	+	645	38	63	77	87	90	55
YBR111C	II	461178	461873	-	696	736	1501	1570	1576	1469	1091
YBL001C	II	237153	237467	-	315	390	735	821	840	905	980
YBR110W	II	458872	460221	+	1350	400	755	848	835	942	1029
YBL111C	II;II	2907;4216	4116;5009	-;-	2004	1	2	1	1	2	3
YBL036C	II	150447	151220	-	774	529	1045	1113	1121	1083	1389
tR(UCU)B	II	405878	405949	+	72	0	0	0	0	0	0
YBL094C	II	43765	44097	-	333	3	6	11	7	12	8
YBR033W	II	301944	304703	+	2760	21	48	40	44	42	29
YBL073W	II	87646	87957	+	312	1	1	0	0	0	0
YBR096W	II	436021	436713	+	693	487	852	894	939	1014	1295
YBL053W	II	119335	119709	+	375	1	9	5	0	5	4
YBR030W	II	298292	299950	+	1659	235	478	448	462	514	466
YBL076C	II	81043	84261	-	3219	4269	8520	8687	8405	8550	8867
YBR256C	II	727386	728102	-	717	450	962	1059	1089	1204	1109
YBR162W-A	II	565231	565428	+	198	452	826	877	950	944	1097
YBL077W	II	80897	81328	+	432	0	1	1	1	0	0
YBR156C	II	551104	553200	-	2097	126	275	263	290	378	457
YBL012C	II	203406	203807	-	402	0	0	0	0	0	0
YBL008W-A	II	209409	209648	+	240	0	1	2	0	0	1
YBR297W	II	800523	801929	+	1407	66	118	131	139	190	197
YBR189W	II;II	604508;604928	604514;605508	+;+	588	12364	23061	25585	21295	20503	21179
YBL096C	II	43174	43482	-	309	5	3	5	3	7	1
YBR011C	II	257112	257975	-	864	4325	8398	9048	8248	9209	7441
YBL041W	II	141247	141972	+	726	884	1722	1972	2195	2499	2137
YBL081W	II	71866	72972	+	1107	519	831	822	874	1152	1024
YBR089C-A	II	426190	426489	-	300	270	480	507	459	525	407
YBR103C-A	II	449320	449463	-	144	1	0	0	2	1	1
YBR296C	II	796798	798522	-	1725	646	1419	1281	1053	1074	1122
YBL040C	II;II	142112;142847	142749;142868	-;-	660	676	1204	1240	1356	1395	1780
YBR165W	II	568852	569685	+	834	139	246	278	262	302	296
YBL026W	II;II	170623;170805	170676;171038	+;+	288	378	685	791	738	811	1036
YBR082C	II;II	406628;407123	407027;407169	-;-	447	2224	4087	4435	4836	6440	4807
YBR280C	II	762784	764697	-	1914	202	296	346	327	274	212
YBR061C	II	364787	365719	-	933	437	847	931	807	779	906
YBL016W	II	192451	193512	+	1062	605	1061	1084	1084	1210	899
YBR175W	II	582408	583355	+	948	143	230	277	279	322	316
YBR029C	II	296369	297742	-	1374	792	1411	1407	1424	1502	1732
YBL057C	II	112801	113427	-	627	341	646	793	763	701	617
YBR298C-A	II	805035	805256	-	222	0	0	0	0	0	0
YBR192W	II	607652	608785	+	1134	284	615	634	640	778	956
tQ(UUG)B	II	350827	350898	+	72	0	0	0	0	0	0
YBR302C	II	810340	811479	-	1140	49	108	99	112	109	97
YBR254C	II	723736	724263	-	528	138	235	271	289	319	337
YBR204C	II	632254	633381	-	1128	203	323	388	445	477	450
YBR220C	II	662995	664677	-	1683	314	569	613	601	759	642
YBR222C	II	666720	668351	-	1632	391	731	722	904	998	716
YBR290W	II	782591	783556	+	966	459	796	881	834	876	876
YBR162C	II	563203	564570	-	1368	6101	11021	11145	11091	11331	10573
YBR167C	II	571468	571890	-	423	129	261	311	291	314	348
YBL033C	II	158656	159693	-	1038	200	411	427	511	624	369
YBR228W	II	675313	676227	+	915	93	232	249	247	285	327
YBR263W	II	736264	737736	+	1473	1519	2975	3102	2796	2891	2466
YBR250W	II	719033	720604	+	1572	19	27	35	42	40	57
YBR272C	II	746361	747803	-	1443	236	422	415	454	572	585
YBR120C	II	480435	480923	-	489	161	247	327	302	334	425
YBR084C-A	II;II	414186;415260	414753;415261	-;-	570	7633	14622	15699	13718	13264	10638
YBL062W	II	105308	105688	+	381	0	1	1	0	1	1
YBR301W	II	809057	809419	+	363	1	9	6	7	6	6
YBR076W	II	390227	391291	+	1065	9	7	15	11	8	7
YBR210W	II	645550	645978	+	429	165	319	349	340	319	437
YBR106W	II	452658	453224	+	567	3095	5705	6266	5756	6159	5208
YBR005W	II	245906	246547	+	642	610	926	1103	1127	1103	556
YBR153W	II	547460	548194	+	735	208	363	345	433	484	463
YBR132C	II	499652	501442	-	1791	61	90	87	82	102	100
YBR166C	II	569842	571200	-	1359	551	965	1034	1069	1239	1381
YBR221W-A	II	666538	666642	+	105	0	0	0	1	0	1
YBR131C-A	II	497650	497739	-	90	0	0	0	0	0	0
YBR161W	II	561634	562764	+	1131	132	240	249	227	275	316
YBR109C	II	457919	458362	-	444	989	1764	1975	1875	1731	1987
YBR255W	II	724456	726540	+	2085	226	385	473	459	497	455
YBR205W	II	633622	634836	+	1215	529	1076	1094	1052	1137	1208
YBR296C-A	II	800123	800242	-	120	0	0	0	1	0	0
YBL043W	II	136688	137461	+	774	44	107	88	171	327	224
YBR130C	II	495592	496869	-	1278	407	830	906	924	1057	1310
YBR206W	II	634601	634924	+	324	38	67	77	63	65	58
YBR122C	II	483970	484503	-	534	366	570	646	720	839	969
YBR295W	II	792849	796499	+	3651	221	465	430	617	419	380
YBR004C	II	244366	245667	-	1302	524	1103	1115	1063	1026	1221
YBR202W	II	625772	628309	+	2538	522	1018	1056	867	1282	1354
YBR001C	II	238941	241283	-	2343	162	318	303	360	471	444
YBL113C	II	280	2658	-	2379	67	112	104	149	192	121
YBR288C	II	778012	779463	-	1452	412	753	803	788	779	961
YBR282W	II	768240	768680	+	441	142	212	278	369	423	400
YBL072C	II	88523	89125	-	603	5084	8800	9562	8359	8208	8399
YBR103W	II	447709	449316	+	1608	205	407	475	499	578	573
YBR107C	II	453793	454530	-	738	78	124	145	130	129	110
YBL024W	II	172534	174588	+	2055	1431	2974	2940	2813	2811	3370
YBR012C	II	259147	259566	-	420	0	0	0	0	0	0
YBR188C	II	603685	604107	-	423	77	181	187	265	267	254
YBL075C	II	84499	86448	-	1950	116	232	239	277	345	312
YBR102C	II	445062	447323	-	2262	269	556	549	635	709	817
YBR006W	II	247010	248503	+	1494	273	416	468	338	272	192
YBL051C	II	122753	124759	-	2007	701	1268	1352	1416	1647	1546
YBR196C	II	612236	613900	-	1665	8928	17297	17970	15844	15094	13179
YBL031W	II	161699	162715	+	1017	101	156	185	220	300	235
YBR141W-A	II	527167	527262	+	96	2	1	1	1	1	4
YBL006W-A	II	216711	216860	+	150	1	0	3	2	0	3
YBL100W-C	II	28427	28546	+	120	0	0	1	1	1	1
YBR236C	II	690383	691693	-	1311	325	620	731	762	812	878
YBR276C	II	757620	760043	-	2424	421	826	778	907	992	1051
YBR036C	II	309081	310313	-	1233	1148	1946	2169	2138	2431	1874
YBR045C	II	328173	330092	-	1920	62	114	119	110	168	116
YBR291C	II	783673	784572	-	900	83	103	133	142	153	166
YBR137W	II	513044	513583	+	540	182	375	390	451	524	530
YBR079C	II	395383	398277	-	2895	4123	8044	7909	7679	8136	7806
YBR017C	II	270947	273703	-	2757	869	1793	1830	1823	1938	2065
YBL044W	II	135998	136366	+	369	1	0	1	2	2	0
YBL023C	II	174920	177526	-	2607	358	668	677	671	777	880
YBR127C	II	491269	492822	-	1554	3412	5941	5962	5584	6220	5435
YBR152W	II	546376	547251	+	876	105	168	179	169	245	223
YBR035C	II	306269	306955	-	687	488	858	990	972	1067	827
YBR289W	II	779667	782384	+	2718	148	343	363	429	524	461
YBL017C	II	186844	191583	-	4740	901	1695	1688	1621	1775	1787
YBR157C	II	553543	554310	-	768	145	259	236	176	295	224
YBL104C	II	18177	21293	-	3117	207	403	420	546	595	660
YBL109W	II	5790	6125	+	336	0	1	1	0	3	0
tL(UAA)B1	II	9583	9666	+	84	0	0	0	0	0	0
YBR072C-A	II	382860	383021	-	162	0	0	0	2	1	4
YBR300C	II	808600	809097	-	498	2	1	3	2	1	0
YBR195C	II	610614	611882	-	1269	140	332	303	328	384	395
YBR233W	II	683428	684669	+	1242	162	254	271	320	400	435
YBR262C	II	735720	736040	-	321	208	351	414	428	474	346
YBR020W	II	279021	280607	+	1587	17	40	58	53	68	68
YBR085C-A	II	418907	419164	-	258	559	1087	1161	1087	1087	843
YBR123C	II	484742	486691	-	1950	207	392	404	504	609	579
YBR221C	II	665153	666253	-	1101	2140	3798	3881	4024	4417	3938
YBL029W	II	166134	167264	+	1131	84	215	194	183	283	167
YBL045C	II	134143	135516	-	1374	1134	2076	2252	1970	3378	2491
YBR191W-A	II	607149	607223	+	75	28	74	69	52	41	40
YBR154C	II	548362	549009	-	648	1312	2538	2830	2632	2542	3420
YBR278W	II	760294	760899	+	606	96	152	157	182	202	180
YBR273C	II	748061	749371	-	1311	435	770	931	863	880	638
YBR032W	II	301519	301821	+	303	9	17	14	6	6	18
YBR048W	II;II	332831;333387	332875;333812	+;+	471	5715	9558	9785	9107	9872	8311
YBR104W	II	449667	450656	+	990	414	884	973	841	913	914
YBL079W	II	75259	79767	+	4509	663	1387	1330	1471	1768	1963
YBR265W	II	738582	739544	+	963	441	774	868	796	978	762
YBR249C	II	716882	717994	-	1113	3623	7337	7485	6297	5798	4954
YBR203W	II	629168	631942	+	2775	109	212	189	264	248	251
YBR184W	II	597363	598934	+	1572	32	63	64	79	97	103
YBR170C	II	576344	578086	-	1743	281	453	482	683	875	893
YBR173C	II	581726	582172	-	447	441	783	882	1006	1208	860
YBR133C	II	501804	504287	-	2484	409	761	704	772	945	1063
YBR275C	II	751356	757106	-	5751	369	850	848	988	1161	1289
YBL108W	II	8177	8482	+	306	0	0	0	0	0	0
YBL113W-A	II	646	1128	+	483	0	0	1	2	0	0
YBL085W	II	63876	66818	+	2943	704	1176	1256	1334	1781	1717
YBL052C	II	119379	121874	-	2496	255	553	496	617	823	941
YBL009W	II	207194	209224	+	2031	252	613	574	697	853	996
YBR283C	II	768943	770415	-	1473	2339	4465	4217	4148	4485	5382
YBR094W	II	432036	434297	+	2262	301	654	633	701	707	924
YBR258C	II	729734	730162	-	429	66	132	178	157	161	210
YBR201W	II	623576	624211	+	636	166	292	332	341	369	418
YBR070C	II	379221	379934	-	714	164	316	342	308	349	415
tE(UUC)B	II	645167	645238	+	72	0	1	0	0	0	0
YBR198C	II	616127	618523	-	2397	552	1107	1085	1227	1503	1375
YBL056W	II	113762	115168	+	1407	1091	1877	2033	2047	2181	2091
YBL099W	II	37053	38690	+	1638	2115	3707	4133	3589	4884	4559
YBR257W	II	728885	729724	+	840	134	310	298	296	339	457
YBR126W-A	II	490850	491056	+	207	6	5	5	12	9	11
YBR242W	II	704670	705386	+	717	506	1082	1182	1150	1066	1154
YBL008W	II	209653	212175	+	2523	232	402	442	497	621	649
YBR181C	II;II	591712;592769	592416;592774	-;-	711	3140	6146	6753	5544	5653	5563
tC(GCA)B	II	643007	643078	-	72	0	0	0	0	0	0
YBR052C	II	338720	339352	-	633	400	737	778	783	865	645
YBR093C	II	429548	430951	-	1404	2273	5192	4650	1737	1308	1140
YBR049C	II	334386	336818	-	2433	411	770	791	894	1190	1208
YBR056W	II	347879	349384	+	1506	492	807	952	913	890	727
YBL030C	II	163041	163997	-	957	1654	3061	3234	3031	4286	3682
tT(AGU)B	II	266378	266450	+	73	0	0	0	0	0	0
YBR141C	II	527025	528038	-	1014	133	267	303	310	338	373
YBR226C	II	673155	673565	-	411	4	8	8	7	5	6
YBL005W	II	217470	220400	+	2931	236	394	457	562	578	684
YBR151W	II	545028	545978	+	951	611	1160	1237	1274	1433	1159
YBR144C	II	533235	533549	-	315	0	0	0	2	0	0
YBR178W	II	586071	586445	+	375	2	2	1	4	7	4
YBR138C	II	513762	515336	-	1575	93	185	187	201	242	302
YBL090W	II	48825	49358	+	534	215	390	460	476	556	585
YBL105C	II	14241	17696	-	3456	557	1071	1019	1131	1274	1284
YBL102W	II	24098	24745	+	648	286	573	634	629	709	680
YBL011W	II	203538	205817	+	2280	514	936	930	1054	1273	1187
YBR095C	II	434406	435698	-	1293	250	461	441	480	567	597
YBR196C-B	II	614526	614630	-	105	4	13	13	2	12	21
YBL048W	II	127299	127610	+	312	9	20	18	12	13	5
YBR066C	II	370037	370699	-	663	187	306	345	212	199	255
YBR292C	II	784702	785073	-	372	14	13	15	18	33	33
YBR018C	II	274427	275527	-	1101	14	28	28	38	23	24
YBR194W	II	610038	610409	+	372	44	113	112	145	121	159
YBR076C-A	II	391351	391617	-	267	30	52	75	69	70	53
YBR108W	II	454822	457665	+	2844	240	453	451	420	516	316
YBR046C	II	330507	331511	-	1005	79	132	139	195	239	202
YBR235W	II	686901	690263	+	3363	241	421	395	477	572	530
YBR274W	II	749594	751177	+	1584	251	457	523	535	580	629
YBL006C	II	216587	217129	-	543	225	423	480	465	509	323
YBR186W	II;II	600553;602217	602103;602360	+;+	1695	5	4	9	15	13	6
YBR277C	II	760215	760616	-	402	1	3	2	3	1	2
YBR185C	II	599123	599959	-	837	180	288	342	348	485	459
YBL078C	II	80378	80731	-	354	86	157	204	193	160	113
YBR037C	II	310565	311452	-	888	87	175	152	186	281	251
YBR015C	II	267710	269503	-	1794	1098	2030	2112	2106	2483	2213
YBR016W	II	270247	270633	+	387	240	332	401	483	551	315
YBL107W-A	II	9268	9372	+	105	0	0	0	0	0	0
YBL071W-A	II	89978	90226	+	249	121	234	264	278	330	361
YBR269C	II	742160	742576	-	417	137	207	244	255	290	202
YBR266C	II	739936	740388	-	453	0	1	0	1	0	2
YBR055C	II	344602	347301	-	2700	370	772	761	849	969	1036
YBR088C	II	424990	425766	-	777	688	1213	1219	1366	1716	1775
tV(UAC)B	II	326792	326865	-	74	0	0	0	0	0	0
YBL019W	II	184353	185915	+	1563	135	262	283	270	237	277
YBR112C	II	462870	465770	-	2901	874	1590	1564	1736	2190	1695
YBR164C	II	567875	568426	-	552	460	965	1040	928	964	1202
YBR148W	II	537876	539705	+	1830	33	74	88	87	91	100
YBL020W	II	182401	184125	+	1725	512	906	939	915	1049	1169
YBR208C	II	636703	642210	-	5508	429	801	784	1237	1557	1455
tD(GUC)B	II	405960	406031	+	72	0	0	0	0	0	0
YBR172C	II	579150	581372	-	2223	759	1600	1643	1689	2236	2233
YBL097W	II	40831	43095	+	2265	56	118	142	156	241	213
YBR050C	II	337183	338199	-	1017	14	21	32	23	31	30
YBR183W	II	596115	597065	+	951	241	456	502	377	361	153
YBR213W	II	650368	651192	+	825	48	120	103	142	170	122
YBR113W	II	465566	466048	+	483	3	0	1	0	2	1
YBL091C-A	II;II	46565;47147	47058;47180	-;-	528	61	125	138	150	160	101
YBR196C-A	II	614024	614173	-	150	11	27	32	19	17	13
YBR286W	II	774700	776313	+	1614	4550	8437	8588	9866	10787	8611
YBR268W	II	741299	741616	+	318	160	213	289	326	392	270
YBR058C-A	II	356324	356566	-	243	286	499	598	506	500	666
YBR287W	II	776571	777854	+	1284	1851	3459	3532	3366	3152	2569
YBL083C	II	69713	70138	-	426	3	1	4	6	2	6
YBL061C	II	105316	107406	-	2091	522	1060	1133	1202	1322	1555
YBR267W	II	739841	741022	+	1182	662	1255	1303	1399	1589	1697
YBR114W	II	467248	469620	+	2373	313	554	547	512	628	578
YBL032W	II	160184	161329	+	1146	529	1019	1234	1233	1362	1076
YBR219C	II;II	662499;663003	662581;663303	-;-	384	0	0	0	0	2	0
tF(GAA)B	II;II	36398;36453	36434;36488	+;+	73	0	0	0	0	0	0
YBR299W	II	805351	807105	+	1755	7	4	6	7	15	9
YBR191W	II;II	606270;606669	606280;607140	+;+	483	8108	13774	15665	12924	12560	10692
YBR125C	II	487199	488380	-	1182	294	554	563	581	714	691
YBL069W	II	90741	92030	+	1290	344	691	664	694	743	553
YBR223C	II	668663	670297	-	1635	104	162	182	180	230	174
YBR074W	II	386286	389216	+	2931	581	1127	1080	1085	1209	1340
YBR201C-A	II	624493	624696	-	204	29	54	71	55	55	46
YBR187W	II	602634	603476	+	843	1022	1777	1827	1653	1623	1847
YBL021C	II	181660	182094	-	435	74	122	143	140	188	119
YBL049W	II	126828	127244	+	417	22	54	68	29	23	10
YBL035C	II	151493	153610	-	2118	187	382	347	458	576	685
YBL095W	II	43277	44089	+	813	118	211	211	225	272	198
YBR073W	II	383112	385988	+	2877	480	1095	1055	1318	1647	1800
YBR109W-A	II	458608	458832	+	225	7	13	17	23	26	31
YBR260C	II	732639	734639	-	2001	234	424	496	569	642	643
YBR279W	II	761257	762594	+	1338	483	969	1012	1072	1228	1187
YBR211C	II	646158	647132	-	975	204	307	329	312	296	289
YBR078W	II;II	393123;393511	393180;394742	+;+	1290	8040	14915	14808	16965	19455	19296
YBR063C	II	366970	368184	-	1215	129	276	259	290	315	422
YBR028C	II	294425	296002	-	1578	239	603	596	622	734	854
YBL039C-A	II	144948	145031	-	84	0	0	0	0	0	0
YBR129C	II	494353	495339	-	987	263	418	483	460	519	499
YBL050W	II;II	125125;125271	125154;126119	+;+	879	530	985	1012	1015	1154	1090
YBR051W	II	337988	338338	+	351	0	0	0	1	3	1
YBR080C	II	398614	400890	-	2277	636	1116	1132	1201	1359	1462
YBL058W	II	111437	112708	+	1272	803	1492	1571	1863	2280	1792
YBL101C	II	24946	28299	-	3354	247	426	408	407	489	406
YBR140C	II	517350	526628	-	9279	492	971	999	1046	1115	1160
YBR021W	II	281443	283344	+	1902	292	599	564	575	724	893
YBR232C	II	683373	683732	-	360	0	1	1	1	0	1
YBR024W	II	289445	290350	+	906	123	259	263	304	298	270
YBL005W-B	II	221330	226598	+	5269	134	269	258	248	255	233
YBL100W-A	II	29935	31251	+	1317	0	0	0	0	0	0
YBR012W-B	II	259869	265140	+	5272	0	1	4	1	6	2
YBR012W-A	II	259869	261191	+	1323	0	0	0	0	0	0
YBL005W-A	II	221330	222652	+	1323	0	0	0	0	0	0
YBL100W-B	II	29935	35248	+	5314	44	77	76	98	102	124
YNR017W	XIV	662913	663581	+	669	727	1398	1424	1541	1675	1293
YNL105W	XIV	424155	424583	+	429	1	0	0	0	0	0
YNR069C	XIV	761123	762592	-	1470	56	99	79	126	166	132
YNL306W	XIV	58155	58808	+	654	432	753	870	949	1106	978
YNL288W	XIV	90303	91424	+	1122	611	994	1010	1039	1122	867
YNL191W	XIV	280432	281505	+	1074	196	389	428	440	578	546
YNL150W	XIV	349251	349658	+	408	1	2	3	3	1	3
YNL097C	XIV	441366	442358	-	993	188	311	390	347	376	290
tN(GUU)N1	XIV	102716	102789	+	74	0	0	0	0	0	0
YNL137C	XIV	368595	370055	-	1461	461	950	1003	1095	1338	1312
YNL331C	XIV	16118	17248	-	1131	83	159	187	181	205	192
YNL030W	XIV	576727	577038	+	312	2688	4692	5530	5254	5545	4716
YNL297C	XIV	71673	76583	-	4911	437	826	786	972	1023	1255
YNL102W	XIV	430087	434493	+	4407	320	658	625	747	936	1080
YNR026C	XIV	673274	674689	-	1416	272	575	619	657	730	874
YNL152W	XIV	346313	347542	+	1230	254	428	485	508	566	513
YNL140C	XIV	360917	361486	-	570	2	3	4	3	4	3
YNL099C	XIV	438567	439283	-	717	278	637	683	661	798	673
YNL182C	XIV	295960	297627	-	1668	842	1807	1854	1710	1691	2152
YNL180C	XIV	299654	300649	-	996	421	934	975	1059	1393	1327
YNR001C	XIV	629622	631061	-	1440	793	1406	1505	1095	1632	1161
YNL091W	XIV	452408	456130	+	3723	891	1802	1773	1996	2275	2209
YNL157W	XIV	340352	340858	+	507	570	932	1079	1129	1094	936
YNL315C	XIV	43324	44280	-	957	388	761	834	863	1018	918
YNL221C	XIV	231068	233695	-	2628	458	896	903	989	1190	1255
YNR052C	XIV	719346	720647	-	1302	585	1136	1224	1255	1400	1118
YNL061W	XIV	510540	512396	+	1857	2530	5150	5229	4917	4419	4983
YNL284C	XIV	103134	104102	-	969	297	634	648	679	928	834
YNR040W	XIV	699690	700460	+	771	85	150	132	229	245	223
YNL246W	XIV;XIV	185460;185587	185491;186349	+;+	795	315	590	591	590	678	567
YNL097W-A	XIV	441431	441586	+	156	0	0	1	4	1	2
YNL121C	XIV	398684	400537	-	1854	1393	2832	2749	3265	3815	4149
snR191	XIV	721938	722211	-	274	13	13	20	11	14	13
YNL043C	XIV	545589	545909	-	321	8	14	25	16	24	16
YNR055C	XIV	728426	730186	-	1761	576	1138	1092	1085	1155	1097
YNL039W	XIV	555048	556832	+	1785	427	751	801	839	1088	1001
YNR036C	XIV	694361	694822	-	462	335	538	583	597	795	509
YNL304W	XIV	60297	61550	+	1254	75	158	152	176	239	171
YNL119W	XIV	401040	402521	+	1482	487	973	1053	1033	1043	1411
YNL034W	XIV	570477	572315	+	1839	3	6	5	2	11	5
YNL187W	XIV	287994	289067	+	1074	88	174	160	176	235	198
YNL310C	XIV	51907	52431	-	525	82	182	223	232	350	205
YNL277W	XIV	117349	118809	+	1461	41	120	110	150	267	243
YNL126W	XIV	387227	389767	+	2541	157	273	319	365	416	608
tL(UAA)N	XIV	726134	726217	-	84	0	0	0	0	0	0
YNL210W	XIV	250931	251743	+	813	0	1	0	0	1	1
YNR041C	XIV	700541	701659	-	1119	164	321	331	380	445	304
YNL193W	XIV	274368	276044	+	1677	192	311	338	294	337	323
YNL301C	XIV;XIV	63570;64451	64018;64562	-;-	561	1654	2934	3053	2726	2787	2983
YNL263C	XIV	146896	147840	-	945	420	807	742	842	1019	913
YNL059C	XIV	512668	514935	-	2268	713	1264	1258	1422	1497	1534
YNL028W	XIV	578679	578996	+	318	0	0	0	0	2	0
YNL044W	XIV;XIV	545268;545371	545291;545877	+;+	531	816	1552	1604	1568	1647	1656
YNL026W	XIV	581920	583374	+	1455	339	623	632	771	986	891
YNL067W	XIV	499681	500256	+	576	2575	4687	5050	4940	4896	5160
YNL205C	XIV	258155	258577	-	423	1	1	1	0	0	1
YNL104C	XIV	424895	426754	-	1860	2000	3982	4079	4324	5267	4273
YNL169C	XIV	316169	317671	-	1503	423	882	901	745	855	874
YNL268W	XIV	138550	140385	+	1836	1166	2057	2101	2250	2578	2632
YNL162W	XIV;XIV	331322;331838	331325;332154	+;+	321	3531	6767	7483	6249	5811	6090
YNL257C	XIV	160631	164320	-	3690	285	552	558	534	624	699
YNL229C	XIV	219137	220201	-	1065	611	1160	1294	1351	1461	1435
YNL042W-B	XIV	547113	547370	+	258	0	0	1	1	0	0
YNL248C	XIV	181361	182608	-	1248	1833	3651	3755	3528	3055	3771
YNR045W	XIV	706139	707608	+	1470	175	275	306	279	362	279
YNR051C	XIV	716780	718327	-	1548	1585	3143	3210	3372	3793	3456
YNL190W	XIV	282395	283009	+	615	1974	3692	3867	3717	4385	3052
YNL194C	XIV	272710	273615	-	906	14	22	15	3	7	1
YNL080C	XIV	476932	478032	-	1101	356	681	645	652	787	616
YNR005C	XIV	636931	637335	-	405	0	0	0	0	0	0
YNR064C	XIV	749136	750008	-	873	11	14	18	34	37	7
YNL145W	XIV	352414	352530	+	117	1325	2161	2310	1587	1906	2274
YNR068C	XIV	760067	760885	-	819	41	55	71	96	156	134
YNL323W	XIV	31944	33188	+	1245	365	669	765	642	717	706
YNL003C	XIV	624975	625829	-	855	210	428	458	440	542	457
YNL199C	XIV	264926	266530	-	1605	304	615	598	651	760	663
YNL048W	XIV	538173	539819	+	1647	462	827	903	916	931	1208
YNL072W	XIV	490317	491240	+	924	84	144	170	203	287	220
YNL224C	XIV	224796	227099	-	2304	303	562	541	624	699	624
YNL067W-A	XIV	498538	498684	+	147	0	0	0	0	0	0
YNR032W	XIV	686010	687116	+	1107	216	353	430	399	473	337
YNL206C	XIV	256788	258155	-	1368	282	585	622	677	772	845
YNR062C	XIV	744360	745343	-	984	11	16	23	13	21	21
YNL203C	XIV	259439	260050	-	612	16	23	33	26	27	24
YNL273W	XIV	122883	126599	+	3717	139	300	297	363	489	559
tI(AAU)N1	XIV	569867	569940	-	74	0	0	0	0	0	0
YNL213C	XIV	246460	247104	-	645	212	405	453	493	541	653
YNL055C	XIV	517994	518845	-	852	2797	5716	5847	6153	7672	5282
YNL170W	XIV	315978	316373	+	396	18	34	23	35	48	67
YNR013C	XIV	649028	651712	-	2685	813	1539	1503	1520	1812	1741
YNL269W	XIV	137699	138094	+	396	3	1	2	0	1	0
YNR020C	XIV	667410	668222	-	813	128	239	228	249	342	337
YNL041C	XIV	549468	551987	-	2520	370	611	680	750	834	930
YNL234W	XIV	210233	211513	+	1281	266	416	476	417	347	393
YNL165W	XIV	323832	325052	+	1221	145	274	318	282	399	359
YNL116W	XIV	408341	409909	+	1569	111	229	257	267	291	276
YNL008C	XIV	616211	618241	-	2031	307	528	573	581	620	764
YNL309W	XIV	52662	53924	+	1263	68	154	145	180	280	216
YNR015W	XIV	653387	654541	+	1155	456	862	909	854	920	678
YNR075W	XIV	779916	781040	+	1125	169	327	315	369	363	368
YNL025C	XIV	584320	585291	-	972	109	240	240	275	249	252
YNL058C	XIV	515763	516713	-	951	506	992	1041	1231	1360	1234
YNL313C	XIV	45308	48022	-	2715	659	1390	1357	1504	1745	2186
YNL122C	XIV	398023	398370	-	348	148	203	225	234	302	360
YNL094W	XIV	447611	449374	+	1764	397	654	670	790	932	801
YNL001W	XIV	627456	628616	+	1161	505	987	983	950	906	1395
YNL317W	XIV	40619	42016	+	1398	205	385	417	403	555	455
YNL035C	XIV	568522	569691	-	1170	316	553	650	645	649	647
YNL007C	XIV	618507	619565	-	1059	2243	3490	4253	4329	5898	5220
YNL162W-A	XIV	330329	330547	+	219	39	85	94	98	106	221
YNR039C	XIV	697614	699431	-	1818	260	450	441	459	592	579
YNL103W-A	XIV	426719	426808	+	90	0	0	0	0	0	0
tL(CAA)N	XIV;XIV	443006;443076	443043;443119	+;+	82	0	0	0	0	0	0
YNL052W	XIV	531725	532186	+	462	744	1289	1482	1194	1824	1393
YNL120C	XIV	401033	401518	-	486	0	0	0	1	1	0
YNL002C	XIV	626174	627142	-	969	2056	4320	4451	3943	3253	4820
YNL311C	XIV	49397	51688	-	2292	258	483	482	445	560	633
YNR007C	XIV	639182	640114	-	933	193	316	329	359	335	289
YNL291C	XIV	84169	85815	-	1647	248	501	520	523	600	651
YNL195C	XIV	271523	272308	-	786	30	63	57	76	64	38
YNL087W	XIV	462411	465947	+	3537	1474	3011	3104	2954	2663	3244
tF(GAA)N	XIV;XIV	374869;374924	374905;374959	+;+	73	0	0	1	1	0	0
YNL217W	XIV	240331	241311	+	981	1116	2135	2352	1927	1809	1417
YNL029C	XIV	577205	578773	-	1569	160	319	342	257	244	247
YNR028W	XIV	676177	677103	+	927	366	663	711	640	758	815
YNL009W	XIV	614821	616083	+	1263	36	69	82	75	75	98
YNL024C-A	XIV	586602	586820	-	219	248	401	472	367	373	457
YNL334C	XIV	12208	12876	-	669	9	14	19	14	16	20
YNL319W	XIV	38642	39082	+	441	12	13	24	13	13	15
YNL295W	XIV	76946	78520	+	1575	189	305	347	381	395	451
tN(GUU)N2	XIV	632599	632672	+	74	0	0	0	0	0	0
YNL192W	XIV	276502	279897	+	3396	4053	7258	7322	7792	5991	4369
YNL149C	XIV	349367	349756	-	390	549	1015	1167	1128	1197	1181
YNL071W	XIV	491523	492971	+	1449	2081	3699	3845	4237	4773	3536
YNL089C	XIV	456693	457169	-	477	1	1	0	1	2	2
YNL308C	XIV	54122	55897	-	1776	2269	4464	4598	4390	3771	3833
YNL239W	XIV	200569	201933	+	1365	594	1221	1275	1368	1600	1507
YNL275W	XIV	119268	120998	+	1731	151	345	313	311	340	433
YNR071C	XIV	770440	771468	-	1029	0	0	0	0	0	0
YNL226W	XIV	222239	222649	+	411	2	2	2	3	2	0
YNL040W	XIV	553380	554750	+	1371	512	1033	1139	1081	1200	1214
YNL117W	XIV	406358	408022	+	1665	8	18	17	17	22	18
YNL050C	XIV;XIV	534079;534966	534874;534982	-;-	813	352	628	690	687	767	923
YNL086W	XIV	466334	466642	+	309	30	58	87	102	99	77
YNL017C	XIV	602138	602476	-	339	0	0	0	0	0	0
YNR070W	XIV	765375	769376	+	4002	0	0	0	0	0	0
YNR067C	XIV	755746	759099	-	3354	1824	3453	3294	3748	4784	4584
YNL305C	XIV	58898	59791	-	894	224	370	394	402	442	259
YNL015W	XIV	605384	605611	+	228	172	340	367	403	441	519
YNL146C-A	XIV	351386	351580	-	195	13	26	42	26	25	33
YNL063W	XIV	507758	508702	+	945	141	203	261	247	263	248
YNL294C	XIV	78659	80260	-	1602	475	923	921	983	1062	899
YNR046W	XIV	707788	708195	+	408	371	777	797	741	844	514
YNL167C	XIV	319416	321359	-	1944	508	857	844	816	1021	874
YNL280C	XIV	109095	110411	-	1317	741	1595	1609	1376	1482	1558
YNR002C	XIV	633008	633856	-	849	8	19	28	20	14	7
YNL036W	XIV	559814	560479	+	666	208	363	415	556	910	863
YNL075W	XIV	485607	486479	+	873	672	1242	1382	1292	1257	1462
YNR058W	XIV	734291	735733	+	1443	62	92	97	95	95	85
YNL054W	XIV	526086	529583	+	3498	233	430	464	521	715	636
YNR006W	XIV	636986	638854	+	1869	543	940	1034	1155	1114	815
YNR042W	XIV	701238	701666	+	429	0	1	1	1	3	0
YNL261W	XIV	155100	156539	+	1440	199	425	437	448	534	597
YNL188W	XIV	286308	287609	+	1302	268	531	585	612	778	868
YNL146W	XIV	351715	352017	+	303	12	24	24	26	26	34
YNL228W	XIV	220645	221421	+	777	1	4	2	6	2	4
YNL211C	XIV	250055	250315	-	261	64	116	117	113	113	132
YNR021W	XIV	668377	669591	+	1215	1434	2987	2979	2812	2898	3425
YNL201C	XIV	260627	263203	-	2577	353	769	739	853	1147	1518
YNR033W	XIV	687635	689998	+	2364	435	805	822	1035	1209	946
YNR034W	XIV	690321	691286	+	966	157	283	312	292	257	208
YNL272C	XIV	126805	129084	-	2280	336	658	675	719	906	936
YNL245C	XIV	186346	186885	-	540	99	152	170	162	249	254
YNR074C	XIV	777602	778738	-	1137	0	0	0	0	0	0
YNL123W	XIV	394685	397678	+	2994	900	1835	1775	2042	2333	2813
YNR016C	XIV	654673	661374	-	6702	4043	8319	7911	7054	7210	6630
YNL223W	XIV	227370	228854	+	1485	138	197	252	240	251	222
YNR032C-A	XIV	687243	687464	-	222	115	202	237	212	184	259
YNL133C	XIV	374171	374692	-	522	59	127	114	139	130	182
YNL178W	XIV	302680	303402	+	723	14670	29855	32878	26424	24455	24146
YNL065W	XIV	503724	505484	+	1761	363	688	625	643	1015	1704
YNR043W	XIV	701895	703085	+	1191	1454	2918	3002	2843	3303	2658
YNL021W	XIV	593227	595347	+	2121	367	648	628	742	862	876
YNL124W	XIV	392892	394370	+	1479	467	852	854	907	885	793
YNL312W	XIV;XIV	48287;48402	48293;49216	+;+	822	356	608	643	766	912	919
YNL143C	XIV	356794	357186	-	393	7	11	17	14	19	10
YNL251C	XIV	172588	174315	-	1728	476	908	831	801	860	972
snR40	XIV	89210	89306	+	97	9	8	13	6	6	9
YNL299W	XIV	66517	68445	+	1929	220	506	494	582	729	907
snR19	XIV	230105	230672	-	568	26	40	36	23	38	36
YNR049C	XIV	713023	713655	-	633	159	298	331	345	359	273
YNL163C	XIV	326741	330073	-	3333	637	1310	1348	1526	1557	1662
YNR073C	XIV	774792	776300	-	1509	0	0	1	2	0	1
YNL127W	XIV	383987	386848	+	2862	210	351	375	423	454	518
YNL118C	XIV	402652	405564	-	2913	837	1410	1552	1583	1924	2119
tT(AGU)N2	XIV	560693	560765	-	73	0	0	0	0	0	0
YNL189W	XIV	284260	285888	+	1629	1563	3097	3060	3058	3358	3651
YNL290W	XIV	86218	87240	+	1023	446	874	931	1055	1119	829
YNR025C	XIV	672702	673061	-	360	19	45	29	37	41	58
YNL250W	XIV	175410	179348	+	3939	178	342	342	458	498	571
YNL314W	XIV	44447	45214	+	768	97	152	182	155	227	153
YNL227C	XIV	220659	222431	-	1773	540	1013	1050	1156	1089	1350
YNL218W	XIV	238238	240001	+	1764	104	252	265	281	316	320
YNL004W	XIV;XIV	622915;623287	622944;624621	+;+	1365	923	1770	1940	1923	2149	1692
YNR023W	XIV	670418	672118	+	1701	192	360	375	413	513	529
YNL092W	XIV	450871	452073	+	1203	21	32	33	52	67	56
YNL324W	XIV	31050	31445	+	396	0	0	2	1	1	0
YNL233W	XIV	211922	214600	+	2679	347	689	658	747	1015	1023
YNL155W	XIV	342516	343340	+	825	383	679	760	960	1208	1272
YNL020C	XIV	595623	597539	-	1917	255	443	482	539	500	410
YNL076W	XIV	483556	485310	+	1755	400	635	717	678	773	782
YNL200C	XIV	263713	264453	-	741	102	199	233	196	250	203
YNL177C	XIV	303686	304615	-	930	439	818	828	957	1129	1132
YNL077W	XIV	481391	482977	+	1587	520	518	700	425	468	259
YNL293W	XIV	80640	82541	+	1902	252	401	458	487	421	427
YNL098C	XIV	439602	440570	-	969	1135	2030	2220	2227	2517	1884
YNR004W	XIV	635943	636383	+	441	41	81	80	82	88	104
YNL049C	XIV	535281	537911	-	2631	413	809	812	892	1058	1088
YNR019W	XIV	665339	667267	+	1929	1037	2144	2121	2503	2620	2036
YNL031C	XIV	575640	576050	-	411	4625	8227	9176	8701	9356	8611
YNL019C	XIV	598376	599230	-	855	2	5	2	2	2	0
YNL214W	XIV	245617	246216	+	600	81	118	149	130	157	142
YNL006W	XIV	620067	620978	+	912	370	646	759	659	761	586
YNR030W	XIV	678799	680454	+	1656	543	974	1017	1083	1395	1459
YNL038W	XIV;XIV	557020;557685	557610;557783	+;+	690	314	601	680	577	607	763
YNL090W	XIV	456565	457143	+	579	207	368	435	415	506	471
YNL151C	XIV	347766	348521	-	756	645	1101	1177	1166	1091	1188
YNL254C	XIV	168043	169248	-	1206	147	272	293	304	341	418
YNR008W	XIV	640396	642381	+	1986	338	646	653	793	831	809
YNR038W	XIV	695595	697484	+	1890	364	814	858	955	1087	1295
YNR003W-A	XIV	634420	634518	+	99	0	0	1	0	0	0
YNL307C	XIV	56446	57573	-	1128	1076	2153	2065	2078	2399	2587
YNL131W	XIV	378767	379225	+	459	725	1357	1494	1541	1706	1947
YNL265C	XIV;XIV	144280;145255	145149;145281	-;-	897	283	551	550	539	557	554
YNL175C	XIV	307401	308612	-	1212	1495	2843	3040	2715	2268	2667
YNL042W	XIV	548100	549290	+	1191	234	350	446	317	319	247
YNL022C	XIV	591427	592899	-	1473	417	768	749	771	747	998
YNL056W	XIV	517249	517842	+	594	290	555	643	623	632	663
YNL011C	XIV	611836	613170	-	1335	139	239	302	258	282	270
YNL329C	XIV	19541	22633	-	3093	254	548	542	637	765	710
YNL074C	XIV	486766	488124	-	1359	610	1075	1137	1142	1368	963
YNL093W	XIV	449868	450530	+	663	19	48	51	33	26	20
YNR047W	XIV	708523	711204	+	2682	260	416	385	380	446	385
YNL183C	XIV	293137	295509	-	2373	351	667	613	705	989	992
YNL057W	XIV	516403	516735	+	333	8	10	14	7	11	7
YNL238W	XIV	202428	204872	+	2445	692	1460	1444	1522	1817	1744
YNL154C	XIV	343636	345276	-	1641	1220	2267	2342	2340	2697	2603
YNL267W	XIV	140878	144078	+	3201	480	1069	1156	1310	1467	1447
tP(UGG)N2	XIV;XIV	568115;568182	568150;568217	+;+	72	1	1	1	0	0	5
YNL014W	XIV	606319	609453	+	3135	67	143	115	146	148	150
NME1	XIV	585587	585926	+	340	2	19	8	8	24	16
YNL078W	XIV	479768	480991	+	1224	361	706	682	668	961	903
YNL209W	XIV	252059	253900	+	1842	9678	17467	18684	16275	15688	13046
YNL253W	XIV	170018	171286	+	1269	213	374	388	452	457	476
YNL173C	XIV	308957	310057	-	1101	314	489	517	559	936	565
YNL066W	XIV	501515	502777	+	1263	2260	4092	4006	3923	4280	3470
YNL321W	XIV	34696	37422	+	2727	310	525	544	625	753	714
YNR054C	XIV	723356	724306	-	951	443	915	924	931	1041	1096
YNR072W	XIV	772657	774351	+	1695	0	1	0	0	0	0
YNR076W	XIV	781918	782280	+	363	0	0	0	0	0	0
YNR031C	XIV	680694	685433	-	4740	306	565	568	674	749	776
YNL110C	XIV	417826	418488	-	663	1160	2246	2384	2133	1845	2751
YNL232W	XIV	214923	215801	+	879	411	879	899	885	912	954
YNL262W	XIV	148212	154880	+	6669	471	1039	981	1084	1464	1558
YNL142W	XIV	357453	358952	+	1500	530	1073	951	1146	1370	811
YNL129W	XIV	381480	382202	+	723	197	370	417	376	400	517
YNR014W	XIV	652465	653103	+	639	64	99	109	64	62	21
YNL005C	XIV	621313	622428	-	1116	618	1174	1206	1302	1374	1479
YNL174W	XIV	308074	308646	+	573	1	4	7	1	1	2
YNL335W	XIV	11452	12129	+	678	1	1	1	1	1	2
YNL240C	XIV	198502	199977	-	1476	211	398	418	506	412	301
YNL318C	XIV	38707	40329	-	1623	0	1	2	5	5	3
YNL256W	XIV	164623	167097	+	2475	751	1513	1477	1500	1446	1741
YNL012W	XIV;XIV	609686;609875	609790;611665	+;+	1896	41	98	99	98	105	99
YNR029C	XIV	677199	678488	-	1290	233	485	497	530	590	616
YNL130C-A	XIV	381245	381391	-	147	3	2	4	0	4	4
YNL107W	XIV	420098	420778	+	681	148	275	301	320	378	398
YNR065C	XIV	750350	753700	-	3351	175	337	333	388	486	450
YNL332W	XIV	14832	15854	+	1023	2	3	0	7	6	2
YNL023C	XIV	588263	591160	-	2898	393	719	781	856	891	920
YNR056C	XIV	731618	733303	-	1686	11	20	29	27	19	16
YNL186W	XIV	289498	291876	+	2379	931	1965	1858	2017	2668	2966
YNL153C	XIV	345669	346058	-	390	527	879	1075	904	926	763
YNL130C	XIV;XIV	379558;380782	380689;380831	-;-	1182	482	899	946	1051	1367	1480
YNL088W	XIV	457704	461990	+	4287	498	1020	1038	1172	1379	1489
YNL216W	XIV	241689	244172	+	2484	466	802	839	894	1126	1010
YNL276C	XIV	118431	118826	-	396	4	6	8	24	10	20
YNL108C	XIV	419014	419826	-	813	242	431	512	508	562	587
YNL252C	XIV	171441	172286	-	846	308	607	606	745	944	956
YNL181W	XIV	298335	299558	+	1224	339	670	753	795	832	912
YNL197C	XIV	267608	269593	-	1986	574	1053	1064	1078	1487	1486
YNL064C	XIV	505868	507097	-	1230	3341	6247	6815	8310	10955	10025
YNL202W	XIV	259578	260456	+	879	3	13	16	13	17	12
YNL283C	XIV	105184	106695	-	1512	358	643	590	745	1000	663
YNL147W	XIV;XIV	350940;351054	350957;351383	+;+	348	292	647	651	639	694	904
YNL286W	XIV	95223	96080	+	858	241	504	574	606	561	586
YNL337W	XIV	7165	7419	+	255	0	0	0	0	0	0
YNL322C	XIV	33294	34235	-	942	503	927	956	1084	1274	764
YNL158W	XIV	339612	340208	+	597	128	238	250	248	288	290
YNL168C	XIV	318030	318809	-	780	289	589	621	637	734	570
YNL259C	XIV	157644	157865	-	222	118	224	216	204	249	328
YNR022C	XIV	669774	670193	-	420	243	411	478	576	589	577
YNR077C	XIV	783287	783541	-	255	0	0	0	0	0	0
YNL068C	XIV	495701	498289	-	2589	417	767	797	748	991	851
tI(AAU)N2	XIV	602312	602385	+	74	0	0	0	0	0	0
YNL037C	XIV	557920	559002	-	1083	811	1406	1515	2353	3071	2145
YNL085W	XIV	467131	469623	+	2493	834	1615	1626	1675	1962	2369
YNL051W	XIV	532659	533870	+	1212	186	381	446	421	456	593
YNL148C	XIV	349907	350671	-	765	79	187	170	177	201	130
YNR075C-A	XIV	781511	781603	-	93	0	0	0	0	0	0
YNL255C	XIV	167329	167790	-	462	2631	4466	5159	4240	4045	3708
YNL070W	XIV	493366	493548	+	183	232	420	490	503	597	841
tD(GUC)N	XIV	519099	519169	-	71	0	5	7	5	5	3
tT(AGU)N1	XIV	104805	104877	+	73	0	0	1	0	0	1
YNL271C	XIV	129522	135383	-	5862	526	1069	1059	1130	1281	1250
YNL198C	XIV	266514	266816	-	303	0	5	2	7	6	6
YNR018W	XIV	664270	664944	+	675	443	849	826	803	1013	744
YNL327W	XIV	24048	27173	+	3126	3709	7034	6996	7378	9547	8612
YNL236W	XIV	206930	209854	+	2925	370	782	737	836	929	1052
YNR001W-A	XIV	631263	631481	+	219	1	0	2	2	0	1
YNL053W	XIV	529942	531411	+	1470	234	400	384	469	609	517
YNL281W	XIV	108467	108928	+	462	610	1108	1232	1826	2357	1881
YNL279W	XIV	110917	112902	+	1986	36	81	74	53	53	53
YNL156C	XIV	341069	341968	-	900	630	1123	1158	1240	1373	1314
YNL260C	XIV	156859	157455	-	597	121	265	267	280	361	423
YNL222W	XIV	229094	229714	+	621	86	152	190	184	195	285
YNL235C	XIV	209548	209979	-	432	0	0	1	2	1	0
YNR059W	XIV	736803	738545	+	1743	211	355	354	369	314	291
YNR044W	XIV	703699	705876	+	2178	745	1571	1411	903	983	902
YNL225C	XIV	222724	224469	-	1746	250	400	446	414	534	679
YNL215W	XIV	244468	245430	+	963	344	572	722	626	741	623
YNL326C	XIV	27337	28347	-	1011	158	309	335	335	410	433
YNL100W	XIV	437613	438317	+	705	347	578	669	638	726	616
YNR009W	XIV	642690	643439	+	750	85	139	146	175	318	297
YNR066C	XIV	753725	755035	-	1311	64	179	165	196	229	234
YNL339W-A	XIV	1517	2092	+	576	0	0	0	0	0	0
snR66	XIV	586090	586175	+	86	5	14	8	14	4	13
YNL266W	XIV	144245	144664	+	420	0	8	3	6	6	6
YNL292W	XIV	82806	84017	+	1212	512	1037	1104	1007	984	1083
YNL242W	XIV	191324	196102	+	4779	147	220	258	285	371	359
YNR057C	XIV	733356	734069	-	714	48	91	123	83	92	52
tG(UCC)N	XIV	96241	96312	-	72	1	0	0	1	0	0
YNL067W-B	XIV	499417	499557	+	141	0	1	0	0	0	0
YNL166C	XIV	322219	323565	-	1347	432	865	884	967	1185	992
YNL111C	XIV	416940	417302	-	363	784	1496	1669	1537	1833	2002
YNL069C	XIV;XIV	493956;494974	494524;495001	-;-	597	9739	17825	18848	16194	15925	14901
YNL277W-A	XIV	116679	116867	+	189	2	2	2	1	2	6
YNL128W	XIV	382359	383663	+	1305	21	34	35	44	47	53
YNL300W	XIV	65744	66052	+	309	183	291	277	560	782	562
YNL179C	XIV	300666	301103	-	438	25	56	51	60	93	132
YNR050C	XIV	714048	715388	-	1341	294	556	583	609	806	619
snR49	XIV	716120	716284	+	165	48	69	86	61	43	59
YNL138W	XIV	366741	368321	+	1581	719	1516	1550	1806	2132	1872
YNR048W	XIV	711630	712811	+	1182	201	280	299	344	388	368
YNL302C	XIV;XIV	61958;62924	62372;62943	-;-	435	6550	11210	12565	10505	9763	8992
YNL045W	XIV	542963	544978	+	2016	524	908	965	1047	1186	1196
YNL125C	XIV	390146	392167	-	2022	162	287	294	284	518	398
YNL207W	XIV	255353	256630	+	1278	494	969	1086	989	1039	1285
YNR011C	XIV	644320	646950	-	2631	253	508	536	612	689	745
YNL241C	XIV	196426	197943	-	1518	747	1492	1557	2336	3502	2091
YNL112W	XIV;XIV	413639;415914	414911;416281	+;+	1641	4314	8294	8744	6718	4750	6824
YNL249C	XIV	179394	181022	-	1629	141	209	208	266	281	296
YNL270C	XIV	135940	137661	-	1722	10	11	12	11	15	32
YNL115C	XIV	410119	412053	-	1935	226	454	432	471	578	490
YNL073W	XIV	488386	490116	+	1731	345	534	590	609	702	541
YNL082W	XIV	473391	476012	+	2622	147	311	292	339	485	577
YNL097C-B	XIV	440797	440919	-	123	3	4	6	7	9	7
YNR034W-A	XIV	692561	692857	+	297	195	374	401	127	67	55
YNL296W	XIV	76273	76587	+	315	0	0	1	0	1	0
YNL138W-A	XIV;XIV	366033;366158	366035;366412	+;+	258	68	100	128	101	134	92
YNL196C	XIV	270275	271171	-	897	6	8	10	4	14	1
YNL109W	XIV	418964	419509	+	546	9	20	8	9	10	11
YNL101W	XIV	434999	437140	+	2142	723	1209	1204	1291	1425	1552
YNR012W	XIV	647432	648937	+	1506	472	1031	965	1035	927	1350
YNL114C	XIV	412684	413055	-	372	3	10	6	6	11	13
YNL237W	XIV	205188	206567	+	1380	13	22	35	24	52	43
YNL084C	XIV	470053	471102	-	1050	634	1149	1286	1254	1403	1748
YNL289W	XIV	87897	88736	+	840	208	312	283	472	726	720
YNL171C	XIV	315629	315997	-	369	1	3	1	2	2	2
YNL208W	XIV	254418	255017	+	600	808	1350	1471	1909	2098	1202
YNL010W	XIV	613635	614360	+	726	1350	2466	2855	2310	2117	2425
YNL134C	XIV	372451	373581	-	1131	563	1025	1147	1457	2087	1326
YNR053C	XIV;XIV	721120;722303	721770;723112	-;-	1461	1391	2880	2834	2954	3282	3939
tP(AGG)N	XIV	631846	631917	-	72	0	0	0	0	0	0
YNL231C	XIV	215987	217042	-	1056	790	1704	1736	2002	2061	2382
YNL230C	XIV	217523	218662	-	1140	118	204	198	212	262	217
YNL339W-B	XIV	734	1216	+	483	0	0	0	0	0	0
YNL258C	XIV	158109	160373	-	2265	374	738	747	812	915	992
YNL328C	XIV	22834	23274	-	441	22	28	35	41	45	37
YNL081C	XIV	476188	476619	-	432	272	526	565	588	651	582
YNR037C	XIV	695052	695327	-	276	94	127	185	219	294	164
YNR063W	XIV	746943	748766	+	1824	43	94	111	130	145	172
YNL339C	XIV;XIV	371;6080	5931;6098	-;-	5580	0	0	0	0	0	0
YNR060W	XIV	739951	742110	+	2160	329	602	558	425	233	372
YNL287W	XIV	91994	94801	+	2808	1657	3015	3204	3276	3360	3948
YNL095C	XIV	444912	446840	-	1929	230	324	375	392	441	506
YNL096C	XIV;XIV	443398;444172	443826;444315	-;-	573	3575	7220	7525	6707	6664	7528
YNL282W	XIV	107687	108274	+	588	77	138	131	122	149	130
YNL047C	XIV	539911	541881	-	1971	258	458	477	473	615	645
YNL139C	XIV	360924	365717	-	4794	417	796	788	822	925	1000
tP(UGG)N1	XIV;XIV	547094;547161	547129;547196	+;+	72	0	0	0	0	0	0
YNL298W	XIV	68915	71443	+	2529	344	674	679	742	967	965
YNL113W	XIV	412771	413199	+	429	795	1471	1701	1449	1363	1622
YNR003C	XIV	634344	635297	-	954	504	969	1110	920	820	885
YNL316C	XIV	42071	43075	-	1005	185	350	363	408	444	481
YNL016W	XIV	602907	604268	+	1362	1774	3240	3392	3362	3770	3279
YNL330C	XIV	18001	19302	-	1302	567	970	1027	988	1124	1064
YNR010W	XIV	643744	644193	+	450	112	228	220	228	228	204
YNL172W	XIV	310636	315882	+	5247	173	356	303	437	534	607
YNL132W	XIV	375321	378491	+	3171	1224	2560	2624	2521	2421	2912
YNR027W	XIV	674923	675876	+	954	299	546	635	586	678	595
YNL083W	XIV	471377	472861	+	1485	170	309	322	339	393	383
YNL013C	XIV	609133	609510	-	378	0	0	0	0	0	0
YNL164C	XIV	325265	326320	-	1056	168	321	363	377	451	535
YNL274C	XIV	121118	122170	-	1053	176	257	327	336	296	258
YNL176C	XIV	305070	306980	-	1911	501	1028	1012	1178	1459	1081
YNR061C	XIV	742881	743540	-	660	133	295	295	294	318	358
YNL303W	XIV	61510	61857	+	348	10	18	20	16	18	13
YNR035C	XIV	693019	694047	-	1029	1003	1908	1972	2222	2445	2131
YNL160W	XIV	336545	337609	+	1065	1024	1700	1828	2068	2559	1446
YNR024W	XIV	672409	672969	+	561	329	624	656	586	582	604
YNL024C	XIV	587107	587847	-	741	171	273	288	213	189	139
YNL018C	XIV	599936	601774	-	1839	16	31	31	19	28	23
YNL033W	XIV	572999	573853	+	855	1	0	0	0	4	0
YNL141W	XIV	359596	360639	+	1044	1246	2622	2857	2466	1948	2548
YNL320W	XIV	37700	38554	+	855	191	378	421	418	474	468
YNL204C	XIV	258375	259277	-	903	26	40	43	28	47	43
YNL106C	XIV	420944	424495	-	3552	179	332	347	338	448	471
YNL338W	XIV	6561	6719	+	159	0	0	0	0	0	0
YNL161W	XIV	332597	334867	+	2271	408	781	808	951	1131	1165
YNL247W	XIV	182875	185178	+	2304	1928	3801	4066	3965	4047	4101
YNL285W	XIV	96173	96544	+	372	0	0	0	0	1	0
YNL062C	XIV	508776	510212	-	1437	580	1091	1093	1169	1179	1618
YNL325C	XIV	28739	31378	-	2640	190	279	283	362	345	411
YNL046W	XIV	542304	542822	+	519	195	310	342	334	481	365
YNL032W	XIV	574506	575351	+	846	324	697	754	759	773	774
YNL135C	XIV	371882	372226	-	345	1542	2775	3302	2920	3082	2519
YNL212W	XIV	247461	249809	+	2349	499	920	963	1069	1206	1173
YNL243W	XIV	188051	190957	+	2907	623	1234	1261	1411	1740	1355
YNL103W	XIV	427735	429753	+	2019	415	772	765	860	1098	1001
YNL144W-A	XIV	353061	353144	+	84	0	0	0	0	0	0
YNL333W	XIV	13267	14163	+	897	11	20	19	11	21	23
YNL027W	XIV	579580	581616	+	2037	1059	1981	2018	1724	1386	861
YNL278W	XIV	113271	116453	+	3183	153	233	259	260	410	346
YNL144C	XIV	352820	355042	-	2223	150	230	271	187	168	126
YNL159C	XIV	338478	339347	-	870	162	291	290	270	299	347
YNL220W	XIV	234413	235714	+	1302	1708	3143	3328	2874	2741	3291
YNL184C	XIV	292557	292883	-	327	0	0	1	0	0	0
YNL336W	XIV	8330	9475	+	1146	132	232	214	252	256	237
YNL264C	XIV	145563	146615	-	1053	327	538	610	551	601	536
YNL136W	XIV	370368	371645	+	1278	378	648	696	734	845	830
YNL185C	XIV	292193	292669	-	477	153	275	304	361	425	357
YNL219C	XIV	235996	237663	-	1668	975	1673	1678	1584	1736	2164
YNL079C	XIV	478566	479165	-	600	2242	4114	4339	4701	5265	4229
YNL244C	XIV	187170	187496	-	327	2960	5247	5791	4773	5039	5266
YNL054W-B	XIV	519456	524706	+	5251	340	700	647	665	661	814
YNL284C-B	XIV	96964	102232	-	5269	29	56	42	30	46	53
YNL284C-A	XIV	100910	102232	-	1323	0	0	0	0	0	0
YNL054W-A	XIV	519456	520778	+	1323	0	0	0	0	0	0
YJL160C	X	117962	118825	-	864	15	22	29	23	17	20
YJL204C	X	50629	53151	-	2523	221	414	430	458	497	624
YJR105W	X	623581	624603	+	1023	2318	4562	4654	3898	4061	2854
YJR129C	X	664000	665019	-	1020	135	290	322	331	354	286
YJL139C	X	151713	152999	-	1287	262	537	590	560	594	629
YJL062W-A	X	316723	316980	+	258	91	167	191	223	279	147
YJL110C	X	209922	211577	-	1656	558	901	856	873	1171	1142
YJR088C	X	586495	587373	-	879	428	812	922	950	1074	1215
YJL213W	X	32163	33158	+	996	295	542	540	445	480	304
YJR046W	X	522048	523862	+	1815	406	648	666	689	899	738
YJL020C	X	398937	402410	-	3474	627	1163	1095	1362	1754	1565
YJL187C	X	76803	79262	-	2460	230	441	426	594	873	943
YJR131W	X	667644	669293	+	1650	119	250	277	230	289	308
YJL133W	X	160619	161563	+	945	310	531	623	620	710	663
YJL086C	X	272478	272846	-	369	0	0	0	0	0	0
YJR053W	X	534027	535751	+	1725	68	127	125	144	215	239
YJR044C	X	518763	519185	-	423	249	424	516	473	540	746
YJR100C	X	616351	617334	-	984	200	347	400	403	465	474
YJR012C	X	459795	460418	-	624	66	119	140	141	176	161
YJR067C	X	567019	567444	-	426	92	210	216	221	258	244
YJR146W	X	703885	704238	+	354	2	2	4	2	3	6
YJR140W-A	X	690961	691110	+	150	0	1	0	0	0	0
YJR130C	X	665218	667137	-	1920	240	538	533	559	629	587
YJR069C	X	568806	569399	-	594	466	923	1066	1021	1088	998
tV(AAC)J	X	378360	378433	+	74	0	0	0	0	0	0
YJR120W	X	647126	647476	+	351	7	11	17	19	24	42
YJL186W	X	80155	81915	+	1761	648	1233	1309	1338	1533	1497
YJL008C	X	419957	421663	-	1707	1502	2863	3064	3037	3427	3310
YJL061W	X	320016	322157	+	2142	532	995	1071	1229	1320	1507
YJR085C	X	585120	585437	-	318	381	507	682	660	737	514
YJR040W	X	507746	510085	+	2340	332	587	581	665	779	782
YJL189W	X;X	75933;76325	75938;76474	+;+	156	5377	8930	10959	8911	8846	12761
YJR039W	X	503936	507301	+	3366	132	249	267	265	269	294
YJL202C	X	53943	54290	-	348	0	0	0	0	3	0
YJL009W	X	419855	420181	+	327	0	0	0	0	0	0
YJR005W	X	445923	448025	+	2103	514	886	924	1023	1109	1192
YJL006C	X	423138	424109	-	972	111	217	232	263	326	419
YJR150C	X	708811	709707	-	897	0	2	0	1	1	1
YJR098C	X	613186	615156	-	1971	83	159	161	168	172	216
YJL103C	X	229025	230881	-	1857	72	154	182	164	206	189
YJL156C	X	126853	128952	-	2100	248	491	502	497	686	731
YJL185C	X	82095	82976	-	882	36	40	54	57	72	100
YJL135W	X	157877	158194	+	318	1	1	1	3	4	2
YJR138W	X	684567	689321	+	4755	248	453	486	485	593	622
YJL108C	X	217705	218856	-	1152	101	195	223	285	300	262
YJR037W	X	503102	503485	+	384	0	0	0	1	0	0
YJR079W	X;X	580205;581053	580347;581239	+;+	330	0	2	3	5	5	5
YJR049C	X	526884	528476	-	1593	345	623	651	753	809	654
YJR008W	X	452430	453446	+	1017	198	274	332	273	203	136
YJR023C	X	469804	470205	-	402	2	5	5	0	1	1
YJR002W	X	438865	440646	+	1782	1132	2311	2481	2249	2111	2457
YJR145C	X;X	702027;703055	702798;703068	-;-	786	5755	10551	11586	9404	8782	6023
YJR048W	X	526335	526664	+	330	587	943	1141	1106	1773	1436
YJR009C	X	453683	454681	-	999	13604	24073	24487	18818	17384	11670
YJL222W-A	X	9452	9679	+	228	0	0	0	0	0	0
YJL173C	X	96161	96529	-	369	338	577	638	692	824	781
YJR014W	X	461829	462425	+	597	955	1817	2021	1914	1873	1785
YJR135W-A	X	676971	677234	+	264	263	503	530	465	479	734
YJR045C	X	519638	521602	-	1965	4546	8065	8153	11080	14822	11238
YJL176C	X	92053	94530	-	2478	376	748	775	849	1043	1160
YJL193W	X	71366	72574	+	1209	163	345	289	294	297	455
YJR128W	X	662921	663280	+	360	1	1	0	1	3	4
YJL159W	X	120449	121690	+	1242	6716	12358	12908	13708	15154	11034
YJL030W	X	387657	388247	+	591	159	293	337	373	395	414
YJL047C	X	349580	352108	-	2529	246	522	527	531	596	626
YJL194W	X	69338	70879	+	1542	100	196	193	199	373	357
YJL195C	X	69241	69942	-	702	0	1	4	0	1	1
YJR108W	X	628712	629083	+	372	3	11	10	12	7	2
YJL199C	X	59856	60182	-	327	14	18	22	30	24	19
YJL216C	X	24341	26086	-	1746	35	67	66	82	82	87
YJL011C	X	414285	414770	-	486	174	304	313	322	348	415
YJR060W	X	548759	549814	+	1056	300	555	593	684	887	776
YJR119C	X	644304	646490	-	2187	54	129	134	169	159	249
YJR092W	X	598735	603078	+	4344	429	854	793	933	1279	1314
YJL051W	X	339787	342255	+	2469	165	313	342	343	509	545
YJR071W	X	570405	570773	+	369	2	2	0	1	1	0
YJR115W	X	639942	640451	+	510	19	33	34	32	12	16
YJL010C	X	417562	419562	-	2001	776	1577	1581	1431	1499	2104
YJL084C	X	274862	278002	-	3141	224	409	414	410	531	591
YJR030C	X	483959	486196	-	2238	139	259	294	334	441	502
YJL119C	X	191572	191895	-	324	11	21	37	26	30	26
YJL221C	X	16767	18536	-	1770	0	0	0	0	0	0
YJR140C	X	690750	695696	-	4947	223	511	487	555	711	719
YJR161C	X	742848	743999	-	1152	89	178	195	209	190	171
YJL136C	X;X	156550;157250	156789;157273	-;-	264	6192	10529	11568	9616	9869	7830
tR(ACG)J	X	233939	234011	+	73	0	0	0	0	0	0
YJL146W	X	143292	144701	+	1410	149	240	259	266	293	252
YJL060W	X	323386	324720	+	1335	263	454	528	606	885	881
tW(CCA)J	X;X	415931;416001	415966;416036	-;-	72	0	0	0	0	0	0
YJL117W	X	192531	193466	+	936	1307	2549	2648	2369	2514	2901
YJL149W	X	137379	139370	+	1992	172	334	334	410	492	516
YJR063W	X	555195	555572	+	378	394	732	760	744	674	758
YJL067W	X	314084	314434	+	351	0	2	2	2	0	3
YJL164C	X	109966	111159	-	1194	204	246	312	272	243	188
YJL223C	X	8776	9138	-	363	0	0	0	0	0	0
YJL079C	X	289875	290774	-	900	149	261	311	203	279	138
snR3	X	663749	663942	+	194	1	1	0	0	2	4
YJL156W-A	X	126604	126825	+	222	2	0	0	0	1	1
YJL106W	X	221390	223327	+	1938	50	78	91	94	102	88
YJL171C	X	99704	100894	-	1191	1481	2351	2662	2595	2138	1493
YJL058C	X	326242	327873	-	1632	107	210	258	256	297	311
tL(UAG)J	X;X	617919;617976	617956;618019	+;+	82	0	0	0	0	0	0
YJL132W	X	161914	164166	+	2253	105	150	174	185	181	213
YJL172W	X	97737	99467	+	1731	440	877	885	1026	1240	1002
YJR114W	X	638659	639051	+	393	1	2	2	3	2	0
YJL093C	X	254737	256812	-	2076	353	618	627	629	716	712
YJL163C	X	111666	113333	-	1668	49	77	91	94	105	70
YJR153W	X	722815	723900	+	1086	17	37	26	30	39	51
YJL179W	X	88787	89116	+	330	310	568	627	655	732	878
YJR080C	X	580432	581616	-	1185	301	597	648	694	810	845
YJL037W	X	376662	377336	+	675	4	7	9	10	9	12
YJL104W	X	227327	227776	+	450	318	658	664	775	763	796
YJL050W	X	342522	345743	+	3222	1327	2702	2790	2732	2432	3151
YJL002C	X	433221	434651	-	1431	1574	3088	3330	3156	3676	4054
YJR084W	X	583733	585004	+	1272	256	465	505	548	608	522
YJL220W	X	18243	18695	+	453	0	0	0	0	0	0
YJR034W	X	496683	497009	+	327	62	121	149	171	188	160
YJR019C	X	467232	468281	-	1050	111	170	152	165	201	101
YJR093C	X	603220	604203	-	984	256	512	474	579	566	551
YJL201W	X	54379	56178	+	1800	180	317	316	399	450	603
YJL161W	X	117245	117787	+	543	32	53	51	47	43	29
YJR021C	X;X	468555;469264	469183;469579	-;-	945	116	186	186	227	251	188
YJL070C	X	307971	310637	-	2667	177	275	258	261	310	293
snR128	X	139566	139691	-	126	11	19	22	32	27	18
YJL029C	X	388385	390853	-	2469	341	691	716	832	971	997
YJR010W	X	456239	457774	+	1536	375	791	798	1357	1614	1834
YJR151W-A	X	717580	717630	+	51	0	0	0	1	0	0
tD(GUC)J3	X	374424	374495	-	72	0	0	0	0	0	0
YJR144W	X	700882	701691	+	810	354	665	772	720	900	743
YJL073W	X	303181	305118	+	1938	248	482	465	467	587	690
YJL022W	X	398109	398417	+	309	0	2	2	0	2	0
YJR038C	X	503710	504072	-	363	1	1	1	1	0	0
snR37	X	228094	228479	-	386	28	33	69	79	58	78
YJR094W-A	X;X	608305;608582	608306;608858	+;+	279	2303	3695	4244	3411	3136	3903
YJL052W	X	338271	339269	+	999	2041	3906	4121	2337	952	182
YJR139C	X	689445	690524	-	1080	2028	3774	3762	3454	3813	3993
YJR158W	X	732440	734143	+	1704	0	0	0	0	0	0
YJL089W	X	265926	268415	+	2490	15	23	28	34	29	28
YJL077W-B	X	294047	294145	+	99	7	18	17	25	19	18
YJL016W	X	405588	407273	+	1686	525	854	928	750	668	563
YJL127W-A	X	180194	180310	+	117	0	0	0	2	0	2
YJR007W	X	451020	451934	+	915	1843	3510	3589	3567	3751	4272
tA(AGC)J	X	197313	197385	-	73	0	0	0	0	0	0
YJR096W	X	611195	612043	+	849	351	609	682	609	380	274
YJL032W	X	386348	386662	+	315	0	0	1	0	0	0
YJR065C	X	557809	559158	-	1350	947	1801	1863	2025	2320	2120
YJL019W	X	402897	404945	+	2049	142	307	296	287	403	454
YJR082C	X	581914	582255	-	342	199	339	399	436	414	425
YJL181W	X	85660	87495	+	1836	71	142	118	127	158	205
YJR095W	X	609773	610741	+	969	1	5	3	7	5	7
YJR086W	X	586068	586400	+	333	144	296	294	293	344	406
YJL077C	X	294666	295061	-	396	0	2	2	1	1	2
tR(UCU)J2	X	374506	374577	-	72	0	0	0	0	0	0
YJR006W	X	449202	450665	+	1464	237	528	560	566	710	728
YJR072C	X	570967	572124	-	1158	1005	1875	1975	1910	1830	1337
YJL118W	X	191639	192298	+	660	30	69	67	86	136	86
YJL184W	X	83448	83819	+	372	119	224	204	274	359	230
YJR133W	X	672991	673620	+	630	246	397	477	463	461	501
YJR025C	X	471138	471671	-	534	245	552	555	725	717	687
YJR018W	X	466786	467148	+	363	6	10	16	9	3	8
YJL095W	X	247255	251691	+	4437	218	493	431	463	643	607
YJR147W	X	704196	705272	+	1077	230	392	433	421	461	337
YJL043W	X	360130	360903	+	774	2	2	0	4	3	1
YJL107C	X	218853	220016	-	1164	115	269	247	368	338	302
YJL012C	X	411234	413399	-	2166	3133	6429	6241	5557	6126	7281
YJR121W	X	647607	649142	+	1536	4509	7738	8436	7334	10507	8618
YJL145W	X	145160	146044	+	885	629	1195	1388	1144	1278	1344
YJL153C	X	134332	135933	-	1602	44	52	49	63	57	49
YJL088W	X	268799	269815	+	1017	53	171	158	173	226	114
YJR064W	X	555914	557602	+	1689	1666	3242	3242	3370	3492	3512
YJL137C	X	154985	156127	-	1143	61	114	127	139	230	205
YJL074C	X	299157	302849	-	3693	224	553	528	669	790	1017
YJL111W	X	207877	209529	+	1653	1772	3534	3551	3618	3946	4316
YJL158C	X	122265	122948	-	684	2331	3774	4030	5873	6539	4893
YJR016C	X	464451	466208	-	1758	3699	7260	7393	7597	8004	6434
YJR099W	X	615576	616286	+	711	225	339	389	452	462	578
YJL208C	X	40194	41183	-	990	401	737	802	823	1001	1109
YJL048C	X	347447	348637	-	1191	707	1338	1405	1382	1406	761
YJL197W	X	63805	67569	+	3765	483	902	930	962	1156	1256
YJR074W	X	573095	573751	+	657	178	269	338	265	299	186
YJL127C-B	X	181551	181709	-	159	117	156	215	205	183	248
tD(GUC)J4	X	541508	541579	+	72	0	0	0	0	0	0
YJL020W-A	X	400981	401238	+	258	0	1	0	0	1	0
YJL078C	X	291336	293981	-	2646	595	1031	972	845	1048	632
YJL165C	X	106894	109461	-	2568	1756	3090	3090	3029	2243	1368
YJR117W	X	642007	643368	+	1362	1115	1944	1995	2142	2802	2780
YJR057W	X	544062	544712	+	651	206	420	433	474	551	544
YJR160C	X	738008	739816	-	1809	9	12	9	15	20	8
YJL134W	X	158188	159417	+	1230	414	720	751	764	937	898
YJL219W	X	19497	21200	+	1704	3	3	5	10	13	4
YJL081C	X	283802	285271	-	1470	547	1138	1154	1279	1344	1418
YJL054W	X	334265	335701	+	1437	537	1111	1184	1243	1349	1308
YJR137C	X	678957	683285	-	4329	574	1279	1129	1741	2364	2924
tK(CUU)J	X	414966	415038	+	73	0	0	0	0	0	0
YJL038C	X	375115	375774	-	660	1	14	4	1	6	3
YJR056C	X	541792	542502	-	711	194	341	373	383	431	442
YJL072C	X	305221	305862	-	642	127	239	290	267	310	360
YJR152W	X	719666	721297	+	1632	89	167	198	191	208	199
YJL142C	X	147819	148211	-	393	3	11	10	8	3	1
YJL192C	X	72710	73414	-	705	619	1222	1261	1307	1580	1429
YJR001W	X	436802	438610	+	1809	631	1167	1209	1336	1593	1632
YJR110W	X	633615	635681	+	2067	142	290	302	286	277	390
YJL190C	X	74910	75302	-	393	7456	14068	15729	12451	12026	11619
YJL182C	X	85435	85752	-	318	0	0	0	0	0	0
YJL099W	X	239414	241654	+	2241	231	412	432	495	525	536
YJL090C	X	262757	265051	-	2295	227	443	433	407	495	629
YJL055W	X	333357	334094	+	738	513	1009	1116	1059	1126	824
YJL085W	X	272827	274698	+	1872	205	429	404	455	559	691
YJR109C	X	629585	632941	-	3357	534	1202	1195	1290	1505	1426
YJL167W	X	105014	106072	+	1059	3021	6135	6359	6476	7173	5818
tM(CAU)J3	X	517813	517884	-	72	0	0	0	0	0	0
YJL127C	X	182298	184220	-	1923	181	344	391	395	463	405
YJR004C	X	442909	444861	-	1953	137	284	226	274	344	376
YJL036W	X	378825	380096	+	1272	383	615	680	691	774	750
YJL150W	X	137123	137425	+	303	2	0	2	2	1	1
YJL168C	X	102227	104428	-	2202	357	700	725	772	880	939
YJR036C	X	500713	503391	-	2679	72	130	113	100	96	122
YJL162C	X	113878	115629	-	1752	188	294	343	317	358	443
YJR106W	X	624838	627015	+	2178	199	298	330	372	410	384
YJR043C	X	516461	517513	-	1053	240	441	453	521	560	593
YJR066W	X	559416	566828	+	7413	375	649	695	693	793	977
YJL001W	X;X	435163;435344	435227;435926	+;+	648	559	1173	1243	1467	1785	1470
YJR061W	X	550511	553318	+	2808	90	152	172	206	218	223
YJL212C	X	33850	36249	-	2400	351	701	653	691	841	919
YJL024C	X;X	395931;396571	396493;396592	-;-	585	210	383	440	451	525	572
YJR125C	X	654737	655963	-	1227	488	835	911	1015	1155	956
YJR051W	X	529861	531366	+	1506	364	653	765	742	742	791
YJR112W-A	X;X	637790;637859	637809;638168	+;+	330	94	170	203	196	234	156
YJR050W	X	528697	529404	+	708	190	286	355	326	366	346
YJR011C	X	458641	459426	-	786	131	241	252	218	207	257
YJR136C	X	677441	678706	-	1266	123	231	222	221	301	314
YJL200C	X	56444	58813	-	2370	481	1027	999	1043	1077	1093
YJL188C	X	76202	76510	-	309	27	24	10	4	5	8
YJL170C	X	101150	101779	-	630	54	106	104	61	75	87
YJL129C	X	173599	177306	-	3708	700	1194	1243	1307	1455	1351
YJR112W	X	637030	637635	+	606	86	164	145	187	249	209
YJR103W	X	620754	622490	+	1737	696	1057	1191	1025	1050	556
YJL044C	X	358300	359676	-	1377	463	871	951	799	839	906
YJL157C	X	123836	126328	-	2493	702	1372	1347	1169	1841	2270
YJR142W	X	697141	698169	+	1029	331	632	676	739	784	802
YJL034W	X	381327	383375	+	2049	3642	6074	6655	9906	13756	12365
YJL183W	X	84068	85336	+	1269	640	1260	1260	1284	1371	1532
YJR031C	X	486586	490812	-	4227	282	571	549	682	793	961
YJL066C	X	314114	314872	-	759	150	261	278	327	378	201
YJR077C	X	577255	578190	-	936	1508	2542	2618	2254	3295	2470
YJL064W	X	315175	315570	+	396	2	3	1	2	0	1
YJL136W-A	X	156169	156252	+	84	0	1	2	0	0	0
YJR010C-A	X	458077	458361	-	285	99	151	215	181	187	234
YJR033C	X	492378	496451	-	4074	250	417	436	506	597	671
YJL068C	X	313016	313915	-	900	187	349	404	520	667	490
YJL112W	X	205305	207449	+	2145	246	441	457	639	748	786
YJL039C	X	368748	373799	-	5052	749	1489	1554	1614	1717	1917
YJL180C	X	87583	88560	-	978	221	335	401	441	608	630
YJL147C	X	141419	142567	-	1149	91	157	178	179	200	240
YJR116W	X	640825	641664	+	840	119	211	200	202	206	115
YJL025W	X	393967	395511	+	1545	77	185	165	207	308	371
YJR062C	X	553476	554849	-	1374	241	459	546	509	566	597
YJR090C	X	590872	594327	-	3456	348	776	723	830	937	1052
YJR035W	X	497355	500612	+	3258	194	335	372	383	508	469
YJL174W	X	95092	95922	+	831	794	1527	1630	1593	1779	1503
YJL203W	X	53341	54183	+	843	139	277	293	333	368	398
YJL014W	X	407558	409162	+	1605	1819	3392	3671	3680	3748	3910
YJL027C	X	391833	392249	-	417	3	2	6	9	2	1
YJR157W	X	730515	730877	+	363	1	0	0	0	1	1
YJR149W	X	707160	708374	+	1215	74	123	122	94	167	197
YJR154W	X	725784	726824	+	1041	65	86	83	79	109	84
YJR075W	X	573981	575171	+	1191	810	1573	1761	1684	1537	1710
YJR052W	X	532062	533759	+	1698	194	408	388	436	541	458
IRT1	X	605936	607424	-	1489	115	208	238	245	135	91
YJL026C-A	X	393066	393287	-	222	0	0	0	0	0	0
tE(UUC)J	X	115939	116010	-	72	0	0	0	0	0	2
YJR126C	X	656254	658689	-	2436	591	1048	1046	827	849	836
tL(UAA)J	X	424432	424515	-	84	0	0	0	1	1	4
tG(GCC)J1	X	396726	396796	-	71	0	0	0	0	0	0
YJL005W	X	425157	431237	+	6081	363	692	720	812	1002	966
YJL206C	X	47659	49935	-	2277	201	284	308	311	328	330
YJL100W	X	237263	239086	+	1824	166	281	271	313	340	243
tT(AGU)J	X	59100	59172	-	73	0	0	0	0	0	0
YJL047C-A	X	349044	349178	-	135	7	9	9	9	8	12
tD(GUC)J2	X	355456	355527	+	72	0	0	0	0	2	0
YJL222W-B	X	9346	9483	+	138	0	0	0	0	0	0
YJR076C	X	575354	576601	-	1248	736	1292	1343	1516	1770	1593
YJL217W	X	23133	23729	+	597	434	892	929	919	1123	844
YJR059W	X	545787	548243	+	2457	612	929	946	825	918	758
YJR124C	X	652892	654238	-	1347	348	699	754	714	776	863
YJL143W	X	147101	147577	+	477	522	904	1050	1101	1153	881
YJL059W	X	324964	326190	+	1227	87	162	196	198	235	278
YJR078W	X	578860	580221	+	1362	42	71	76	108	123	99
tM(CAU)J2	X	422937	423009	+	73	1	0	2	1	0	0
YJL207C	X	41389	47433	-	6045	488	973	995	1059	1250	1471
YJL144W	X	146359	146673	+	315	223	266	368	328	254	74
YJL125C	X	185528	186679	-	1152	576	1126	1179	1218	1225	1406
YJL198W	X	60844	63489	+	2646	582	1097	1106	1158	1261	1444
tD(GUC)J1	X	204735	204806	+	72	0	0	0	0	0	0
YJL122W	X	189716	190243	+	528	892	1821	1920	1699	1403	1607
YJL007C	X	422698	423012	-	315	0	0	0	0	0	0
YJL225C	X;X	466;4970	4581;6130	-;-	5277	0	0	1	0	0	0
YJL211C	X	36757	37200	-	444	0	1	5	3	3	2
YJR073C	X	572315	572935	-	621	418	780	746	682	699	396
YJR143C	X	698326	700614	-	2289	1756	3288	3251	2995	3238	3401
YJL131C	X	164278	165348	-	1071	146	202	278	287	307	329
YJL177W	X;X	90786;91412	91094;91657	+;+	555	5179	8875	10203	8515	8245	7411
YJR032W	X	491081	492262	+	1182	345	726	768	829	899	974
YJR151C	X	712255	715740	-	3486	56	119	118	130	184	139
YJR024C	X	470230	470964	-	735	399	745	871	832	885	773
YJL140W	X	150961	151626	+	666	592	1243	1336	1256	1455	1349
YJR068W	X	567643	568704	+	1062	533	954	1078	996	1095	1079
YJR017C	X	466521	467033	-	513	316	566	569	648	733	378
YJR058C	X	544732	545175	-	444	136	256	296	306	324	309
YJR101W	X	618234	619034	+	801	435	863	849	932	1087	1006
YJL026W	X	392404	393603	+	1200	1810	3396	3618	3296	3372	2735
YJL096W	X	246490	246975	+	486	265	470	510	584	685	790
tM(CAU)J1	X	391043	391115	-	73	0	0	0	0	0	0
tR(CCU)J	X	538555	538626	+	72	0	0	1	0	0	0
YJR156C	X	728574	729596	-	1023	4	9	7	17	11	12
YJL063C	X	315759	316475	-	717	266	501	567	630	817	477
YJR159W	X	736044	737117	+	1074	1	1	0	0	0	2
YJR094C	X	604569	605651	-	1083	51	90	96	95	79	98
tG(GCC)J2	X	531828	531898	+	71	0	0	0	0	0	0
YJL028W	X	391311	391646	+	336	0	0	0	1	0	0
YJL101C	X	234320	236356	-	2037	562	1104	1150	1131	1290	1105
YJL056C	X	330431	333073	-	2643	128	275	275	231	301	357
tY(GUA)J1	X;X	354244;354297	354282;354332	+;+	75	0	0	0	0	0	0
YJR041C	X	510239	513763	-	3525	609	1447	1418	1479	1533	2035
YJL080C	X	285558	289226	-	3669	2729	5353	5300	5449	5837	5906
YJR091C	X	595061	598336	-	3276	643	1002	1039	1116	1001	858
YJR013W	X	460382	461593	+	1212	215	394	460	433	492	492
YJL222W	X	11475	16124	+	4650	4	10	14	5	11	5
YJL121C	X	190374	191090	-	717	503	889	992	1087	1171	900
YJL138C	X	153504	154691	-	1188	2114	4072	4273	3699	3552	3782
YJR047C	X	524908	525381	-	474	45	145	116	117	80	50
YJL151C	X	136372	136773	-	402	446	736	906	885	1067	604
YJL057C	X	328118	330121	-	2004	206	339	385	377	422	365
YJL218W	X	21973	22563	+	591	38	38	60	55	67	63
YJR087W	X	586400	586750	+	351	31	42	49	35	38	29
YJL130C	X	165723	172367	-	6645	2259	4135	4041	3953	3889	3881
snR190	X	139761	139950	-	190	10	10	8	6	9	3
YJL069C	X	310922	312706	-	1785	640	1289	1251	1357	1494	2019
YJL045W	X	356024	357928	+	1905	8	11	15	34	17	26
YJL091C	X	261080	262552	-	1473	264	565	601	584	687	964
YJL033W	X	383837	386149	+	2313	1315	2558	2526	2419	2173	2893
YJR122W	X	649776	651269	+	1494	98	231	250	334	426	400
YJL041W	X	365903	368373	+	2471	691	1375	1547	1601	1736	1778
tR(UCU)J1	X	355374	355445	+	72	0	0	0	0	0	0
YJL065C	X	315054	315557	-	504	179	256	304	302	400	277
YJR148W	X	705744	706874	+	1131	1020	1951	2080	2702	3197	2789
YJL123C	X	188004	189440	-	1437	925	1619	1859	1890	2274	2082
YJL046W	X	352386	353615	+	1230	205	374	395	438	536	567
YJR123W	X	651901	652578	+	678	24089	43443	48271	39897	38454	35454
YJR118C	X	643490	644101	-	612	368	725	698	780	772	966
YJL071W	X	306132	307856	+	1725	174	330	353	384	479	507
YJR015W	X	462721	464253	+	1533	777	1296	1415	1241	1388	1287
YJR102C	X	619157	619765	-	609	163	304	360	325	366	399
YJL004C	X	431589	432200	-	612	205	389	441	395	414	473
YJL155C	X	129285	130643	-	1359	295	498	599	511	547	453
YJL154C	X	131101	133935	-	2835	642	1248	1311	1532	1791	1905
YJR107W	X	627340	628326	+	987	83	130	148	149	198	213
YJL035C	X	380249	381001	-	753	130	180	229	214	157	207
YJR089W	X	587718	590582	+	2865	262	446	436	529	680	687
YJL042W	X	361249	365445	+	4197	324	625	602	652	866	764
YJL169W	X	102099	102467	+	369	3	3	4	3	3	3
YJL115W	X	196287	197126	+	840	250	408	507	525	754	677
YJR003C	X	440994	442553	-	1560	470	939	961	946	958	1264
YJL116C	X	193860	194873	-	1014	18	20	29	43	52	50
YJL053W	X	335898	337037	+	1140	271	589	624	611	621	553
YJL124C	X	187126	187644	-	519	575	918	1129	1072	1184	1143
YJR104C	X	622550	623014	-	465	2240	3985	4583	4671	5250	2963
YJL105W	X	225055	226737	+	1683	4	8	6	10	16	19
YJL215C	X	26412	26771	-	360	11	20	15	11	31	23
YJR070C	X	569621	570598	-	978	2381	4525	5010	4105	3866	3460
YJR097W	X	612413	612931	+	519	61	107	134	115	180	268
YJL126W	X	184501	185424	+	924	138	247	242	258	266	226
YJL214W	X	26887	28596	+	1710	11	13	11	9	21	28
YJL166W	X	106434	106718	+	285	382	713	814	737	864	816
YJL023C	X	397355	398398	-	1044	167	333	332	325	320	351
YJL094C	X	251821	254442	-	2622	531	839	903	1005	1015	955
YJR054W	X	536056	537549	+	1494	254	516	493	623	768	1145
YJR141W	X	695906	696949	+	1044	228	412	448	420	426	515
YJL191W	X;X	73787;74205	73796;74611	+;+	417	1292	2163	2446	2185	2254	1601
YJR135C	X	676059	676778	-	720	63	136	130	121	135	175
YJL049W	X	345973	347325	+	1353	167	314	332	362	368	524
YJR155W	X	727405	728271	+	867	89	150	158	159	143	141
YJL109C	X	212000	217309	-	5310	1683	3494	3462	3583	3550	4415
YJL013C	X	409493	411040	-	1548	173	318	412	430	491	519
YJL141C	X	147967	150390	-	2424	556	903	988	819	483	340
YJL133C-A	X	159623	159847	-	225	18	31	39	23	42	27
YJL178C	X	89282	90097	-	816	569	1053	1195	1312	1374	1179
YJR022W	X	469784	470113	+	330	48	92	111	105	129	132
YJL062W	X	317284	319776	+	2493	329	568	570	663	758	679
YJL197C-A	X	65805	66086	-	282	0	0	0	0	0	0
YJL082W	X	281185	283380	+	2196	485	701	731	681	718	686
YJL120W	X	191022	191345	+	324	0	2	5	2	0	0
YJL098W	X	242082	245258	+	3177	635	1341	1297	1429	1785	2121
YJL152W	X	136174	136533	+	360	0	2	0	1	4	1
YJR162C	X	744911	745261	-	351	0	0	0	0	0	0
YJL196C	X	67850	68782	-	933	322	634	650	665	821	857
YJL003W	X	432644	433000	+	357	38	90	85	106	101	126
YJL015C	X	407142	407426	-	285	0	0	0	2	0	1
YJL075C	X	298460	298876	-	417	0	0	0	0	0	0
YJR020W	X	468001	468333	+	333	2	5	9	9	5	5
YJL205C	X;X	50139;50412	50268;50443	-;-	162	51	77	105	143	156	112
YJR113C	X	638232	638975	-	744	265	419	457	521	605	370
YJR111C	X	635855	636706	-	852	177	333	341	360	405	426
YJR055W	X	538772	539266	+	495	49	84	120	114	132	162
tY(GUA)J2	X;X	542956;543006	542991;543044	-;-	75	0	0	0	0	0	0
YJL148W	X	140437	141138	+	702	1197	2468	2556	2232	2173	2673
tS(AGA)J	X	524012	524093	-	82	0	0	0	0	0	1
YJL097W	X	245591	246244	+	654	491	812	944	964	970	1205
YJL031C	X;X	386368;387436	387348;387438	-;-	984	272	576	542	678	760	869
YJR132W	X	669522	672668	+	3147	551	1121	1147	1229	1300	1499
YJL092W	X	257423	260947	+	3525	242	538	472	561	708	755
YJL083W	X	278841	280655	+	1815	93	205	195	202	238	172
YJL175W	X	94049	94561	+	513	0	0	0	0	0	0
YJL225W-A	X	829	1311	+	483	0	0	0	0	0	0
snR60	X	349130	349233	-	104	0	0	1	2	1	1
YJL102W	X	231301	233760	+	2460	109	191	219	279	436	417
YJL077W-A	X	294799	294885	+	87	23	35	55	29	45	28
YJL052C-A	X	337884	338003	-	120	0	0	0	0	0	0
YJR083C	X	582608	583537	-	930	148	266	301	302	311	328
YJL128C	X	178097	180103	-	2007	458	831	834	899	1094	938
YJR005C-A	X	448477	448758	-	282	0	0	0	0	0	1
YJR042W	X	514055	516289	+	2235	719	1409	1603	1654	1715	2007
YJL209W	X	38005	39969	+	1965	157	309	322	360	431	538
YJL087C	X	270002	272485	-	2484	325	609	608	657	694	901
YJR127C	X	658917	663059	-	4143	246	449	441	387	446	412
YJL210W	X	36919	37734	+	816	141	255	258	250	285	210
YJR134C	X	673729	675852	-	2124	434	837	844	929	1023	1155
YJL076W	X	295245	298814	+	3570	1071	2036	2057	2235	2507	2325
YJR027W	X	472760	478028	+	5269	26	89	80	91	95	92
YJL113W	X	198678	203325	+	4648	19	43	51	61	68	54
YJR026W	X	472760	474082	+	1323	0	0	0	0	0	0
YJR028W	X	478344	479666	+	1323	0	0	0	0	0	0
YJL114W	X	197915	198595	+	681	0	1	2	5	5	0
YJR029W	X	478344	483612	+	5269	0	2	4	1	2	3
YKL103C	XI	246138	247682	-	1545	294	534	526	525	717	510
tL(UAA)K	XI	84208	84291	+	84	0	0	0	0	0	0
YKL131W	XI	194478	194999	+	522	0	3	1	4	1	1
tV(AAC)K1	XI	308144	308217	-	74	0	0	0	0	0	0
tT(CGU)K	XI	46735	46806	-	72	0	0	0	0	0	0
snR69	XI	364776	364876	+	101	3	5	4	6	6	4
YKR004C	XI;XI	446799;447811	447706;448036	-;-	1134	105	197	192	215	206	258
YKR092C	XI	612665	613885	-	1221	1356	2725	2785	2776	2998	2745
YKL002W	XI;XI	437778;437906	437837;438544	+;+	699	400	735	845	830	887	822
tA(AGC)K1	XI	219895	219967	+	73	0	0	0	0	0	0
YKL173W	XI	122517	125543	+	3027	458	866	845	929	893	869
YKL061W	XI	325771	326112	+	342	66	130	160	135	154	170
YKL139W	XI	182958	184544	+	1587	192	400	392	440	502	651
YKL180W	XI;XI	109269;109884	109577;110129	+;+	555	7588	12841	13902	12417	12183	10911
YKL004W	XI	435580	436785	+	1206	814	1507	1498	1496	1422	1603
YKL143W	XI	176781	178172	+	1392	767	1501	1651	1559	1400	1562
YKL062W	XI	323228	325120	+	1893	467	822	853	780	1077	764
YKL172W	XI	125759	127042	+	1284	2290	4481	4577	4358	3926	4162
YKR014C	XI	465367	466071	-	705	579	1097	1126	1202	1271	1269
YKL149C	XI	167612	168829	-	1218	148	258	289	252	350	358
YKR099W	XI	635851	638286	+	2436	235	555	546	550	760	938
YKL110C	XI	228939	229880	-	942	595	1069	1150	1124	1021	1092
YKL094W	XI	263349	264290	+	942	585	1144	1253	1301	1459	1117
YKR094C	XI;XI	617996;618743	618374;618750	-;-	387	6132	9858	11711	9340	9027	9895
YKR058W	XI	552770	554620	+	1851	109	219	215	131	134	140
YKL183C-A	XI	98395	98607	-	213	1	0	2	1	2	0
YKR052C	XI	532550	533464	-	915	145	262	267	250	220	244
YKL157W	XI;XI	154991;155655	155271;158232	+;+	2859	925	1611	1672	1811	2029	1909
YKL068W-A	XI	309206	309442	+	237	197	312	328	300	361	539
YKR062W	XI	559666	560652	+	987	243	439	492	495	564	639
YKL091C	XI	269718	270650	-	933	196	310	351	347	373	285
YKR073C	XI	578187	578507	-	321	11	18	9	19	14	38
YKR087C	XI	603195	604232	-	1038	170	276	337	300	394	419
YKL070W	XI	306211	306720	+	510	3	14	9	11	4	8
YKR038C	XI	511999	513159	-	1161	443	844	925	907	1040	863
YKR048C	XI	525387	526640	-	1254	1137	2172	2290	2270	2622	1447
YKL096W-A	XI	259253	259531	+	279	5507	6906	7779	9583	12018	9875
YKL014C	XI	411619	416913	-	5295	888	1826	1791	1783	1709	2217
YKR082W	XI	592825	596298	+	3474	548	1102	1111	1307	1506	1883
YKR045C	XI	523418	523969	-	552	42	106	101	84	116	85
YKL018C-A	XI	403580	403879	-	300	139	210	215	277	280	218
YKL126W	XI	205707	207749	+	2043	915	1625	1725	1731	1838	1802
YKR072C	XI	576435	578123	-	1689	531	1056	1049	1139	1433	1290
YKR075W-A	XI	580212	580481	+	270	1	5	7	5	3	2
YKL074C	XI	294610	296193	-	1584	354	712	694	778	894	881
YKL087C	XI	277189	277863	-	675	254	410	444	482	548	452
YKL018W	XI	404102	405091	+	990	195	326	367	359	426	502
YKL135C	XI	186460	188640	-	2181	627	1071	1113	1258	1372	1507
YKL112W	XI	226570	228765	+	2196	315	570	635	813	1321	1135
YKR085C	XI	599094	599681	-	588	199	310	354	428	526	437
YKR102W	XI	646356	649865	+	3510	72	94	98	84	133	127
YKL217W	XI	22234	24084	+	1851	21	26	25	47	54	50
YKR044W	XI	522015	523346	+	1332	255	483	509	502	576	556
YKR080W	XI	590395	591357	+	963	410	896	867	877	748	846
YKL065W-A	XI	315954	316175	+	222	6	8	7	18	19	22
YKL156C-A	XI	158975	159091	-	117	0	2	0	0	0	1
YKR068C	XI	570328	570909	-	582	425	718	832	821	916	1002
YKR027W	XI	491364	493661	+	2298	311	481	537	646	686	698
YKL081W	XI;XI	282891;283422	283095;284455	+;+	1239	8021	15722	15860	14977	15512	15405
YKR022C	XI	482171	483139	-	969	194	396	434	453	439	397
YKL083W	XI	280921	281535	+	615	23	23	20	19	28	21
YKL198C	XI	68232	70220	-	1989	262	460	461	428	569	245
YKR007W	XI	451434	451988	+	555	189	347	365	384	451	309
YKR078W	XI	584952	586709	+	1758	221	377	423	417	481	505
YKR001C	XI	440608	442722	-	2115	966	2115	2040	2265	2766	2712
YKR025W	XI	487770	488618	+	849	362	706	718	678	719	685
YKL124W	XI	210593	212332	+	1740	86	138	132	149	160	169
YKR095W	XI	619805	625432	+	5628	778	1511	1573	1623	1840	1952
YKL129C	XI	196349	200167	-	3819	324	604	663	629	743	626
YKL100C	XI	253697	255460	-	1764	628	1001	1099	1060	1207	1229
YKL041W	XI	360143	360817	+	675	263	486	559	536	624	676
YKL221W	XI	6107	7528	+	1422	8	10	23	22	17	12
YKL031W	XI	382072	382485	+	414	2	4	7	8	14	4
YKR074W	XI	579209	579676	+	468	438	741	792	772	713	848
YKL138C	XI	185286	185681	-	396	239	445	492	574	618	604
YKL063C	XI	321015	321518	-	504	291	615	607	644	738	884
tK(UUU)K	XI;XI	578965;579025	579001;579060	+;+	73	1	0	0	0	0	0
YKL024C	XI	392526	393140	-	615	676	1174	1294	1117	976	816
YKL086W	XI	278281	278664	+	384	1	6	6	2	2	2
YKL073W	XI	296430	299075	+	2646	664	1338	1318	1543	1651	1837
YKR006C	XI	450423	451217	-	795	367	647	742	789	897	883
YKL034W	XI	371829	374105	+	2277	188	322	362	360	430	429
YKL118W	XI	219126	219437	+	312	0	0	0	2	0	0
YKL104C	XI	243220	245373	-	2154	1883	3540	3554	4641	4969	5822
YKL191W	XI	81035	82639	+	1605	898	1641	1650	1642	1507	1276
YKR042W	XI	519527	520624	+	1098	4889	9315	9803	9093	10115	5709
YKR013W	XI	463959	464948	+	990	857	1440	1438	2302	2857	1924
YKR101W	XI	640540	642504	+	1965	93	161	162	196	231	244
YKL039W	XI	362622	364193	+	1572	801	1380	1447	1652	1829	1804
YKL214C	XI	31082	31693	-	612	296	620	640	552	631	574
YKL155C	XI	159456	161342	-	1887	233	430	450	491	774	758
YKL116C	XI	221344	222900	-	1557	453	826	954	883	999	992
YKR089C	XI	605633	608365	-	2733	329	679	652	675	793	752
YKR018C	XI	473723	475900	-	2178	635	1104	1196	1287	1356	1339
YKR079C	XI	586789	589305	-	2517	428	882	873	860	1006	1338
YKL153W	XI	163600	164109	+	510	6	7	2	4	1	6
YKL027W	XI	387562	388905	+	1344	394	850	876	846	910	949
YKL100W-A	XI	254159	254248	+	90	0	1	0	0	0	0
YKL035W	XI	369891	371390	+	1500	1304	2240	2271	2028	2523	2234
YKL084W	XI	280509	280859	+	351	128	234	255	262	304	294
YKL207W	XI	48194	48955	+	762	648	1218	1390	1237	1287	1228
YKR066C	XI	566113	567198	-	1086	400	755	854	782	1018	745
YKL117W	XI	220324	220974	+	651	1569	2989	3327	3647	4066	3450
YKL140W	XI	180779	182425	+	1647	542	913	977	974	984	1092
YKL007W	XI	429302	430108	+	807	536	1074	1092	1266	1312	1276
YKL051W	XI	341312	342373	+	1062	303	505	587	523	380	227
YKL022C	XI	394726	397248	-	2523	254	435	486	507	634	677
YKL021C	XI	397344	398750	-	1407	800	1519	1579	1444	1325	1657
YKL148C	XI	169207	171129	-	1923	661	995	1099	917	1536	1116
YKL038W	XI	365605	369117	+	3513	254	425	347	399	514	412
YKL125W	XI	208247	210130	+	1884	294	525	563	624	682	875
YKL048C	XI	347214	349136	-	1923	131	256	270	305	407	479
YKL053W	XI	339572	339946	+	375	5	3	2	2	4	6
YKR093W	XI	615730	617535	+	1806	1395	2233	2327	2250	3010	2681
YKL201C	XI	63930	67466	-	3537	180	307	284	375	439	517
YKL123W	XI	212043	212423	+	381	4	1	7	1	7	10
YKL224C	XI	1810	2181	-	372	1	0	0	2	0	0
YKL077W	XI	291453	292631	+	1179	1050	1995	2126	1949	2048	2075
YKR103W	XI	653080	656736	+	3657	68	155	136	146	150	176
YKR104W	XI	656836	657756	+	921	30	44	38	51	55	66
YKR024C	XI	485144	487372	-	2229	520	1130	1111	1192	1323	1632
YKR056W	XI	549448	551367	+	1920	698	1387	1353	1442	1502	1964
YKL203C	XI	55935	63359	-	7425	262	538	592	627	699	757
YKR054C	XI	535647	547925	-	12279	257	516	525	589	748	701
YKR057W	XI;XI	551657;552003	551680;552242	+;+	264	3544	5786	6523	4988	4635	3716
YKL133C	XI	191679	193070	-	1392	81	126	163	175	165	179
tH(GUG)K	XI	313401	313472	-	72	0	0	0	0	0	0
YKL122C	XI	212495	212998	-	504	632	1240	1382	1358	1372	1533
YKR100C	XI	638901	639968	-	1068	471	829	843	825	932	941
YKR083C	XI	596421	596822	-	402	117	220	240	217	243	358
YKL225W	XI	451	798	+	348	0	0	0	0	0	0
YKL189W	XI	84704	85903	+	1200	188	303	320	327	346	379
YKL113C	XI	224727	225875	-	1149	360	796	841	818	1007	1154
tV(AAC)K2	XI	379680	379753	+	74	0	0	1	0	0	0
YKL213C	XI	31960	34107	-	2148	771	1279	1417	1432	1610	1273
YKL154W	XI	161601	162335	+	735	349	657	662	722	774	876
YKR063C	XI	560789	562297	-	1509	174	368	345	403	438	516
YKL163W	XI	144401	145378	+	978	140	269	252	176	99	64
YKL174C	XI	120380	122236	-	1857	614	1138	1182	1122	1034	954
YKL134C	XI	189124	191442	-	2319	143	270	279	316	417	517
YKR011C	XI	461635	462696	-	1062	160	304	282	347	493	457
YKL005C	XI	433093	434877	-	1785	270	448	460	429	430	477
YKL069W	XI	307285	307827	+	543	129	244	289	325	314	335
YKL006W	XI;XI	431906;432433	432034;432720	+;+	417	2471	4243	5051	4054	4109	4395
YKL187C	XI	89284	91536	-	2253	80	124	151	180	229	183
YKL111C	XI	228464	228799	-	336	1	2	2	1	0	0
YKR035W-A	XI	507939	508553	+	615	457	898	1026	1080	1132	976
YKL182W	XI	100671	106826	+	6156	5775	11490	10773	9243	9130	8892
YKL099C	XI	255720	256472	-	753	489	930	1019	940	946	1167
YKL179C	XI	110464	112503	-	2040	465	871	923	919	961	1087
YKL047W	XI	349463	351013	+	1551	299	536	550	549	536	602
YKL049C	XI	346075	346764	-	690	155	300	359	373	418	347
YKL220C	XI	9091	11226	-	2136	54	120	108	98	129	133
YKL183W	XI	98721	99641	+	921	191	358	416	418	497	298
YKL181W	XI	107316	108599	+	1284	1983	4041	4375	3975	3850	4024
YKL088W	XI	275283	276998	+	1716	444	786	758	802	896	808
YKL209C	XI	42423	46295	-	3873	1492	3322	3180	3086	3860	4288
tL(CAA)K	XI;XI	458557;458627	458594;458670	+;+	82	0	1	1	1	3	1
YKR019C	XI	476216	478063	-	1848	168	266	296	312	324	203
YKR012C	XI	463739	464116	-	378	11	23	16	14	15	13
YKL166C	XI	134509	135705	-	1197	350	623	710	718	829	788
YKL016C	XI	407465	407989	-	525	680	1210	1503	1274	1849	1602
YKR086W	XI	599857	603072	+	3216	248	510	465	509	621	676
tR(ACG)K	XI	490968	491040	+	73	0	0	0	0	0	0
YKL141W	XI	179667	180263	+	597	400	718	742	709	1061	801
YKL065C	XI	316437	317057	-	621	816	1498	1615	1848	1850	1876
YKL013C	XI	417508	418023	-	516	627	1154	1173	1276	1390	1343
YKL040C	XI	361058	361828	-	771	466	791	930	882	957	1079
YKR061W	XI	557677	558954	+	1278	249	479	465	686	642	504
YKL096W	XI	261132	261851	+	720	644	1157	1073	1655	2305	2210
YKR050W	XI	527815	530484	+	2670	206	371	343	387	467	376
YKL170W	XI	130634	131050	+	417	252	460	565	548	685	599
YKR046C	XI	524223	525074	-	852	655	1116	1182	1398	1720	1047
YKL210W	XI	39163	42237	+	3075	1495	2755	2774	3532	4203	3815
YKR002W	XI	443232	444938	+	1707	347	546	602	626	748	801
YKL015W	XI	408544	411483	+	2940	282	557	574	722	878	1000
snR87	XI	431030	431138	-	109	9	17	19	18	18	32
YKL009W	XI	426242	426952	+	711	2418	4867	5112	4347	3682	4514
YKL108W	XI	234426	235787	+	1362	115	282	276	274	355	385
YKR097W	XI	631152	632801	+	1650	37	70	96	107	73	71
YKL071W	XI	305114	305884	+	771	20	51	33	63	37	47
YKL075C	XI	292956	294308	-	1353	172	331	345	337	383	431
YKL206C	XI	49006	49809	-	804	280	473	493	542	634	627
tD(GUC)K	XI	513332	513403	-	72	0	0	0	0	0	0
YKL195W	XI	75821	77032	+	1212	628	1187	1273	1505	1915	1892
YKL130C	XI	195288	196028	-	741	227	408	411	444	482	507
YKL064W	XI	317764	320673	+	2910	783	1417	1563	1423	1325	1137
YKR026C	XI	488738	489655	-	918	602	1201	1199	1343	1403	1459
YKL076C	XI	292838	293221	-	384	5	11	5	10	10	19
YKL188C	XI	86225	88786	-	2562	177	241	244	272	262	230
YKL196C	XI	74932	75534	-	603	669	1420	1509	1551	1665	1803
snR42	XI	559016	559366	-	351	11	22	18	23	22	25
YKR105C	XI	658716	660464	-	1749	0	0	0	1	0	2
YKL109W	XI	232227	233891	+	1665	1400	2461	2585	2665	3690	1869
YKR071C	XI	574934	575980	-	1047	1628	3272	3477	4229	4568	4783
YKL168C	XI	131288	133462	-	2175	180	298	304	324	314	282
YKL102C	XI	248062	248367	-	306	0	2	1	1	0	2
YKR090W	XI	608946	611066	+	2121	278	473	465	587	733	704
YKR036C	XI	508702	510633	-	1932	232	459	525	577	611	615
YKL202W	XI	63821	64402	+	582	1	1	5	5	5	8
YKR084C	XI	597055	598890	-	1836	512	1037	1073	1210	1216	1220
YKL216W	XI	25215	26159	+	945	1341	2451	2676	2587	2715	2597
YKR055W	XI	548216	549091	+	876	100	189	205	217	225	216
YKL219W	XI	14485	15708	+	1224	157	334	346	384	396	434
YKL020C	XI	398832	402080	-	3249	503	895	889	944	1164	1146
YKL178C	XI	113215	114627	-	1413	6	16	18	23	22	24
YKL067W	XI	314812	315273	+	462	499	907	988	918	1086	1120
YKL097C	XI	258503	258913	-	411	0	4	0	1	1	0
YKL095W	XI	262277	263113	+	837	143	236	257	265	288	225
YKR031C	XI	501344	506395	-	5052	383	781	730	876	900	1005
YKL036C	XI	369528	369920	-	393	2	5	6	2	2	5
YKR088C	XI	604405	605418	-	1014	374	677	716	763	714	817
YKL151C	XI	164917	165930	-	1014	150	265	300	310	318	225
YKL105C	XI	239185	242583	-	3399	333	653	610	640	777	651
YKL169C	XI	130685	131068	-	384	4	6	2	2	6	5
YKL150W	XI	166544	167452	+	909	956	1736	1840	1690	1924	1641
YKL023C-A	XI	393146	393373	-	228	127	319	322	304	343	349
YKL138C-A	XI	184803	185012	-	210	109	161	164	189	270	265
YKL082C	XI	281025	282329	-	1305	1034	2291	2268	2237	2333	2762
YKR070W	XI	573574	574632	+	1059	241	436	534	499	561	524
YKR021W	XI	479234	481981	+	2748	298	586	648	679	796	735
YKR016W	XI	469717	471339	+	1623	528	932	965	1009	1276	1384
YKR033C	XI	506879	507304	-	426	0	3	3	2	2	4
YKR059W	XI	554987	556174	+	1188	1475	3016	3133	2776	2938	3139
YKR069W	XI	571612	573393	+	1782	138	337	328	417	517	528
YKR053C	XI	534067	535281	-	1215	23	48	42	37	44	35
YKL218C	XI	17359	18339	-	981	263	540	583	642	596	394
YKL167C	XI	133721	134134	-	414	156	258	268	296	368	438
tE(UUC)K	XI	141018	141089	-	72	0	2	1	4	0	1
YKL142W	XI	178515	179174	+	660	664	1194	1414	1422	1581	1404
YKL011C	XI	420155	421216	-	1062	131	273	271	285	296	402
YKL160W	XI	153269	153706	+	438	525	1011	1090	1061	1130	1122
YKL144C	XI	175843	176481	-	639	225	447	503	400	459	548
YKL055C	XI	335321	336157	-	837	17	38	39	60	54	40
YKR043C	XI	520897	521712	-	816	1393	2566	2791	2658	2707	2018
YKR039W	XI	515063	516871	+	1809	2009	4025	3719	4829	6661	4564
YKL019W	XI	402568	403518	+	951	489	756	839	888	933	554
YKL184W	XI	96757	98157	+	1401	521	992	930	848	973	963
YKR029C	XI	497578	499833	-	2256	213	369	373	341	498	572
YKL176C	XI	115500	117986	-	2487	663	1278	1184	1186	1337	1471
YKL033W-A	XI	374505	375215	+	711	670	1334	1447	1305	1431	1554
YKL090W	XI	271878	273209	+	1332	133	230	218	228	245	294
YKR041W	XI	518198	518950	+	753	21	29	28	46	56	29
YKL010C	XI	421424	425875	-	4452	525	1121	1119	1244	1523	1562
YKL032C	XI	380065	381858	-	1794	724	1321	1320	1215	1544	1070
YKR051W	XI	530946	532202	+	1257	184	298	344	330	347	403
YKR098C	XI	633026	635179	-	2154	96	158	192	184	256	286
YKL175W	XI	118793	120304	+	1512	652	1223	1205	1219	1304	1267
YKL120W	XI	217344	218318	+	975	1752	3887	3801	4595	4516	5609
YKL222C	XI	3503	5620	-	2118	189	303	310	374	457	477
YKL092C	XI	266145	269459	-	3315	227	485	441	515	621	680
YKL068W	XI	310199	313078	+	2880	773	1745	1832	1980	2479	2676
YKR009C	XI	454352	457054	-	2703	142	181	220	231	204	184
tA(AGC)K2	XI	517988	518060	+	73	0	0	0	0	0	0
YKR028W	XI	494257	497358	+	3102	720	1290	1276	1359	1616	1670
YKR076W	XI	582283	583395	+	1113	67	116	126	172	248	210
YKR106W	XI	661442	663289	+	1848	4	14	17	17	17	16
YKL197C	XI	70734	73865	-	3132	212	365	393	435	502	449
YKL152C	XI	163642	164385	-	744	30420	53170	58476	55706	56624	45008
YKL093W	XI	264789	265808	+	1020	21	25	26	18	36	32
YKL080W	XI	285030	286208	+	1179	1819	3463	3489	3289	3629	3896
YKL185W	XI	94499	96265	+	1767	1116	2147	2172	2206	2902	2397
YKR081C	XI	591506	592540	-	1035	1251	2475	2543	2194	1884	2518
YKR035C	XI	507920	508561	-	642	5	12	8	9	8	10
YKL101W	XI	248920	253476	+	4557	559	1268	1132	1458	1969	2046
YKR008W	XI	452201	454078	+	1878	369	716	736	762	861	1067
tW(CCA)K	XI;XI	302918;302988	302953;303023	+;+	72	0	0	1	2	3	1
YKL056C	XI	334412	334915	-	504	9949	17969	19638	15949	14521	11647
YKL156W	XI;XI	158613;158967	158615;159212	+;+	249	2220	3963	4353	3844	4059	3919
YKL162C	XI	147630	148838	-	1209	60	99	114	96	72	103
YKL192C	XI	80160	80537	-	378	666	1258	1348	1369	1661	1330
YKR064W	XI	562547	565138	+	2592	213	407	463	489	528	647
YKL017C	XI	405190	407241	-	2052	235	431	400	505	510	434
YKL204W	XI	53704	55602	+	1899	424	829	803	926	1170	1201
YKL190W	XI;XI	82947;83075	82998;83550	+;+	528	352	696	753	813	953	835
YKL211C	XI	36699	38153	-	1455	738	1322	1358	1306	1604	1309
YKL115C	XI	222893	223285	-	393	16	22	32	23	33	42
YKL107W	XI	236141	237070	+	930	8	8	17	31	23	19
YKL127W	XI	203541	205253	+	1713	889	1792	1751	1947	1984	1796
YKL165C-A	XI	135790	136023	-	234	0	5	1	2	1	4
YKR049C	XI	526830	527231	-	402	87	145	175	177	141	105
YKL052C	XI	339668	340546	-	879	193	319	328	336	406	260
YKL053C-A	XI	339182	339442	-	261	79	139	189	206	222	278
YKL121W	XI	214142	216700	+	2559	221	318	332	322	394	347
tN(GUU)K	XI	74624	74697	+	74	4	4	1	4	1	7
YKL050C	XI	342852	345620	-	2769	61	98	93	102	120	115
YKL194C	XI	77258	78646	-	1389	156	287	268	346	447	415
YKR037C	XI	510910	511797	-	888	96	192	219	248	301	275
YKL059C	XI	328118	329443	-	1326	198	335	370	448	496	426
YKL205W	XI	50051	53353	+	3303	660	1438	1429	1560	1727	2340
YKL137W	XI	185957	186292	+	336	153	276	312	375	367	430
YKR015C	XI	466961	468667	-	1707	13	19	16	18	26	19
YKL146W	XI	171783	173861	+	2079	340	615	682	743	896	714
YKR003W	XI	445381	446727	+	1347	176	400	467	527	709	762
YKL028W	XI	385758	387206	+	1449	524	968	1057	1065	1197	1145
YKR010C	XI	458924	461239	-	2316	178	312	318	392	404	491
YKL193C	XI	78866	79882	-	1017	257	497	588	604	608	640
tK(CUU)K	XI	202999	203071	+	73	0	0	0	0	0	0
YKL212W	XI	34543	36414	+	1872	1491	2970	3213	3096	3164	3014
YKL147C	XI	171551	172168	-	618	2	3	0	1	0	1
YKL054C	XI	336537	338753	-	2217	1650	3082	3315	3870	4284	3839
snR38	XI	283185	283279	+	95	8	8	7	7	9	24
YKR096W	XI	626793	630380	+	3588	326	700	575	694	781	779
YKL006C-A	XI;XI	430198;430597	430455;430632	-;-	294	143	311	357	319	317	380
YKL164C	XI	141794	142819	-	1026	3422	5919	6628	6676	9158	8659
YKL145W-A	XI	174958	175050	+	93	0	0	0	0	0	0
YKL026C	XI	389380	389883	-	504	75	154	175	132	112	95
YKL044W	XI	356322	356642	+	321	36	84	71	63	115	115
YKL089W	XI	273394	275043	+	1650	97	186	210	233	311	353
YKR077W	XI	583653	584744	+	1092	117	218	213	228	334	332
YKR095W-A	XI;XI	625864;625977	625901;626205	+;+	267	136	203	286	267	304	344
YKL079W	XI	286603	288573	+	1971	315	563	592	730	706	749
YKL161C	XI	149386	150687	-	1302	157	309	290	567	679	699
YKL159C	XI	153816	154451	-	636	164	277	302	351	342	189
YKR030W	XI	500282	501103	+	822	248	514	548	498	517	596
YKL037W	XI	369365	369721	+	357	0	1	3	1	3	0
YKL042W	XI	358475	359566	+	1092	178	313	327	321	424	486
YKR020W	XI	478338	478832	+	495	145	251	323	286	315	267
YKL012W	XI	418310	420061	+	1752	363	561	639	673	729	793
YKL106W	XI	237536	238891	+	1356	538	1111	1118	1224	1322	1656
YKR075C	XI	579827	580750	-	924	122	192	199	116	196	162
YKR065C	XI	565299	565892	-	594	342	622	626	741	790	760
YKL043W	XI	356748	357848	+	1101	494	823	982	747	1021	696
YKL045W	XI	353493	355079	+	1587	262	478	539	608	746	731
YKR060W	XI	556518	557342	+	825	279	624	684	701	639	956
YKL085W	XI	279123	280127	+	1005	646	1144	1357	1110	1628	1084
YKL165C	XI	137932	140691	-	2760	511	1058	933	1114	1361	1705
YKL003C	XI	437097	437492	-	396	189	328	384	419	423	476
YKL072W	XI	299582	301882	+	2301	145	302	351	260	369	458
YKL177W	XI	114356	114694	+	339	0	1	1	2	6	0
YKL186C	XI	92744	93298	-	555	489	904	948	953	1190	903
snR64	XI	38811	38911	+	101	4	4	17	15	12	7
YKR032W	XI	506517	506831	+	315	0	0	0	0	0	0
YKL132C	XI	193574	194866	-	1293	138	242	278	204	186	147
YKL223W	XI	2389	2721	+	333	0	0	0	0	0	0
YKL078W	XI	288845	291052	+	2208	482	893	901	857	778	1002
YKL001C	XI	438777	439385	-	609	440	817	937	1387	1615	1688
YKR040C	XI	518063	518566	-	504	0	3	4	1	2	0
YKL046C	XI	351275	352624	-	1350	732	1315	1431	1477	1574	1403
YKR017C	XI	471694	473349	-	1656	211	286	340	314	305	313
YKL058W	XI	330166	330534	+	369	322	587	666	620	709	680
YKL208W	XI	47157	47972	+	816	82	153	150	222	243	208
YKR005C	XI;XI	448521;450021	449951;450167	-;-	1578	52	80	66	87	89	79
YKR034W	XI	506898	507707	+	810	26	49	51	71	94	51
YKL060C	XI	326408	327487	-	1080	55189	102580	110299	89392	91197	66505
YKL030W	XI	382498	383103	+	606	2	0	0	0	1	0
YKL162C-A	XI	145922	146074	-	153	3	5	4	5	18	4
YKR091W	XI	611525	612265	+	741	330	650	678	845	825	485
YKL096C-B	XI	259073	259222	-	150	2	3	2	4	0	0
YKL171W	XI	127475	130261	+	2787	111	215	216	222	307	244
YKL025C	XI	390240	392279	-	2040	393	778	842	806	899	1017
YKL023W	XI	393721	394554	+	834	112	193	225	231	283	211
tR(UCU)K	XI	162487	162558	-	72	0	1	0	0	0	0
YKL215C	XI	26827	30687	-	3861	254	507	485	635	730	747
YKL136W	XI	186416	186814	+	399	14	16	17	22	21	23
YKL033W	XI	375456	378572	+	3117	200	374	423	476	498	634
YKR023W	XI	483419	485011	+	1593	224	385	460	443	538	515
YKR067W	XI	567918	570149	+	2232	181	289	322	319	451	440
YKL098W	XI	256770	257843	+	1074	211	353	392	391	432	376
YKL114C	XI	223352	224455	-	1104	467	885	973	970	1030	1183
YKL145W	XI	174213	175616	+	1404	1111	2136	2341	2930	3305	2784
YKL057C	XI	330856	333969	-	3114	636	1260	1263	1363	1562	1977
YKL106C-A	XI	237147	237266	-	120	0	0	2	0	0	0
YKL128C	XI	200884	201771	-	888	550	1038	1128	961	1037	837
YKL008C	XI	427295	428551	-	1257	787	1479	1421	1418	1292	1540
YKL029C	XI	382716	384725	-	2010	3283	6511	6536	6307	5594	3849
YKR047W	XI	525257	525562	+	306	17	26	34	45	29	58
YKL066W	XI	315281	315724	+	444	87	165	175	167	226	156
YKL119C	XI	218570	219217	-	648	184	375	369	420	453	531
YEL041W	V	75944	77431	+	1488	34	45	44	67	87	61
YER011W	V	175248	176012	+	765	17	36	30	20	21	29
YER158W-A	V	491487	491702	+	216	2	0	2	2	2	2
snR53	V	61699	61789	+	91	0	0	1	1	0	1
YER056C-A	V;V	269423;270149	269751;270185	-;-	366	3688	8145	8742	7497	7509	6739
YEL067C	V	26189	26776	-	588	11	25	12	30	41	35
YEL054C	V	52721	53218	-	498	6460	12142	13668	10927	10595	8991
YEL047C	V	65385	66797	-	1413	722	1311	1235	1177	1228	1058
YER146W	V	462585	462866	+	282	321	609	673	651	677	416
YER159C	V	491530	491958	-	429	486	1002	1053	994	1173	1030
YER084W	V	327065	327451	+	387	4	9	6	7	9	4
YER183C	V	553334	553969	-	636	207	314	352	373	355	367
YEL009C-A	V	136371	136778	-	408	4	5	4	3	6	3
YEL059C-A	V	42400	42624	-	225	51	69	85	86	132	69
YER172C	V	529530	536021	-	6492	542	1028	1005	997	1057	1146
YER092W	V	342855	343232	+	378	136	210	291	282	330	320
YEL008C-A	V	140726	140818	-	93	3	6	11	6	3	3
YEL032W	V	86937	89852	+	2916	464	870	832	838	1028	881
YEL010W	V	136279	136629	+	351	0	0	0	0	0	0
YEL040W	V	78053	79456	+	1404	5476	10559	10192	10070	10793	9433
YEL059W	V	42652	42960	+	309	2	2	2	1	0	1
YER105C	V	367838	372013	-	4176	635	1287	1345	1383	1722	1810
YEL053C	V	53901	56102	-	2202	431	814	803	1020	1077	1307
YEL046C	V	67629	68792	-	1164	2089	3863	3901	4096	4794	3840
YER137C	V	441373	441819	-	447	49	88	110	113	104	149
YER013W	V	178841	182278	+	3438	223	448	428	493	648	674
YER147C-A	V	465203	465613	-	411	8	11	11	8	1	13
YEL036C	V	83050	84552	-	1503	774	1603	1659	1579	1936	1496
YER094C	V	348729	349346	-	618	779	1518	1601	1845	2062	1461
YER038C	V	226858	228252	-	1395	113	205	237	248	247	340
YEL034W	V	85676	86149	+	474	12812	23484	25839	25051	28527	21019
YER144C	V	457806	460223	-	2418	416	749	780	941	991	887
YER069W	V	295410	298001	+	2592	388	831	790	776	1020	667
YEL066W	V	26667	27206	+	540	122	201	238	222	266	199
YER161C	V	499347	500348	-	1002	409	767	831	837	897	949
YER131W	V	423952	424311	+	360	6683	11964	14552	11231	11388	10388
YER027C	V	208979	210232	-	1254	389	706	735	751	955	717
tH(GUG)E2	V	434541	434612	-	72	0	1	2	2	0	7
YER088C-A	V	335696	336019	-	324	31	64	77	88	100	77
YER002W	V	156803	157498	+	696	1462	2723	2972	2750	2606	2875
YEL062W	V	34407	36254	+	1848	152	298	270	312	374	367
YEL074W	V	6126	6464	+	339	5	5	17	11	14	9
YER142C	V	455146	456036	-	891	59	110	133	163	223	258
YER035W	V	222639	223076	+	438	161	276	326	280	327	145
YER145C	V	460526	461740	-	1215	770	1246	1243	1453	1938	1810
YER176W	V	541690	545055	+	3366	501	1055	1010	1107	1410	1365
YER071C	V	301947	302327	-	381	111	194	248	223	267	259
YER150W	V	468370	468816	+	447	271	590	687	358	181	50
YER177W	V	545611	546414	+	804	4218	7550	8332	8407	10025	7121
YER123W	V	404813	406387	+	1575	357	646	736	722	850	947
YEL018W	V	121471	122310	+	840	196	326	366	386	457	390
YER116C	V	395348	396172	-	825	134	224	295	250	320	239
YER043C	V	235770	237119	-	1350	6819	12590	13386	12184	11071	9979
YEL004W	V	146951	147979	+	1029	109	284	288	278	287	314
YER141W	V	453459	454919	+	1461	542	1034	1058	1108	1414	1109
YER170W	V	525974	526651	+	678	70	110	127	154	207	155
YER047C	V	243810	246503	-	2694	272	465	442	473	619	526
YER132C	V	425188	430449	-	5262	312	649	604	683	859	769
YEL068C	V	25646	25978	-	333	71	154	139	161	182	191
YER080W	V	319963	321846	+	1884	732	1232	1391	1484	1827	1854
YER052C	V	256375	257958	-	1584	1244	2635	2708	2615	3238	3131
YER070W	V	298950	301616	+	2667	959	1953	1813	2062	3084	3629
YEL007W	V	141892	143892	+	2001	640	1333	1309	1621	1976	1383
tE(UUC)E2	V	354934	355005	+	72	0	1	0	0	0	0
YER068C-A	V	295301	295732	-	432	2	1	1	4	0	0
YER115C	V	394292	394867	-	576	173	345	368	375	385	389
tS(AGA)E	V	86604	86685	+	82	0	0	0	0	0	0
YER076C	V	312590	313498	-	909	105	167	195	158	186	149
YEL021W	V	116167	116970	+	804	1005	1905	2100	1820	1819	1523
YEL026W	V	101943	102323	+	381	2727	4683	4946	4020	3742	4822
YER040W	V	229795	231987	+	2193	158	280	293	305	449	413
YEL016C	V	124737	126218	-	1482	156	286	267	292	369	324
YER012W	V	177835	178431	+	597	953	1915	1899	2321	2740	2647
YER190W	V	571480	576525	+	5046	1	4	2	5	3	2
YER185W	V	559454	560365	+	912	43	66	57	50	54	47
YER189W	V	571155	571523	+	369	0	0	0	0	0	3
YEL060C	V	40046	41953	-	1908	1249	2188	2303	2898	3681	1667
YEL052W	V	56571	58100	+	1530	380	630	711	666	863	716
YER149C	V	466208	467470	-	1263	227	438	510	497	570	560
YER111C	V	382595	385876	-	3282	190	433	428	514	700	913
YER081W	V	322686	324095	+	1410	542	951	851	1298	790	953
YER010C	V	172634	173338	-	705	120	237	285	294	358	314
YER018C	V	191959	192624	-	666	36	82	84	74	106	53
YEL076C	V	4464	5114	-	651	0	0	0	0	0	0
YEL018C-A	V	121455	121988	-	534	5	8	8	10	2	10
YER072W	V	302806	303195	+	390	2487	4491	4782	3880	3919	3896
YER093C	V	343320	347612	-	4293	291	499	519	628	728	684
YER178W	V	546817	548079	+	1263	1999	3504	3512	3928	4123	3204
YER030W	V	213437	213898	+	462	428	722	808	837	1076	957
YER128W	V	415859	416470	+	612	75	158	156	201	260	223
YER003C	V;V	157736;159088	158994;159118	-;-	1290	934	1681	1739	1895	2188	2432
YER163C	V	503084	503782	-	699	130	247	259	324	335	282
YEL005C	V	145907	146755	-	849	102	198	201	216	227	227
YER173W	V	536300	538279	+	1980	131	244	251	311	325	351
YEL065W	V	27657	29543	+	1887	175	276	275	520	676	848
YEL055C	V	48471	51539	-	3069	1168	2244	2356	2272	2270	3024
YER029C	V	212587	213177	-	591	253	493	496	447	523	517
YER089C	V	335946	337340	-	1395	748	1449	1431	1463	1529	1165
YER179W	V;V	548421;548645	548552;549517	+;+	1005	19	21	25	21	20	20
YEL011W	V	133120	135234	+	2115	114	183	201	124	109	91
YER166W	V	512744	517459	+	4716	473	1044	951	1103	1198	1108
YER061C	V	278298	279626	-	1329	246	467	500	518	479	437
YER082C	V	324272	325936	-	1665	758	1591	1660	1611	1705	1915
YER118C	V	397952	399055	-	1104	512	895	932	1088	1217	1072
YER152C	V	472657	473988	-	1332	236	425	424	514	625	350
YER107C	V	373448	374545	-	1098	495	746	800	821	811	860
YER020W	V	195168	196517	+	1350	390	732	833	820	891	421
YER125W	V	410189	412618	+	2430	1054	1968	2013	1972	2191	1966
YER122C	V	402871	404352	-	1482	1126	2214	2225	2271	2584	2800
YER038W-A	V	228451	228831	+	381	10	12	10	12	8	4
YER057C	V	270737	271126	-	390	638	1194	1374	1234	1264	1214
YEL033W	V	86179	86598	+	420	4718	8462	9686	9171	12010	8298
YER006W	V	162723	164285	+	1563	1821	3702	3809	3463	2876	3440
YER007W	V	164527	166083	+	1557	108	222	234	241	251	285
YER078W-A	V	318646	318810	+	165	2	1	8	0	1	2
tA(UGC)E	V	312023	312095	-	73	0	0	0	0	0	0
YEL002C	V	148722	150014	-	1293	1234	2392	2523	2461	2605	2775
YEL064C	V	29797	31239	-	1443	86	152	185	192	233	270
YER103W	V	364589	366517	+	1929	315	460	485	458	734	501
YER007C-A	V;V	166237;166875	166771;166885	-;-	546	914	1775	1908	1649	1626	1851
snR80	V	52150	52320	-	171	4	7	13	10	8	13
YER093C-A	V;V	347912;348277	348201;348400	-;-	414	58	101	108	129	165	121
YER120W	V	401135	401869	+	735	1255	2151	2358	2504	2869	2096
YER033C	V	218057	221287	-	3231	162	270	248	322	367	335
YER054C	V	262052	263698	-	1647	34	52	80	74	80	66
tV(AAC)E2	V	469457	469530	+	74	0	0	0	1	1	0
YER164W	V	505392	509798	+	4407	667	1347	1327	1484	1692	1600
YER139C	V	450563	451243	-	681	83	123	185	171	201	212
snR52	V	431129	431220	-	92	1	1	1	1	3	4
YEL042W	V	73771	75327	+	1557	1191	2364	2140	2349	2351	2555
YER190C-A	V	574804	575379	-	576	0	0	0	0	0	0
tS(UGA)E	V	288443	288524	-	82	0	0	1	0	0	1
YER008C	V	167808	171818	-	4011	451	898	937	975	1105	1175
YER114C	V	390590	393712	-	3123	430	827	848	889	1059	1033
YER034W	V	221846	222403	+	558	121	186	223	205	206	164
YEL008W	V	140512	140892	+	381	1	2	3	3	2	3
YER014W	V	182600	184219	+	1620	191	444	478	474	511	507
YER143W	V	456319	457605	+	1287	280	458	542	620	807	707
YER053C-A	V	260933	261046	-	114	105	163	195	157	151	124
YER028C	V	210692	211876	-	1185	73	139	158	159	151	147
YER048C	V	246982	248157	-	1176	756	1320	1550	1395	1452	1403
YER044C	V	237570	238016	-	447	713	1479	1525	1430	1446	1528
YEL039C	V	79636	79977	-	342	52	107	119	83	117	84
YER053C	V	258737	259639	-	903	1061	1808	1980	1623	1002	509
tQ(UUG)E1	V	250286	250357	+	72	0	0	0	1	0	1
YEL034C-A	V	85613	86215	-	603	18	9	8	11	7	3
YER155C	V	476345	482848	-	6504	1252	2521	2460	2601	2685	3192
snR4	V	424698	424883	+	186	75	119	121	133	119	154
YER050C	V	253971	254387	-	417	250	508	502	577	673	762
YER031C	V	214076	214747	-	672	733	1407	1352	1560	1686	1419
YER037W	V	225889	226854	+	966	1036	2050	2206	1532	1583	977
YEL049W	V	63728	64090	+	363	3	3	7	7	8	4
tQ(UUG)E2	V	131082	131153	-	72	0	0	0	0	0	0
YEL006W	V	144327	145334	+	1008	271	519	542	576	665	687
YER100W	V	359562	360314	+	753	529	1042	1080	1101	1176	1136
YER181C	V	551473	551796	-	324	0	2	1	3	0	2
YER015W	V	184541	186775	+	2235	114	174	222	196	193	214
YER129W	V	417281	420709	+	3429	434	890	881	942	1079	1007
YER172C-A	V	536275	536655	-	381	0	0	0	0	0	0
tR(UCU)E	V	138666	138737	+	72	0	0	0	0	0	0
YEL072W	V	13720	14415	+	696	81	151	156	176	166	162
YEL075C	V	5345	5713	-	369	0	0	0	1	0	0
YER048W-A	V	250718	251002	+	285	223	531	531	531	635	706
YER051W	V	254656	256134	+	1479	130	234	231	226	255	300
YER171W	V	527082	529418	+	2337	460	933	983	1046	1011	1261
YER078C	V	316807	318342	-	1536	282	511	595	488	548	544
YER169W	V	523369	525759	+	2391	273	548	524	616	770	938
YEL003W	V;V	148176;148283	148194;148599	+;+	336	332	635	701	674	699	911
YEL077W-A	V	630	1112	+	483	0	0	1	0	0	0
YEL017C-A	V	122798	122929	-	132	754	1421	1491	1089	968	1390
YER133W	V;V	432495;433197	432671;433958	+;+	939	1711	3260	3463	3452	3577	4318
YER152W-A	V	473485	474051	+	567	0	3	0	0	0	0
YER060W	V	274567	276153	+	1587	335	620	643	564	488	445
YER186C	V	561705	562625	-	921	252	481	545	529	521	507
YER188W	V	568040	568759	+	720	90	150	180	128	76	49
YEL045C	V	68840	69265	-	426	0	0	4	5	11	12
YER022W	V	198812	200875	+	2064	250	509	563	572	618	745
YER148W-A	V	466185	466763	+	579	3	5	6	7	7	6
YER157W	V	484788	487193	+	2406	460	794	784	847	928	981
YER014C-A	V;V	183731;184678	184169;184700	-;-	462	0	4	3	3	1	3
YEL076C-A	V;V	4185;4602	4322;5114	-;-	651	0	0	0	0	0	0
YEL038W	V	80462	81145	+	684	193	337	369	342	407	377
YER066W	V	290242	290799	+	558	27	31	64	42	35	41
YER098W	V	355466	357730	+	2265	145	192	214	187	199	178
YEL035C	V	85045	85545	-	501	0	2	1	1	1	1
RPR1	V	117667	118035	-	369	8	23	12	14	12	15
YER063W	V	281710	282366	+	657	301	642	617	724	829	806
YER127W	V	414481	415554	+	1074	358	730	782	784	983	1118
YER154W	V	475020	476228	+	1209	383	819	802	942	1207	877
YER032W	V	215063	217693	+	2631	219	456	483	582	807	852
YER180C-A	V	550865	551122	-	258	38	66	57	78	73	83
YEL071W	V	16355	17845	+	1491	1241	2383	2525	2525	3634	3230
tK(CUU)E2	V	435752	435824	-	73	0	0	0	0	0	0
YEL057C	V	45020	45721	-	702	40	74	99	48	47	55
YEL069C	V	21537	23231	-	1695	0	2	1	0	0	0
YEL043W	V	70478	73348	+	2871	457	921	858	938	1113	1092
YER096W	V	351698	353236	+	1539	45	94	86	77	47	75
YER017C	V	189503	191788	-	2286	503	961	1007	1051	1355	1295
YEL019C	V	120498	121301	-	804	32	86	86	78	109	95
YER009W	V	172115	172492	+	378	2264	4282	4775	4131	3900	4910
YER104W	V	366802	367428	+	627	63	115	136	129	143	113
YER067W	V	292066	292551	+	486	322	696	746	318	150	96
SCR1	V	441987	442508	+	522	37	58	32	69	95	31
YER044C-A	V;V	238460;239712	239623;239774	-;-	1227	34	44	33	59	71	69
YER101C	V	360502	361794	-	1293	115	192	225	217	255	239
YER121W	V	402375	402719	+	345	10	15	17	17	14	17
YER019C-A	V	194273	194539	-	267	786	1248	1521	1311	1462	1302
tE(UUC)E1	V	177099	177170	+	72	0	0	0	0	0	0
YEL050C	V	59670	60851	-	1182	355	650	652	765	999	938
YER062C	V	279930	280682	-	753	222	457	450	486	682	514
YER006C-A	V	164344	164661	-	318	2	3	4	1	2	2
YER016W	V	188277	189311	+	1035	400	708	899	864	1055	912
YEL025C	V	102581	106147	-	3567	333	667	670	676	872	918
YER024W	V	202192	204963	+	2772	128	230	231	262	310	239
YER023W	V	201076	201936	+	861	870	1654	1784	1865	2024	1667
YER079W	V	318920	319552	+	633	215	303	323	231	229	126
YER136W	V	439616	440971	+	1356	1102	2101	2191	2312	2601	2441
YER151C	V	469686	472424	-	2739	734	1499	1483	1621	1969	2006
YEL029C	V	96858	97796	-	939	310	543	620	561	602	600
YER065C	V	285241	286914	-	1674	111	162	175	173	221	185
YEL050W-A	V	59549	59740	+	192	0	2	0	0	0	0
YER085C	V	327619	328140	-	522	1	2	1	5	3	3
YER147C	V	462968	464842	-	1875	129	229	235	247	283	270
YER064C	V	282705	284222	-	1518	252	564	487	639	878	1184
YER119C	V	399496	400842	-	1347	72	132	149	149	293	210
YEL020C-B	V	117183	117380	-	198	0	2	2	2	0	1
YER068W	V	293050	294813	+	1764	413	799	886	855	958	1012
YER158C	V	488857	490578	-	1722	364	486	490	461	489	284
YER138W-A	V	449474	449578	+	105	37	62	62	62	80	100
YER130C	V	421115	422446	-	1332	985	2025	2080	2142	2145	1326
YEL015W	V	126629	128284	+	1656	687	1262	1340	1453	1606	1671
tK(CUU)E1	V	135425	135497	-	73	0	0	0	0	0	0
YER153C	V	474041	474805	-	765	31	40	42	46	78	29
YER137W-A	V	441575	441880	+	306	0	0	3	0	0	0
YER113C	V	387932	390052	-	2121	375	751	744	801	952	1104
YEL030W	V	94644	96578	+	1935	120	201	226	268	257	250
YER083C	V	326174	327031	-	858	380	718	702	753	888	721
YER167W	V	518216	520771	+	2556	621	1110	1092	1225	1538	1287
YEL032C-A	V	87040	87201	-	162	0	0	0	0	0	0
YEL073C	V	7230	7553	-	324	44	59	53	55	32	25
tV(AAC)E1	V	438700	438773	+	74	0	0	0	0	0	0
YER005W	V	160550	162442	+	1893	351	649	700	722	827	793
YER102W	V	363100	363702	+	603	2822	5366	5869	4959	5045	6358
YER046W	V	243180	243611	+	432	59	107	123	111	134	141
YER023C-A	V	201522	201734	-	213	0	1	1	0	0	0
YEL031W	V	90258	93905	+	3648	2016	3691	3552	3992	4578	5088
YER075C	V	308413	311199	-	2787	152	282	300	358	495	601
YER073W	V	304030	305592	+	1563	1748	3533	3531	4127	4672	3619
YEL027W	V	100769	101251	+	483	3627	6299	6862	6034	6118	6022
YEL024W	V	107260	107907	+	648	633	1039	1200	1068	1660	1350
YER049W	V	251728	253662	+	1935	1822	3890	4078	3876	3714	3979
YER175W-A	V	540650	540814	+	165	2	7	6	1	9	14
YEL037C	V	81407	82603	-	1197	878	1633	1715	1865	2258	1677
YER134C	V	437267	437803	-	537	286	517	572	592	633	590
YER088C	V	333176	335188	-	2013	909	1754	1834	1703	1701	902
YER175C	V	539464	540363	-	900	114	227	210	261	274	248
tG(GCC)E	V	61890	61960	-	71	0	0	0	0	0	0
YER021W	V	196948	198519	+	1572	1143	2265	2288	2607	3031	3177
YER004W	V	159580	160275	+	696	301	590	577	695	839	572
YER087C-A	V	331817	332368	-	552	9	10	16	12	14	17
YEL017W	V	123657	124670	+	1014	206	387	405	457	578	426
YER106W	V	372326	373234	+	909	6	9	13	7	11	22
YER066C-A	V	291703	292203	-	501	0	2	2	0	0	3
YER117W	V;V	396769;397282	396810;397653	+;+	414	7880	14297	16409	12895	12537	11220
YER145C-A	V	462386	462823	-	438	1	0	0	0	4	0
YER076W-A	V	313390	313737	+	348	7	19	19	15	14	18
YER187W	V	566230	566655	+	426	22	34	46	29	37	15
snR14	V	167427	167586	-	160	0	0	1	1	2	0
YER046W-A	V	243700	244029	+	330	1	2	4	0	2	1
YER168C	V	521029	522669	-	1641	377	703	746	759	811	996
YER124C	V	407342	409063	-	1722	953	1819	1998	2040	2341	2658
SRG1	V	322212	322762	+	551	132	248	279	250	219	219
YER095W	V	349980	351182	+	1203	238	379	398	411	572	492
YEL028W	V	98668	99129	+	462	20	45	60	70	65	35
YER045C	V	240032	241501	-	1470	320	558	566	684	598	397
YER088W-B	V	335927	336073	+	147	1	3	0	0	1	0
YER086W	V	328477	330207	+	1731	1676	3355	3366	3185	3283	3145
YER188C-A	V	569608	569907	-	300	4	5	10	8	7	4
YER148W	V	465303	466025	+	723	809	1892	2112	1828	1946	2370
YEL022W	V	111421	115800	+	4380	564	1165	1186	1262	1401	1658
YEL001C	V	150301	150978	-	678	965	1738	1869	1978	2076	1908
YER056C	V	266512	268113	-	1602	3529	6652	6702	6527	8161	9817
YER087C-B	V	332582	332830	-	249	597	1010	1071	1160	1369	1471
YEL013W	V	128825	130561	+	1737	621	1069	1089	1090	1180	1542
YER074W	V;V	306323;306792	306325;307196	+;+	408	4916	8633	9923	8255	7899	8202
tE(UUC)E3	V	487331	487402	-	72	0	0	0	0	0	0
YER133W-A	V	437191	437532	+	342	3	2	1	3	3	3
YER119C-A	V	400867	401238	-	372	0	4	3	1	2	1
YEL063C	V	31694	33466	-	1773	699	1279	1189	1285	1659	1615
YEL051W	V	58378	59148	+	771	1291	2613	2811	2538	2442	2756
YER190C-B	V	575680	576162	-	483	0	0	0	0	0	0
YEL061C	V	36535	39537	-	3003	204	421	441	548	679	797
YER059W	V	272624	273886	+	1263	293	570	614	578	647	571
YER091C-A	V	342390	342611	-	222	0	0	0	0	0	0
YER140W	V	451565	453235	+	1671	218	373	416	418	459	552
YEL056W	V	47168	48373	+	1206	302	590	623	632	674	727
YER084W-A	V	327598	328110	+	513	0	1	0	0	0	0
YER036C	V	223367	225199	-	1833	3926	7341	7491	6625	7253	8002
YEL009C	V	138918	139763	-	846	6454	12986	13697	12719	14161	13339
YER079C-A	V	319902	320240	-	339	0	0	0	0	0	0
YEL053W-A	V	52908	53255	+	348	5	7	3	3	0	5
tM(CAU)E	V	100133	100204	+	72	0	0	1	1	0	0
YEL030C-A	V	94583	94897	-	315	1	6	4	2	4	1
YEL014C	V	128303	128608	-	306	0	0	0	0	0	0
YER156C	V	483325	484341	-	1017	1228	2381	2553	2082	1973	1675
YER162C	V	500630	502894	-	2265	143	262	270	265	297	278
YER090W	V	337949	339472	+	1524	951	1994	2089	2128	2188	2193
YER074W-A	V;V;V	307653;307849;308068	307746;307956;308123	+;+;+	258	295	484	579	523	667	699
YER041W	V	232461	234740	+	2280	170	262	253	265	361	362
YER165C-A	V	512627	512983	-	357	0	0	0	0	0	0
YER097W	V	355140	355469	+	330	2	2	3	4	5	5
YER112W	V	387232	387795	+	564	631	1009	1200	1157	1292	1538
YER090C-A	V	338322	338411	-	90	0	0	0	0	1	1
YER067C-A	V	292240	292563	-	324	0	1	1	3	0	1
snR67	V	61352	61433	+	82	22	37	34	32	25	39
tH(GUG)E1	V	207357	207428	+	72	1	0	0	0	1	0
YER174C	V	538434	539168	-	735	355	712	804	623	626	645
YER107W-A	V	374394	374714	+	321	0	1	0	0	1	0
YER026C	V	207644	208474	-	831	934	1695	1805	1462	1467	1545
YER099C	V	358105	359061	-	957	490	907	1022	970	838	893
YEL048C	V	64709	65167	-	459	69	142	142	138	139	227
YEL070W	V	19589	21097	+	1509	2	3	6	8	3	4
YER025W	V	205251	206834	+	1584	2263	4548	4562	4405	4422	4057
YEL075W-A	V	4870	5481	+	612	0	0	0	0	0	0
YER126C	V	413394	414179	-	786	1142	2159	2405	2253	2260	2775
tI(AAU)E1	V	443202	443275	-	74	0	0	0	0	0	0
YER182W	V	552525	553259	+	735	228	422	467	494	510	483
YER165W	V	510373	512106	+	1734	7197	13639	13584	13266	13460	13305
YEL058W	V	43252	44925	+	1674	977	1766	1908	2162	2220	1737
YER060W-A	V	276572	278164	+	1593	27	34	42	39	35	37
YER184C	V	556296	558680	-	2385	168	299	322	384	340	262
YEL012W	V;V	131772;131900	131776;132551	+;+	657	148	245	278	243	270	234
YEL020W-A	V	117211	117474	+	264	359	742	850	833	964	956
YER077C	V	314534	316600	-	2067	332	604	602	673	763	917
YER039C	V	228456	229205	-	750	19	23	40	37	53	35
YER042W	V	234937	235491	+	555	451	867	937	1128	1161	1579
YER019W	V	192797	194230	+	1434	212	393	410	504	600	348
YER039C-A	V	229263	229481	-	219	7	7	12	16	11	8
YER058W	V	271768	272091	+	324	50	88	93	162	199	179
YER110C	V	378762	382103	-	3342	2339	4725	4730	4461	4331	5135
YER135C	V	437952	438344	-	393	1	0	1	1	0	2
YEL023C	V	108504	110552	-	2049	82	155	163	193	258	235
YEL077C	V	264	4097	-	3834	67	139	138	175	193	150
tI(AAU)E2	V	551285	551358	-	74	0	0	0	0	2	0
YER001W	V	153520	155808	+	2289	1485	2916	2817	2704	3077	3108
YEL020C	V	118617	120299	-	1683	136	235	269	282	319	303
YEL044W	V	69757	70257	+	501	232	457	460	498	478	286
YER180C	V	549724	550527	-	804	184	367	393	388	449	451
YER087W	V	330576	332306	+	1731	156	340	355	405	480	432
YER055C	V	264892	265785	-	894	2843	5341	5779	5000	5316	4965
tR(ACG)E	V	492352	492424	-	73	0	0	1	0	0	1
YER091C	V	339864	342167	-	2304	3715	8441	7589	10299	12105	11763
YER138C	V	443756	449024	-	5269	0	0	0	0	0	0
YER137C-A	V	447702	449024	-	1323	0	0	0	0	0	0
YER159C-A	V	496802	498124	-	1323	0	0	0	0	0	0
YER160C	V	492856	498124	-	5269	0	0	0	0	0	0
YHR094C	VIII	290913	292625	-	1713	1824	3619	3755	3081	3037	3322
YHL031C	VIII	38815	39486	-	672	247	444	515	506	653	437
YHL002W	VIII	102612	103970	+	1359	435	845	874	895	1031	903
YHR219C-A	VIII	561199	561681	-	483	0	1	0	0	0	0
YHR045W	VIII	195551	197233	+	1683	479	912	1000	889	938	1013
YHR084W	VIII	274174	276240	+	2067	514	1118	1073	1010	1210	1410
YHR126C	VIII	359702	360181	-	480	0	1	1	1	0	1
tS(AGA)H	VIII	133026	133107	-	82	0	0	0	0	0	0
YHR125W	VIII	358858	359163	+	306	0	0	0	0	1	0
YHR206W	VIII	512732	514600	+	1869	780	1499	1459	1490	1636	1503
YHR097C	VIII;VIII	297385;298485	298360;298609	-;-	1101	585	969	1071	1045	771	404
YHR005C-A	VIII	115620	115901	-	282	791	1553	1711	1684	1745	2097
YHR193C-A	VIII	488653	489027	-	375	4	6	5	4	5	3
YHR007C	VIII	120091	121683	-	1593	6587	13397	14123	11863	13039	13099
YHR214C-D	VIII	550648	550941	-	294	0	0	0	0	0	0
YHR212W-A	VIII	538742	538945	+	204	0	0	0	0	0	0
YHR184W	VIII	472744	474459	+	1716	43	89	115	93	108	146
YHR132C	VIII	368502	369794	-	1293	843	1413	1567	1415	1445	1381
YHR182C-A	VIII	470939	471412	-	474	0	3	1	1	0	0
YHR025W	VIII	159438	160511	+	1074	1318	2310	2437	2449	2789	1802
YHR055C	VIII	214533	214718	-	186	0	0	0	0	0	0
YHR073W	VIII	242582	245572	+	2991	718	1331	1310	1376	1682	1566
YHL015W-A	VIII	74699	74782	+	84	0	1	0	0	0	0
YHR064C	VIII	225525	227141	-	1617	3844	7807	8103	7277	6696	6713
YHL041W	VIII	17392	17841	+	450	1	1	1	1	3	0
YHR143W	VIII	385510	386487	+	978	3039	5476	5167	4439	5340	4299
YHR052W-A	VIII	212510	212704	+	195	0	0	0	0	0	0
YHL047C	VIII	8351	10213	-	1863	189	351	352	413	410	380
YHR175W-A	VIII	453558	453707	+	150	33	59	71	65	95	115
YHR003C	VIII	110028	111317	-	1290	468	972	1047	1026	988	1125
YHL032C	VIII	36379	38508	-	2130	187	343	357	364	496	362
YHR154W	VIII	402966	406178	+	3213	287	707	679	815	958	1134
YHR031C	VIII	170799	172970	-	2172	170	389	374	426	440	457
YHL042W	VIII	15667	16119	+	453	16	28	26	28	17	19
YHR022C-A	VIII	151217	151306	-	90	0	0	1	0	0	1
YHR180C-B	VIII	466958	467062	-	105	0	0	0	0	0	0
YHR106W	VIII	325598	326626	+	1029	175	282	330	319	348	296
YHR186C	VIII	475999	480672	-	4674	304	570	613	690	836	884
YHL029C	VIII	45929	47968	-	2040	405	687	694	770	1105	1139
YHR048W	VIII	204607	206151	+	1545	65	132	121	146	122	119
YHR039C-A	VIII;VIII	187173;187677	187514;187679	-;-	345	1287	2398	2654	2263	2323	2511
YHR073W-A	VIII	242868	243044	+	177	0	0	0	0	0	0
YHR035W	VIII	178219	180111	+	1893	72	112	128	128	132	175
YHR165C	VIII	429707	436948	-	7242	544	1073	1029	1148	1221	1265
YHL006C	VIII	98343	98795	-	453	10	33	29	33	32	24
YHL025W	VIII	54851	55849	+	999	354	638	655	697	792	445
YHR172W	VIII	448335	450806	+	2472	120	200	224	259	355	456
YHR002W	VIII	108812	109885	+	1074	117	161	247	177	199	169
YHR016C	VIII;VIII	136881;138409	138240;138455	-;-	1407	216	333	371	378	477	346
RUF5-2	VIII	214407	215116	+	710	0	0	0	0	0	0
YHR079C	VIII	258244	261591	-	3348	313	600	612	648	796	867
YHR169W	VIII	442181	443476	+	1296	468	971	957	1033	1144	1262
YHR054C	VIII	213185	214249	-	1065	7	4	6	4	2	0
YHR065C	VIII	227532	229037	-	1506	720	1479	1559	1632	1535	1819
YHR088W	VIII	281495	282382	+	888	637	1238	1401	1316	1215	1576
tH(GUG)H	VIII	62755	62826	+	72	0	0	0	0	0	1
YHR093W	VIII	289142	289690	+	549	0	0	0	0	0	0
YHL036W	VIII	26241	27881	+	1641	128	228	215	182	171	135
YHR100C	VIII	314116	314673	-	558	170	266	376	370	360	346
YHR105W	VIII	324766	325410	+	645	35	90	64	74	75	78
YHR056C	VIII	215183	217834	-	2652	220	395	438	507	562	642
YHR135C	VIII	372694	374310	-	1617	633	1357	1328	1485	1789	1399
YHR180W	VIII	465178	465669	+	492	27	30	41	28	27	33
YHR086W	VIII	278153	279724	+	1572	249	425	476	518	523	514
YHR146W	VIII	390300	391697	+	1398	1480	2986	3115	3220	2992	2613
YHR195W	VIII	490747	491712	+	966	335	553	620	551	622	530
YHR119W	VIII	346043	349285	+	3243	329	669	675	783	974	1008
YHR033W	VIII	175548	176819	+	1272	66	97	118	118	172	90
YHR024C	VIII	157744	159192	-	1449	554	999	1025	1106	1431	1284
YHL043W	VIII	14901	15413	+	513	2	5	3	9	1	3
YHL039W	VIII	21783	23540	+	1758	724	1365	1547	1474	1344	1726
YHR059W	VIII	220108	220500	+	393	151	278	348	381	457	458
YHL048C-A	VIII	5663	5797	-	135	1	1	1	1	0	0
YHR026W	VIII	160844	161485	+	642	1167	2107	2255	2011	2185	2223
YHR160C	VIII	419221	420072	-	852	0	3	3	7	4	8
YHR085W	VIII	276764	277768	+	1005	308	595	656	696	734	895
YHR113W	VIII	336337	337809	+	1473	424	733	802	783	902	754
YHR175W	VIII	452872	453441	+	570	207	357	406	437	476	578
YHR148W	VIII	393534	394085	+	552	356	638	726	720	681	738
YHR208W	VIII	517532	518713	+	1182	5784	12437	11900	12499	12130	11979
YHR001W	VIII	106055	107368	+	1314	283	559	675	632	713	774
YHR131C	VIII	365340	367892	-	2553	414	618	596	673	742	617
YHR049C-A	VIII	207234	207530	-	297	1	0	1	2	1	2
YHR086W-A	VIII	280231	280392	+	162	0	0	0	0	0	1
YHR141C	VIII;VIII	381990;382748	382306;382751	-;-	321	5017	9494	10675	8520	8115	8683
YHR170W	VIII	443828	445384	+	1557	1645	3482	3557	3349	2847	3815
YHL021C	VIII	64462	65859	-	1398	750	1372	1456	1232	950	517
YHR078W	VIII	256360	258018	+	1659	336	676	667	701	778	900
YHR007C-A	VIII	122550	122765	-	216	9	15	13	23	22	21
YHL044W	VIII	13565	14272	+	708	43	90	114	101	99	104
YHR214W-A	VIII	543008	543493	+	486	7	9	11	18	8	6
YHR161C	VIII	420373	422286	-	1914	333	526	624	596	705	540
YHR074W	VIII	246193	248337	+	2145	636	1102	1141	1210	1292	1331
YHR164C	VIII	424610	429178	-	4569	199	379	365	514	564	543
YHL006W-A	VIII	97732	98085	+	354	0	1	3	2	1	3
YHR204W	VIII	506319	508709	+	2391	400	783	717	676	930	942
YHL002C-A	VIII	102587	103075	-	489	1	6	2	6	2	1
YHL030W-A	VIII	39074	39535	+	462	1	0	0	1	0	0
tF(GAA)H2	VIII;VIII	358478;358533	358513;358569	-;-	73	0	0	0	0	0	0
YHR163W	VIII	423724	424473	+	750	822	1445	1562	1519	1822	1405
YHL046C	VIII	11923	12285	-	363	2	0	3	1	1	1
YHR056W-A	VIII	217406	217840	+	435	3	2	7	1	1	0
YHL004W	VIII	99219	100403	+	1185	457	792	882	977	1128	970
YHL009C	VIII	84068	85060	-	993	104	219	234	255	287	272
YHR138C	VIII	377355	377699	-	345	252	412	549	564	506	390
YHR166C	VIII	437170	439050	-	1881	120	221	283	251	265	307
YHR151C	VIII	399268	400848	-	1581	218	360	338	354	460	524
YHL014C	VIII	76097	77314	-	1218	126	192	196	241	279	266
YHR021C	VIII;VIII	147871;148667	148116;148669	-;-	249	6032	9854	12259	9711	9447	11255
YHR198C	VIII	496315	497280	-	966	137	197	253	304	399	259
YHL034C	VIII	33193	34077	-	885	2258	4019	4250	4228	4765	3933
YHR124W	VIII	356561	358444	+	1884	33	58	71	78	42	42
YHR011W	VIII	127780	129120	+	1341	107	178	185	255	360	331
YHR096C	VIII	294669	296447	-	1779	18	14	13	23	17	27
YHR185C	VIII	474627	475340	-	714	2	7	6	4	6	17
YHR190W	VIII	484845	486179	+	1335	1660	3317	3353	3505	4182	3648
YHR075C	VIII	248439	249641	-	1203	50	125	121	126	127	136
YHR117W	VIII	342349	344268	+	1920	484	902	897	1056	1309	1181
YHR109W	VIII	330310	332067	+	1758	99	169	182	227	257	331
YHR207C	VIII	514905	516485	-	1581	219	459	443	527	546	604
YHR132W-A	VIII	370054	370449	+	396	243	396	444	395	437	446
YHR015W	VIII	134554	136533	+	1980	60	112	112	119	132	207
YHL015W	VIII	75412	75777	+	366	11788	21848	24949	19693	20083	20279
YHR090C	VIII	283777	284625	-	849	124	226	268	264	297	348
YHR189W	VIII	484028	484600	+	573	21	34	39	39	43	34
YHR001W-A	VIII;VIII	107826;107895	107831;108122	+;+	234	194	319	392	302	537	492
YHR070C-A	VIII	236102	236512	-	411	0	0	0	1	0	0
YHR108W	VIII	328303	330060	+	1758	1168	2032	2088	2295	2741	2618
YHR006W	VIII	117814	119439	+	1626	314	609	602	568	660	607
YHR147C	VIII	392639	393283	-	645	208	420	455	531	567	561
YHR180W-A	VIII	466932	467114	+	183	0	1	0	0	0	0
YHR092C	VIII	287081	288811	-	1731	591	1132	1049	580	1286	1348
YHR080C	VIII	262801	266838	-	4038	220	508	452	459	574	559
YHL045W	VIII	12502	12849	+	348	3	4	3	3	5	5
YHR022C	VIII	149575	150345	-	771	28	59	42	36	50	65
YHL027W	VIII	51111	52988	+	1878	491	850	842	921	1026	841
YHL003C	VIII	100648	101883	-	1236	813	1615	1622	1563	1660	2064
YHR070W	VIII	234881	236380	+	1500	332	659	733	695	785	670
YHR150W	VIII	397251	398990	+	1740	126	253	251	271	303	376
YHR133C	VIII	370722	371597	-	876	524	1043	1062	972	1025	1139
YHR215W	VIII	552099	553502	+	1404	1008	2379	2151	1061	882	775
YHL020C	VIII	66242	67456	-	1215	405	563	668	588	604	374
YHR101C	VIII;VIII	314874;315859	315771;315968	-;-	1008	96	201	199	190	174	196
YHR046C	VIII	197398	198285	-	888	342	765	815	782	790	809
YHR095W	VIII	292943	293437	+	495	1	0	0	0	0	2
YHR182W	VIII	468219	470576	+	2358	189	302	301	386	468	458
YHR098C	VIII	299145	301934	-	2790	797	1594	1600	1760	2066	2173
YHR145C	VIII	388981	389337	-	357	0	0	0	0	2	2
YHR120W	VIII	349574	352453	+	2880	278	558	510	567	660	883
YHL030W	VIII	40084	45690	+	5607	286	631	572	825	1059	1105
tV(CAC)H	VIII	475706	475778	-	73	0	0	0	0	0	0
YHR051W	VIII	209705	210151	+	447	713	1173	1358	1184	1641	1768
YHR130C	VIII	364965	365300	-	336	20	49	53	42	40	45
YHR149C	VIII	394455	396659	-	2205	364	707	786	815	1078	1210
YHR127W	VIII	360913	361644	+	732	165	296	328	324	425	397
YHR194W	VIII	488657	490396	+	1740	148	210	230	257	333	216
YHR213W-A	VIII	540549	540782	+	234	0	0	0	0	0	0
YHR032C-A	VIII	175275	175394	-	120	0	0	0	0	0	0
YHR203C	VIII;VIII	504476;505517	505247;505530	-;-	786	4034	7389	8359	7013	6594	4684
YHR168W	VIII	440377	441933	+	1557	114	179	215	244	294	287
YHR167W	VIII	439342	440127	+	786	90	168	187	180	211	236
YHR050W	VIII	207654	209303	+	1650	343	697	735	654	896	796
YHR112C	VIII	334527	335663	-	1137	178	357	398	538	626	413
YHR027C	VIII	161730	164711	-	2982	1607	3003	3040	3763	4507	4284
YHR214C-E	VIII	551200	551499	-	300	0	0	1	1	1	2
YHR214W	VIII	541651	542262	+	612	0	1	0	3	1	2
YHR188C	VIII	482005	483837	-	1833	687	1250	1242	1272	1540	1301
YHL023C	VIII	59123	62563	-	3441	296	601	620	710	920	967
YHR099W	VIII	302761	313995	+	11235	735	1404	1340	1499	1678	1676
YHR196W	VIII	491931	493658	+	1728	890	1871	1981	2005	2235	3595
YHR177W	VIII	456591	457952	+	1362	49	56	47	67	64	56
YHR174W	VIII	451327	452640	+	1314	41262	73896	73964	71658	75077	54271
YHR199C-A	VIII;VIII	498571;498787	498719;498859	-;-	222	23	27	38	44	60	57
YHR034C	VIII	176965	177999	-	1035	92	201	172	177	196	146
YHR179W	VIII	462502	463704	+	1203	3349	6113	6197	6191	6457	6141
YHR014W	VIII	132047	132922	+	876	4	16	12	17	6	12
YHR171W	VIII	445713	447605	+	1893	118	175	219	160	195	182
tF(GAA)H1	VIII;VIII	237848;237903	237883;237939	-;-	73	0	0	0	0	0	2
YHR121W	VIII	352756	353319	+	564	498	939	1030	1066	1228	1172
YHR116W	VIII	341665	342120	+	456	44	83	82	117	144	88
YHR087W	VIII	280820	281155	+	336	173	324	321	201	130	71
YHR176W	VIII	454229	455527	+	1299	55	89	104	127	130	127
YHR173C	VIII	450815	451153	-	339	0	1	2	3	2	1
YHL010C	VIII	81964	83721	-	1758	125	237	218	204	282	280
YHR102W	VIII	316572	319814	+	3243	265	533	549	693	996	811
YHR063C	VIII	224030	225169	-	1140	638	1204	1360	1582	1520	1777
YHR050W-A	VIII	209475	209645	+	171	19	52	53	53	83	118
YHR137C-A	VIII	375738	376388	-	651	0	0	0	0	1	0
YHL017W	VIII	70276	71874	+	1599	400	727	760	777	701	803
YHL035C	VIII	27978	32756	-	4779	226	481	496	571	777	836
YHR043C	VIII	192805	193545	-	741	205	405	433	445	657	563
YHR115C	VIII	340109	341359	-	1251	360	641	624	687	813	697
YHL007C	VIII	95118	97937	-	2820	701	1347	1416	1473	2065	1805
YHR018C	VIII	140011	141402	-	1392	851	1743	1692	1722	1928	1600
YHR076W	VIII;VIII	251101;251249	251155;252225	+;+	1032	229	475	513	534	624	584
YHL019C	VIII	67731	69548	-	1818	230	346	394	410	407	367
YHR061C	VIII	221534	222478	-	945	69	140	116	130	185	210
tV(AAC)H	VIII	85298	85371	-	74	0	0	0	0	0	0
snR32	VIII	381540	381727	+	188	12	12	19	15	5	14
YHR068W	VIII	232133	233296	+	1164	1650	3231	3517	3126	2940	2950
YHR218W-A	VIII	559932	560249	+	318	0	0	0	0	0	0
YHR037W	VIII	181977	183704	+	1728	460	894	894	1120	1661	1693
YHR012W	VIII;VIII	129481;129648	129528;130448	+;+	849	295	624	656	677	807	654
YHR144C	VIII	387788	388726	-	939	231	474	478	524	590	598
YHR077C	VIII;VIII	252374;255751	255637;255756	-;-	3270	736	1532	1491	1629	1666	1843
YHR156C	VIII	411384	412406	-	1023	107	190	192	219	224	273
YHR217C	VIII	556581	557042	-	462	0	0	0	0	0	0
YHR036W	VIII	180345	181760	+	1416	135	244	239	278	292	376
YHR091C	VIII	284839	286770	-	1932	248	418	442	469	644	582
YHR052W	VIII	210848	211978	+	1131	1904	3791	4086	3604	3227	4692
YHR123W	VIII;VIII	354815;354956	354864;356081	+;+	1176	402	752	767	742	792	798
YHR009C	VIII	124109	125680	-	1572	577	1129	1165	1144	1254	1022
YHL018W	VIII	69708	70070	+	363	20	34	37	40	41	27
YHL012W	VIII	78936	80417	+	1482	3	15	11	17	12	15
YHR211W	VIII	525392	528619	+	3228	103	151	144	136	189	159
YHR155W	VIII	407103	410789	+	3687	242	460	480	523	574	738
RUF5-1	VIII	212409	213118	+	710	0	0	0	0	0	0
YHR139C	VIII	378219	379199	-	981	21	25	20	19	10	9
YHR032W-A	VIII	175195	175374	+	180	38	83	85	82	91	58
tA(AGC)H	VIII	146242	146314	-	73	0	0	0	0	0	0
YHR210C	VIII	520712	521737	-	1026	74	88	105	78	106	52
YHR072W-A	VIII	241664	241840	+	177	1743	2979	3692	2924	2666	3528
YHR140W	VIII	380572	381291	+	720	16	31	27	28	23	27
YHR044C	VIII	194068	194808	-	741	64	118	118	89	144	97
YHL016C	VIII	72037	74244	-	2208	55	71	68	82	102	86
tP(UGG)H	VIII;VIII	388893;388960	388928;388995	-;-	72	0	0	1	0	0	1
YHR202W	VIII	502388	504196	+	1809	111	178	230	214	221	220
YHR019C	VIII	141894	143558	-	1665	3461	6503	6682	6365	6622	5497
YHL034W-A	VIII	33176	33637	+	462	1	0	1	2	0	2
YHR213W-B	VIII	540800	541099	+	300	0	0	0	0	0	0
YHR104W	VIII	323409	324392	+	984	366	674	780	809	1011	804
YHR083W	VIII	272627	273616	+	990	288	520	571	626	725	484
YHR165W-A	VIII	436647	436958	+	312	0	0	0	0	0	0
YHL022C	VIII	62961	64157	-	1197	20	47	44	55	65	50
YHR032W	VIII	173344	175089	+	1746	428	921	887	919	1070	843
YHR008C	VIII	122889	123590	-	702	527	1000	1061	1023	1351	805
YHL038C	VIII	23617	25509	-	1893	185	339	348	341	431	442
YHR071C-A	VIII	238910	239230	-	321	3	10	9	3	11	13
YHR081W	VIII	267538	268092	+	555	373	866	919	833	649	798
YHL050W-A	VIII	811	1293	+	483	1	0	1	1	0	0
YHL028W	VIII	48763	50580	+	1818	108	163	164	158	253	106
YHR073C-B	VIII	245422	245502	-	81	2	0	1	2	0	1
YHL033C	VIII	35255	36025	-	771	3205	6592	6733	6528	6751	5585
YHR066W	VIII	229335	230696	+	1362	672	1314	1285	1319	1496	2017
YHR029C	VIII	167677	168561	-	885	198	407	462	529	529	476
YHR178W	VIII	459299	461530	+	2232	85	162	144	169	242	182
YHR063W-A	VIII	225442	225777	+	336	1	2	1	1	0	2
YHR040W	VIII	187924	189024	+	1101	220	441	456	473	485	428
YHR192W	VIII	486826	487662	+	837	226	452	449	513	561	532
YHR017W	VIII	138694	139851	+	1158	234	485	550	482	501	579
YHR004C	VIII	111754	113094	-	1341	242	408	435	382	394	358
YHL040C	VIII	19088	20971	-	1884	200	374	345	401	424	484
YHR191C	VIII	486230	486631	-	402	78	151	170	192	201	137
YHR201C	VIII	499950	501143	-	1194	695	1507	1520	1444	1446	1631
YHR103W	VIII	320414	322972	+	2559	619	1109	1149	1158	1317	1364
YHR213W	VIII	539151	539747	+	597	0	0	0	0	0	0
YHR153C	VIII	402086	402682	-	597	16	17	30	44	43	62
YHR082C	VIII	268459	271548	-	3090	609	1051	1117	1130	1439	1353
YHR069C-A	VIII	234874	235236	-	363	0	4	3	9	12	5
YHR020W	VIII	143996	146062	+	2067	2758	5593	5946	5093	5103	4826
YHR057C	VIII	218226	218843	-	618	338	549	616	707	771	621
YHL024W	VIII	56649	58790	+	2142	11	14	26	26	44	33
YHR128W	VIII	362115	362765	+	651	1689	3097	3103	3061	3335	3645
tQ(UUG)H	VIII	134321	134392	+	72	1	0	0	1	1	2
YHR047C	VIII	198740	201310	-	2571	673	1348	1381	1470	1797	1989
YHL026C	VIII	53219	54166	-	948	110	186	199	167	195	141
YHR197W	VIII	493896	496187	+	2292	733	1624	1580	1570	1452	1992
YHR028C	VIII	164978	167434	-	2457	709	1393	1341	1532	1642	1688
YHR134W	VIII	371749	372558	+	810	176	328	339	312	399	340
YHR122W	VIII	353625	354320	+	696	254	412	502	471	463	500
YHR067W	VIII	230970	231812	+	843	108	218	251	280	302	260
YHL037C	VIII	25778	26179	-	402	4	2	5	9	5	1
YHR013C	VIII	130730	131446	-	717	530	967	1088	1010	1080	994
YHR137W	VIII	375709	377250	+	1542	337	625	670	514	1008	832
tT(AGU)H	VIII	116107	116179	-	73	0	0	0	0	0	0
YHR158C	VIII	413685	417179	-	3495	538	1000	971	1039	1199	1215
YHR038W	VIII	184066	184758	+	693	132	256	283	300	312	415
YHR042W	VIII	190543	192618	+	2076	1582	2934	2948	2844	3131	2320
YHR028W-A	VIII	167352	167672	+	321	0	1	2	0	0	1
YHL049C	VIII	3726	4541	-	816	0	0	0	0	0	0
YHR041C	VIII;VIII	189131;189851	189749;189864	-;-	633	201	317	337	339	365	198
YHR069C	VIII	233579	234658	-	1080	437	833	873	988	1022	1032
YHR200W	VIII	499079	499885	+	807	536	911	1104	1390	1640	1208
YHR053C	VIII	212535	212720	-	186	1	0	0	0	1	0
YHR218W	VIII;VIII	558014;558715	558615;559924	+;+	1812	0	0	0	0	0	0
YHR021W-A	VIII	149225	149680	+	456	0	0	0	1	0	1
YHR114W	VIII	338083	339984	+	1902	339	635	693	673	837	763
YHR039C	VIII	184875	186809	-	1935	1064	2251	2288	2815	3421	3094
YHL019W-A	VIII	67711	68304	+	594	1	3	5	3	4	2
YHR152W	VIII	401434	401955	+	522	292	522	567	521	601	650
YHL046W-A	VIII	9981	10307	+	327	0	0	0	1	0	0
YHL011C	VIII	80654	81616	-	963	1154	2277	2390	2242	2173	2465
YHR129C	VIII	362999	364153	-	1155	122	257	235	301	326	350
YHR199C	VIII	497490	498422	-	933	231	453	460	537	616	470
YHR159W	VIII	417549	419063	+	1515	88	149	175	191	247	213
YHR193C	VIII	487712	488236	-	525	5227	9366	10042	8928	8665	7825
YHR030C	VIII	168890	170344	-	1455	1568	3055	3323	3869	3085	2331
YHL050C	VIII;VIII	445;2671	1897;3311	-;-	2094	36	135	123	114	161	133
YHR162W	VIII	423072	423461	+	390	1490	2584	2828	2736	2763	2706
YHR089C	VIII	282681	283298	-	618	2683	5150	5675	4357	4069	3247
YHL005C	VIII	98828	99220	-	393	2	0	0	0	1	1
YHR010W	VIII;VIII	126521;127113	126551;127492	+;+	411	7626	13712	15305	12824	12156	11104
YHR079C-A	VIII;VIII	262192;262441	262354;262553	-;-	276	2	2	1	0	0	0
YHR212C	VIII	537759	538094	-	336	0	0	0	0	0	0
YHR005C	VIII	113499	114917	-	1419	897	1624	1759	1452	1790	2015
YHR187W	VIII	480990	481919	+	930	277	528	560	589	642	664
YHR183W	VIII	470960	472429	+	1470	4312	7682	8412	8623	10919	6961
YHR205W	VIII	509363	511837	+	2475	625	1258	1131	1377	1929	1925
YHR139C-A	VIII	380108	380419	-	312	0	0	1	0	0	2
YHR111W	VIII	333072	334394	+	1323	217	444	502	546	594	567
YHR049W	VIII	206462	207193	+	732	1024	1903	2022	1904	2474	2053
YHR131W-A	VIII	367747	367992	+	246	2	0	1	1	2	1
YHR072W	VIII	239098	241293	+	2196	1119	2176	2155	2459	2774	2672
YHR209W	VIII	519437	520312	+	876	349	543	557	634	510	483
YHR107C	VIII	326813	328036	-	1224	829	1491	1657	1680	1868	1777
YHR071W	VIII	237004	237693	+	690	321	686	742	742	727	761
snR71	VIII	411228	411317	+	90	3	3	5	4	7	15
YHR216W	VIII	554396	555967	+	1572	522	953	1039	611	584	402
YHL013C	VIII	77430	78353	-	924	314	506	599	608	667	827
YHR060W	VIII	220725	221270	+	546	289	599	648	670	680	700
YHR143W-A	VIII	387233	387445	+	213	339	684	670	655	656	755
YHR142W	VIII	383538	384488	+	951	572	1038	1066	1229	1276	1348
YHR058C	VIII	218997	219884	-	888	165	317	319	325	387	388
YHL008C	VIII	92627	94510	-	1884	23	44	53	51	84	46
YHR054W-A	VIII	214508	214702	+	195	0	0	0	0	0	0
YHR118C	VIII	344321	345628	-	1308	140	292	299	349	373	457
tT(UGU)H	VIII	466990	467061	+	72	0	0	0	0	0	0
YHL048W	VIII	6401	7546	+	1146	384	873	1059	988	987	905
YHR157W	VIII	412907	413455	+	549	17	26	29	30	39	30
YHR110W	VIII	332282	332920	+	639	225	441	472	487	615	633
YHR023W	VIII	151666	157452	+	5787	417	889	885	972	1178	1329
YHR062C	VIII	222877	223758	-	882	342	692	751	761	773	532
YHR219W	VIII	560173	562047	+	1875	2	1	2	3	4	0
YHR136C	VIII	374654	375100	-	447	389	877	843	575	541	541
YHL001W	VIII;VIII	104277;104804	104405;105091	+;+	417	1390	2614	3035	2485	2335	2568
YHR181W	VIII	467228	467914	+	687	243	417	461	489	548	730
YHR214C-B	VIII	543964	549346	-	5383	70	156	143	140	131	167
YHL009W-B	VIII	85909	91318	+	5410	0	0	0	0	0	0
YHR214C-C	VIII	547910	549346	-	1437	0	0	0	0	0	0
YHL009W-A	VIII	85909	87150	+	1242	0	0	0	0	0	0
YIR015W	IX	381948	382382	+	435	72	113	123	124	160	147
YIL156W-A	IX	47292	47693	+	402	0	0	3	2	0	1
YIL115W-A	IX	144268	144639	+	372	0	0	0	0	0	0
YIL086C	IX	200153	200461	-	309	9	6	14	12	15	21
YIL156W-B	IX;IX	47690;47761	47698;47973	+;+	222	83	194	258	214	254	252
tT(AGU)I2	IX	325748	325820	+	73	0	0	0	0	0	0
YIL146C	IX	74184	75773	-	1590	102	144	167	166	169	172
YIL010W	IX	334882	335529	+	648	178	336	382	493	597	641
YIL117C	IX	140613	141569	-	957	708	1228	1401	1751	1553	1403
YIL050W	IX	258913	259770	+	858	265	520	580	556	567	520
YIL107C	IX	163278	165761	-	2484	169	372	343	375	430	406
YIL150C	IX	61013	62728	-	1716	118	223	240	304	338	317
YIL165C	IX	33718	34077	-	360	48	61	98	81	95	74
YIL045W	IX	271161	272777	+	1617	176	298	331	269	231	205
YIL126W	IX	117992	122071	+	4080	785	1581	1670	1683	1873	2091
YIL158W	IX	46201	46815	+	615	206	463	540	547	628	566
YIR018W	IX	384609	385346	+	738	66	106	121	108	174	130
YIR039C	IX	430498	432111	-	1614	125	209	196	203	212	170
YIL082W	IX	205635	206507	+	873	0	0	0	0	0	0
YIL056W	IX	249991	251913	+	1923	618	964	1071	1117	1134	936
YIL161W	IX	39433	40140	+	708	163	301	357	373	377	462
tS(UGA)I	IX	248850	248931	+	82	0	0	0	0	0	0
YIL119C	IX	136654	137877	-	1224	165	296	307	184	161	248
YIL016W	IX	321454	321933	+	480	0	0	0	0	0	0
YIL144W	IX	78074	80149	+	2076	214	346	326	438	503	610
YIL026C	IX	304477	307929	-	3453	237	483	510	587	826	913
tD(GUC)I1	IX	324303	324374	-	72	0	0	0	0	0	0
YIL163C	IX	36899	37252	-	354	3	1	7	3	2	16
YIL139C	IX	87979	88716	-	738	160	311	338	304	340	401
YIL171W	IX	19515	19844	+	330	0	0	0	0	0	0
YIL068C	IX	233057	235474	-	2418	430	749	716	790	979	1112
YIL065C	IX	241308	241775	-	468	123	224	248	269	312	249
YIL098C	IX	179772	180239	-	468	157	251	289	344	401	352
YIL141W	IX	85053	85442	+	390	1	5	1	6	2	14
YIL009W	IX	339344	341428	+	2085	374	722	700	655	985	1122
YIR021W-A	IX	398514	398726	+	213	1	0	0	1	0	0
YIR020C-B	IX	397215	397949	-	735	0	0	4	0	1	2
YIL044C	IX	272950	273846	-	897	352	738	772	810	848	848
YIR020W-A	IX	394917	395159	+	243	0	1	0	0	0	1
YIR004W	IX	363221	364519	+	1299	630	1145	1239	1381	1482	1515
YIL092W	IX	189066	190967	+	1902	105	192	219	218	277	285
tD(GUC)I2	IX	336349	336420	-	72	0	0	0	0	0	0
YIL136W	IX	93619	94800	+	1182	296	534	562	528	496	215
YIR022W	IX	398733	399236	+	504	337	691	807	750	838	563
YIL002W-A	IX	350301	350510	+	210	323	584	644	624	623	795
YIL066W-A	IX	237366	237809	+	444	1	1	1	4	0	0
YIL133C	IX;IX	98527;99386	99095;99416	-;-	600	7375	12735	13953	11359	10253	11051
YIL123W	IX	128151	129581	+	1431	946	1847	1787	2764	3118	2076
YIR001C	IX	356143	356895	-	753	255	469	558	551	665	565
YIL153W	IX	55198	56379	+	1182	229	350	387	451	522	224
YIR002C	IX	357415	360396	-	2982	352	697	687	803	878	996
YIL108W	IX	160887	162977	+	2091	342	560	618	668	760	531
YIR023C-A	IX	402383	402706	-	324	4	5	4	7	6	12
YIL067C	IX	235724	237760	-	2037	172	333	344	320	423	431
YIR019C	IX	389572	393675	-	4104	56	86	64	66	107	86
YIL028W	IX	302100	302498	+	399	24	19	33	28	29	23
YIL134W	IX	97395	98330	+	936	83	146	174	189	215	210
YIL159W	IX	41825	45952	+	4128	125	301	231	335	459	570
YIL011W	IX	333727	334536	+	810	76	112	126	92	88	66
YIL110W	IX	156045	157178	+	1134	468	912	987	974	890	1052
YIL131C	IX	100781	102235	-	1455	216	400	401	491	637	570
YIL128W	IX	113806	116904	+	3099	480	904	907	974	1091	1500
YIL064W	IX	241943	242716	+	774	509	975	1038	882	771	871
YIL071C	IX	228660	229994	-	1335	142	251	254	242	265	315
YIL147C	IX	69791	73453	-	3663	476	859	921	913	1107	1080
YIL149C	IX	63028	68067	-	5040	821	1652	1612	1825	1946	2149
YIL106W	IX;IX	166415;166520	166434;167444	+;+	945	248	454	454	521	642	542
YIL005W	IX	345692	347797	+	2106	420	780	828	883	1018	1063
YIL169C	IX	23119	26106	-	2988	10	20	11	18	17	5
YIL004C	IX;IX	347946;348495	348363;348505	-;-	429	154	317	335	368	340	411
YIR014W	IX	381086	381814	+	729	18	39	40	42	40	43
tE(CUC)I	IX	197592	197663	+	72	0	0	0	0	0	0
YIR033W	IX	416124	419465	+	3342	583	1233	1155	1382	1541	1671
YIL105C	IX	167581	169641	-	2061	333	560	656	615	644	707
YIL057C	IX	247902	248396	-	495	1	2	1	3	0	1
YIL017C	IX	318200	320965	-	2766	842	1656	1613	1691	1597	1069
YIL132C	IX	99860	100501	-	642	30	62	66	72	80	66
YIL070C	IX	230272	231072	-	801	230	446	427	625	790	848
YIL051C	IX	257843	258280	-	438	1119	2000	2205	1906	2529	1844
YIL118W	IX	139752	140447	+	696	517	948	1115	1087	1280	1210
YIL097W	IX	180427	181977	+	1551	161	266	291	260	277	253
YIR034C	IX	419615	420736	-	1122	199	379	397	360	466	343
YIL109C	IX	157385	160165	-	2781	1637	3043	3055	3664	4024	3424
YIL102C-A	IX	173365	173592	-	228	44	59	90	78	97	100
YIL105W-A	IX	167664	167804	+	141	0	0	0	1	1	0
YIL084C	IX	202276	203259	-	984	190	287	314	319	406	316
YIL039W	IX	278426	279847	+	1422	937	1915	1935	1907	1950	2007
YIR003W	IX	360885	362924	+	2040	403	738	738	828	997	777
YIR031C	IX	413015	414679	-	1665	295	429	541	424	506	427
YIL074C	IX	221081	222490	-	1410	831	1756	1680	1858	2072	2235
YIL022W	IX	311165	312460	+	1296	835	1628	1652	1877	2336	1754
YIL030C	IX	296050	300009	-	3960	981	1895	1821	1968	2271	2432
YIL140W	IX	85366	87837	+	2472	398	718	704	953	1314	1272
YIL031W	IX	292633	295737	+	3105	261	476	490	516	649	778
YIL014W	IX	326103	327995	+	1893	354	631	594	643	744	868
YIL137C	IX	89948	92788	-	2841	588	1076	1141	1186	1443	1341
YIR037W	IX	423128	423619	+	492	569	1098	1131	1125	1244	1080
YIL127C	IX	117024	117644	-	621	880	1644	1742	1547	1346	1632
YIL143C	IX	80510	83041	-	2532	463	881	936	997	1151	1136
YIL079C	IX	210923	212005	-	1083	290	634	651	672	765	815
YIR008C	IX	373077	374306	-	1230	213	432	487	511	573	603
YIL040W	IX	277723	278139	+	417	342	551	645	555	673	800
YIL129C	IX	106107	113237	-	7131	358	690	723	821	1000	1000
YIL100C-A	IX	177343	177681	-	339	0	1	1	0	0	3
YIL124W	IX	126204	127097	+	894	383	647	840	787	921	822
YIL042C	IX	275108	276292	-	1185	124	206	230	203	272	139
YIL115C	IX	144327	148709	-	4383	768	1479	1487	1655	1882	2007
YIL035C	IX	287790	288908	-	1119	761	1577	1702	1635	1880	2144
YIL176C	IX	8793	9155	-	363	0	0	0	0	0	0
YIL006W	IX	344062	345183	+	1122	86	126	142	113	162	146
YIL048W	IX	261437	264892	+	3456	514	978	981	1014	1249	1464
YIL066C	IX	238099	240708	-	2610	29	79	74	96	104	104
YIR029W	IX	410807	411838	+	1032	90	143	195	188	165	145
YIR018C-A	IX	385564	385701	-	138	2	6	8	3	7	4
YIL094C	IX	186517	187632	-	1116	577	1136	1320	1454	1632	1322
YIL103W	IX	171751	173028	+	1278	323	706	783	765	771	973
YIL155C	IX	51759	53708	-	1950	91	125	137	150	307	182
YIL152W	IX	56545	57252	+	708	68	146	175	144	182	147
YIL046W-A	IX	268309	268473	+	165	4	2	0	5	4	2
YIL002C	IX	350591	353431	-	2841	290	521	574	579	763	784
YIR030W-A	IX	412899	413282	+	384	1	1	8	4	1	3
YIL047C-A	IX	265099	265467	-	369	12	34	30	25	19	35
YIL156W	IX	48091	51306	+	3216	213	367	415	448	506	480
YIR012W	IX	378486	379781	+	1296	1270	2504	2472	2442	2375	2460
YIL112W	IX	151595	154846	+	3252	386	752	724	855	923	957
YIL025C	IX	308201	308575	-	375	0	0	0	2	0	0
YIL175W	IX	9183	9500	+	318	0	0	0	0	0	0
YIL100W	IX	177373	177726	+	354	2	1	5	8	4	0
YIR026C	IX	404873	405967	-	1095	688	1384	1496	1255	988	1111
YIR025W	IX	403659	404765	+	1107	108	216	215	251	261	209
YIR042C	IX	435273	435983	-	711	116	254	316	253	279	247
YIL075C	IX	217863	220700	-	2838	1899	3673	3745	4382	5128	4390
YIL068W-A	IX	233013	233396	+	384	0	0	1	0	0	0
YIL063C	IX	242761	243744	-	984	463	877	868	1012	1144	1108
YIL018W	IX;IX	316768;317172	316771;317932	+;+	765	11452	20783	23342	19199	18428	13064
YIL027C	IX	303679	304104	-	426	244	524	562	534	492	636
YIL085C	IX	200490	202043	-	1554	577	1022	1200	1142	1143	1245
snR68	IX	97111	97246	+	136	20	31	32	39	46	46
YIL008W	IX	342536	342835	+	300	392	688	805	734	677	788
YIL030W-A	IX	295565	295903	+	339	6	10	13	7	13	20
YIL076W	IX	216658	217548	+	891	1079	1813	2075	2276	2273	2408
YIR036W-A	IX	422635	423036	+	402	2	1	4	1	0	1
YIL029C	IX	300829	301257	-	429	53	116	127	109	106	114
YIR023W	IX	399777	402689	+	2913	271	556	566	680	812	803
tT(AGU)I1	IX	175031	175103	+	73	1	1	0	1	0	3
YIL053W	IX	255115	255867	+	753	8248	14615	15712	12771	12159	9951
YIL101C	IX	175307	177250	-	1944	32	35	43	105	117	47
YIL120W	IX	134417	136108	+	1692	64	137	158	117	140	164
YIL174W	IX	9469	9696	+	228	0	0	0	0	0	0
YIL032C	IX	291961	292317	-	357	0	0	0	0	0	0
YIL142C-A	IX	83208	83540	-	333	1	0	0	0	0	0
YIL164C	IX	34087	34686	-	600	81	114	136	139	150	98
YIL096C	IX	182117	183127	-	1011	338	706	709	728	586	859
YIL160C	IX	40191	41444	-	1254	1	2	2	3	2	1
YIL134C-A	IX	96522	96725	-	204	1	3	1	5	3	6
YIL062C	IX	243998	244462	-	465	420	774	847	862	956	734
YIL151C	IX	57338	60694	-	3357	391	655	706	749	887	1034
YIL059C	IX	246550	246915	-	366	81	125	170	131	152	98
YIR030C	IX	412036	412770	-	735	103	198	190	220	225	270
YIL083C	IX	203556	204653	-	1098	303	549	623	654	619	741
YIL019W	IX	315093	316133	+	1041	553	1104	1192	1056	809	1028
YIL020C-A	IX	313713	314051	-	339	9	11	26	13	13	19
YIL099W	IX	178004	179653	+	1650	10	24	28	23	47	17
YIL093C	IX	187990	188784	-	795	209	363	440	488	617	438
YIR024C	IX	402841	403491	-	651	188	314	364	408	416	361
YIL135C	IX	95065	96375	-	1311	345	539	556	635	744	448
YIL020C	IX	314035	314820	-	786	230	507	507	448	387	462
YIL023C	IX	309386	310426	-	1041	261	449	447	539	608	450
YIL177W-A	IX	846	1328	+	483	0	0	0	0	0	0
YIL037C	IX	283029	284999	-	1971	7	16	18	19	20	18
YIL142W	IX	83302	84885	+	1584	1592	3137	3160	3165	3604	3153
YIR041W	IX	433929	434303	+	375	1	0	1	1	3	3
YIL034C	IX	289226	290089	-	864	539	1133	1096	1228	1329	1195
YIL073C	IX;IX	222937;225900	225809;225954	-;-	2928	61	82	88	125	145	131
YIL091C	IX	191030	193195	-	2166	664	1466	1365	1656	1885	2347
YIL078W	IX	212499	214703	+	2205	4876	9257	9586	8933	8603	9253
YIL052C	IX;IX	256226;257027	256554;257063	-;-	366	4920	10091	10916	8510	8096	6661
YIR017C	IX	383556	384119	-	564	14	21	31	25	68	61
YIL125W	IX	122689	125733	+	3045	654	1181	1213	1185	1622	1433
YIL154C	IX	53981	55021	-	1041	289	424	524	531	646	212
PWR1	IX	395999	396939	+	941	0	0	1	1	1	1
YIL138C	IX	89230	89715	-	486	583	1075	1149	1144	1339	1589
YIL130W	IX	102782	105676	+	2895	354	798	730	699	1231	1635
YIL071W-A	IX	228550	229026	+	477	2	3	7	3	6	3
YIL043C	IX	274072	274926	-	855	1786	3167	3484	3228	3417	2322
YIR013C	IX	380019	380384	-	366	3	1	2	3	1	1
YIL055C	IX	252042	253925	-	1884	71	116	128	120	162	170
YIL014C-A	IX	325212	325526	-	315	0	0	0	0	0	0
YIL049W	IX	260158	260919	+	762	135	210	211	175	222	251
YIL162W	IX	37385	38983	+	1599	359	665	649	747	951	911
YIL104C	IX	169982	171505	-	1524	274	550	574	669	691	870
YIL077C	IX	214991	215953	-	963	195	310	328	307	305	200
YIR032C	IX	415030	415617	-	588	94	171	168	176	185	105
YIL007C	IX	342994	343656	-	663	136	219	254	252	298	243
YIL021W	IX	312905	313861	+	957	748	1381	1482	1483	1600	1556
YIR020C	IX	394255	394557	-	303	0	0	0	0	0	0
YIL038C	IX	280142	282652	-	2511	642	1212	1289	1381	1659	1801
YIR011C	IX	377287	378246	-	960	445	849	918	896	1017	996
YIL046W	IX	268651	270573	+	1923	254	427	422	489	564	381
YIL157C	IX	46949	47542	-	594	252	438	536	542	654	487
YIL171W-A	IX	18260	18712	+	453	0	0	0	0	0	0
YIL121W	IX	132244	133872	+	1629	92	140	150	179	206	202
YIL170W	IX	19847	21220	+	1374	0	1	5	1	2	1
YIR038C	IX	423809	424513	-	705	170	300	292	364	473	477
YIR027C	IX	406260	407642	-	1383	8	18	25	28	37	35
YIL088C	IX	197931	199403	-	1473	530	1101	1084	1105	1196	1239
YIR028W	IX	408468	410375	+	1908	21	41	49	65	57	50
YIL001W	IX	353940	355481	+	1542	133	274	264	370	351	390
tK(CUU)I	IX	300228	300300	-	73	0	0	0	0	0	0
YIL173W	IX	11492	16141	+	4650	5	9	12	6	8	11
tE(UUC)I	IX	370417	370488	+	72	0	0	0	0	0	0
YIL177C	IX;IX	483;4987	4598;6147	-;-	5277	0	0	0	0	1	0
YIL054W	IX	254543	254860	+	318	0	1	0	0	0	0
YIL148W	IX;IX	68708;69150	68715;69528	+;+	387	6928	11665	13970	11562	11113	13105
YIR017W-A	IX	383566	384165	+	600	1	0	0	0	0	0
YIL145C	IX	76354	77283	-	930	580	1041	1031	1062	1052	942
YIR006C	IX	365466	369908	-	4443	857	1722	1621	1926	2268	1921
YIL013C	IX	328207	332442	-	4236	90	184	158	211	241	259
YIL114C	IX	149143	149988	-	846	256	479	467	471	397	399
YIR035C	IX	421026	421790	-	765	670	1210	1377	1066	885	355
YIR007W	IX	370704	372998	+	2295	96	151	178	201	251	223
YIL113W	IX	150559	151188	+	630	25	44	60	35	31	9
YIL036W	IX	285666	287429	+	1764	386	607	631	659	729	627
YIR010W	IX	375431	377161	+	1731	198	367	378	460	545	517
YIL033C	IX	290419	291669	-	1251	964	1838	1952	1825	2042	1410
YIR009W	IX	374525	374860	+	336	60	109	118	110	149	123
YIL041W	IX	276525	277505	+	981	980	1775	1912	1864	2157	1532
YIL087C	IX	199646	200119	-	474	71	151	163	167	153	79
ICR1	IX	393884	397082	-	3199	68	157	122	172	210	187
YIR036C	IX	422074	422865	-	792	136	165	242	255	277	169
YIL122W	IX	130610	131665	+	1056	153	236	297	316	322	245
tI(AAU)I2	IX	210665	210738	+	74	0	0	0	0	0	0
YIL021C-A	IX	313199	313468	-	270	0	0	1	1	0	0
YIL090W	IX	193595	195070	+	1476	413	814	810	938	1000	1234
YIL012W	IX	333011	333352	+	342	3	4	3	6	4	2
YIL024C	IX	308602	309171	-	570	41	63	60	78	84	85
YIL111W	IX	155311	155765	+	455	129	236	232	265	256	215
YIL095W	IX	183937	186369	+	2433	256	470	465	556	626	657
YIL029W-A	IX	299735	300106	+	372	0	0	1	0	0	0
YIL089W	IX	195599	196216	+	618	26	35	52	47	37	45
YIL166C	IX	30938	32566	-	1629	21	43	29	46	60	79
YIL060W	IX	246392	246826	+	435	1	0	0	1	0	0
tI(AAU)I1	IX	183440	183513	-	74	0	0	0	0	0	0
YIL009C-A	IX;IX	335666;335937	335935;336212	-;-	546	100	220	247	240	293	267
YIL061C	IX	244657	245559	-	903	119	187	227	221	254	248
YIR040C	IX	433389	433721	-	333	0	0	0	0	0	0
YIL102C	IX	174582	174887	-	306	0	0	0	0	0	0
YIL069C	IX;IX	231553;232367	231957;232369	-;-	408	3324	5870	6515	5795	5607	6077
YIR016W	IX	382628	383425	+	798	108	219	203	232	257	131
YIR021W	IX	397294	398385	+	1092	185	313	351	348	420	398
YIL172C	IX	16784	18553	-	1770	0	0	0	0	0	0
YIL072W	IX	226602	228419	+	1818	24	53	46	41	51	33
YIL058W	IX	246914	247198	+	285	0	0	1	0	0	0
YIL047C	IX	265115	267823	-	2709	752	1482	1477	1496	1651	1439
YIL015W	IX	322342	324105	+	1764	0	0	0	0	0	0
YIR005W	IX	364889	365335	+	447	62	98	121	141	135	173
YIL116W	IX	142928	144085	+	1158	667	1308	1340	1355	1342	1364
YIL003W	IX	349122	350003	+	882	189	417	383	338	342	365
YIL082W-A	IX	205635	210132	+	4498	119	223	205	199	237	198
YCR031C	III;III	177500;178214	177906;178220	-;-	414	8525	14223	16425	13229	13004	10344
YCL011C	III	102075	103358	-	1284	1375	2403	2638	2502	2905	2334
YCL040W	III	50838	52340	+	1503	770	1254	1271	1066	1253	697
YCR052W	III	214994	216445	+	1452	539	1018	1005	1169	1393	921
YCR100C	III	301271	302221	-	951	101	229	210	187	208	160
YCR107W	III	313890	314981	+	1092	62	116	119	118	128	160
YCL002C	III;III	110808;111634	111557;111675	-;-	792	254	544	558	429	436	570
YCL024W	III	79162	82275	+	3114	182	369	393	445	667	696
YCR060W	III	224399	224734	+	336	144	276	315	347	396	259
YCR071C	III	240103	240543	-	441	174	314	355	399	452	424
YCR007C	III	126011	126730	-	720	115	186	200	243	212	99
YCL012C	III;III	101317;101701	101633;101788	-;-	405	106	173	191	239	217	227
YCR081C-A	III	258415	258651	-	237	0	0	0	0	1	0
YCR036W	III	193297	194298	+	1002	267	510	514	687	734	756
YCR063W	III	228318	228791	+	474	25	44	51	65	89	72
YCL042W	III	50584	50943	+	360	2	3	7	4	3	2
YCR097W-A	III	294439	294705	+	267	0	0	0	0	0	0
YCR025C	III	163446	163856	-	411	6	7	12	13	14	10
tK(CUU)C	III	151284	151356	-	73	0	0	0	0	0	0
YCR069W	III	239055	240011	+	957	420	793	722	788	945	762
YCR041W	III	200911	201243	+	333	0	2	3	1	2	1
YCR102W-A	III	306735	306932	+	198	1	5	7	5	8	6
YCR020C-A	III	154830	155096	-	267	145	220	287	230	206	211
YCL075W	III	2126	2566	+	441	0	0	0	0	0	0
YCR092C	III	276764	279820	-	3057	234	382	409	504	544	725
YCR005C	III	120946	122328	-	1383	982	1473	1718	1156	1471	607
YCR038W-A	III	199293	199418	+	126	0	0	0	0	0	0
YCL034W	III	61658	62722	+	1065	291	395	468	470	602	366
YCL026C-B	III	73405	73986	-	582	17	29	22	43	48	64
YCR020W-B	III	155320	155556	+	237	91	163	232	189	217	379
YCR094W	III	286762	287937	+	1176	239	467	477	556	615	714
YCL028W	III	70150	71367	+	1218	730	1344	1448	1477	1677	1304
YCL029C	III	68599	69921	-	1323	283	518	584	574	657	517
YCL074W	III	2824	3750	+	927	0	0	0	0	0	0
tQ(UUG)C	III	168301	168372	-	72	0	0	2	0	0	0
YCR086W	III	263392	263964	+	573	94	152	171	195	213	213
YCR006C	III	122530	123003	-	474	16	34	42	28	34	25
YCR083W	III	259578	259961	+	384	136	209	244	288	317	294
YCL039W	III	52645	54882	+	2238	294	502	533	568	583	490
YCL037C	III	57374	58678	-	1305	36	97	81	110	148	100
tE(UUC)C	III	82462	82533	-	72	0	0	0	0	0	0
YCL004W	III	109105	110670	+	1566	137	301	331	295	342	345
YCL076W	III	1392	2135	+	744	0	0	0	0	0	0
YCR011C	III	133724	136873	-	3150	484	902	975	1000	1124	1226
YCL054W-A	III	30910	30996	+	87	76	144	155	87	162	201
YCR020C	III	154012	154659	-	648	58	73	87	59	84	81
YCL065W	III	13751	14119	+	369	0	0	0	0	0	0
YCL057W	III	24768	26906	+	2139	606	1201	1216	1573	2028	1849
YCL069W	III	9706	11082	+	1377	0	0	0	0	0	0
YCR045W-A	III	208751	209101	+	351	40	72	46	55	98	48
YCL048W	III	42165	43556	+	1392	4	19	26	15	10	14
YCR002C	III	117380	118348	-	969	698	1319	1451	1395	1539	1746
YCR035C	III	191834	193018	-	1185	550	1009	1116	1155	1193	1379
YCR066W	III	231500	232963	+	1464	174	322	338	359	349	381
YCR032W	III	179520	186023	+	6504	246	477	498	548	598	635
YCL059C	III	22429	23379	-	951	1214	2436	2630	2137	1715	2099
YCR079W	III	252845	254173	+	1329	130	229	276	245	300	197
YCR021C	III	156109	157107	-	999	2869	4653	5047	2798	915	81
YCL026C-A	III	74704	75285	-	582	13	12	13	9	20	17
YCL046W	III	46640	46963	+	324	0	1	2	1	1	0
YCR104W	III	307801	308175	+	375	2	3	1	2	2	2
YCL001W	III	111916	112482	+	567	541	952	1031	933	1078	1315
YCR054C	III	218376	220067	-	1692	168	378	393	432	495	623
YCR046C	III	209914	210423	-	510	192	326	317	429	554	260
YCR064C	III	228095	228505	-	411	2	3	4	5	1	2
YCL001W-B	III	113770	114024	+	255	4	9	8	5	8	9
YCR017C	III	144773	147634	-	2862	1050	1918	1969	2034	2126	2247
YCR097W	III;III;III	293835;293994;294292	293939;294239;294321	+;+;+	381	205	404	493	422	395	667
YCL041C	III	50133	50627	-	495	0	2	0	0	3	1
YCR043C	III	206261	206644	-	384	409	757	805	728	824	956
YCR095W-A	III	289639	289797	+	159	8	17	16	16	14	11
YCL009C	III	104619	105548	-	930	1234	2462	2576	2672	2808	1566
tP(AGG)C	III	123577	123648	-	72	1	0	0	0	1	2
YCR014C	III	139185	140933	-	1749	143	292	249	292	314	345
YCL036W	III	59026	60726	+	1701	258	469	485	538	836	852
YCR051W	III	214071	214739	+	669	524	977	1011	927	883	481
YCL045C	III	44623	46905	-	2283	1186	2366	2484	2425	2814	2843
YCL005W	III	108021	108791	+	771	138	235	270	300	317	259
snR43	III	107504	107712	-	209	29	42	47	28	40	30
YCR088W	III	265068	266846	+	1779	576	1017	1063	1287	1712	1110
YCR037C	III	194414	197185	-	2772	528	952	951	927	1180	1053
YCR077C	III	250238	252628	-	2391	1175	2289	2227	2310	2688	2367
YCR009C	III	130745	131542	-	798	1111	2020	2170	2145	2249	1935
YCR098C	III	297049	298605	-	1557	117	202	282	159	204	256
YCR047W-A	III	211301	211507	+	207	0	1	0	1	1	0
YCR073W-A	III	246963	247910	+	948	189	314	361	376	467	256
YCR039C	III	199546	200178	-	633	0	0	0	0	0	0
YCL032W	III	63441	64481	+	1041	261	460	487	552	577	393
YCR049C	III	211871	212317	-	447	0	1	0	0	0	0
YCR076C	III	249293	250045	-	753	91	118	156	195	230	155
YCL057C-A	III	24032	24325	-	294	236	372	439	470	633	419
YCR053W	III	216697	218241	+	1545	2645	5164	5073	5065	5338	5111
YCL008C	III	105696	106853	-	1158	152	237	271	275	288	177
YCR072C	III	240805	242352	-	1548	393	789	720	792	935	1224
YCR057C	III	220457	223228	-	2772	1192	2476	2490	2496	2866	3164
YCL044C	III	47111	48364	-	1254	132	216	237	306	444	341
YCL033C	III	62776	63282	-	507	127	184	248	272	315	148
YCL030C	III	65934	68333	-	2400	1885	3688	3842	3385	3717	3035
YCL068C	III	11503	12285	-	783	7	6	5	7	14	6
YCL035C	III	60841	61173	-	333	491	815	926	1062	1215	883
YCR008W	III	128470	130281	+	1812	702	1418	1397	1356	1690	1665
tS(CGA)C	III;III	227942;227998	227978;228042	+;+	82	0	0	1	0	1	0
YCR091W	III	274404	276566	+	2163	87	139	150	120	147	149
YCR108C	III	315997	316188	-	192	0	0	0	0	0	0
YCR042C	III	201174	205397	-	4224	386	701	725	724	902	940
snR65	III	177183	177282	+	100	0	1	3	0	1	1
YCL055W	III	27929	28936	+	1008	251	496	490	474	556	660
YCR003W	III	118620	119171	+	552	157	316	332	401	438	427
YCR022C	III	157421	157765	-	345	3	6	7	7	8	6
YCR089W	III	267434	272263	+	4830	187	358	364	396	541	461
tG(GCC)C	III	142701	142771	-	71	0	0	0	0	0	0
YCL016C	III	94621	95763	-	1143	119	244	242	256	315	251
YCL031C	III	64675	65568	-	894	679	1292	1306	1216	1447	1892
YCL048W-A	III	41488	41727	+	240	2	1	0	1	1	0
YCR018C	III	148238	148903	-	666	169	388	415	464	451	452
YCL022C	III	81570	82085	-	516	0	0	0	2	0	0
YCR087C-A	III	264006	264467	-	462	481	805	957	798	613	577
tT(AGU)C	III	295484	295556	+	73	0	0	0	0	0	0
YCL023C	III	78949	79296	-	348	1	0	0	0	0	1
YCL010C	III	103571	104350	-	780	178	294	313	352	397	306
YCR001W	III	115685	115999	+	315	0	0	0	1	0	1
tM(CAU)C	III	149920	149991	+	72	0	0	0	0	0	0
YCL018W	III	91324	92418	+	1095	2203	4646	4779	5146	4881	3406
YCR073C	III	242588	246583	-	3996	184	377	382	425	408	468
YCR048W	III	211929	213761	+	1833	275	497	531	552	672	380
YCL005W-A	III;III;III	107023;107111;107288	107033;107191;107417	+;+;+	222	377	724	824	694	723	584
YCR033W	III	186489	190169	+	3681	446	1049	998	966	1260	1173
YCL007C	III	106974	107366	-	393	1	1	3	4	4	3
YCR019W	III	152837	153928	+	1092	151	261	302	347	326	318
YCR102C	III	304361	305467	-	1107	52	78	92	121	132	90
YCR075W-A	III	248975	249202	+	228	51	87	117	140	123	113
YCL058W-A	III	23584	23925	+	342	148	227	270	282	316	359
YCL047C	III	43661	44437	-	777	140	268	308	325	385	360
YCR106W	III	310958	313456	+	2499	112	244	222	268	284	362
YCR040W	III	200442	200969	+	528	0	0	0	0	0	0
YCR061W	III	225563	227458	+	1896	101	164	126	189	239	122
YCR045C	III	208135	209610	-	1476	2	9	7	6	3	5
YCR085W	III	262916	263269	+	354	1	0	1	1	0	1
YCR024C-B	III	162599	162865	-	267	3997	7251	7445	5766	6486	7177
YCR101C	III	302482	303030	-	549	55	93	102	90	120	105
YCL049C	III	39786	40724	-	939	244	440	430	490	435	299
YCR015C	III	141217	142170	-	954	95	177	182	193	205	310
snR33	III	142364	142546	-	183	83	129	188	172	169	256
YCR038C	III	197621	199549	-	1929	111	186	208	195	188	157
YCL063W	III	17290	18561	+	1272	228	421	442	435	567	584
YCR024C	III	160744	162222	-	1479	106	217	217	278	385	426
YCR065W	III	229310	231004	+	1695	123	263	257	269	436	454
YCR087W	III	263976	264491	+	516	2	5	6	3	5	4
YCR034W	III	190592	191635	+	1044	1692	3251	3306	2968	3027	3479
YCL052C	III	34143	35393	-	1251	490	870	963	951	1025	1007
YCR004C	III	119575	120318	-	744	387	708	729	882	1130	941
YCR059C	III	223454	224230	-	777	352	543	528	617	599	347
tL(CAA)C	III;III	90859;90929	90896;90972	+;+	82	0	0	0	0	1	0
YCR096C	III	293179	293538	-	360	0	0	0	0	0	0
YCR028C-A	III;III	172950;173199	173115;173440	-;-	408	657	1221	1397	1374	1447	1588
tN(GUU)C	III	127716	127789	+	74	0	0	0	0	0	0
YCL021W-A	III	83620	83997	+	378	35	77	66	75	66	84
YCL064C	III	15798	16880	-	1083	710	1182	1421	585	1105	737
YCR028C	III	170886	172424	-	1539	258	505	486	557	611	650
YCR082W	III	258883	259269	+	387	323	596	591	750	902	964
YCL061C	III	18816	22106	-	3291	247	504	512	652	877	937
YCL073C	III	6479	8326	-	1848	0	0	0	1	1	1
YCR013C	III	138402	139049	-	648	4	2	1	2	4	5
YCR090C	III	272315	272863	-	549	322	593	652	606	616	746
YCR084C	III	260311	262452	-	2142	1211	2364	2267	2700	3506	2796
YCR050C	III	213464	213772	-	309	0	0	0	0	1	0
YCR099C	III	300832	301299	-	468	73	139	123	92	90	106
YCL066W	III	13282	13809	+	528	0	0	0	0	0	0
snR189	III	178610	178798	-	189	2	1	4	4	3	4
YCR095C	III	288170	289258	-	1089	208	451	419	470	448	596
YCR068W	III	237214	238776	+	1563	102	153	173	213	329	209
YCL017C	III	92777	94270	-	1494	544	1009	1075	1207	1253	1212
YCL058C	III	23523	23981	-	459	73	107	143	149	162	149
YCL014W	III	96281	101191	+	4911	264	574	574	690	851	903
YCL050C	III	37836	38801	-	966	1892	3729	4000	4323	4862	4632
YCR067C	III	233125	236322	-	3198	514	974	908	1126	1412	1259
YCR047C	III	210718	211545	-	828	355	630	674	756	696	583
YCR044C	III	206877	207950	-	1074	284	548	663	574	718	654
YCR026C	III	164111	166339	-	2229	357	642	612	650	833	795
YCR093W	III	280117	286443	+	6327	797	1558	1469	1700	2147	2515
YCR012W	III	137746	138996	+	1251	28402	47450	49714	48299	52135	36323
YCR075C	III	248033	248815	-	783	85	119	136	157	205	165
YCL043C	III	48653	50221	-	1569	3841	7162	7053	9873	11384	6568
YCL025C	III	76018	77919	-	1902	1228	1971	2003	1850	2610	1818
YCL067C	III	12386	13018	-	633	0	0	0	0	0	0
YCR023C	III	158538	160373	-	1836	280	590	607	593	698	738
YCR010C	III	132273	133124	-	852	3	5	11	7	8	8
YCL056C	III	26925	27359	-	435	136	254	280	214	251	298
YCR081W	III	254371	258654	+	4284	197	384	367	480	554	676
YCR018C-A	III	151608	151862	-	255	4	12	15	15	19	21
YCR030C	III	173826	176438	-	2613	480	938	897	976	1193	1087
YCL027W	III	71803	73341	+	1539	171	283	310	216	299	309
YCL051W	III	35865	37616	+	1752	360	627	631	648	666	527
YCL038C	III	54941	56527	-	1587	167	329	295	290	302	282
YCR027C	III	167370	167999	-	630	155	265	292	292	357	332
YCL001W-A	III	113080	113541	+	462	4	3	10	13	13	15
YCR016W	III	143634	144506	+	873	740	1350	1519	1386	1354	1687
YCL054W	III	31449	33974	+	2526	1379	2874	2841	2974	3166	3797
YCR105W	III	309070	310155	+	1086	17	21	34	35	37	47
YCR024C-A	III	162945	163067	-	123	2375	4760	4771	3763	4257	6030
YCL020W	III	85102	86418	+	1317	0	0	0	0	0	0
YCL019W	III	85102	90415	+	5314	20	50	42	40	47	57
RUF22	VI	199299	199813	-	515	0	0	0	0	0	0
YFL031C-A	VI	76014	76115	-	102	0	0	0	0	0	0
YFL026W	VI	82580	83875	+	1296	3407	6339	6755	4747	5451	6621
YFR027W	VI	207452	208297	+	846	30	65	79	83	100	108
YFR052W	VI	252505	253329	+	825	637	1179	1284	1467	1821	1901
YFL064C	VI	3322	3846	-	525	3	4	7	4	8	10
YFL015C	VI	106469	106963	-	495	0	0	1	0	1	0
YFL011W	VI	112345	113985	+	1641	3	9	5	5	10	6
YFR017C	VI	182274	182861	-	588	23	56	53	44	35	21
YFL018C	VI	101628	103127	-	1500	1211	2257	2330	2460	3129	2526
YFL032W	VI	74872	75192	+	321	0	2	0	0	1	2
YFR036W	VI	226963	227337	+	375	40	82	75	97	120	63
YFR006W	VI	156145	157752	+	1608	651	1276	1420	1407	1850	1907
YFR021W	VI	194812	196314	+	1503	187	310	344	361	430	346
tK(CUU)F	VI	226688	226760	-	73	0	0	0	0	0	0
YFL034W	VI	65477	68698	+	3222	241	479	406	512	589	644
YFL012W-A	VI	109810	110184	+	375	1	0	3	2	2	1
YFL024C	VI	87847	90345	-	2499	176	349	372	366	509	637
YFL013C	VI	107852	109930	-	2079	505	891	976	1052	1155	1113
RUF23	VI	221714	221967	+	254	5	8	7	3	13	6
YFL046W	VI	42815	43438	+	624	176	337	355	421	431	529
YFR014C	VI	172537	173877	-	1341	254	406	469	399	444	439
YFL056C	VI	14305	15431	-	1127	69	147	168	156	201	174
YFL041W-A	VI	48734	48925	+	192	25	32	29	35	28	26
YFR055W	VI	264204	265226	+	1023	1384	2741	2734	3620	3429	2780
YFR013W	VI	169922	172285	+	2364	416	864	873	927	1110	1115
YFR049W	VI	248523	248894	+	372	96	187	241	251	288	254
YFL050C	VI	33272	35848	-	2577	170	376	339	356	370	376
YFR044C	VI	239992	241437	-	1446	1801	3412	3509	3356	3454	3362
YFR032C-B	VI	223710	223973	-	264	3	3	5	2	4	12
YFR034W-A	VI	226022	226309	+	288	14	22	28	18	20	18
tP(UGG)F	VI;VI	101376;101443	101411;101478	+;+	72	0	0	0	0	0	0
YFR009W	VI	162488	164746	+	2259	882	1804	1815	1763	1800	1898
tA(AGC)F	VI	204924	204996	-	73	0	0	0	0	0	0
YFL045C	VI	43628	44392	-	765	3942	7282	7741	6860	7062	8411
YFL068W	VI	53	535	+	483	0	0	0	0	0	0
YFR018C	VI	183131	184222	-	1092	152	334	330	379	405	243
YFR034C	VI	225020	225958	-	939	133	340	283	369	434	262
YFR029W	VI	210937	212973	+	2037	111	208	194	241	322	265
YFL003C	VI	134521	137157	-	2637	31	52	54	55	39	67
YFR041C	VI	237368	238255	-	888	322	648	671	768	853	983
YFL059W	VI	11363	12259	+	897	3	17	10	19	13	11
YFL062W	VI	6426	7565	+	1140	5	13	10	15	13	11
YFR026C	VI	205748	206257	-	510	26	36	43	38	61	36
YFL014W	VI	107256	107585	+	330	39	36	72	76	106	80
YFL066C	VI	1437	2615	-	1179	6	17	8	12	15	11
YFL047W	VI	40421	42565	+	2145	311	593	637	771	946	1068
YFR032C-A	VI	223258	223437	-	180	3579	6078	7551	5669	5554	7100
YFR056C	VI	263957	264325	-	369	0	0	0	0	0	1
RUF20	VI	131061	131503	-	443	25	62	67	55	64	68
YFL044C	VI	44655	45560	-	906	215	445	438	502	583	414
YFR011C	VI	166746	167258	-	513	257	492	488	567	683	737
YFR022W	VI	196833	199034	+	2202	175	346	291	275	263	184
YFR047C	VI	244279	245166	-	888	347	607	661	698	682	569
tF(GAA)F	VI;VI	157916;157971	157951;158007	-;-	73	2	0	0	1	1	2
YFL051C	VI	30058	30540	-	483	4	12	8	6	7	6
YFL054C	VI	20847	22787	-	1941	49	98	94	87	141	122
YFR036W-A	VI	227451	228101	+	651	3	3	7	3	0	2
YFR024C-A	VI;VI	201960;203387	203292;203433	-;-	1380	475	828	857	1057	1338	977
YFR045W	VI;VI	241998;242082	242009;242999	+;+	930	120	206	232	269	310	227
YFR002W	VI	150016	152535	+	2520	669	1343	1309	1370	1599	1832
YFL012W	VI	110647	111093	+	447	3	7	10	9	8	9
YFL033C	VI	69115	74427	-	5313	283	475	451	537	644	587
YFL021W	VI	95966	97498	+	1533	681	1345	1285	1459	1914	1129
YFL008W	VI	119429	123106	+	3678	312	672	642	765	1020	1126
YFL019C	VI	100252	100605	-	354	0	3	3	7	3	2
YFR005C	VI	154527	155873	-	1347	301	557	564	598	583	784
YFL022C	VI	93499	95010	-	1512	2131	4327	4293	4166	4485	3638
YFL028C	VI	79344	80213	-	870	353	664	727	657	651	622
YFL052W	VI	28232	29629	+	1398	5	3	7	9	10	11
YFR008W	VI	160535	161200	+	666	70	123	147	136	146	155
YFL002C	VI	145114	146934	-	1821	629	1083	1200	1113	1170	1282
YFL055W	VI	17004	18680	+	1677	44	64	65	77	93	79
YFL034C-B	VI;VI	63016;63974	63859;63993	-;-	864	202	432	411	458	564	532
YFR023W	VI	199874	201709	+	1836	7	25	15	23	18	29
YFR001W	VI	149110	149724	+	615	1006	2026	2081	1844	1564	1824
YFL023W	VI	90986	93376	+	2391	339	667	655	808	882	1019
YFL020C	VI	99231	99599	-	369	1	4	5	8	10	5
tY(GUA)F2	VI;VI	210619;210669	210654;210707	-;-	75	0	0	0	0	0	0
YFL067W	VI	836	1363	+	528	0	0	0	0	0	0
YFR031C-A	VI;VI	220507;221415	221267;221418	-;-	765	8089	15003	16618	13562	13721	8524
YFL010C	VI	115108	115743	-	636	447	785	898	989	1157	585
tN(GUU)F	VI	137486	137559	-	74	0	0	0	0	0	0
YFL053W	VI	23423	25198	+	1776	5	8	8	10	2	5
YFR030W	VI	213312	216419	+	3108	404	862	791	1053	1502	1573
YFR003C	VI	152657	153124	-	468	193	304	324	351	467	341
YFL039C	VI;VI	53260;54687	54377;54696	-;-	1128	10105	18592	18464	18715	21294	18125
YFL029C	VI	78055	79161	-	1107	166	278	342	358	402	360
YFL030W	VI	76831	77988	+	1158	32	53	54	55	86	74
YFL058W	VI	12929	13951	+	1023	1	0	1	3	3	4
YFL016C	VI	104701	106236	-	1536	601	909	1046	1104	1764	975
YFR040W	VI	234242	237250	+	3009	710	1250	1264	1324	1647	1616
YFL041W	VI	49139	51007	+	1869	352	660	675	693	883	765
tS(GCU)F	VI;VI	191513;191577	191557;191613	-;-	82	2	0	1	0	0	2
tG(GCC)F1	VI	162228	162298	+	71	0	0	0	0	0	0
YFL036W	VI	58782	62837	+	4056	394	761	751	750	1074	1143
YFR053C	VI	253592	255049	-	1458	184	378	363	472	1722	1272
YFL048C	VI	38843	40180	-	1338	551	1144	1217	1259	1354	1447
YFL015W-A	VI	106415	106732	+	318	0	2	1	1	0	0
YFR057W	VI	269061	269516	+	456	0	0	0	2	0	1
YFR046C	VI	243074	244159	-	1086	134	226	254	250	313	259
YFL037W	VI	56336	57709	+	1374	1932	3625	3775	3770	4136	3441
YFL061W	VI	9545	10222	+	678	0	1	0	1	0	0
YFL017C	VI	103983	104462	-	480	163	312	361	367	446	386
YFR012W	VI	167888	168496	+	609	1	2	5	5	6	6
YFL034C-A	VI;VI	64243;64921	64599;64932	-;-	369	810	1621	1775	1798	1861	2195
YFR010W	VI	165067	166566	+	1500	854	1598	1695	1825	2014	2131
YFL040W	VI	51350	52972	+	1623	2	2	3	2	2	2
YFR020W	VI	192737	193435	+	699	71	162	182	139	134	162
YFR038W	VI	229380	231941	+	2562	312	604	657	664	893	1033
YFR012W-A	VI	169224	169310	+	87	1	2	4	4	6	5
YFL031W	VI;VI	75179;76092	75839;76147	+;+	717	1513	2862	3257	3368	3895	2176
YFL017W-A	VI	103699	103932	+	234	144	187	204	212	247	239
YFL005W	VI	130334	130981	+	648	863	1605	1787	1738	1848	1652
YFR019W	VI	184502	191338	+	6837	272	492	472	587	778	783
YFL042C	VI	45720	47744	-	2025	214	382	383	393	473	318
YFR042W	VI	238458	239060	+	603	105	203	198	234	302	404
YFR050C	VI	249066	249866	-	801	1012	1825	2097	2571	2991	2574
YFR007W	VI	159299	160360	+	1062	100	187	236	217	269	252
YFL065C	VI	3030	3338	-	309	3	8	9	7	14	5
YFL038C	VI	55366	55986	-	621	1398	2488	2698	2946	3308	2472
YFR015C	VI	174265	176391	-	2127	178	454	368	163	213	186
tG(GCC)F2	VI	180974	181044	-	71	0	0	1	0	1	2
YFR009W-A	VI	163875	164132	+	258	0	0	0	0	0	0
YFL060C	VI	10301	10969	-	669	5	11	9	12	21	18
YFR043C	VI	239114	239827	-	714	118	244	263	271	279	318
YFL049W	VI	36803	38674	+	1872	304	501	545	576	626	670
YFR052C-A	VI	253429	253734	-	306	8	24	21	24	73	75
RUF21	VI	57815	58521	-	707	0	0	0	0	0	1
YFR028C	VI	208413	210068	-	1656	432	894	847	995	1208	1211
YFR010W-A	VI	166728	166916	+	189	0	1	0	1	0	1
YFR051C	VI	250163	251803	-	1641	846	1559	1643	1824	2133	1746
YFR016C	VI	177042	180743	-	3702	601	1065	1084	1249	1492	1490
YFR032C	VI	222090	222959	-	870	22	46	29	20	18	17
YFL001W	VI	147131	148459	+	1329	312	640	686	703	794	906
YFR037C	VI	227513	229186	-	1674	1217	2370	2561	2529	2983	2209
YFL013W-A	VI	107799	108602	+	804	3	4	3	1	2	2
YFL063W	VI	5066	5521	+	456	0	2	0	0	0	1
YFR025C	VI	203743	204750	-	1008	259	515	607	719	781	617
YFL025C	VI	84145	87234	-	3090	261	564	492	576	700	819
YFR054C	VI	258855	259433	-	579	4	7	7	5	7	6
YFR033C	VI	224326	224769	-	444	979	1584	1728	1793	2886	1622
YFR031C	VI	216594	220106	-	3513	335	692	703	860	979	1092
YFL021C-A	VI	95761	96615	-	855	0	4	6	3	6	3
YFL010W-A	VI	114990	115274	+	285	1	4	3	9	8	3
YFR039C	VI	232012	233544	-	1533	323	648	635	656	811	859
YFL027C	VI	80419	81912	-	1494	334	557	637	554	577	654
YFL007W	VI	123479	129910	+	6432	567	1412	1288	1461	1573	1711
YFL004W	VI	131810	134296	+	2487	1432	2946	3001	2704	2893	3315
YFR048W	VI	246146	248134	+	1989	285	482	445	537	601	632
YFR035C	VI	226121	226465	-	345	1	1	0	0	0	4
tY(GUA)F1	VI;VI	167437;167490	167475;167525	+;+	75	0	0	0	0	3	4
YFL009W	VI	116145	118484	+	2340	331	636	706	746	845	903
YFR004W	VI	153393	154313	+	921	805	1533	1635	1844	2105	1625
YFL002W-B	VI	138204	139520	+	1317	0	0	0	0	0	0
YFL002W-A	VI	138204	143517	+	5314	0	0	0	0	0	0
YAL037W	I	74020	74823	+	804	37	70	114	80	74	58
YAL016W	I	124879	126786	+	1908	1036	2018	2096	2066	2207	2184
YAL003W	I;I	142174;142620	142253;143160	+;+	621	10268	18546	20866	18851	19668	15897
YAL053W	I	45899	48250	+	2352	1473	2735	2750	3346	3195	2715
YAL031W-A	I	84669	84977	+	309	0	0	0	0	0	1
YAL019W	I	114919	118314	+	3396	686	1389	1342	1556	1715	1571
YAL024C	I	101565	105872	-	4308	147	314	282	381	495	602
YAL034W-A	I	79718	80587	+	870	82	165	160	187	256	279
YAL064W-B	I	12046	12426	+	381	3	6	10	6	5	4
YAL018C	I	118564	119541	-	978	2	2	0	1	4	4
YAL037C-A	I	73426	73518	-	93	0	0	5	2	2	3
YAL056C-A	I	38696	39046	-	351	0	1	0	1	0	0
tL(CAA)A	I;I	181141;181211	181178;181254	+;+	82	1	0	1	0	1	1
YAL048C	I	52801	54789	-	1989	140	255	244	323	377	327
YAL025C	I	100225	101145	-	921	1010	1951	2121	1959	2032	1947
YAR064W	I	220198	220497	+	300	0	0	0	0	0	0
YAL031C	I	84749	87031	-	2283	261	383	400	392	517	514
YAR075W	I	228844	229317	+	474	0	0	1	0	0	0
YAL063C-A	I	22395	22685	-	291	14	21	21	13	17	21
tP(UGG)A	I;I	139152;139219	139187;139254	+;+	72	0	0	0	0	0	1
tA(UGC)A	I	166267	166339	+	73	0	0	0	0	1	1
YAL023C	I	106272	108551	-	2280	1753	3309	3322	3200	3990	3351
YAL062W	I	31567	32940	+	1374	21	58	65	67	80	42
YAR061W	I	218140	219145	+	1006	0	0	0	0	0	0
YAL026C	I	95630	99697	-	4068	440	894	892	875	1078	1240
YAL014C	I	128252	129019	-	768	232	414	513	465	602	422
YAL034C-B	I	79489	79842	-	354	0	0	0	0	2	3
YAR035W	I	190193	192256	+	2064	15	24	16	39	39	13
YAL010C	I	134184	135665	-	1482	188	367	397	423	422	526
YAL042W	I	61316	62563	+	1248	1083	2185	2271	2354	2692	1715
YAL038W	I	71786	73288	+	1503	45474	78198	78564	71649	74601	52723
YAR003W	I	155005	156285	+	1281	214	419	445	476	510	549
YAL045C	I	57488	57796	-	309	0	1	0	0	0	0
YAR007C	I	156754	158619	-	1866	434	808	878	1019	1293	1426
YAL030W	I;I	87286;87501	87387;87752	+;+	354	189	323	371	385	518	395
YAR027W	I	183770	184477	+	708	564	926	1014	1006	939	733
YAL055W	I	42177	42719	+	543	73	132	154	173	168	148
YAL060W	I	35155	36303	+	1149	501	953	1100	993	1293	974
YAL017W	I	120225	124295	+	4071	308	586	573	590	718	635
YAR018C	I	170396	171703	-	1308	176	346	342	429	557	585
YAL069W	I	335	649	+	315	0	0	0	0	0	0
YAL063C	I	24000	27968	-	3969	26	41	45	27	57	41
YAL046C	I	57029	57385	-	357	114	172	184	227	273	194
YAR020C	I	176856	177023	-	168	5	13	2	6	9	9
snR18	I	142367	142468	+	102	60	36	61	49	55	76
YAR050W	I	203403	208016	+	4614	6	12	22	14	27	10
YAL016C-B	I	124307	124492	-	186	0	0	0	0	0	0
YAR019C	I	172211	175135	-	2925	169	256	266	336	335	335
YAR029W	I	186321	186545	+	225	37	64	57	51	53	43
YAR002W	I	152257	153876	+	1620	474	1124	1124	1195	1310	1308
YAL039C	I	68716	69525	-	810	214	405	446	504	666	322
YAR030C	I	186512	186853	-	342	4	6	16	8	8	18
YAR047C	I	201467	201787	-	321	0	0	0	0	0	0
YAL022C	I	108877	110430	-	1554	389	624	629	607	751	564
YAL011W	I	132199	134076	+	1878	164	320	287	362	364	370
YAL001C	I;I	147594;151097	151006;151166	-;-	3483	251	460	475	540	704	729
YAL056W	I	39259	41901	+	2643	534	958	938	937	1051	1021
YAL066W	I	10091	10399	+	309	0	0	2	0	0	0
YAL013W	I	129270	130487	+	1218	299	513	571	571	686	362
YAL047W-A	I	54584	54913	+	330	1	3	5	3	3	4
YAL016C-A	I	124755	125069	-	315	2	2	3	4	1	2
YAL064W	I	21566	21850	+	285	0	3	3	2	2	0
YAR071W	I	225460	226863	+	1404	231	534	470	215	163	148
YAR033W	I	188107	188811	+	705	26	92	79	62	72	72
YAR069C	I	224011	224304	-	294	0	0	0	0	0	0
YAR019W-A	I	174998	175330	+	333	0	3	8	8	0	1
YAR070C	I	224563	224862	-	300	0	0	0	0	1	0
YAL054C	I	42881	45022	-	2142	45	70	87	95	107	105
YAL067C	I	7235	9016	-	1782	21	67	71	111	125	247
YAL059W	I	36509	37147	+	639	565	1134	1281	988	781	997
YAL005C	I	139503	141431	-	1929	1561	2117	2202	4023	7789	5944
YAL068W-A	I	538	792	+	255	0	0	0	0	0	0
YAL035W	I	76427	79435	+	3009	3133	6003	6073	6167	6278	6029
YAL008W	I	136914	137510	+	597	130	199	226	280	292	255
YAL020C	I	113614	114615	-	1002	141	251	285	286	386	206
YAL032C	I	83335	84474	-	1140	126	193	258	212	277	201
YAL015C	I	126903	128102	-	1200	176	338	349	436	470	391
YAL028W	I	92900	94486	+	1587	68	120	134	105	120	86
YAL042C-A	I	61231	61608	-	378	0	1	0	0	1	0
YAL065C	I	11565	11951	-	387	0	1	3	1	4	0
YAL009W	I	135854	136633	+	780	152	260	293	264	336	330
YAR014C	I	166742	168871	-	2130	445	903	937	957	1189	1152
YAL037C-B	I	72326	73300	-	975	12	7	8	6	2	5
YAR053W	I	208367	208663	+	297	0	0	1	1	0	0
YAL036C	I	75043	76152	-	1110	697	1559	1564	1629	1489	1635
YAL059C-A	I	36496	36918	-	423	6	3	5	2	2	1
YAL002W	I	143707	147531	+	3825	238	425	431	483	598	672
YAL021C	I	110846	113359	-	2514	704	1279	1326	1427	1752	1330
tS(AGA)A	I	182522	182603	-	82	1	0	0	0	0	0
YAL061W	I	33448	34701	+	1254	79	134	141	105	65	30
YAR023C	I	179281	179820	-	540	45	59	81	89	50	49
YAL034C	I	80710	81951	-	1242	177	258	241	262	283	238
YAL026C-A	I	95386	95823	-	438	17	33	23	19	32	37
YAR002C-A	I	154065	154724	-	660	1337	2454	2578	2437	2758	2704
YAL004W	I	140760	141407	+	648	0	1	0	0	0	0
YAR008W	I	158966	159793	+	828	156	269	294	313	397	398
YAL067W-A	I	2480	2707	+	228	0	0	0	0	0	0
YAL049C	I	51855	52595	-	741	295	508	597	628	683	592
YAR060C	I	217157	217492	-	336	0	0	0	0	0	0
YAL047C	I	54989	56857	-	1869	142	296	288	347	379	476
YAL029C	I	87855	92270	-	4416	648	1379	1374	1486	1723	1963
YAR031W	I	186836	187732	+	897	37	77	69	62	38	66
YAL027W	I	94687	95472	+	786	126	234	291	305	354	281
YAR073W	I	227742	228953	+	1212	4	6	4	3	4	8
YAL033W	I	82706	83227	+	522	200	403	440	415	381	303
YAR015W	I	169375	170295	+	921	1644	3093	3209	2701	2086	2015
YAL044W-A	I	57518	57850	+	333	138	235	267	316	323	277
YAL041W	I	62840	65404	+	2565	438	766	698	867	1093	1023
YAL019W-A	I	114250	114819	+	570	3	1	4	3	1	1
YAR035C-A	I	192337	192417	-	81	0	0	0	0	0	0
YAL068C	I	1807	2169	-	363	0	1	3	3	5	4
YAR042W	I	192619	196185	+	3567	511	941	1025	1141	1402	1050
YAL051W	I	48564	51707	+	3144	297	525	473	635	676	732
YAL043C	I	58695	61052	-	2358	355	599	603	718	941	696
YAR066W	I	221049	221660	+	612	0	0	0	0	0	0
YAL044C	I	57950	58462	-	513	416	798	908	1050	1096	764
YAR068W	I	222406	222891	+	486	1	0	0	0	0	0
YAL058W	I	37464	38972	+	1509	202	363	328	404	429	417
YAL012W	I	130799	131983	+	1185	2194	4216	4433	5193	6338	3919
YAL064C-A	I	13363	13743	-	381	2	2	0	5	4	3
YAR028W	I	184892	185596	+	705	295	540	580	441	354	294
HRA1	I	99305	99868	+	564	0	1	4	2	2	0
YAL007C	I	137698	138345	-	648	806	1556	1581	1670	1693	2053
YAL040C	I	65778	67520	-	1743	781	1385	1331	1499	2056	2216
YAR010C	I	164544	165866	-	1323	0	0	0	0	0	0
YAR009C	I	160597	164187	-	3591	51	109	133	124	114	152
tD(GUC)Q	Mito	68322	68396	+	75	0	0	0	0	0	0
Q0065	Mito;Mito;Mito;Mito	13818;16435;18954;20508	13986;16470;18991;21935	+;+;+;+	1671	0	0	1	0	0	0
Q0080	Mito	27666	27812	+	147	0	0	0	0	0	0
Q0160	Mito	61022	61729	+	708	0	0	0	0	0	0
Q0070	Mito;Mito;Mito;Mito;Mito	13818;16435;18954;20508;21995	13986;16470;18991;20984;23167	+;+;+;+;+	1893	0	0	0	0	0	0
Q0142	Mito	51052	51228	+	177	0	0	0	0	0	0
Q0275	Mito	79213	80022	+	810	0	0	0	3	0	4
tR(ACG)Q2	Mito	69289	69362	+	74	0	0	0	0	0	0
tK(UUU)Q	Mito	67061	67134	+	74	0	0	0	0	0	0
Q0010	Mito	3952	4338	+	387	0	0	0	0	0	0
Q0255	Mito;Mito;Mito	74495;75663;75904	75622;75872;75984	+;+;+	1419	0	0	0	0	0	0
tN(GUU)Q	Mito	71433	71503	+	71	0	0	0	0	0	0
Q0020	Mito	6546	8194	+	1649	3	13	11	8	20	15
tE(UUC)Q	Mito	35373	35444	+	72	0	0	0	0	0	0
Q0140	Mito	48901	50097	+	1197	0	0	0	0	0	0
Q0075	Mito;Mito	24156;24906	24870;25255	+;+	1065	0	0	0	0	0	2
Q0250	Mito	73758	74513	+	756	0	2	0	1	2	1
Q0017	Mito	4254	4415	+	162	0	0	0	0	0	0
tC(GCA)Q	Mito	64415	64490	+	76	0	0	0	0	0	0
Q0144	Mito	54109	54438	+	330	0	0	0	0	0	0
tG(UCC)Q	Mito	67468	67542	+	75	0	0	0	0	0	0
Q0105	Mito;Mito;Mito;Mito;Mito;Mito	36540;37723;39141;40841;42508;43297	36954;37736;39217;41090;42558;43647	+;+;+;+;+;+	1158	0	1	0	0	0	2
tT(UGU)Q1	Mito	63862	63937	+	76	0	0	0	0	0	0
tM(CAU)Q2	Mito	85035	85112	+	78	0	0	0	0	0	0
Q0285	Mito	85295	85777	+	483	0	0	0	0	0	0
Q0143	Mito	51277	51429	+	153	0	0	0	0	0	0
Q0055	Mito;Mito	13818;16435	13986;18830	+;+	2565	1	7	2	6	6	8
Q0032	Mito	11667	11957	+	291	0	0	0	0	0	0
tY(GUA)Q	Mito	70824	70907	+	84	0	0	0	0	0	0
Q0115	Mito;Mito;Mito	36540;37723;39141	36954;37736;40265	+;+;+	1554	0	0	0	0	0	0
Q0297	Mito	85554	85709	+	156	0	0	0	0	0	0
Q0130	Mito	46723	46953	+	231	1	1	0	2	2	1
tL(UAA)Q	Mito	66095	66179	+	85	0	0	0	0	0	0
tF(GAA)Q	Mito	77431	77505	+	75	0	0	0	0	0	0
Q0092	Mito	30874	31014	+	141	0	0	0	0	0	0
tW(UCA)Q	Mito	9374	9447	+	74	0	0	0	0	0	0
tT(UAG)Q2	Mito	78089	78162	-	74	0	0	0	0	0	0
tS(UGA)Q2	Mito	48201	48290	+	90	0	0	0	0	0	0
Q0110	Mito;Mito	36540;37723	36954;38579	+;+	1272	0	0	0	1	1	0
Q0120	Mito;Mito;Mito;Mito	36540;37723;39141;40841	36954;37736;39217;42251	+;+;+;+	1917	1	1	1	0	0	0
tH(GUG)Q	Mito	64596	64670	+	75	0	0	0	0	0	0
Q0050	Mito	13818	16322	+	2505	4	9	5	7	5	5
tA(UGC)Q	Mito	69846	69921	+	76	0	0	0	0	0	0
Q0085	Mito	28487	29266	+	780	0	0	0	0	0	1
Q0182	Mito	65770	66174	+	405	0	1	0	0	0	0
tM(CAU)Q1	Mito	72630	72705	+	76	0	0	0	0	0	0
tS(GCU)Q1	Mito	69203	69288	+	86	0	0	0	0	0	0
tV(UAC)Q	Mito	78533	78608	+	76	0	0	0	0	0	0
tQ(UUG)Q	Mito	66210	66285	+	76	0	0	0	0	0	0
tR(UCU)Q1	Mito	67309	67381	+	73	0	0	0	0	0	0
Q0060	Mito;Mito;Mito	13818;16435;18954	13986;16470;19996	+;+;+	1248	0	1	0	0	1	0
Q0045	Mito;Mito;Mito;Mito;Mito;Mito;Mito;Mito	13818;16435;18954;20508;21995;23612;25318;26229	13986;16470;18991;20984;22246;23746;25342;26701	+;+;+;+;+;+;+;+	1605	0	1	2	3	2	1
tP(UGG)Q	Mito	731	802	+	72	0	0	0	0	0	0
tI(GAU)Q	Mito	70162	70237	+	76	0	0	0	0	0	0
Q0158	Mito;Mito	58009;61868	60724;62447	+;+	3296	15	42	28	46	62	96
