# Program:featureCounts v2.1.1; Command:"featureCounts" "-T" "3" "-s" "0" "-Q" "10" "-t" "exon" "-g" "gene_id" "-a" "reference/genes.gtf" "-o" "results/strand_check/strand0.tsv" "alignments/WT_1.bam" "alignments/WT_2.bam" "alignments/WT_3.bam" "alignments/sec66del_1.bam" "alignments/sec66del_2.bam" "alignments/sec66del_3.bam" 
Geneid	Chr	Start	End	Strand	Length	alignments/WT_1.bam	alignments/WT_2.bam	alignments/WT_3.bam	alignments/sec66del_1.bam	alignments/sec66del_2.bam	alignments/sec66del_3.bam
YDL246C	IV	8683	9756	-	1074	9	3	4	7	7	8
YDL243C	IV	17577	18566	-	990	31	67	64	66	84	64
YDR387C	IV	1248154	1249821	-	1668	234	468	506	464	489	391
YDL094C	IV	289572	290081	-	510	32	80	53	55	55	87
YDR438W	IV	1338274	1339386	+	1113	120	226	221	247	264	220
YDR523C	IV	1485566	1487038	-	1473	30	42	50	42	38	37
YDR542W	IV	1523249	1523611	+	363	0	0	0	0	0	0
YDR492W	IV	1434924	1435874	+	951	725	1509	1502	1426	1720	1962
YDR018C	IV	482670	483860	-	1191	29	47	41	38	31	32
YDL189W	IV	122216	123589	+	1374	427	874	886	934	1031	1125
YDR508C	IV	1466453	1468444	-	1992	953	1928	1892	2074	3003	3196
YDR462W	IV	1386073	1386516	+	444	113	192	200	260	298	223
YDR175C	IV	813193	814152	-	960	259	459	478	544	695	738
YDR186C	IV	832859	835492	-	2634	518	1051	1009	1090	1567	1413
YDR150W	IV	755628	763874	+	8247	423	813	724	823	1086	1146
YDR243C	IV	948518	950284	-	1767	192	356	397	410	406	491
YDL182W	IV	133437	134723	+	1287	334	605	618	598	621	534
YDR362C	IV	1196679	1198697	-	2019	244	426	446	496	599	591
YDR232W	IV	927452	929098	+	1647	915	1657	1668	1638	1829	1411
YDR158W	IV	770357	771454	+	1098	2985	6202	6337	6108	6180	5550
YDR439W	IV	1339676	1340719	+	1044	179	326	338	359	381	439
YDL206W	IV	90176	92464	+	2289	192	354	391	384	350	406
YDR125C	IV	701397	702758	-	1362	89	169	192	178	160	178
YDR338C	IV	1147379	1149466	-	2088	184	297	304	362	364	368
YDR526C	IV	1491075	1491545	-	471	0	0	0	0	1	0
YDR533C	IV	1501447	1502160	-	714	241	404	491	311	328	249
YDR272W	IV	1009010	1009834	+	825	399	821	906	814	820	844
YDR197W	IV	851228	852397	+	1170	192	405	447	461	508	584
YDR512C	IV	1470500	1471063	-	564	104	203	210	250	284	338
YDR489W	IV	1431012	1431896	+	885	130	215	217	217	230	329
YDR299W	IV	1059627	1061231	+	1605	582	1234	1212	1205	1544	2324
YDL015C	IV	426002	426934	-	933	1461	3032	3195	2887	2929	4116
YDR304C	IV	1071880	1072557	-	678	1229	2210	2417	2411	2631	2119
YDR271C	IV	1008395	1008766	-	372	1	0	1	1	0	1
YDL181W	IV	135179	135436	+	258	122	203	268	192	480	243
YDR367W	IV;IV	1212848;1212979	1212877;1213614	+;+	666	403	816	799	791	718	1048
YDR085C	IV	614288	616150	-	1863	277	527	527	471	508	482
YDL097C	IV	285391	286695	-	1305	1191	2252	2338	2773	3370	2667
YDL139C	IV	211375	212046	-	672	73	130	133	156	170	127
YDR200C	IV	854279	856093	-	1815	190	340	388	389	440	475
YDR191W	IV	842337	843449	+	1113	78	159	116	143	163	171
YDR451C	IV	1361120	1362181	-	1062	106	194	205	226	337	319
YDR469W	IV	1399015	1399542	+	528	246	500	503	513	596	630
YDR470C	IV	1399706	1401214	-	1509	183	302	329	351	411	502
YDR105C	IV	665349	666770	-	1422	335	624	667	683	786	754
YDR483W	IV	1421157	1422485	+	1329	1865	3650	3703	3490	3362	3485
YDL123W	IV	241418	241840	+	423	92	170	165	168	220	131
YDL199C	IV	101290	103353	-	2064	94	140	145	150	152	127
YDR505C	IV	1456695	1459220	-	2526	487	888	951	903	1058	1024
YDL045W-A	IV	372248	372535	+	288	178	289	334	336	448	424
YDL045C	IV	372688	373608	-	921	249	485	516	500	577	524
YDR361C	IV	1195412	1196263	-	852	800	1477	1617	1389	1123	1636
YDR406W-A	IV	1283799	1284044	+	246	4	4	3	6	11	12
YDR199W	IV	854175	854540	+	366	6	23	27	23	18	22
YDR266C	IV	1000104	1002023	-	1920	454	969	985	896	1134	1282
YDL242W	IV	18959	19312	+	354	13	15	23	15	21	22
YDR002W	IV	453045	453650	+	606	2598	4779	5003	4456	4020	4142
YDR214W	IV	892875	893927	+	1053	666	1260	1322	2604	4251	3171
YDR130C	IV	715747	716622	-	876	78	177	190	216	230	207
YDL176W	IV	142097	144223	+	2127	178	348	329	330	409	415
YDR358W	IV	1190059	1191732	+	1674	223	357	415	382	415	323
YDR544C	IV	1525095	1525523	-	429	0	0	0	0	0	0
YDR460W	IV	1383811	1384776	+	966	220	335	331	389	485	472
snR84	IV	1492477	1493026	-	550	53	97	136	110	127	156
YDR034W-B	IV	521314	521469	+	156	11	24	32	43	19	14
YDL028C	IV	400997	403291	-	2295	207	360	405	456	550	616
YDR061W	IV	574164	575783	+	1620	306	528	592	703	766	743
YDR060W	IV	570649	573726	+	3078	2367	4909	4937	4850	4809	5745
YDR169C-A	IV	794574	794723	-	150	2	4	7	3	1	6
YDR363W	IV	1199183	1200553	+	1371	205	400	411	483	491	549
YDR422C	IV	1315326	1317773	-	2448	230	446	481	541	605	636
YDR119W	IV	688227	690533	+	2307	981	2035	2056	1910	2186	2401
tR(ACG)D	IV	619969	620041	-	73	1	0	1	1	0	3
YDR097C	IV	640109	643837	-	3729	351	781	799	898	1072	1299
YDR042C	IV	540601	541203	-	603	34	56	54	59	37	58
YDL160C	IV	170410	171930	-	1521	291	523	606	546	608	680
YDR425W	IV	1320064	1321941	+	1878	146	235	276	281	304	302
snR13	IV	1402919	1403042	+	124	5	4	21	14	12	12
YDR228C	IV	921926	923806	-	1881	279	448	441	505	557	701
YDR319C	IV	1105003	1105827	-	825	225	393	448	461	474	512
YDR471W	IV;IV	1401770;1402185	1401800;1402564	+;+	411	4609	8916	9617	8326	7985	6893
YDR089W	IV	622112	624721	+	2610	273	560	527	557	755	877
tD(GUC)D	IV	568964	569035	+	72	1	0	1	1	1	2
YDR275W	IV	1012252	1012959	+	708	184	301	318	273	286	248
YDR043C	IV	542674	543369	-	696	282	622	671	481	424	296
YDR129C	IV;IV	713340;715359	715247;715379	-;-	1929	2260	4137	4393	4263	4102	3289
YDR136C	IV	727711	728283	-	573	1	4	1	3	0	3
YDL066W	IV	334835	336121	+	1287	565	1063	1124	1172	1558	1183
YDR302W	IV	1067731	1068390	+	660	199	414	428	465	513	705
YDR239C	IV	941057	943420	-	2364	248	507	490	581	654	575
YDR539W	IV	1512094	1513605	+	1512	477	924	898	977	1129	1010
tK(CUU)D1	IV	1201750	1201822	+	73	0	0	0	0	0	0
YDL125C	IV;IV	239019;239510	239398;239606	-;-	477	920	1547	1788	1641	1614	1278
YDR493W	IV	1436217	1436588	+	372	91	164	200	227	233	227
YDR101C	IV	655686	657467	-	1782	1647	3280	3368	3048	2874	4140
YDR182W-A	IV	829151	829354	+	204	15	27	29	22	25	44
YDR212W	IV	887232	888911	+	1680	1085	2242	2403	2415	2551	2754
YDR476C	IV	1410453	1411127	-	675	201	293	334	425	478	266
YDL131W	IV	227393	228715	+	1323	629	1085	1121	1073	1316	1224
YDR458C	IV	1380055	1382046	-	1992	533	1029	1062	1176	1259	1464
YDR081C	IV	607304	610081	-	2778	401	729	767	821	947	1127
YDL071C	IV	330666	331040	-	375	12	23	17	25	36	24
YDR113C	IV	680496	681617	-	1122	135	252	266	309	381	391
YDR168W	IV	790328	791848	+	1521	796	1553	1711	1910	2089	2375
YDR520C	IV	1481085	1483403	-	2319	143	285	280	271	340	387
YDR307W	IV	1075865	1077853	+	1989	225	469	518	504	567	685
YDR265W	IV	998864	999877	+	1014	182	304	303	308	311	294
YDL076C	IV	320668	321552	-	885	255	487	504	479	580	553
YDL006W	IV	439909	440754	+	846	217	393	423	376	441	476
YDL086W	IV	301413	302234	+	822	259	414	467	463	545	412
YDR238C	IV	937895	940816	-	2922	1441	2712	2770	3185	3548	3654
YDR077W	IV	600793	601809	+	1017	9812	14842	15122	23283	29949	19169
YDR381C-A	IV;IV	1238312;1238825	1238630;1238850	-;-	345	100	195	198	195	194	244
YDL023C	IV	411761	412081	-	321	0	0	2	1	0	0
YDL083C	IV;IV	306926;307766	307333;307789	-;-	432	7170	13872	15227	12423	11581	9853
YDR036C	IV	523211	524713	-	1503	249	443	516	578	645	663
YDR057W	IV	565927	567555	+	1629	251	486	531	458	557	598
YDR513W	IV	1471017	1471448	+	432	412	714	803	764	910	888
YDR487C	IV	1428354	1428980	-	627	1003	1881	2103	2000	2081	1407
YDR066C	IV	581908	582498	-	591	95	161	168	202	187	221
YDR352W	IV	1181801	1182754	+	954	375	677	779	708	689	772
YDR278C	IV	1017001	1017318	-	318	0	1	1	0	0	0
YDR079C-A	IV	603593	603811	-	219	46	106	112	80	85	117
YDR204W	IV	858137	859144	+	1008	149	258	342	316	382	267
YDL247W-A	IV	3762	3836	+	75	0	0	3	1	0	1
YDL024C	IV	408451	409857	-	1407	13	32	39	28	34	22
tA(AGC)D	IV	410379	410451	+	73	0	0	0	0	0	0
YDR109C	IV	673520	675667	-	2148	163	282	328	365	491	489
YDR466W	IV	1395121	1397817	+	2697	264	439	470	503	703	714
YDR427W	IV	1322205	1323386	+	1182	952	1902	2063	2311	2524	3036
YDL044C	IV	373967	375289	-	1323	112	200	263	234	286	304
YDL079C	IV;IV	312951;314337	314044;314748	-;-	1506	129	201	173	179	212	183
YDR193W	IV	844554	844952	+	399	0	0	0	0	0	0
YDR305C	IV;IV	1072746;1073402	1073312;1073488	-;-	654	157	273	340	305	360	335
YDR377W	IV	1228611	1228916	+	306	429	751	853	722	991	996
YDR219C	IV	905455	906852	-	1398	267	493	494	521	566	626
YDR416W	IV	1298432	1301011	+	2580	269	535	531	623	653	766
YDR365C	IV	1204497	1206383	-	1887	1605	3271	3381	2930	2590	3290
YDL233W	IV	36797	38173	+	1377	167	257	308	307	265	204
YDR287W	IV	1035995	1036873	+	879	151	264	296	328	379	336
YDR448W	IV	1356065	1357369	+	1305	121	238	261	265	324	332
YDR180W	IV	821295	825776	+	4482	189	382	380	405	490	667
tF(GAA)D	IV;IV	1095370;1095425	1095405;1095461	-;-	73	0	0	0	0	0	0
tT(AGU)D	IV	434264	434336	-	73	0	0	0	0	0	0
YDR294C	IV	1050459	1052228	-	1770	725	1395	1502	1483	1596	1273
YDR198C	IV	852533	853972	-	1440	247	539	500	556	625	765
YDL163W	IV	166956	167258	+	303	0	0	0	0	0	0
YDL119C	IV	246689	247612	-	924	105	167	191	220	246	257
YDR501W	IV	1451353	1452918	+	1566	91	151	162	184	236	276
YDL214C	IV	74446	76545	-	2100	66	104	95	123	98	130
YDR264C	IV	996029	998323	-	2295	789	1342	1489	1677	2156	2140
YDR343C	IV	1159608	1161320	-	1713	18	38	33	21	13	18
YDR373W	IV	1222759	1223331	+	573	381	746	776	872	903	971
YDR354W	IV	1184747	1185889	+	1143	353	641	618	755	894	821
YDR246W	IV	954288	954947	+	660	151	301	345	379	480	291
YDR428C	IV	1323454	1324239	-	786	342	538	681	641	581	772
YDR157W	IV	769931	770332	+	402	41	76	72	72	92	52
YDR316W	IV	1093763	1095178	+	1416	261	582	558	648	794	861
YDL142C	IV	201719	202570	-	852	122	177	229	217	229	256
YDR253C	IV	963990	964565	-	576	78	138	130	171	178	245
YDL112W	IV	258915	263225	+	4311	1026	1859	1936	1973	1900	2369
YDR545W	IV	1526321	1531711	+	5391	0	0	0	0	0	0
YDL187C	IV	125509	125838	-	330	0	0	0	2	1	1
YDL138W	IV	213351	215642	+	2292	219	399	370	416	555	560
YDR528W	IV	1494586	1495857	+	1272	87	193	158	163	280	367
YDR284C	IV	1030550	1031419	-	870	371	801	824	808	819	847
YDR050C	IV	555726	556472	-	747	18625	33970	36265	29467	25867	21958
YDL010W	IV	432330	433025	+	696	114	202	234	217	224	194
YDL065C	IV	336249	337277	-	1029	346	621	663	808	923	943
YDR349C	IV	1172386	1174176	-	1791	856	1533	1540	1596	1636	1511
YDL098C	IV	284581	285165	-	585	91	184	182	199	234	214
YDL234C	IV	34237	36477	-	2241	1713	2922	3199	3411	2429	981
YDR118W	IV	685882	687840	+	1959	99	207	234	247	262	352
YDR118W-A	IV	687768	687884	+	117	0	4	3	4	5	5
YDR159W	IV	771877	775782	+	3906	375	755	802	835	1066	1067
YDR111C	IV	678241	679764	-	1524	184	284	332	248	279	272
YDR128W	IV	709549	712995	+	3447	301	633	570	741	863	970
YDL034W	IV	391783	392127	+	345	10	14	12	8	17	16
YDR065W	IV	580687	581784	+	1098	121	252	247	272	370	426
YDL004W	IV	443029	443511	+	483	746	1307	1547	1315	1892	1626
YDR024W	IV	491017	491502	+	486	49	105	109	93	90	119
YDL171C	IV	149203	155640	-	6438	1797	3420	3299	2604	2815	2876
YDR083W	IV	612073	613251	+	1179	891	1881	1958	1751	1570	1986
YDR457W	IV	1369790	1379596	+	9807	754	1500	1522	1533	1668	1601
YDR014W	IV	474046	475989	+	1944	131	230	274	270	314	313
YDR206W	IV	862054	864708	+	2655	661	1446	1514	1538	1555	1733
YDR478W	IV	1414575	1415171	+	597	105	233	210	232	244	225
YDR169C	IV	792348	793889	-	1542	370	605	648	674	804	670
YDR115W	IV	682175	682492	+	318	155	312	298	366	315	348
YDL159W-A	IV	172182	172313	+	132	0	1	1	1	0	1
YDL232W	IV	38487	38597	+	111	57	104	133	105	174	211
YDL240C-A	IV	22471	22608	-	138	4	1	1	2	2	0
tE(CUC)D	IV	1017207	1017278	-	72	0	0	0	0	0	0
YDL152W	IV	182822	183187	+	366	1	1	0	0	0	0
YDR432W	IV	1328783	1330027	+	1245	1422	2380	2549	2486	2889	2074
YDL022C-A	IV	409808	410056	-	249	0	1	0	2	1	1
YDL114W-A	IV	254935	255048	+	114	2	5	7	2	5	4
YDR410C	IV	1292372	1293091	-	720	241	513	489	483	458	607
YDR464C-A	IV	1392492	1392680	-	189	0	0	0	0	0	0
YDL072C	IV	329836	330447	-	612	774	1530	1648	1752	1862	1439
YDR053W	IV	560249	560644	+	396	3	1	1	0	0	4
YDL012C	IV;IV	431108;431473	431386;431517	-;-	324	240	390	430	432	480	278
YDR482C	IV	1420431	1420838	-	408	145	223	254	239	270	147
YDL070W	IV	331024	332940	+	1917	1223	2355	2523	2750	3101	2844
YDR064W	IV;IV	579458;580018	579478;580452	+;+	456	10356	17572	19619	15751	15233	16629
YDL135C	IV	218680	219288	-	609	459	867	916	946	1001	1309
YDL077C	IV	316971	320120	-	3150	265	524	556	611	676	712
YDR354C-A	IV	1185139	1185282	-	144	0	0	0	0	0	0
YDL033C	IV	392659	393912	-	1254	62	167	154	169	202	152
YDL031W	IV	394217	397204	+	2988	1259	2569	2693	2620	2347	2758
YDR398W	IV	1267471	1269402	+	1932	1364	2769	2835	2936	2947	3164
YDR326C	IV	1120609	1124925	-	4317	600	1199	1148	1091	1280	1543
YDL052C	IV	362672	363583	-	912	504	1009	1052	1182	1341	1161
YDR536W	IV	1508005	1509714	+	1710	42	80	82	84	71	82
YDR397C	IV;IV	1266366;1266862	1266769;1266898	-;-	441	2	7	6	3	4	10
YDL116W	IV	251566	253746	+	2181	465	908	920	957	1027	1260
YDR028C	IV	497835	500879	-	3045	801	1446	1542	1544	1807	1681
YDL007W	IV	438047	439360	+	1314	1386	2725	2953	3299	3818	3584
YDR236C	IV	935236	935892	-	657	166	285	324	313	368	366
YDR011W	IV	465919	470424	+	4506	967	1889	1929	2294	2989	3330
YDR155C	IV	768512	769000	-	489	2396	4178	4132	6100	7807	6786
YDR414C	IV	1295598	1296686	-	1089	199	401	412	442	471	548
YDR026C	IV	492556	494268	-	1713	392	731	805	847	937	940
YDL073W	IV	326613	329567	+	2955	426	836	837	896	1017	1340
tY(GUA)D	IV;IV	946312;946365	946350;946400	+;+	75	1	1	0	1	2	4
YDL115C	IV;IV	253995;255045	254974;255126	-;-	1062	261	491	536	563	629	575
YDL145C	IV	194571	198176	-	3606	2185	4281	4276	4325	4892	4946
YDR203W	IV	857682	857999	+	318	0	0	0	0	0	1
YDL104C	IV	273653	274876	-	1224	101	187	231	237	294	293
YDL149W	IV	184925	187918	+	2994	118	154	192	202	212	188
YDR231C	IV	926293	926910	-	618	19	33	44	37	64	71
YDR045C	IV	547978	548310	-	333	343	626	653	564	537	679
YDL075W	IV;IV	322226;322704	322282;322988	+;+	342	9591	17253	19467	15979	14808	13970
YDR415C	IV	1297037	1298161	-	1125	258	446	479	465	496	565
YDR339C	IV	1149951	1150520	-	570	593	1094	1270	1077	1134	1400
YDL213C	IV	77289	77966	-	678	1123	1886	2243	1879	1693	1528
YDR096W	IV	637139	639823	+	2685	349	507	566	492	598	551
YDL019C	IV	417663	421514	-	3852	536	997	968	804	1037	1035
YDL022W	IV	411825	413000	+	1176	564	1012	1066	751	904	594
YDR413C	IV	1294836	1295411	-	576	0	0	2	1	0	0
YDR391C	IV	1257358	1258056	-	699	363	586	678	652	542	336
YDR091C	IV	626708	628534	-	1827	1688	3525	3456	3379	3336	4379
YDR240C	IV	943674	945152	-	1479	185	287	347	335	419	509
YDL244W	IV	16204	17226	+	1023	6	6	15	12	12	8
YDR179C	IV	818708	819196	-	489	50	103	119	146	149	264
YDL165W	IV	164290	164865	+	576	225	393	492	442	511	443
YDL140C	IV	205360	210561	-	5202	1418	2943	2726	3036	3800	3322
YDR120C	IV	691549	693261	-	1713	1036	2269	2325	2227	2110	2151
YDR003W	IV	454122	454754	+	633	205	297	346	331	358	291
YDR499W	IV	1447830	1450073	+	2244	145	304	306	333	415	454
YDR166C	IV	786306	789221	-	2916	381	695	781	825	935	1146
YDL092W	IV	292781	293221	+	441	456	896	1041	988	999	1168
YDL041W	IV	378102	378455	+	354	0	0	0	0	1	0
YDL241W	IV	20635	21006	+	372	233	420	486	398	259	224
YDL082W	IV;IV	308424;308793	308427;309388	+;+	600	5536	10309	11478	9685	9468	8444
YDR277C	IV	1014401	1015702	-	1302	94	117	138	112	186	116
YDR291W	IV	1039728	1042961	+	3234	281	500	548	558	619	717
YDR475C	IV	1407464	1410094	-	2631	505	723	748	762	777	440
YDR244W	IV	950563	952401	+	1839	217	360	390	424	478	510
YDR407C	IV	1284069	1287938	-	3870	331	658	641	833	959	1187
YDR382W	IV	1239492	1239824	+	333	8575	16915	18468	15018	14562	10228
YDR102C	IV	657648	657980	-	333	3	5	9	5	15	11
YDL188C	IV	123865	124998	-	1134	354	639	663	584	750	721
YDR405W	IV	1277646	1278437	+	792	220	360	369	440	543	358
YDR443C	IV	1345676	1349938	-	4263	121	287	247	301	460	441
YDR059C	IV;IV	569234;569724	569633;569770	-;-	447	85	132	154	175	210	149
YDR144C	IV	744311	746101	-	1791	795	1794	1744	1658	2014	2005
YDL157C	IV	174232	174588	-	357	257	452	492	457	483	567
YDL058W	IV	345665	351037	+	5373	424	927	945	989	1186	1344
YDL096C	IV	286998	287324	-	327	0	0	1	0	0	0
YDL155W	IV	176773	178056	+	1284	227	386	413	435	530	595
YDR147W	IV	751631	753235	+	1605	194	372	422	440	462	545
YDL191W	IV;IV	117664;118158	117666;118517	+;+	363	683	1291	1401	1117	895	1043
YDL128W	IV	232652	233887	+	1236	834	1597	1730	1541	1693	1582
YDR310C	IV	1081128	1084316	-	3189	609	1286	1230	1479	1740	1595
YDL160C-A	IV	169366	169608	-	243	57	96	133	123	116	117
YDR127W	IV	704484	709250	+	4767	1284	2588	2617	2548	2766	2463
YDR497C	IV	1443713	1445467	-	1755	2868	5638	5595	4927	4792	3743
YDL162C	IV	167359	167715	-	357	2	1	3	1	2	3
tS(AGA)D3	IV	1305630	1305712	+	83	0	0	1	0	0	1
YDR201W	IV	856317	856814	+	498	102	191	219	232	246	260
YDR163W	IV	781423	781950	+	528	175	241	310	321	335	318
YDL146W	IV	192750	194225	+	1476	147	301	267	295	290	299
YDR363W-A	IV	1202128	1202397	+	270	395	863	914	1016	1276	1215
YDL221W	IV	62011	62562	+	552	7	41	32	28	35	19
YDL089W	IV	296820	298274	+	1455	246	440	484	439	439	527
YDR385W	IV	1243230	1245758	+	2529	1377	2494	2496	2032	1927	1770
YDR331W	IV	1129588	1130823	+	1236	460	832	789	795	853	997
YDR196C	IV	850274	850999	-	726	262	537	581	630	585	733
YDR116C	IV	682724	683581	-	858	261	485	510	605	650	675
YDR001C	IV	450220	452475	-	2256	603	1159	1098	1138	1220	1109
YDL230W	IV	42700	43707	+	1008	89	178	185	188	247	185
YDR160W	IV	776163	778721	+	2559	347	595	560	634	669	623
YDR123C	IV	698554	699468	-	915	347	597	647	786	694	317
YDR322W	IV	1110589	1111692	+	1104	361	651	721	750	945	973
YDR040C	IV	535192	538467	-	3276	37	66	59	101	164	199
YDR025W	IV;IV	491515;491899	491559;492324	+;+	471	6051	10852	11420	10410	10614	8718
YDR046C	IV	548762	550576	-	1815	1180	2113	2249	1908	2458	1845
YDL057W	IV	351434	352420	+	987	60	141	127	156	178	142
YDL248W	IV	1802	2953	+	1152	64	137	159	128	114	142
YDR008C	IV	462252	462602	-	351	5	7	10	10	6	11
YDR029W	IV	501100	501414	+	315	40	70	78	87	75	110
YDR485C	IV	1424820	1427207	-	2388	436	692	728	855	1019	936
YDR408C	IV	1288215	1288859	-	645	414	817	871	788	813	476
YDR038C	IV	527422	530697	-	3276	67	142	131	125	149	113
YDL204W	IV	94605	95786	+	1182	119	289	227	154	132	92
YDR019C	IV	484163	485365	-	1203	223	457	392	538	640	667
YDR477W	IV	1412373	1414274	+	1902	527	963	1061	1020	1178	1167
YDR254W	IV	965113	966489	+	1377	110	206	230	226	292	323
YDR514C	IV	1471548	1472999	-	1452	262	479	480	517	570	648
YDR296W	IV	1055212	1055892	+	681	220	444	483	484	593	460
YDL216C	IV	68997	70319	-	1323	92	157	173	170	171	139
YDL100C	IV	282112	283176	-	1065	1307	2586	2737	3165	3595	3286
YDL068W	IV	333500	333829	+	330	2	1	1	2	2	3
YDL026W	IV	404749	405060	+	312	2	4	1	1	4	3
YDL124W	IV	240259	241197	+	939	1341	2377	2576	2646	2810	1844
YDL227C	IV	46271	48031	-	1761	309	550	587	780	1147	1154
YDL111C	IV	263313	264110	-	798	454	868	1008	943	1011	1094
YDR324C	IV	1114433	1116763	-	2331	1325	2870	2891	2888	2940	3891
YDL170W	IV	156318	157904	+	1587	180	325	325	299	377	538
YDR317W	IV	1102184	1103428	+	1245	97	163	174	161	169	215
YDR436W	IV	1334821	1336953	+	2133	204	354	378	364	447	282
YDR208W	IV	868224	870563	+	2340	380	826	804	921	1147	1318
YDR386W	IV	1246084	1247982	+	1899	121	206	201	247	272	301
YDR504C	IV	1456311	1456694	-	384	72	137	120	126	114	182
YDL220C	IV	62244	65018	-	2775	94	199	196	237	277	256
YDR396W	IV	1266295	1266795	+	501	56	136	142	164	149	178
YDR258C	IV	971808	974243	-	2436	973	1215	1392	1683	2208	1795
YDR176W	IV	814452	816560	+	2109	363	667	688	756	912	839
YDL099W	IV	283419	284444	+	1026	561	1054	1120	1223	1302	1351
YDR380W	IV	1234218	1236125	+	1908	350	643	713	583	1555	1131
YDL110C	IV	264512	264964	-	453	169	238	270	282	398	270
YDR148C	IV	753675	755066	-	1392	549	1073	1165	981	1257	1036
YDL201W	IV	99561	100421	+	861	598	1173	1320	1265	1118	1324
YDL107W	IV	268921	269976	+	1056	125	198	253	261	290	339
YDR515W	IV	1473429	1474772	+	1344	120	265	279	379	468	531
YDR133C	IV	720962	721297	-	336	1200	1945	2136	1692	2355	1776
YDR378C	IV	1229349	1229609	-	261	284	572	589	572	607	625
YDR473C	IV	1404445	1405854	-	1410	240	453	528	481	505	474
YDR403W	IV	1274602	1276212	+	1611	41	79	88	86	89	91
YDR268W	IV	1004004	1005143	+	1140	126	219	288	281	323	315
YDR409W	IV	1289406	1292120	+	2715	236	427	463	488	599	596
YDR173C	IV	810565	811632	-	1068	99	151	169	148	187	174
YDR187C	IV	836228	836746	-	519	6	10	8	9	9	8
YDR389W	IV	1252537	1254501	+	1965	354	622	632	645	815	916
YDR417C	IV	1301555	1301926	-	372	3	2	5	1	8	6
YDR165W	IV	784871	786205	+	1335	927	1752	1912	1890	1762	2654
YDL113C	IV	256633	258555	-	1923	296	416	502	536	533	502
YDR426C	IV	1321629	1322006	-	378	0	1	0	0	1	0
YDR521W	IV	1483141	1483476	+	336	0	2	1	0	0	0
YDR086C	IV	616928	617170	-	243	1181	2233	2396	2072	2191	2645
YDL021W	IV	413953	414888	+	936	22	31	30	51	52	45
YDR023W	IV	489508	490896	+	1389	3959	8208	8835	7846	7481	8945
YDR394W	IV	1261681	1262967	+	1287	1079	1951	2192	2399	3008	2315
YDR320C-A	IV	1108280	1108498	-	219	147	240	292	262	336	363
YDR003W-A	IV	454782	454904	+	123	49	72	79	75	70	93
YDR183W	IV	829585	830277	+	693	149	266	275	302	372	431
YDR245W	IV	952800	953981	+	1182	1129	2052	2313	2045	2140	2589
YDR431W	IV	1328390	1328701	+	312	0	0	0	1	0	0
YDL154W	IV	178334	181039	+	2706	147	231	308	258	257	289
YDL184C	IV	130407	130484	-	78	431	634	715	590	484	887
YDR153C	IV	766736	767971	-	1236	477	850	896	840	1052	1130
YDR014W-A	IV	477797	478285	+	489	1	2	4	4	7	9
YDR434W	IV	1331237	1332841	+	1605	396	903	936	881	965	1082
YDL002C	IV	446967	447578	-	612	280	615	662	593	618	710
YDR225W	IV	915530	915928	+	399	3572	6219	6655	6320	6030	5160
YDR418W	IV	1301616	1302113	+	498	2049	3886	4340	3585	3428	3812
YDR224C	IV	914317	914712	-	396	4846	9138	9893	9027	9600	8794
YDR502C	IV	1453310	1454464	-	1155	1718	3491	3287	3783	3932	3803
YDR447C	IV;IV	1354829;1355551	1355236;1355553	-;-	411	4790	9289	10182	8314	7614	9246
YDL039C	IV	381985	384081	-	2097	1579	2410	2785	1686	1516	1322
YDL225W	IV	52445	54100	+	1656	605	1201	1295	1345	1474	1544
YDR259C	IV	974631	975782	-	1152	61	123	130	149	227	168
YDR495C	IV	1438115	1441150	-	3036	236	453	430	510	561	694
YDL151C	IV	183318	183899	-	582	1	0	4	4	6	7
YDR357C	IV	1189199	1189567	-	369	107	228	267	291	366	419
YDR370C	IV	1217782	1219110	-	1329	224	448	468	488	507	675
YDR298C	IV	1058176	1058814	-	639	890	1461	1682	1477	2079	2003
YDR276C	IV	1013476	1013643	-	168	1310	2713	2658	2526	2646	2586
YDL185C-A	IV	126608	126835	-	228	0	0	1	3	3	2
YDR545C-A	IV	1530863	1531342	-	480	0	0	0	0	0	0
tM(CAU)D	IV	1175829	1175901	+	73	0	0	0	0	0	0
YDL247W	IV	5985	7814	+	1830	4	13	17	19	17	21
YDR406W	IV	1279210	1283799	+	4590	148	247	223	342	340	367
YDR273W	IV	1010176	1011273	+	1098	69	94	88	86	71	71
YDR269C	IV	1005665	1005988	-	324	0	0	0	0	0	0
YDR453C	IV	1365072	1365662	-	591	59	115	124	107	76	83
YDR383C	IV	1239960	1240676	-	717	128	239	264	236	280	255
YDR375C	IV	1225166	1226536	-	1371	261	484	487	552	668	671
YDL161W	IV	167714	169078	+	1365	575	1177	1182	1221	1444	1185
YDL051W	IV	363952	364779	+	828	926	1659	1819	1552	1385	1375
YDR084C	IV	613405	614004	-	600	200	399	426	425	504	533
YDL056W	IV	352877	355378	+	2502	309	516	596	659	845	918
YDR344C	IV	1162006	1162449	-	444	13	20	28	22	28	24
YDR320C	IV	1106095	1108101	-	2007	329	574	529	715	791	833
YDR221W	IV	907330	909438	+	2109	276	539	581	574	663	621
tI(AAU)D	IV	668007	668080	-	74	0	0	0	0	0	0
YDL032W	IV	393690	394001	+	312	0	0	1	0	0	0
YDR456W	IV	1367485	1369386	+	1902	444	794	810	763	892	1012
YDL036C	IV	387513	388901	-	1389	359	720	743	735	713	750
tL(CAA)D	IV;IV	1461715;1461792	1461758;1461829	-;-	82	0	0	0	0	0	0
YDL217C	IV	67983	68606	-	624	208	372	334	418	447	538
snR63	IV	323217	323471	-	255	41	70	80	75	61	83
YDR334W	IV	1135932	1140476	+	4545	377	743	742	850	1174	1099
YDL049C	IV	365068	365874	-	807	93	157	196	148	157	99
YDL164C	IV	164987	167254	-	2268	249	472	464	574	718	860
YDR384C	IV	1241204	1242031	-	828	387	657	710	659	584	594
YDR149C	IV	755555	756262	-	708	0	0	0	0	0	0
YDR093W	IV	631282	636120	+	4839	602	1184	1197	1276	1432	1275
YDR071C	IV	588827	589402	-	576	1240	2376	2618	2534	2667	3078
YDL143W	IV	199996	201582	+	1587	1892	3534	3817	3601	3843	3838
YDR032C	IV	504099	504695	-	597	457	798	838	926	1117	902
tR(UCU)D	IV	568882	568953	+	72	0	0	0	0	0	0
YDR063W	IV	578663	579112	+	450	418	694	737	725	822	791
YDL166C	IV	163449	164042	-	594	347	636	642	679	679	649
YDR004W	IV	455201	456583	+	1383	239	494	496	527	573	578
YDR151C	IV	764178	765155	-	978	550	815	921	824	995	786
YDR037W	IV	525440	527215	+	1776	6364	13113	13270	12750	13413	13575
YDL175C	IV	144484	145518	-	1035	168	292	323	297	353	362
YDR286C	IV	1035231	1035575	-	345	50	92	96	110	119	155
YDR172W	IV	808324	810381	+	2058	2274	4352	4377	4436	4990	5143
YDL174C	IV	145826	147589	-	1764	501	818	855	991	1376	883
YDR080W	IV	604008	606986	+	2979	289	520	606	696	699	785
YDR503C	IV	1455042	1455866	-	825	87	151	167	216	234	260
YDR069C	IV	584939	587719	-	2781	191	317	322	342	397	387
YDR047W	IV	551860	552948	+	1089	960	1734	1778	1672	1840	1307
YDR215C	IV	894089	894502	-	414	6	7	5	24	32	5
YDR267C	IV	1002510	1003502	-	993	496	812	883	783	827	721
YDR142C	IV	740473	741600	-	1128	190	364	347	335	426	422
YDL212W	IV	78426	79058	+	633	1286	2336	2656	2368	2398	2658
YDR249C	IV	958681	959802	-	1122	214	300	311	259	285	334
YDL209C	IV	86207	87226	-	1020	84	147	196	188	226	327
YDR044W	IV	546642	547628	+	987	689	1296	1369	1004	935	669
tK(UUU)D	IV;IV	359577;359637	359613;359672	+;+	73	1	2	3	1	2	2
YDR311W	IV	1085065	1086993	+	1929	296	565	579	564	668	667
YDL159C-B	IV	173056	173232	-	177	0	0	0	0	0	0
YDR222W	IV	910054	911301	+	1248	345	590	718	673	869	639
YDR510C-A	IV	1469695	1469811	-	117	119	203	217	180	216	149
YDR401W	IV	1272223	1272786	+	564	1	0	0	0	2	0
YDR207C	IV	865012	867522	-	2511	262	520	547	533	598	495
YDL005C	IV	441014	442309	-	1296	306	499	569	559	716	634
YDR295C	IV	1052623	1054647	-	2025	237	494	536	571	588	597
YDR543C	IV	1524634	1524933	-	300	0	0	0	0	0	0
YDL208W	IV	87512	87982	+	471	2175	4231	4648	3634	3248	2585
YDR135C	IV	723004	727551	-	4548	936	1878	1917	2225	2606	2680
YDL114W	IV	255604	256530	+	927	3	4	5	6	7	9
YDR247W	IV	956013	957398	+	1386	315	546	601	490	423	220
YDL197C	IV	104917	106494	-	1578	180	327	321	360	483	343
YDR229W	IV	924785	926146	+	1362	322	475	519	519	542	469
YDR095C	IV	636117	636527	-	411	0	2	2	2	2	0
YDR027C	IV	494649	497318	-	2670	291	549	602	620	726	724
YDL106C	IV	270222	271901	-	1680	270	462	450	465	561	530
YDR404C	IV	1276654	1277169	-	516	516	933	1014	970	993	1052
YDR256C	IV	968133	969680	-	1548	147	228	224	212	264	253
YDR518W	IV	1478608	1480161	+	1554	299	584	558	562	623	704
YDR055W	IV	563527	564861	+	1335	2062	4164	4279	4499	4580	3516
YDL087C	IV	300214	300999	-	786	88	168	171	195	168	163
YDR177W	IV	816878	817525	+	648	539	1000	1157	1093	1171	1151
YDL014W	IV	427364	428347	+	984	4404	8485	8907	8350	7779	7295
YDR289C	IV	1038280	1039509	-	1230	183	379	416	445	467	473
YDL159W	IV	172481	174028	+	1548	132	218	239	258	283	330
YDR532C	IV	1499396	1500553	-	1158	196	311	327	335	392	482
YDR137W	IV	728259	730250	+	1992	363	653	654	673	734	813
YDL153C	IV	181186	183018	-	1833	1370	2922	3010	2734	2271	2625
YDR393W	IV	1259901	1261271	+	1371	202	360	438	446	522	533
YDR506C	IV	1459728	1461554	-	1827	40	100	122	134	137	149
YDL219W	IV;IV	65242;65378	65306;65765	+;+	453	242	520	537	520	570	722
YDL090C	IV	295034	296329	-	1296	215	331	383	355	415	394
YDR033W	IV	508147	509109	+	963	7275	13074	13614	11422	12438	11772
YDR035W	IV	521816	522928	+	1113	1411	2711	2960	2548	2508	2087
YDR332W	IV	1131001	1133070	+	2070	188	360	362	390	414	467
YDR510W	IV	1469400	1469705	+	306	563	1266	1280	1266	1436	1291
YDL055C	IV	355674	356759	-	1086	11375	21851	22770	23318	24051	22229
YDR480W	IV	1417399	1418370	+	972	89	181	168	181	269	222
YDL103C	IV	275148	276581	-	1434	398	724	722	783	966	902
YDL085C-A	IV	302464	302670	-	207	150	248	273	274	294	293
YDR350C	IV	1176120	1178174	-	2055	317	573	573	631	723	650
YDR342C	IV	1154216	1155928	-	1713	86	130	157	81	149	101
YDR087C	IV	617470	618306	-	837	906	1670	1740	1558	1322	1743
YDL236W	IV	32296	33234	+	939	955	1776	1756	1626	1799	1664
YDR012W	IV	471853	472941	+	1089	4840	8131	8297	7561	8635	6399
YDL121C	IV	245133	245582	-	450	472	943	991	970	937	1060
YDR525W-A	IV	1490596	1490835	+	240	44	74	76	59	84	72
tG(GCC)D2	IV	992832	992902	+	71	0	3	6	2	5	5
YDL190C	IV	118707	121592	-	2886	575	1057	1061	1137	1293	1384
YDL047W	IV	369771	370706	+	936	720	1281	1378	1366	1497	1234
YDR099W	IV	653607	654428	+	822	1817	3478	3759	4196	4755	4628
YDR092W	IV;IV	629876;630174	629905;630605	+;+	462	315	606	654	681	819	739
YDR164C	IV	782041	784215	-	2175	425	882	888	1016	1092	1194
YDR058C	IV	567723	568703	-	981	47	95	98	131	148	132
YDL020C	IV	415113	416708	-	1596	595	881	940	1107	1386	1130
YDL025C	IV	405344	407206	-	1863	238	375	378	356	392	282
YDR374C	IV	1223474	1224394	-	921	3	5	11	5	4	12
YDL207W	IV	88248	89864	+	1617	427	656	757	772	851	791
YDR270W	IV	1005675	1008689	+	3015	121	157	190	222	401	395
YDR152W	IV	765706	766503	+	798	776	1532	1663	1643	1726	1612
YDL148C	IV	188154	190586	-	2433	980	2136	2122	2115	1987	2643
tI(UAU)D	IV;IV	884361;884458	884397;884493	+;+	73	0	0	1	1	0	1
YDR379C-A	IV	1233278	1233517	-	240	14	36	37	73	95	89
YDR218C	IV	903781	905052	-	1272	10	35	26	21	25	27
YDL018C	IV	422833	423510	-	678	126	227	256	243	356	348
YDR507C	IV	1462358	1465786	-	3429	491	1175	1058	1495	1892	2174
YDL003W	IV	444683	446383	+	1701	278	596	578	761	1114	1286
YDR524C-B	IV	1489598	1489798	-	201	7023	10596	12143	11244	12025	8092
YDR371W	IV	1219413	1220948	+	1536	217	391	399	417	483	641
YDR359C	IV	1191936	1194884	-	2949	239	500	478	665	764	721
YDL180W	IV	135896	137539	+	1644	315	433	496	423	559	547
YDL133W	IV	222427	223740	+	1314	248	441	461	435	544	509
YDR335W	IV	1141168	1144842	+	3675	584	1149	1129	1242	1448	1543
YDR351W	IV	1178666	1181260	+	2595	364	634	650	778	921	1017
YDL150W	IV	183343	184611	+	1269	392	769	800	724	848	838
YDL177C	IV	141209	141721	-	513	74	169	162	159	187	129
YDR171W	IV	806621	807748	+	1128	1817	2320	3022	1765	1295	330
YDR364C	IV	1202843	1204210	-	1368	230	450	502	487	601	663
YDR309C	IV	1079048	1080199	-	1152	448	843	841	1008	1359	1376
YDL239C	IV	26403	28775	-	2373	115	180	153	152	157	197
YDL228C	IV	45277	45918	-	642	1	10	6	9	5	1
YDL156W	IV	174918	176486	+	1569	69	174	136	152	275	220
YDL016C	IV	425570	425872	-	303	151	293	324	285	245	235
tX(XXX)D	IV	1150842	1150941	-	100	0	0	3	0	0	0
YDR524W-C	IV	1489403	1489492	+	90	3986	8339	7644	7905	8241	10381
YDL085W	IV	303211	304848	+	1638	8	17	17	18	23	25
YDR300C	IV	1061505	1062791	-	1287	486	999	1024	1065	1170	1266
YDL168W	IV	159604	160764	+	1161	419	795	947	960	1067	1051
YDR360W	IV	1194598	1195032	+	435	1	7	7	17	13	12
YDR195W	IV	848599	850200	+	1602	303	487	513	533	524	690
YDR321W	IV	1108702	1109847	+	1146	944	1836	1858	1687	1496	1718
YDR237W	IV	936615	937493	+	879	240	448	492	536	653	764
YDL127W	IV	234927	235853	+	927	117	233	231	224	363	405
YDR107C	IV	669016	671034	-	2019	202	353	337	354	395	342
YDR472W	IV	1403322	1404173	+	852	333	624	721	602	776	707
YDL030W	IV	397537	399129	+	1593	218	456	459	479	498	634
YDR468C	IV	1398026	1398700	-	675	273	556	609	682	748	776
YDL084W	IV	305237	306577	+	1341	3163	6187	6296	6133	6164	6504
YDL203C	IV	96082	97953	-	1872	242	465	485	518	607	704
YDL025W-A	IV	405410	405514	+	105	0	0	0	0	0	0
YDR285W	IV	1032436	1035063	+	2628	188	291	324	318	319	353
YDL229W	IV	44065	45906	+	1842	6834	13935	13994	12454	11910	11054
YDR329C	IV	1126270	1127595	-	1326	303	587	628	618	693	624
YDR034C	IV	509737	512109	-	2373	318	657	670	679	801	862
YDR009W	IV	463434	464996	+	1563	26	69	61	79	79	79
tS(AGA)D2	IV	980974	981055	-	82	0	0	0	0	1	0
YDR488C	IV	1429188	1430789	-	1602	76	140	140	178	224	155
YDR103W	IV	658350	661103	+	2754	356	722	668	760	873	1018
YDR336W	IV	1145092	1146036	+	945	164	363	386	365	367	421
YDL101C	IV	280307	281848	-	1542	173	331	336	411	455	580
YDR162C	IV	780390	781100	-	711	209	386	421	463	544	490
YDR312W	IV	1087581	1088942	+	1362	324	719	729	865	879	1161
YDL061C	IV	340628	340798	-	171	3975	7853	8124	6692	6765	6655
YDL040C	IV	378874	381438	-	2565	1110	2248	2289	2282	2457	2555
YDR145W	IV	746738	748357	+	1620	640	1084	1184	1191	1461	1455
YDR124W	IV	700315	701289	+	975	115	265	221	209	196	175
YDL231C	IV	38867	42244	-	3378	504	959	913	957	1186	1240
YDR190C	IV	840604	841995	-	1392	1303	2528	2652	2550	2672	2519
YDL064W	IV;IV	337487;337635	337524;338070	+;+	474	286	575	628	617	702	841
YDR463W	IV	1386816	1388375	+	1560	388	647	679	680	921	878
YDR491C	IV	1434500	1434991	-	492	11	29	30	40	45	99
YDR449C	IV	1357580	1358902	-	1323	503	1019	1016	1113	1148	1991
YDL035C	IV	389172	392057	-	2886	362	634	684	693	842	996
YDR074W	IV	593893	596583	+	2691	1630	2852	2858	2183	1344	1136
YDR525W	IV	1489905	1490234	+	330	4	2	2	2	3	0
YDR257C	IV	969990	971474	-	1485	364	750	784	792	867	992
YDR402C	IV	1272234	1273703	-	1470	16	26	25	32	34	33
YDR450W	IV;IV	1359923;1360405	1359969;1360798	+;+	441	8700	15966	17789	14807	13827	12733
YDR376W	IV	1226822	1228303	+	1482	250	446	464	533	655	646
YDR161W	IV	779043	780206	+	1164	970	1897	2043	1737	1521	1859
YDR090C	IV	625066	625998	-	933	204	391	382	412	479	495
YDR189W	IV	838392	840392	+	2001	606	1186	1236	1349	1640	1677
YDR524C	IV	1487542	1488990	-	1449	445	790	861	887	955	1089
YDL237W	IV	30657	31829	+	1173	400	709	751	774	876	895
YDR188W	IV	836421	838061	+	1641	1205	2307	2379	2402	2678	1978
YDL133C-A	IV	221724	221801	-	78	1904	2759	3593	2930	2944	4197
YDR531W	IV	1498232	1499335	+	1104	547	1043	996	1094	1182	1374
tG(GCC)D1	IV	83548	83618	+	71	0	0	0	0	0	0
YDR226W	IV	916486	917154	+	669	3134	5664	6422	5589	5719	4821
YDL054C	IV	359825	361285	-	1461	200	419	424	436	491	448
YDL205C	IV	92762	93745	-	984	380	728	720	696	856	921
YDR537C	IV	1510856	1511461	-	606	2	7	3	3	2	3
YDR496C	IV	1441433	1443403	-	1971	1692	3611	3627	3554	3351	4813
YDR313C	IV	1089219	1090079	-	861	147	187	264	212	286	236
YDL108W	IV;IV	267698;267807	267725;268699	+;+	921	208	405	498	500	510	468
tV(CAC)D	IV	1075472	1075544	-	73	0	0	0	0	1	1
YDR340W	IV	1150881	1151183	+	303	1	2	2	2	1	1
YDL147W	IV	190924	192261	+	1338	1204	2260	2414	2698	3249	3689
YDL081C	IV	309802	310122	-	321	8287	13570	16049	12667	12422	11871
YDR283C	IV	1025070	1030049	-	4980	272	587	568	624	687	717
YDR261C	IV	977521	979209	-	1689	497	1075	1036	986	1140	1079
YDL211C	IV	79294	80412	-	1119	80	128	123	117	151	176
YDL074C	IV	324047	326149	-	2103	704	1419	1464	1446	1778	2170
YDL091C	IV	293392	294759	-	1368	181	346	378	336	461	405
YDR346C	IV	1167214	1168659	-	1446	1980	3784	3952	3928	3608	4091
YDR072C	IV	589761	591344	-	1584	869	1380	1524	1602	1901	1820
YDR242W	IV	946807	948456	+	1650	223	356	390	417	484	362
YDR323C	IV	1112480	1114027	-	1548	84	147	179	177	148	185
YDR486C	IV	1427431	1428120	-	690	326	568	720	689	766	785
YDR420W	IV	1306267	1311675	+	5409	556	909	776	1099	1347	1185
YDL122W	IV	242552	244981	+	2430	897	1882	1972	2055	2183	2578
YDR390C	IV	1254937	1256847	-	1911	506	949	1007	993	1207	1230
YDR481C	IV	1418550	1420250	-	1701	1028	1908	2056	1680	2003	1497
YDR318W	IV;IV	1103758;1103893	1103809;1104947	+;+	1107	197	327	356	310	400	386
YDL105W	IV	272389	273597	+	1209	63	132	149	137	196	249
YDL141W	IV	203039	205111	+	2073	242	479	498	568	779	692
YDR400W	IV	1271063	1272085	+	1023	306	571	577	621	731	765
YDR522C	IV	1483795	1485303	-	1509	35	37	40	45	41	52
YDL173W	IV	148191	149078	+	888	217	345	361	449	563	403
YDR279W	IV	1019368	1020420	+	1053	218	417	477	480	492	659
YDR281C	IV	1022007	1022321	-	315	188	302	344	265	307	337
YDR213W	IV	889751	892492	+	2742	224	446	504	379	404	261
YDR179W-A	IV	819433	820824	+	1392	134	276	279	326	359	515
YDR330W	IV	1127872	1129374	+	1503	221	390	428	451	545	467
YDR106W	IV	667004	667858	+	855	16	24	32	27	12	32
YDL178W	IV	139522	141114	+	1593	570	1148	1334	1333	1369	1430
YDR484W	IV	1422763	1424688	+	1926	210	422	447	485	479	649
YDR308C	IV	1078027	1078449	-	423	282	508	542	553	525	604
YDL192W	IV	116321	116866	+	546	3178	5833	6292	5624	5410	6170
YDL202W	IV	98475	99224	+	750	218	401	435	497	634	696
YDR146C	IV	748613	750742	-	2130	351	775	747	768	1127	1184
YDR241W	IV	945151	945438	+	288	12	24	22	29	30	45
YDL158C	IV	173866	174174	-	309	65	118	116	96	107	162
YDL185W	IV	126787	130002	+	3216	3253	6267	6186	6006	6541	6340
YDR251W	IV	960614	963106	+	2493	806	1347	1385	1473	1599	1537
tL(UAA)D	IV	519743	519826	+	84	0	0	1	0	0	0
YDR192C	IV	843569	844861	-	1293	113	166	197	235	291	248
YDR368W	IV	1213904	1214842	+	939	347	601	713	747	810	769
YDR494W	IV	1436930	1438015	+	1086	416	692	812	853	989	1184
YDR399W	IV	1270068	1270733	+	666	3381	6227	7033	5627	4824	5304
YDR070C	IV	588098	588379	-	282	28	48	64	67	37	36
YDR138W	IV	730578	732836	+	2259	330	591	659	686	695	879
YDR031W	IV	503498	503863	+	366	58	117	124	117	143	166
YDR255C	IV	966557	967822	-	1266	128	234	270	281	286	279
YDL060W	IV	341619	343985	+	2367	1309	2630	2746	2661	2650	2982
YDR048C	IV	553084	553398	-	315	0	1	3	2	1	0
YDR067C	IV	582791	583465	-	675	292	452	509	469	486	565
YDR126W	IV	703234	704244	+	1011	121	232	236	209	190	171
YDR315C	IV	1092741	1093586	-	846	64	107	141	123	186	187
YDL126C	IV	236157	238664	-	2508	2766	5162	5310	6139	7532	6178
YDR262W	IV	993134	993952	+	819	367	593	661	627	607	651
tQ(UUG)D3	IV	802731	802802	-	72	0	0	0	0	0	0
YDR345C	IV	1162957	1164660	-	1704	4743	8586	8859	6319	7720	6959
YDR079W	IV	603064	603399	+	336	117	222	244	249	259	268
YDR433W	IV	1329600	1330040	+	441	1	0	2	1	2	1
YDL144C	IV	198662	199732	-	1071	226	426	468	500	708	393
YDR306C	IV	1073735	1075171	-	1437	226	402	454	434	494	492
YDR292C	IV	1043146	1045011	-	1866	1005	1974	2142	2189	2276	2529
YDL009C	IV	432925	433248	-	324	69	140	130	132	98	100
YDR290W	IV	1039370	1039699	+	330	1	0	1	0	1	3
YDR282C	IV	1023511	1024755	-	1245	147	228	252	283	319	304
YDR170C	IV	796193	802222	-	6030	907	1761	1744	1837	1925	1863
YDR174W	IV	812110	812850	+	741	1033	2100	2148	2017	2327	1887
YDL218W	IV	66493	67446	+	954	13	41	45	29	49	36
YDL062W	IV	339857	340282	+	426	0	0	1	0	4	3
YDL048C	IV	366739	368211	-	1473	1396	2447	2602	2036	2017	632
YDR500C	IV;IV	1450198;1450847	1450457;1450853	-;-	267	4106	7851	9442	7634	7826	6704
YDR112W	IV	679544	679852	+	309	11	22	18	24	28	37
YDR538W	IV	1510902	1511630	+	729	72	103	121	117	146	104
YDL011C	IV	432308	432631	-	324	0	0	0	0	0	0
YDR355C	IV	1186067	1186369	-	303	0	0	0	0	0	0
YDR301W	IV	1063352	1067425	+	4074	326	557	595	598	688	758
YDR412W	IV	1294693	1295400	+	708	35	84	59	58	55	82
YDR530C	IV	1496791	1497768	-	978	143	242	304	276	265	170
YDR227W	IV	917571	921647	+	4077	333	729	670	762	997	1084
YDR041W	IV	539803	540414	+	612	235	451	486	555	626	651
YDR015C	IV	477960	478199	-	240	0	0	0	0	0	0
YDL008W	IV	433497	433994	+	498	264	436	495	462	521	370
YDR234W	IV	931129	933210	+	2082	679	1204	1268	1224	1299	1176
YDR511W	IV	1470017	1470418	+	402	100	206	239	276	278	261
YDR519W	IV	1480425	1480832	+	408	351	670	712	723	704	716
YDL086C-A	IV	301655	302089	-	435	0	0	0	0	0	0
YDR250C	IV	960086	960361	-	276	5	7	3	5	3	4
YDR465C	IV	1393336	1394574	-	1239	1169	2248	2420	2159	1748	2016
YDL001W	IV	447984	449276	+	1293	219	322	379	424	512	547
YDR454C	IV	1366264	1366827	-	564	1678	2964	3254	2810	2728	2773
YDR013W	IV	473157	473783	+	627	150	291	293	305	290	341
YDR076W	IV	598468	599688	+	1221	56	146	131	163	160	163
YDL095W	IV	287059	289512	+	2454	1164	2383	2427	2519	3115	2848
YDL007C-A	IV	436567	436824	-	258	0	1	0	0	0	0
YDL130W	IV;IV	229906;230321	230019;230527	+;+	321	5823	9930	11256	8581	7972	5886
YDR100W	IV	655013	655444	+	432	114	232	264	287	356	375
YDR479C	IV	1415210	1416874	-	1665	234	449	461	479	512	526
tS(AGA)D1	IV	437772	437853	+	82	0	0	0	0	0	0
YDL117W	IV	248581	251238	+	2658	575	1041	1139	1128	1451	1507
YDR140W	IV	734138	734803	+	666	209	368	401	464	514	554
YDR381W	IV;IV	1236558;1237609	1236842;1238004	+;+	681	1720	3072	3299	3262	3343	2986
tQ(UUG)D2	IV	645153	645224	-	72	0	0	0	0	0	0
YDR327W	IV	1125302	1125628	+	327	129	271	287	292	243	189
YDR062W	IV	576474	578159	+	1686	1357	2819	2904	2900	2864	2928
YDR143C	IV	742042	743874	-	1833	413	823	837	875	1028	854
YDL172C	IV	148607	149086	-	480	0	0	0	0	0	1
YDL053C	IV	361699	362256	-	558	304	530	595	552	655	655
YDR223W	IV	912099	913502	+	1404	102	206	186	201	234	241
YDL037C	IV	384601	385587	-	987	624	1042	1087	721	597	499
YDL167C	IV	160995	163154	-	2160	614	1248	1293	1386	1775	2064
YDR246W-A	IV	955133	955333	+	201	10	10	13	13	18	11
YDR371C-A	IV	1219509	1219613	-	105	0	0	0	0	0	0
YDR517W	IV	1477239	1478357	+	1119	311	580	698	634	945	592
YDL226C	IV	51115	52173	-	1059	601	1175	1236	1426	1567	1425
YDR467C	IV	1397583	1397909	-	327	26	44	39	51	47	69
YDL134C	IV	219662	220771	-	1110	652	1291	1380	1243	1321	1267
YDR117C	IV	683946	685643	-	1698	319	617	647	693	759	873
YDR314C	IV	1090433	1092511	-	2079	110	189	217	212	226	272
YDR440W	IV	1342493	1344241	+	1749	238	549	515	563	721	842
YDR303C	IV	1068729	1071386	-	2658	396	835	844	885	963	1305
YDL078C	IV	315357	316388	-	1032	696	1238	1334	1458	1578	1356
YDL238C	IV	28985	30454	-	1470	77	136	154	151	134	95
YDR529C	IV	1496165	1496548	-	384	822	1535	1643	1477	2212	1825
YDR437W	IV	1337352	1337774	+	423	24	41	67	57	47	45
snR47	IV	541602	541700	-	99	18	20	21	16	15	27
YDL196W	IV	106741	107070	+	330	1	2	3	2	7	7
YDR452W	IV	1362878	1364902	+	2025	760	1526	1568	1543	1863	1963
YDR445C	IV	1352182	1352589	-	408	0	0	0	0	1	1
YDR347W	IV	1169178	1170143	+	966	419	849	805	958	1169	1100
tQ(UUG)D1	IV	520972	521043	+	72	0	0	0	0	0	0
YDR490C	IV	1431968	1434268	-	2301	153	252	318	336	459	386
YDR516C	IV	1474974	1476476	-	1503	534	907	906	781	1096	833
YDR509W	IV	1468226	1468573	+	348	0	0	0	0	0	0
YDL193W	IV	114672	115799	+	1128	280	583	570	568	592	705
YDL137W	IV	216529	217074	+	546	1078	2149	2266	2646	3023	2771
YDL118W	IV	247302	247682	+	381	6	2	7	3	9	7
YDR235W	IV	933504	935138	+	1635	348	681	699	715	660	854
YDR233C	IV	929470	930357	-	888	4271	7884	8192	7806	8549	8069
YDR388W	IV	1250186	1251634	+	1449	777	1290	1479	1621	1801	1575
YDR209C	IV	871036	871449	-	414	236	416	502	463	427	499
YDR049W	IV	553254	555152	+	1899	310	592	599	677	818	791
YDL194W	IV	111580	114234	+	2655	107	150	154	150	163	156
YDR021W	IV	486804	488003	+	1200	237	483	527	524	535	729
YDR353W	IV	1183299	1184258	+	960	1695	3050	3201	3294	3774	3064
YDR051C	IV	557056	558060	-	1005	345	629	694	658	753	746
YDR288W	IV	1037195	1038106	+	912	166	400	443	390	424	478
YDR141C	IV	734901	739997	-	5097	535	1070	1057	1123	1277	1407
YDR194C	IV	845952	847946	-	1995	1119	2379	2375	2730	3191	3785
YDR424C	IV;IV;IV	1319387;1319698;1319817	1319617;1319720;1319841	-;-;-	279	204	340	406	418	460	418
YDR054C	IV	561440	562327	-	888	674	1292	1355	1350	1562	1308
YDR122W	IV	694700	697894	+	3195	376	660	628	677	762	612
YDR184C	IV	830629	831513	-	885	345	769	827	809	884	1187
YDR183C-A	IV	830397	830654	-	258	63	139	117	120	102	201
YDL240W	IV	22823	25876	+	3054	240	456	420	437	588	724
YDR056C	IV	565023	565640	-	618	481	903	973	962	966	1005
YDR541C	IV	1519664	1520698	-	1035	187	420	444	374	434	442
YDL042C	IV	376757	378445	-	1689	183	393	350	283	437	437
YDR185C	IV	831934	832473	-	540	125	218	222	172	159	139
YDR328C	IV	1125434	1126018	-	585	506	780	977	909	1084	762
YDR280W	IV	1020747	1021664	+	918	576	1073	1204	1188	1151	1263
tV(UAC)D	IV	488797	488870	-	74	0	0	1	0	1	1
YDR098C	IV	644178	644930	-	753	559	1034	1192	1248	1367	1348
YDR005C	IV;IV	456836;458098	458017;458103	-;-	1188	383	816	833	781	882	909
YDR423C	IV	1318046	1319275	-	1230	173	349	405	420	464	369
YDR017C	IV	479115	482267	-	3153	581	1227	1146	1182	1371	1507
YDR419W	IV	1303174	1305072	+	1899	186	389	359	428	464	469
YDR444W	IV	1350290	1352353	+	2064	217	444	422	500	507	540
YDR341C	IV	1151803	1153626	-	1824	2922	5756	6216	5373	5190	5834
YDR154C	IV	768403	768753	-	351	127	250	258	322	315	387
YDR464W	IV	1388872	1393179	+	4308	365	757	746	878	1107	1106
YDR132C	IV	718816	720303	-	1488	166	316	316	363	396	394
YDL210W	IV	84270	85985	+	1716	43	90	98	94	88	97
YDR395W	IV	1263324	1266158	+	2835	1245	2847	2770	2828	3203	3788
YDL222C	IV	60872	61801	-	930	7	31	17	25	29	28
YDR372C	IV	1221112	1222149	-	1038	973	2030	2007	1946	1912	2025
YDR325W	IV	1117126	1120233	+	3108	220	435	449	588	735	771
YDR216W	IV	895035	899006	+	3972	52	97	103	129	305	317
YDR082W	IV	610441	611925	+	1485	128	231	291	266	350	374
YDL224C	IV	54397	56346	-	1950	325	698	621	735	963	964
YDR498C	IV	1445843	1446994	-	1152	211	416	451	421	542	467
YDR010C	IV	465051	465383	-	333	5	4	10	8	7	10
YDR006C	IV	458542	461247	-	2706	509	990	905	1008	1362	1627
YDR182W	IV	827582	829057	+	1476	462	853	883	849	962	984
YDL102W	IV	276872	280165	+	3294	274	487	492	630	686	738
YDL179W	IV	138291	139205	+	915	387	706	709	796	1141	1105
YDL067C	IV	334217	334396	-	180	303	555	663	575	795	558
YDR030C	IV	501753	503273	-	1521	55	136	134	164	172	212
YDR020C	IV	485746	486444	-	699	180	314	333	338	315	474
YDR527W	IV	1491094	1492413	+	1320	350	676	738	756	821	897
YDR333C	IV	1133260	1135431	-	2172	453	768	872	860	1024	1088
YDL093W	IV	289909	292140	+	2232	204	462	412	477	476	531
YDL043C	IV	375680	376480	-	801	207	418	435	383	512	514
YDR139C	IV;IV	733618;733776	733702;733924	-;-	234	291	576	665	651	686	781
YDR322C-A	IV	1112003	1112293	-	291	284	500	604	585	760	765
YDL130W-A	IV	229171	229431	+	261	46	92	108	172	231	177
YDR210W	IV	871074	871301	+	228	0	0	0	0	0	0
YDR260C	IV	976717	977229	-	513	112	189	202	232	252	225
YDL017W	IV	424209	425732	+	1524	158	274	277	310	298	339
YDR073W	IV	592439	592948	+	510	200	329	342	352	361	309
YDL069C	IV	333121	333810	-	690	68	113	119	109	127	160
YDR455C	IV	1367373	1367681	-	309	2	4	4	2	1	4
YDR461W	IV	1385176	1385286	+	111	402	682	858	521	576	683
YDR435C	IV	1332983	1333969	-	987	214	347	413	355	372	338
YDL063C	IV	338272	340134	-	1863	600	1382	1473	1454	1427	2160
YDR121W	IV	693585	694175	+	591	235	432	517	467	511	508
YDR178W	IV	817950	818495	+	546	272	473	547	478	715	537
YDL013W	IV	429067	430926	+	1860	279	498	489	525	640	564
YDR534C	IV	1503314	1504900	-	1587	9	27	23	35	46	33
YDR392W	IV	1258696	1259709	+	1014	233	402	414	460	472	434
YDR034C-A	IV	520516	520692	-	177	0	2	4	5	2	2
YDL132W	IV	224304	226751	+	2448	566	1008	1106	1239	1446	1509
YDR535C	IV;IV	1506606;1507315	1507058;1507362	-;-	501	9	8	17	18	11	4
YDR202C	IV	856898	857953	-	1056	181	337	373	372	363	373
YDL050C	IV	364446	364817	-	372	53	95	126	108	89	85
YDR524C-A	IV	1489871	1489990	-	120	1	0	0	0	0	1
YDL109C	IV	265258	267201	-	1944	113	195	177	209	234	215
YDR211W	IV	884727	886865	+	2139	875	1820	1747	1933	1974	2454
YDR110W	IV	676102	677802	+	1701	251	551	574	647	725	863
tG(CCC)D	IV	1257008	1257079	-	72	0	0	0	0	0	0
YDR274C	IV	1011589	1011960	-	372	13	29	41	60	65	37
YDR167W	IV	789449	790069	+	621	323	623	764	729	725	608
YDR156W	IV	769525	769938	+	414	213	380	379	404	450	296
YDL223C	IV	57265	60405	-	3141	172	303	326	318	375	339
YDR075W	IV	597156	598082	+	927	297	539	542	488	608	797
YDR039C	IV	531307	534582	-	3276	0	0	0	0	0	0
YDL088C	IV	298417	300003	-	1587	475	820	875	898	1014	1116
YDL129W	IV	231024	231899	+	876	183	272	337	274	274	306
YDL215C	IV	70640	73918	-	3279	528	995	945	972	1049	1221
YDR297W	IV	1056551	1057600	+	1050	1017	1782	1856	1606	1501	1332
YDR131C	IV	716790	718460	-	1671	148	278	307	314	300	373
YDR230W	IV	926223	926570	+	348	7	9	11	10	22	19
YDR348C	IV	1170326	1171825	-	1500	586	1142	1204	1137	1390	1289
YDL169C	IV	158064	158735	-	672	32	41	54	47	73	66
YDR007W	IV	461842	462516	+	675	39	72	80	77	87	91
YDL195W	IV	107208	111029	+	3822	1499	2970	2766	3256	3922	3628
YDR263C	IV	994242	995534	-	1293	49	87	82	95	140	169
YDR220C	IV	907000	907293	-	294	1	2	2	2	0	4
YDR429C	IV	1324477	1325301	-	825	2646	4728	5233	4771	4675	4725
YDR119W-A	IV	691014	691214	+	201	16	19	40	15	15	10
YDR421W	IV	1312040	1314892	+	2853	213	351	385	381	447	427
YDL186W	IV	125616	126449	+	834	31	48	45	42	55	35
YDL198C	IV	103649	104551	-	903	617	1300	1426	1556	1871	1633
YDL120W	IV	245923	246447	+	525	277	441	545	521	654	679
YDR379W	IV	1230167	1233196	+	3030	315	585	514	645	673	676
YDL029W	IV;IV	399340;399485	399361;400638	+;+	1176	838	1493	1601	1802	1984	1685
YDR205W	IV	859346	861520	+	2175	257	425	432	442	575	647
YDR094W	IV	635840	636175	+	336	0	0	0	0	0	0
YDR369C	IV	1215016	1217580	-	2565	134	283	304	343	335	403
YDR088C	IV	618497	619645	-	1149	236	418	436	468	510	528
YDR411C	IV	1293369	1294394	-	1026	237	479	544	652	829	630
YDR441C	IV	1344517	1345062	-	546	459	754	771	741	926	899
YDR446W	IV	1353725	1354633	+	909	7	23	17	22	10	12
YDL183C	IV	130871	131833	-	963	62	90	115	115	108	118
YDR194W-A	IV	848071	848223	+	153	0	0	1	0	0	0
YDR114C	IV	681924	682226	-	303	2	0	4	1	1	4
YDR442W	IV	1345647	1346039	+	393	0	0	2	0	0	1
tK(CUU)D2	IV	1352466	1352538	-	73	0	0	0	0	0	0
YDL059C	IV	344237	344953	-	717	45	73	82	114	125	98
YDR016C	IV	478474	478758	-	285	95	152	172	156	162	224
YDR430C	IV	1325501	1328470	-	2970	307	572	590	810	1001	1068
YDR366C	IV	1212438	1212836	-	399	2	8	4	8	5	12
YDR374W-A	IV	1224757	1225026	+	270	56	98	95	106	126	157
YDR293C	IV	1045640	1049392	-	3753	1894	3415	3350	3539	3247	2740
YDR459C	IV	1382319	1383443	-	1125	154	303	312	322	346	438
YDR022C	IV	488072	488662	-	591	39	87	104	116	133	156
YDR217C	IV	899551	903480	-	3930	343	790	781	890	1021	1187
YDR052C	IV	558511	560625	-	2115	362	694	709	771	917	1156
YDL027C	IV	403695	404957	-	1263	169	334	344	352	373	431
YDR104C	IV	661173	664910	-	3738	134	247	240	273	329	335
YDL136W	IV;IV	217600;218008	217602;218367	+;+	363	554	961	1011	811	661	687
YDR248C	IV	957758	958339	-	582	147	345	346	417	426	350
YDR078C	IV	602198	602869	-	672	74	122	132	137	111	170
YDR068W	IV	583713	584645	+	933	389	670	768	776	870	901
YDL080C	IV	310642	312471	-	1830	261	501	479	513	518	521
YDR461C-A	IV	1385524	1385766	-	243	14	17	23	28	54	28
YDR252W	IV	963412	963861	+	450	54	72	77	72	91	104
YDL046W	IV	371240	371761	+	522	969	1775	1743	1862	2230	2083
YDR540C	IV	1517136	1517675	-	540	59	143	179	170	144	208
YDR181C	IV	825910	827355	-	1446	213	396	404	448	508	547
YDL200C	IV	100501	101067	-	567	97	208	195	262	267	309
YDR108W	IV	671269	673365	+	2097	176	335	336	365	414	513
YDR337W	IV	1146319	1147179	+	861	316	614	597	674	802	864
YDR356W	IV	1186107	1188941	+	2835	189	340	354	443	483	625
YDL235C	IV	33415	33918	-	504	476	831	912	1000	1156	1500
YDR320W-B	IV	1108484	1108621	+	138	3	6	1	1	5	8
YDL245C	IV	11657	13360	-	1704	4	8	4	11	13	7
YDR170W-A	IV	803195	804517	+	1323	61	102	118	134	138	155
YDR210W-B	IV	872112	877425	+	5314	11	15	15	26	26	23
YDR210C-D	IV	878659	883927	-	5269	16	28	38	40	46	56
YDR316W-B	IV	1096064	1101332	+	5269	0	0	0	0	0	0
YDR261C-D	IV	987534	992349	-	4816	74	122	117	121	131	173
YDR210C-C	IV	882605	883927	-	1323	0	0	0	0	0	0
YDR261C-C	IV	991027	992349	-	1323	0	0	0	0	0	0
YDR261W-B	IV	981462	986775	+	5314	14	49	47	77	63	73
YDR365W-A	IV	1206997	1208319	+	1323	0	0	0	0	0	0
YDR316W-A	IV	1096064	1097386	+	1323	0	0	0	0	0	0
YDR261W-A	IV	981462	982778	+	1317	0	0	0	0	0	0
YDR365W-B	IV	1206997	1212265	+	5269	0	0	0	0	0	0
YDR098C-B	IV	645858	651126	-	5269	2	0	2	1	1	4
YDR098C-A	IV	649804	651126	-	1323	0	0	0	0	0	0
YDR210W-A	IV	872112	873428	+	1317	0	0	0	0	0	0
YDR034C-D	IV	514043	519356	-	5314	34	107	72	106	135	127
YDR034C-C	IV	518040	519356	-	1317	0	0	0	0	0	0
YOR185C	XV	681444	682106	-	663	107	211	208	250	308	282
YOR237W	XV	781994	783298	+	1305	14	27	23	24	15	24
YOL048C	XV;XV	240204;241026	240947;241310	-;-	1029	123	275	305	295	319	347
tG(GCC)O1	XV	226611	226681	-	71	0	0	0	0	0	0
YOL144W	XV	53098	54552	+	1455	413	835	825	845	843	1062
snR8	XV	832332	832521	+	190	11	24	31	37	14	15
YOR082C	XV	479296	479637	-	342	0	3	2	5	1	0
YOL072W	XV	194970	196337	+	1368	147	250	281	326	359	346
YOR114W	XV	537570	538454	+	885	53	78	103	94	145	138
YOL085C	XV	161673	162014	-	342	1	4	4	1	3	0
YOR385W	XV	1065043	1065915	+	873	2124	3817	4091	4960	4559	2343
YOR214C	XV	745593	746303	-	711	2	9	9	7	3	4
YOL119C	XV	94856	96361	-	1506	226	555	533	697	841	794
YOR019W	XV	368127	370319	+	2193	139	215	238	252	210	168
YOR206W	XV	727512	729644	+	2133	1714	3667	3816	3490	3399	4649
YOR345C	XV	981812	982162	-	351	2	4	4	6	3	4
YOR341W	XV	960987	965981	+	4995	2772	5646	5625	5667	5137	5828
YOL088C	XV	153912	154745	-	834	264	471	563	467	546	601
YOR392W	XV	1079282	1079725	+	444	0	0	0	1	0	2
YOR160W	XV	633839	636757	+	2919	449	932	981	974	1092	1283
YOR084W	XV	480587	481750	+	1164	57	136	148	115	197	106
YOR039W	XV	405768	406544	+	777	608	1237	1251	1207	1345	1588
YOR264W	XV	818866	820158	+	1293	314	605	702	635	836	823
YOR281C	XV	846269	847129	-	861	437	795	909	824	926	1030
tK(UUU)O	XV;XV	438643;438703	438679;438738	+;+	73	0	2	0	2	3	2
YOR230W	XV	770800	772113	+	1314	1493	3049	3093	3767	4436	3545
YOR144C	XV	602717	605092	-	2376	155	278	301	322	472	583
YOL081W	XV	171070	180309	+	9240	562	1049	1098	1080	1016	958
YOL052C	XV	232446	233636	-	1191	639	1232	1298	1309	1525	1088
YOR285W	XV	849635	850054	+	420	245	430	509	643	805	622
YOR058C	XV	433688	436345	-	2658	265	549	556	661	695	878
YOR270C	XV	828052	830574	-	2523	3647	7671	7366	7034	7347	8187
YOL154W	XV	34658	35407	+	750	66	103	122	112	92	87
YOR115C	XV	538659	539465	-	807	433	833	861	864	952	1146
YOL003C	XV	321858	322994	-	1137	177	335	330	363	407	440
YOR258W	XV	811671	812324	+	654	82	155	163	148	136	178
tN(GUU)O2	XV	487439	487512	+	74	0	0	0	0	0	0
YOL103W	XV	124001	125830	+	1830	563	1044	1115	1080	1301	1217
YOR215C	XV	746725	747282	-	558	298	600	593	660	742	640
YOL095C	XV	139227	141347	-	2121	89	200	186	262	328	404
YOL063C	XV	207392	210265	-	2874	258	486	462	511	613	604
YOL079W	XV	181057	181455	+	399	0	0	0	0	0	0
YOR389W	XV	1074213	1076087	+	1875	64	87	107	111	125	108
YOR231W	XV	772601	774127	+	1527	280	453	503	493	584	538
YOR021C	XV	372798	373439	-	642	1088	1892	2105	1817	1534	1880
YOR139C	XV	586950	587342	-	393	1	3	0	2	1	2
YOR120W	XV	551114	552052	+	939	147	277	293	248	192	137
YOL038W	XV	255337	256101	+	765	988	1722	1991	2319	2786	2139
YOR023C	XV	376012	377712	-	1701	302	458	530	563	690	504
YOL124C	XV	85456	86757	-	1302	616	1339	1291	1313	1244	1559
YOR212W	XV	742910	744181	+	1272	949	1809	1928	1704	1696	1919
YOL013W-A	XV	301047	301238	+	192	8	40	44	22	42	38
YOL120C	XV;XV	93395;94291	93843;94402	-;-	561	9453	16879	18521	15239	14800	16388
YOR181W	XV	675939	677840	+	1902	303	462	440	547	601	379
YOR333C	XV	944541	944957	-	417	0	2	0	0	1	1
YOR335C	XV	946233	949109	-	2877	2785	5323	5610	5261	5516	6028
YOL046C	XV	243466	244140	-	675	3	7	6	3	6	10
YOL029C	XV	269815	270420	-	606	202	376	408	413	455	494
YOL155W-A	XV	27084	27218	+	135	0	0	0	0	0	0
YOR072W	XV	461502	461816	+	315	7	10	7	11	8	12
YOL161C	XV	11549	11911	-	363	0	0	0	1	0	0
snR58	XV	136088	136183	-	96	2	2	2	2	2	5
YOL122C	XV	89692	91419	-	1728	311	560	575	633	781	745
YOR252W	XV	803667	804203	+	537	658	1170	1242	1127	890	1137
YOR157C	XV	630966	631751	-	786	623	1190	1124	1458	1701	1550
YOL107W	XV	112102	113130	+	1029	171	274	308	270	245	290
YOR274W	XV	837674	838960	+	1287	387	652	709	751	760	606
YOL013W-B	XV	300690	300980	+	291	2	6	3	4	3	3
YOR343C	XV	968148	968474	-	327	6	15	14	11	14	7
YOR093C	XV	497506	502452	-	4947	230	466	511	622	691	761
YOR381W-A	XV	1058423	1058590	+	168	2	5	2	3	4	7
YOL065C	XV	204731	205885	-	1155	148	271	317	269	316	308
YOR092W	XV	495127	496968	+	1842	451	731	818	729	684	550
YOR207C	XV	730008	733457	-	3450	1056	2082	2152	2072	1926	2284
YOR365C	XV	1023461	1025572	-	2112	36	89	111	79	69	92
YOL005C	XV	315813	316175	-	363	215	403	429	437	499	400
YOL020W	XV	286172	287950	+	1779	606	1031	1041	1036	1580	1309
YOL053W	XV	230085	231272	+	1188	160	254	270	310	326	258
YOL117W	XV	97551	99488	+	1938	107	208	246	261	254	263
YOR038C	XV	402761	405388	-	2628	207	386	379	469	543	662
YOR303W	XV	882899	884134	+	1236	784	1754	1677	2107	2404	2235
YOR137C	XV	581813	583681	-	1869	383	593	647	630	554	464
YOL034W	XV	259923	263204	+	3282	135	320	302	351	458	576
YOR052C	XV	426772	427224	-	453	632	1140	1256	1595	1916	1354
YOR190W	XV	690695	692032	+	1338	70	96	123	102	97	105
YOL039W	XV	254297	254617	+	321	5525	9497	10617	8575	8403	6911
YOR349W	XV	989789	992833	+	3045	136	262	266	276	310	402
YOL090W	XV	147382	150276	+	2895	328	683	634	751	948	1186
YOR271C	XV	831059	832042	-	984	1364	2718	2802	2745	2779	2216
YOR173W	XV	657264	658325	+	1062	73	119	117	94	92	74
YOR106W	XV	519121	519972	+	852	243	408	473	462	522	541
YOR108W	XV	523027	524841	+	1815	1233	2308	2339	2379	2412	2558
YOR059C	XV	438906	440258	-	1353	231	546	558	615	691	618
YOL149W	XV	44938	45633	+	696	365	708	792	779	791	1122
YOR121C	XV	551798	552103	-	306	24	72	45	53	53	55
YOL106W	XV	113226	113579	+	354	8	10	20	15	14	16
snR9	XV	407948	408134	-	187	35	45	70	72	61	55
YOR295W	XV	869208	869894	+	687	108	215	266	252	266	326
YOR203W	XV	722565	722918	+	354	4	3	6	2	4	3
YOR132W	XV	573175	574830	+	1656	445	723	787	806	973	846
YOR216C	XV	747525	748979	-	1455	399	848	870	940	1134	1104
YOR099W	XV	511825	513006	+	1182	1321	2410	2683	2518	2606	2768
YOR001W	XV	326832	329033	+	2202	825	1716	1749	1785	1748	2091
YOR009W	XV	344335	345798	+	1464	87	131	95	104	97	55
YOR204W	XV	722911	724725	+	1815	2013	3480	3678	3554	4095	3509
YOR209C	XV	736437	737726	-	1290	2182	4107	4357	4242	4265	4226
YOR284W	XV	848478	849209	+	732	44	89	106	104	124	144
YOR036W	XV	400348	401214	+	867	540	951	1053	1104	1046	706
YOR154W	XV	624729	626492	+	1764	310	651	661	681	759	949
YOR048C	XV	418630	421650	-	3021	804	1582	1562	1690	1744	1925
YOL073C	XV	193832	194800	-	969	178	284	308	338	396	290
YOL152W	XV	40748	42610	+	1863	154	287	248	473	636	486
YOL101C	XV	126982	127920	-	939	159	340	288	338	295	329
YOR085W	XV	482033	483085	+	1053	790	1458	1418	1521	1750	1689
YOR227W	XV	762825	766565	+	3741	249	464	424	535	655	740
YOR159C	XV	633282	633566	-	285	191	363	400	364	454	443
YOR146W	XV	605873	606178	+	306	0	0	0	0	0	0
YOR372C	XV	1034807	1036471	-	1665	284	477	500	589	832	909
YOR112W	XV	531508	533793	+	2286	333	667	681	744	837	895
YOR387C	XV	1069621	1070241	-	621	15	19	19	20	27	31
YOR229W	XV	768409	769812	+	1404	117	216	260	227	250	202
YOR068C	XV	453869	454213	-	345	0	0	0	0	0	0
YOR376W-A	XV	1045196	1045351	+	156	23	39	42	42	51	29
YOL050C	XV	237882	238202	-	321	2	3	1	1	1	0
YOR342C	XV	966666	967625	-	960	843	1450	1556	1571	1862	2021
YOL035C	XV	258803	259105	-	303	13	17	15	16	21	25
YOR251C	XV	802550	803464	-	915	406	796	799	750	679	712
YOR041C	XV	408358	408789	-	432	1	0	0	1	1	0
YOR130C	XV	569929	570807	-	879	156	263	352	318	367	282
YOR119C	XV	548792	550246	-	1455	454	987	951	948	913	1229
YOL166C	XV	1000	1338	-	339	0	0	2	0	0	0
YOR008C	XV	341278	342414	-	1137	930	1527	1635	1478	1634	1263
YOL011W	XV	305349	307409	+	2061	570	998	903	1029	1152	1028
YOR248W	XV	798013	798315	+	303	3	3	3	9	4	3
YOR202W	XV	721946	722608	+	663	81	141	162	152	171	112
YOR266W	XV	821023	822294	+	1272	164	358	405	382	415	488
YOR140W	XV	586981	589281	+	2301	174	341	308	374	558	435
YOR004W	XV	333592	334356	+	765	597	1202	1253	1087	946	1066
YOR308C	XV	894624	896387	-	1764	146	326	335	395	469	479
YOR032C	XV	389771	391075	-	1305	230	361	441	407	508	286
YOR311C	XV	899056	899928	-	873	439	825	887	888	911	927
YOL019W	XV	288898	290553	+	1656	621	1170	1124	1611	1983	1815
YOL138C	XV	61325	65350	-	4026	220	417	398	434	545	546
YOL151W	XV	43694	44722	+	1029	193	360	387	465	508	412
YOR330C	XV	939621	943385	-	3765	325	640	625	673	804	870
YOR379C	XV	1050726	1051064	-	339	0	0	0	0	0	0
YOR142W	XV	593057	594046	+	990	681	1283	1358	1451	1896	1703
YOR268C	XV	825534	825932	-	399	3	2	6	7	8	2
snR81	XV	234346	234546	+	201	6	8	6	7	6	6
YOR017W	XV	361412	363814	+	2403	220	415	396	394	559	650
YOR394W	XV	1082718	1083212	+	495	0	0	0	0	0	0
YOL134C	XV	70156	70545	-	390	0	1	2	1	0	1
YOR002W	XV	329417	331051	+	1635	699	1165	1271	1167	1306	1467
YOR194C	XV	711683	712543	-	861	529	1018	1030	1130	1327	1340
YOR298C-A	XV	877230	877685	-	456	1974	3016	3772	4321	5599	3169
YOL069W	XV	198942	200297	+	1356	122	263	241	276	349	370
YOR014W	XV	357674	359947	+	2274	947	1756	1760	1897	1980	2166
YOR346W	XV	981828	984785	+	2958	500	1044	1093	1048	1091	1352
YOR044W	XV	413007	413480	+	474	113	199	216	214	188	164
YOR275C	XV	839084	841069	-	1986	340	577	625	614	706	680
YOR174W	XV	658747	659601	+	855	304	549	619	590	640	661
YOR336W	XV	949773	953870	+	4098	220	469	490	518	679	738
YOL094C	XV	141584	142555	-	972	230	434	469	500	572	602
YOR122C	XV;XV	552298;552875	552665;552887	-;-	381	1349	2475	2762	2575	2712	2472
YOR256C	XV	808254	810683	-	2430	427	704	779	857	894	883
YOL137W	XV	65621	67114	+	1494	283	537	503	513	577	671
YOR350C	XV	992864	994855	-	1992	135	287	346	326	414	448
YOR196C	XV	715593	716837	-	1245	497	1072	1072	1004	1048	928
YOR380W	XV	1051290	1052930	+	1641	88	141	140	148	195	128
YOR314W-A	XV	904458	904568	+	111	0	2	1	0	0	0
tA(UGC)O	XV	854187	854259	-	73	2	0	1	0	0	2
YOL097W-A	XV	136220	136405	+	186	17	30	25	27	26	27
YOR376W	XV	1043191	1043559	+	369	3	2	5	1	0	3
YOR369C	XV	1028194	1028625	-	432	18259	30479	35871	26867	24461	24544
YOL132W	XV	71300	72715	+	1416	16	36	39	28	18	41
YOR296W	XV	870202	874071	+	3870	188	295	313	314	429	495
YOR260W	XV	813984	815720	+	1737	973	2164	2255	2304	2484	2702
YOR373W	XV	1036834	1039389	+	2556	149	294	265	352	493	434
YOR163W	XV	642741	643307	+	567	283	430	512	554	637	568
YOR029W	XV	384600	384935	+	336	0	3	2	3	5	5
YOL042W	XV	249825	250916	+	1092	289	483	519	550	564	657
YOR316C	XV	906236	907555	-	1320	308	641	657	703	884	967
YOR326W	XV	925721	930445	+	4725	1485	3107	3138	3546	4152	4409
YOR293C-A	XV	867998	868147	-	150	13	21	28	17	16	30
YOL036W	XV	256745	259030	+	2286	370	707	685	803	966	793
YOR072W-B	XV	464469	464630	+	162	0	0	0	0	0	0
YOR332W	XV	943656	944357	+	702	658	1249	1341	1337	1258	1097
YOL002C	XV	323411	324364	-	954	532	994	1034	986	908	1075
YOR193W	XV	710446	711576	+	1131	182	328	324	366	345	434
YOR243C	XV	790211	792241	-	2031	1221	2396	2361	2225	2012	2241
YOR126C	XV	559961	560677	-	717	93	200	195	240	235	279
YOR070C	XV	455907	457820	-	1914	247	364	374	418	475	489
YOR328W	XV	931803	936497	+	4695	186	341	324	377	382	414
YOL056W	XV	223268	224179	+	912	276	550	559	521	568	541
YOR098C	XV	507948	511178	-	3231	648	1338	1285	1384	1948	1918
YOL110W	XV	109176	109889	+	714	51	118	120	151	145	104
YOR213C	XV	744535	745281	-	747	155	284	324	340	331	379
YOR253W	XV	804377	804907	+	531	346	582	671	698	658	765
YOR008C-A	XV	342857	343081	-	225	9	7	7	17	15	10
YOL113W	XV	104326	106293	+	1968	356	634	612	806	711	524
YOR060C	XV	440390	441163	-	774	184	276	295	311	339	300
YOL076W	XV	187024	189414	+	2391	343	698	713	666	817	1087
YOR186C-A	XV	683329	683538	-	210	0	0	0	0	0	0
YOR381W	XV	1055545	1057680	+	2136	150	201	254	213	279	220
YOR113W	XV	534075	536819	+	2745	181	240	266	282	321	305
YOR273C	XV	834452	836431	-	1980	1024	1372	1521	1197	714	246
tN(GUU)O1	XV	228331	228404	+	74	0	0	0	0	0	0
YOR161W-A	XV	637574	637654	+	81	0	0	0	0	0	0
YOL147C	XV	47933	48643	-	711	156	270	279	290	336	322
YOR338W	XV	956898	957989	+	1092	154	350	382	615	868	993
YOR178C	XV	667860	670241	-	2382	196	288	306	286	276	298
YOR188W	XV	685767	689180	+	3414	276	637	610	728	941	1031
YOL159C	XV	17281	17796	-	516	137	230	265	268	231	252
YOR382W	XV	1059531	1059992	+	462	52	81	86	123	141	102
YOL071W	XV	196507	196995	+	489	131	228	270	269	302	283
YOR363C	XV	1020222	1023212	-	2991	197	368	331	362	426	448
YOR069W	XV	453768	455795	+	2028	356	690	726	788	867	891
YOR075W	XV	468212	469252	+	1041	177	304	326	378	440	566
YOR124C	XV	554824	558642	-	3819	458	842	904	992	1181	1232
YOR008W-B	XV	343929	344030	+	102	14	14	16	15	11	15
snR31	XV	841958	842182	-	225	59	129	152	122	109	91
YOL025W	XV	274957	276939	+	1983	138	271	288	294	382	389
YOR057W	XV	432186	433373	+	1188	305	585	640	663	742	825
YOR265W	XV	820454	820774	+	321	168	350	368	431	439	550
YOL127W	XV;XV	80348;80775	80360;81190	+;+	429	11826	20879	23163	19340	17999	17931
YOR107W	XV	521353	522282	+	930	307	561	529	394	508	351
YOL142W	XV	55558	56280	+	723	375	736	817	818	779	898
YOR239W	XV;XV	784857;785689	785687;786744	+;+	1887	1497	2933	2813	3068	3290	3226
YOL091W	XV	145334	147163	+	1830	40	55	65	47	51	73
YOR317W	XV	909343	911445	+	2103	1217	2256	2194	1980	2084	1684
YOR370C	XV	1029183	1030994	-	1812	961	1825	2018	2175	2551	2492
tM(CAU)O1	XV	710201	710272	+	72	0	1	0	0	2	3
YOR211C	XV	738924	741569	-	2646	306	554	574	628	745	916
YOR191W	XV	692475	697334	+	4860	404	792	760	977	975	1006
YOL064C	XV	206103	207176	-	1074	741	1464	1591	1453	1600	1480
tT(AGU)O1	XV	113802	113874	+	73	0	0	1	0	0	0
YOL049W	XV	238619	240094	+	1476	827	1574	1664	1872	2215	2177
YOL043C	XV	248392	249534	-	1143	146	297	334	332	385	338
YOR043W	XV	410870	412330	+	1461	740	1276	1375	1315	1597	1669
YOR331C	XV	943565	944122	-	558	0	0	1	1	0	0
YOR309C	XV	896698	897078	-	381	163	297	390	263	254	335
YOR104W	XV	517642	518490	+	849	98	197	200	233	219	275
YOL114C	XV	103317	103925	-	609	18	31	41	30	22	35
YOR300W	XV	880575	880883	+	309	3	5	5	4	1	4
YOR220W	XV	755328	756125	+	798	657	1262	1492	1525	1400	848
YOR378W	XV	1049511	1051058	+	1548	54	89	93	103	126	117
YOL059W	XV	217126	218448	+	1323	1587	2542	2831	2630	2539	1929
YOR386W	XV	1066839	1068536	+	1698	175	306	392	359	294	292
YOL027C	XV	272003	273724	-	1722	740	1496	1546	1702	1954	1644
snR62	XV	409765	409864	-	100	8	9	16	16	21	29
snR17a	XV;XV	780107;780278	780120;780596	+;+	333	8	17	13	16	26	25
YOL155C	XV	28703	31606	-	2904	818	1574	1686	2084	1813	997
YOR375C	XV	1041678	1043042	-	1365	4347	8864	9000	9363	12598	9971
snR35	XV	759326	759529	-	204	14	19	23	31	17	20
YOR100C	XV	513295	514278	-	984	5	9	9	6	10	6
YOL026C	XV	274012	274353	-	342	67	128	135	158	162	111
YOL012C	XV	303579	303983	-	405	417	757	775	719	792	942
YOR026W	XV	379781	380806	+	1026	207	379	369	368	452	491
YOR359W	XV	1011189	1012760	+	1572	386	646	609	711	1057	1237
YOR250C	XV	800970	802307	-	1338	247	420	422	464	570	520
YOL013C	XV	301380	303035	-	1656	318	560	564	615	659	687
YOR272W	XV	832813	834195	+	1383	847	1723	1780	1730	1720	1845
tG(GCC)O2	XV	282164	282234	+	71	0	1	0	0	0	0
YOL164W-A	XV	4130	4312	+	183	11	19	22	24	24	13
YOL082W	XV	168727	169974	+	1248	289	512	515	533	608	567
snR36	XV	680685	680866	-	182	18	21	30	24	23	22
YOR035C	XV	397735	400104	-	2370	348	641	630	785	626	565
YOL016C	XV	294777	296120	-	1344	4434	8000	8833	8443	6575	2723
YOR007C	XV	338938	339978	-	1041	2242	3920	4309	5726	6469	5822
YOR325W	XV	924577	925050	+	474	0	0	0	0	1	0
YOL085W-A	XV	161579	161791	+	213	0	3	4	2	5	2
YOL160W	XV	14313	14654	+	342	8	9	19	18	17	17
YOR361C	XV	1015361	1017652	-	2292	2989	5755	5985	5511	5843	7032
YOL158C	XV	19491	21311	-	1821	605	984	1003	1083	1124	1038
YOR315W	XV	904760	905800	+	1041	759	1356	1472	1569	2098	2260
YOR010C	XV	346195	346950	-	756	35	88	74	72	81	60
YOR384W	XV	1061564	1063648	+	2085	152	333	291	316	345	313
YOR234C	XV;XV	778555;779387	778859;779405	-;-	324	3027	5931	6770	5515	5327	5438
YOR283W	XV	847453	848145	+	693	479	848	976	960	987	1065
YOR020W-A	XV	371685	371957	+	273	117	197	235	213	246	214
YOL045W	XV	243497	246802	+	3306	372	766	692	772	745	962
YOR102W	XV	516423	516773	+	351	14	31	33	33	28	36
YOL128C	XV	78352	79479	-	1128	164	310	354	348	367	362
YOR360C	XV	1013241	1014821	-	1581	531	974	992	1029	1500	2417
YOL097C	XV	136527	137825	-	1299	2181	4230	4505	4120	3982	3685
YOR164C	XV	643394	644332	-	939	482	1027	1135	1096	1108	1373
YOR175C	XV	659815	661674	-	1860	727	1459	1464	1639	1597	1826
tP(UGG)O1	XV;XV	301097;301163	301132;301198	+;+	72	0	0	0	0	0	0
YOR086C	XV	483219	486779	-	3561	711	1439	1460	1373	1580	1621
YOR242C	XV	788742	789857	-	1116	31	73	58	41	65	77
YOR155C	XV	626628	627980	-	1353	392	643	742	708	814	694
YOL019W-A	XV	288420	288572	+	153	0	0	0	0	0	0
YOL030W	XV	268187	269641	+	1455	1420	2812	2679	2868	3271	3134
YOR323C	XV	921535	922905	-	1371	1227	2287	2314	2311	2358	2207
YOL017W	XV	292529	294673	+	2145	149	246	221	276	344	369
YOR233W	XV	775846	778248	+	2403	291	606	601	736	912	957
YOL037C	XV	256666	257019	-	354	2	0	0	1	2	3
YOR083W	XV	479533	480420	+	888	38	66	83	90	137	63
YOL010W	XV	307938	309041	+	1104	483	872	874	1042	1254	1627
YOR118W	XV	546857	548560	+	1704	465	892	915	989	1056	1266
YOR128C	XV	564476	566191	-	1716	1245	2396	2188	2250	1949	2258
YOL125W	XV	83834	85264	+	1431	391	710	736	727	778	744
YOL004W	XV	316938	321548	+	4611	714	1413	1318	1586	1790	1750
YOR177C	XV	665785	667179	-	1395	17	35	47	58	67	61
YOR166C	XV	647126	648502	-	1377	303	516	543	602	639	861
YOR006C	XV	337680	338621	-	942	375	727	795	713	804	831
YOR324C	XV	923232	925040	-	1809	131	229	207	247	335	320
YOL024W	XV	277086	277604	+	519	6	12	8	7	8	6
YOR033C	XV	392416	394524	-	2109	237	450	440	470	624	654
YOL033W	XV	263475	265085	+	1611	169	302	322	336	442	441
YOL070C	XV	197220	198725	-	1506	565	1044	1112	1155	1358	1060
YOR116C	XV	539763	544145	-	4383	913	1933	1899	1826	1893	2166
YOL067C	XV	201985	202518	-	534	131	207	234	277	325	185
YOR145C	XV	605347	606171	-	825	948	1793	1963	1824	1626	1747
YOR304C-A	XV	888520	888750	-	231	70	127	142	153	196	227
YOR192C	XV	698768	700567	-	1800	63	84	73	94	93	89
YOL109W	XV	110297	110638	+	342	5760	11582	12592	12341	13450	12578
YOR078W	XV	472725	473369	+	645	425	933	1047	1041	1187	1552
YOR134W	XV	578564	579793	+	1230	193	356	364	457	237	105
YOR131C	XV	572182	572838	-	657	297	558	584	607	690	568
YOR368W	XV	1026843	1028048	+	1206	156	261	295	303	355	415
YOL111C	XV	108258	108896	-	639	311	526	545	557	602	448
YOR168W	XV	649303	651732	+	2430	1927	3986	3880	3759	4045	4883
YOR226C	XV	761614	762084	-	471	125	246	263	274	349	205
YOL162W	XV	10119	10766	+	648	19	22	33	50	45	40
YOR334W	XV	944596	946008	+	1413	96	158	161	196	267	272
YOR241W	XV	786995	788641	+	1647	529	1162	1171	1190	1171	1276
tP(UGG)O2	XV;XV	464450;464516	464485;464551	+;+	72	0	0	0	0	0	0
YOR245C	XV	794076	795332	-	1257	281	498	511	522	650	675
YOL009C	XV	309324	310139	-	816	151	217	245	297	228	244
YOR153W	XV	619840	624375	+	4536	4484	8627	8355	13978	12659	15991
YOR358W	XV	1010161	1010889	+	729	75	137	158	197	202	131
YOR335W-A	XV	946568	946648	+	81	0	0	0	0	0	0
YOR170W	XV	651858	652163	+	306	25	52	75	46	49	60
YOR267C	XV	822588	824867	-	2280	1318	2145	2382	2104	2111	1471
YOR081C	XV	476939	479188	-	2250	292	531	512	622	802	665
YOL145C	XV	49555	52788	-	3234	846	1895	1903	1975	2079	2358
YOL156W	XV	25273	26976	+	1704	12	18	23	27	26	33
YOR322C	XV	918606	921062	-	2457	438	864	858	925	1187	1073
YOL044W	XV	247150	248301	+	1152	187	277	296	329	308	337
YOR054C	XV	427833	429857	-	2025	89	142	165	130	177	140
YOL031C	XV	266264	267529	-	1266	404	761	764	895	1018	1243
YOR034C-A	XV	397426	397668	-	243	31	42	38	34	33	62
YOR306C	XV	889867	891432	-	1566	907	1612	1637	1973	1936	2210
YOR261C	XV	815915	816931	-	1017	1072	2153	2386	2642	2751	3232
YOR293W	XV;XV	867098;867587	867149;867852	+;+	318	9064	16157	18365	15331	15372	16154
YOR062C	XV	442725	443531	-	807	99	185	218	184	217	208
YOR339C	XV	958362	958832	-	471	14	34	26	33	22	34
YOR067C	XV	451729	453462	-	1734	548	1028	1114	1084	1071	1237
YOR312C	XV	900250	900767	-	518	8892	15866	17980	14914	14734	15225
YOR094W	XV	502795	503346	+	552	187	364	360	390	378	487
YOL135C	XV	69376	70044	-	669	92	174	198	228	280	194
YOL105C	XV	114138	115808	-	1671	232	377	356	353	405	401
YOR329W-A	XV	939348	939557	+	210	4	3	5	3	1	5
YOR197W	XV	717086	718384	+	1299	1058	1864	2023	2020	2138	1745
YOL104C	XV	116396	117454	-	1059	77	204	186	276	258	283
YOR262W	XV	817292	818335	+	1044	289	632	656	589	628	682
YOR167C	XV	648804	649007	-	204	4973	9161	10749	8253	8360	7713
YOL015W	XV	297078	298838	+	1761	112	240	225	180	97	112
YOR161C	XV	636939	638558	-	1620	138	279	258	174	171	154
YOR393W	XV	1080276	1081589	+	1314	0	0	0	0	0	1
YOR105W	XV	518195	518521	+	327	16	17	17	22	22	16
YOR210W	XV	738320	738532	+	213	463	852	1006	888	855	1118
YOR364W	XV	1023371	1023739	+	369	3	2	0	0	2	2
YOL087C	XV	155287	158637	-	3351	518	839	835	760	886	757
YOR127W	XV	561170	564193	+	3024	461	981	920	1066	1275	1301
YOR184W	XV	679357	680544	+	1188	1172	2219	2396	2267	2338	2536
YOR150W	XV	611999	612490	+	492	320	560	631	647	716	674
YOR179C	XV	671845	672411	-	567	146	245	267	289	298	244
YOR340C	XV	959202	960182	-	981	778	1624	1675	1668	1556	1852
YOR354C	XV	1001147	1003225	-	2079	425	814	829	948	1238	1320
YOR217W	XV	749301	751886	+	2586	551	1058	1051	1200	1367	1432
YOR298W	XV	875599	877038	+	1440	104	158	165	157	146	154
YOL006C	XV	313078	315387	-	2310	490	845	896	995	1300	1459
YOR259C	XV	812395	813708	-	1314	1085	2039	2263	2698	3159	3130
YOR318C	XV;XV	911784;912433	912085;912436	-;-	306	9	17	18	18	21	16
YOR320C	XV	913619	915094	-	1476	411	806	856	888	1018	1189
YOR222W	XV	758330	759253	+	924	340	602	735	664	679	604
YOL165C	XV	1647	2078	-	432	7	8	14	20	13	14
YOL007C	XV	311342	312367	-	1026	289	459	506	713	932	1137
YOR307C	XV	892731	894092	-	1362	321	648	628	726	828	958
YOL051W	XV	234940	238185	+	3246	648	1256	1235	1291	1549	1375
YOR091W	XV	493433	494470	+	1038	844	1595	1685	1884	2008	1772
YOR079C	XV	473475	474416	-	942	296	522	561	535	592	635
YOL022C	XV	280272	281498	-	1227	795	1391	1548	1526	1308	1537
YOR278W	XV	842817	843644	+	828	152	242	259	277	290	361
YOR024W	XV	377847	378170	+	324	0	0	0	4	3	0
YOL148C	XV	45760	47574	-	1815	257	491	519	519	642	580
YOL078W	XV	181682	185212	+	3531	210	390	377	420	517	455
tP(UGG)O3	XV;XV	980683;980752	980718;980787	+;+	72	5	4	2	2	1	12
YOR089C	XV	490196	490828	-	633	636	1195	1289	1232	1478	1100
YOL098C	XV	132725	135838	-	3114	1059	2087	2084	2222	2536	2871
YOR171C	XV	652010	653884	-	1875	535	916	1000	944	1030	1174
YOL089C	XV	150398	153490	-	3093	197	400	369	386	466	555
YOL150C	XV	44473	44784	-	312	2	2	1	0	0	1
YOR095C	XV	503552	504328	-	777	890	1731	1842	1564	1419	1902
YOL146W	XV	48864	49448	+	585	119	243	237	232	285	300
YOR224C	XV	760825	761265	-	441	1536	2602	2879	2570	2764	2432
YOR302W	XV	882765	882842	+	78	58	98	95	109	158	214
YOR286W	XV	850280	850729	+	450	362	622	740	751	932	794
YOR046C	XV	414459	415907	-	1449	1177	2518	2633	2491	2579	3153
tG(CCC)O	XV	594354	594425	-	72	0	0	0	0	0	0
YOR388C	XV	1071793	1072923	-	1131	1	0	3	3	0	1
YOR228C	XV	766869	767777	-	909	125	181	222	192	201	180
YOL112W	XV	106710	108188	+	1479	273	572	564	639	750	682
YOR141C	XV	589942	592587	-	2646	385	766	753	838	1055	1061
YOL131W	XV	73031	73357	+	327	3	6	4	4	4	1
YOR049C	XV	422668	423732	-	1065	107	174	189	213	255	205
YOL143C	XV	54595	55104	-	510	347	653	675	727	784	591
YOR172W	XV	654210	656570	+	2361	263	418	480	452	503	479
YOR149C	XV	609838	611388	-	1551	225	438	465	480	479	602
YOL164W	XV	6175	8115	+	1941	178	286	316	290	443	294
YOR011W	XV	349679	353863	+	4185	201	367	352	333	374	465
YOR071C	XV	459480	461276	-	1797	240	438	423	451	490	483
YOR022C	XV	373710	375857	-	2148	140	261	272	304	339	368
YOR125C	XV	559030	559731	-	702	198	332	398	377	413	357
YOL141W	XV	56452	58539	+	2088	116	231	224	254	278	336
YOR101W	XV	515244	516173	+	930	682	1350	1455	1389	1326	1460
YOR263C	XV	818757	819164	-	408	2	6	7	5	4	10
YOR383C	XV	1060441	1061055	-	615	92	139	162	179	189	141
YOR056C	XV	430247	431626	-	1380	903	1839	1898	1873	1794	1737
YOL075C	XV	189658	193542	-	3885	160	377	356	372	410	463
YOR073W-A	XV	467390	467623	+	234	0	0	1	0	0	0
YOR246C	XV	795801	796793	-	993	522	910	990	1005	1078	861
YOR042W	XV	408425	409660	+	1236	346	582	632	721	889	707
YOR236W	XV	780906	781541	+	636	229	462	459	445	461	489
YOR183W	XV	678872	679261	+	390	3	0	2	0	5	4
YOR176W	XV	662401	663582	+	1182	532	986	1046	925	1111	944
YOR238W	XV	783677	784588	+	912	205	342	408	467	448	468
YOR367W	XV	1026007	1026609	+	603	119	262	212	259	315	380
YOR297C	XV	874743	875321	-	579	160	308	319	341	458	483
YOR310C	XV	896825	898360	-	1536	3464	6489	7099	6490	5737	7130
YOR063W	XV	444686	445849	+	1164	24003	43659	46829	40792	40650	34258
YOR189W	XV	689624	689974	+	351	152	269	314	365	441	368
YOL129W	XV	77560	78114	+	555	574	951	1062	1130	1286	1134
YOR280C	XV	844992	845792	-	801	202	333	351	393	364	436
YOR037W	XV	401555	402655	+	1101	212	420	439	465	491	498
YOR090C	XV	491123	492841	-	1719	424	786	831	826	1031	929
YOR313C	XV	901858	902874	-	1017	32	106	96	65	104	126
YOL032W	XV	265429	266169	+	741	227	349	475	404	365	315
YOR158W	XV	632164	633120	+	957	331	608	688	793	958	1015
YOR162C	XV	639560	641992	-	2433	193	323	342	372	394	409
YOL092W	XV	144204	145130	+	927	1140	2136	2187	1712	1647	1741
YOL061W	XV	212244	213734	+	1491	1269	2269	2491	2305	2335	2265
YOR232W	XV	774573	775259	+	687	1192	2323	2463	2547	2593	2883
YOR219C	XV	752214	755009	-	2796	496	824	899	839	806	768
YOR182C	XV;XV	678191;678791	678379;678793	-;-	192	2474	4223	5163	3878	3617	4712
YOL099C	XV	132017	132508	-	492	3	8	4	4	3	6
YOR294W	XV	868340	868951	+	612	1020	1900	2090	1992	1565	1577
YOR288C	XV	852121	853077	-	957	204	444	477	528	579	578
YOR110W	XV	528941	530248	+	1308	325	488	593	554	614	617
YOR040W	XV	407064	407921	+	858	109	161	173	179	213	205
YOL083W	XV	165714	166952	+	1239	47	72	84	78	109	118
YOL136C	XV	67561	68754	-	1194	684	1396	1413	1276	1723	1816
YOL130W	XV	74400	76979	+	2580	1104	2140	2127	1874	2084	2039
YOL021C	XV	282421	285426	-	3006	934	1746	1793	1913	2027	2032
YOR282W	XV	847000	847320	+	321	0	1	1	2	0	2
YOL077W-A	XV	185438	185644	+	207	261	576	612	527	824	885
YOR319W	XV	912822	913463	+	642	150	286	315	299	298	351
YOR030W	XV	386825	388684	+	1860	210	406	406	450	531	609
YOR291W	XV	861175	865593	+	4419	308	552	609	604	671	811
YOL077C	XV	185848	186723	-	876	1795	3689	4098	3387	2962	3875
YOR390W	XV	1076784	1077911	+	1128	34	53	63	58	57	88
YOL052C-A	XV	231570	231755	-	186	14	32	25	30	18	22
YOR123C	XV	553176	554570	-	1395	911	1728	1819	1816	2014	1701
YOR013W	XV	356751	357221	+	471	28	56	53	59	59	54
YOR249C	XV	798674	800731	-	2058	216	405	487	463	510	590
YOR362C	XV	1017880	1018746	-	867	864	1526	1740	1986	2349	1688
YOL058W	XV	219211	220473	+	1263	274	646	667	643	892	320
YOR143C	XV	601383	602342	-	960	330	642	716	677	690	918
YOR347C	XV	984942	986462	-	1521	117	190	228	205	239	158
YOL157C	XV	22525	24294	-	1770	20	29	45	42	36	33
YOL057W	XV	220767	222902	+	2136	687	1291	1354	1484	1645	1718
YOR321W	XV	916030	918291	+	2262	219	423	457	445	529	555
YOR015W	XV	359993	360352	+	360	178	288	315	297	305	345
YOR111W	XV	530429	531127	+	699	119	205	255	268	272	312
YOL008W	XV	310312	310935	+	624	182	300	312	325	339	333
YOR279C	XV	843698	844630	-	933	151	249	272	247	295	315
YOR394C-A	XV	1084202	1084369	-	168	0	1	4	1	1	0
YOR180C	XV	674352	675167	-	816	41	80	79	73	106	98
YOL055C	XV	224420	226075	-	1656	149	306	348	326	394	408
snR5	XV	842403	842606	+	204	17	31	43	42	31	31
YOL139C	XV	60383	61024	-	642	3496	6912	7187	6678	6548	7016
YOR287C	XV	850937	851839	-	903	199	449	463	416	446	675
YOR198C	XV	718653	720065	-	1413	2465	5032	5172	5646	5952	6354
YOR053W	XV	427817	428158	+	342	1	1	4	1	2	2
YOL054W	XV	228614	229834	+	1221	197	333	391	465	502	436
YOR012W	XV	356543	356956	+	414	13	23	40	43	49	53
YOL118C	XV	96608	96916	-	309	34	61	58	64	52	68
YOR034C	XV	394837	397086	-	2250	318	556	611	578	608	686
YOR374W	XV	1039840	1041399	+	1560	153	269	272	351	704	602
YOR018W	XV	364369	366882	+	2514	298	472	476	502	499	503
YOL084W	XV	162356	165331	+	2976	77	107	116	84	67	38
YOR314W	XV	903043	903372	+	330	9	12	10	7	21	27
YOR050C	XV	424270	424617	-	348	24	41	39	26	45	31
YOR391C	XV	1078545	1079258	-	714	1	0	0	0	0	0
YOR327C	XV	930734	931081	-	348	402	870	938	901	921	861
YOR352W	XV	997213	998244	+	1032	132	284	307	307	303	307
YOR348C	XV	986899	988782	-	1884	79	114	126	117	230	71
YOL115W	XV	101475	103229	+	1755	413	733	774	753	837	972
YOR066W	XV	449436	451325	+	1890	323	496	521	477	738	640
YOR072W-A	XV	461791	462039	+	249	1	6	8	6	11	2
YOL096C	XV	138107	139045	-	939	164	292	312	316	324	265
tM(CAU)O2	XV	976421	976493	+	73	0	0	0	4	0	1
YOR020C	XV	370524	370844	-	321	918	1723	2035	2955	3904	3308
YOR133W	XV	575098	577626	+	2529	928	1625	1568	1357	1216	1083
YOR356W	XV	1007221	1009116	+	1896	351	703	738	844	1177	1070
YOR208W	XV	733925	736177	+	2253	472	886	817	871	728	676
YOR357C	XV	1009224	1009712	-	489	176	311	360	358	444	426
YOR277C	XV	841515	841823	-	309	7	13	9	12	8	9
YOR276W	XV	841333	841818	+	486	214	384	410	333	285	501
YOR247W	XV	797676	798308	+	633	991	1720	1628	2383	3346	2468
snR50	XV	259489	259578	+	90	16	17	19	15	18	12
YOL047C	XV;XV	241614;242505	242441;242747	-;-	1071	36	65	67	53	49	41
YOR221C	XV	756476	757558	-	1083	372	716	725	843	893	914
YOR344C	XV	977194	978069	-	876	1125	1936	2094	1980	2244	1985
YOR269W	XV	826385	827869	+	1485	166	256	261	249	318	289
YOR152C	XV	617518	618288	-	771	144	188	189	234	222	255
YOR103C	XV	516449	516841	-	393	38	42	42	52	57	50
YOR377W	XV	1046226	1047803	+	1578	411	816	836	791	640	726
YOR129C	XV	566877	569558	-	2682	161	321	308	327	395	554
YOL038C-A	XV	254926	255021	-	96	9	14	14	21	28	33
YOR156C	XV	628360	630540	-	2181	135	221	253	249	368	311
YOR329C	XV	936731	939349	-	2619	375	634	609	709	857	801
YOR351C	XV	995018	996511	-	1494	23	30	32	17	22	32
YOL040C	XV	253149	253577	-	429	12015	22225	23461	20538	22044	20565
YOL159C-A	XV	15233	15505	-	273	33	67	60	58	84	109
YOR051C	XV	424846	426084	-	1239	1593	3149	3298	2784	2633	2734
YOR003W	XV	331455	332891	+	1437	84	174	193	214	242	180
YOR064C	XV	446079	446738	-	660	118	199	225	201	257	248
YOR073W	XV	464771	466543	+	1773	130	274	243	320	438	439
YOR201C	XV	720470	721708	-	1239	189	326	290	403	555	390
YOR065W	XV	447439	448368	+	930	673	1208	1279	1177	2223	1545
YOR186W	XV	683111	683545	+	435	0	3	4	3	2	3
YOR045W	XV	413852	414037	+	186	264	488	596	521	502	505
YOL018C	XV	290881	292074	-	1194	227	461	496	540	539	544
YOL133W	XV	70325	70690	+	366	70	112	128	134	157	142
YOR087W	XV	487707	489734	+	2028	257	468	494	534	672	764
YOL028C	XV	270633	271370	-	738	140	321	335	328	412	346
YOL086C	XV	159548	160594	-	1047	34502	61593	61759	54745	54924	39592
YOL108C	XV	111431	111886	-	456	173	319	299	294	309	255
YOL023W	XV	278056	280086	+	2031	171	303	344	380	505	522
YOR011W-A	XV	355652	355858	+	207	1	1	0	0	1	1
YOR165W	XV	644566	646896	+	2331	913	1847	1910	1992	2092	2323
YOL068C	XV	200368	201879	-	1512	548	1082	1131	1256	1388	1542
YOR138C	XV	584309	586324	-	2016	288	487	543	559	625	503
YOR016C	XV	360461	361084	-	624	368	653	720	668	756	850
YOL121C	XV;XV	92026;92831	92440;92850	-;-	435	3954	6450	7201	6141	6075	5225
YOL126C	XV	81787	82920	-	1134	200	335	382	339	507	255
YOR235W	XV	779870	780184	+	315	1	3	2	1	1	1
YOR080W	XV	474594	476792	+	2199	250	538	502	569	592	693
YOR169C	XV	651376	651840	-	465	19	58	34	43	44	54
YOR028C	XV	383533	384420	-	888	88	161	172	141	148	156
YOR225W	XV	761392	761721	+	330	39	81	65	76	90	116
YOR108C-A	XV	524605	524814	-	210	0	0	0	0	0	0
YOR109W	XV	525278	528601	+	3324	454	821	885	982	1160	1242
YOL093W	XV	142815	143696	+	882	397	826	895	915	961	853
YOR147W	XV	606607	608475	+	1869	328	618	643	544	597	812
YOR218C	XV	751476	751895	-	420	6	13	17	17	16	27
YOR254C	XV	805032	807023	-	1992	1654	3185	3336	3211	3413	4069
YOL080C	XV	180558	181427	-	870	300	537	629	542	431	543
YOR161W-B	XV	637975	638235	+	261	0	0	0	0	0	0
tY(GUA)O	XV;XV	288192;288245	288230;288280	+;+	75	1	0	0	0	0	0
YOR136W	XV	580250	581359	+	1110	813	1294	1423	2407	3204	2227
tR(ACG)O	XV	340299	340371	-	73	0	0	0	0	0	0
YOR192C-C	XV	703988	704224	-	237	7	9	15	17	14	18
YOR205C	XV	725564	727234	-	1671	210	449	482	526	773	797
YOR200W	XV	720417	720815	+	399	0	0	0	0	0	0
YOR305W	XV	889022	889750	+	729	193	348	419	448	560	608
YOR195W	XV	712866	715331	+	2466	289	631	628	781	937	1227
YOL123W	XV	87844	89448	+	1605	1565	3014	3216	2954	2969	3093
YOR097C	XV	506978	507505	-	528	110	178	209	233	329	272
YOL083C-A	XV	166461	166601	-	141	0	0	0	0	0	0
YOL086W-A	XV	159173	159445	+	273	74	151	176	173	232	174
YOR337W	XV	954344	956623	+	2280	313	576	526	682	882	919
YOL100W	XV	129237	132482	+	3246	195	407	413	406	474	495
YOR289W	XV	853357	854112	+	756	47	87	124	105	116	83
YOR255W	XV	807271	808107	+	837	2	4	3	3	1	1
YOR304W	XV	884514	887876	+	3363	534	1131	1074	1186	1316	1488
YOL163W	XV	9597	10106	+	510	19	46	54	65	58	51
YOR077W	XV	471899	472597	+	699	47	91	87	103	120	94
YOR074C	XV	466675	467589	-	915	145	273	287	360	458	424
YOR117W	XV	545029	546333	+	1305	884	1869	1919	2264	2661	2554
YOR055W	XV	429478	429912	+	435	1	3	0	3	3	7
YOL166W-A	XV	585	740	+	156	0	0	0	0	0	0
YOL066C	XV	202696	204471	-	1776	194	413	410	498	582	561
YOR396W	XV	1085473	1090863	+	5391	0	0	0	0	0	0
YOR161C-C	XV	639121	639267	-	147	3	3	3	5	7	3
tV(AAC)O	XV	663812	663885	-	74	1	1	1	0	0	0
YOR151C	XV	612997	616671	-	3675	1446	2982	2958	3264	3701	3716
YOR187W	XV	684030	685343	+	1314	1291	2643	2824	2807	3955	3628
YOL001W	XV	325249	326130	+	882	169	347	339	332	345	393
YOR005C	XV	334509	337343	-	2835	224	383	399	456	427	456
YOR199W	XV	720181	720510	+	330	2	10	9	8	9	10
YOR355W	XV	1005137	1006705	+	1569	851	1660	1705	1686	2219	2607
YOR290C	XV	855147	860258	-	5112	485	1025	984	1155	1433	1297
YOR396C-A	XV	1090015	1090497	-	483	0	0	0	0	0	0
YOR047C	XV	416347	417681	-	1335	542	915	905	910	1110	1102
YOL014W	XV	299693	300067	+	375	536	1166	1312	1043	731	316
YOR244W	XV	792531	793868	+	1338	265	439	491	512	587	606
YOL102C	XV	125997	126689	-	693	222	318	365	374	431	432
YOL060C	XV	214017	216137	-	2121	316	566	552	676	1025	824
YOL041C	XV	251267	252646	-	1380	1359	2708	2678	2746	2622	3635
YOL116W	XV	99809	100957	+	1149	192	405	415	441	487	414
YOR353C	XV	998453	1000828	-	2376	210	451	403	467	530	637
YOR299W	XV	878435	880675	+	2241	563	829	953	984	937	747
YOR366W	XV	1025256	1025609	+	354	0	1	1	0	0	1
tD(GUC)O	XV	571958	572029	+	72	0	2	1	0	2	3
YOR096W	XV;XV	505794;506339	505937;506767	+;+	573	9273	18160	18615	15010	13343	15774
YOR148C	XV	608640	609197	-	558	142	245	270	289	291	302
YOR301W	XV	880965	882272	+	1308	159	312	306	427	508	339
YOR257W	XV	811008	811493	+	486	308	505	543	545	557	608
YOR135C	XV	580159	580500	-	342	5	2	3	6	7	10
YOR032W-A	XV	392176	392376	+	201	3	16	17	18	13	11
YOR223W	XV	759782	760660	+	879	92	198	200	245	243	178
YOR076C	XV	469377	471620	-	2244	231	440	445	464	586	703
YOR231C-A	XV	773163	773363	-	201	0	0	0	0	0	0
YOR316C-A	XV	907726	907935	-	210	4	9	4	3	9	7
tS(GCU)O	XV;XV	274673;274729	274709;274773	+;+	82	0	0	0	2	1	0
YOR061W	XV	441534	442553	+	1020	1097	2082	2162	2099	2288	2328
YOR025W	XV	378219	379562	+	1344	123	329	313	354	455	394
YOR371C	XV	1031489	1034182	-	2694	185	382	379	417	513	480
YOL140W	XV	58759	60030	+	1272	221	474	478	407	426	449
YOL062C	XV	210520	211995	-	1476	613	1132	1263	1250	1316	1313
YOR292C	XV	865653	866582	-	930	146	242	256	224	252	237
tG(UCC)O	XV	110962	111033	-	72	0	0	0	0	0	0
YOR027W	XV	381053	382822	+	1770	1639	2533	2930	4575	7420	5770
tT(AGU)O2	XV	354041	354113	-	73	0	0	1	0	1	0
YOR142W-B	XV	595112	600380	+	5269	0	0	0	0	0	0
YOR192C-A	XV	708416	709732	-	1317	0	0	0	0	0	0
YOL103W-B	XV	118000	123268	+	5269	8	10	22	12	19	6
YOR142W-A	XV	595112	596434	+	1323	0	0	0	0	0	0
YOR192C-B	XV	704419	709732	-	5314	27	51	63	58	64	72
YOR343W-B	XV	970578	975891	+	5314	57	118	149	159	170	144
YOR343W-A	XV	970578	971894	+	1317	0	0	0	0	0	0
YOL103W-A	XV	118000	119322	+	1323	0	0	0	0	0	0
YGL087C	VII;VII	346406;346894	346808;346904	-;-	414	152	303	313	391	461	388
YGL156W	VII	210416	213667	+	3252	159	253	257	295	397	419
YGL015C	VII	465043	465435	-	393	6	10	8	10	16	13
RME2	VII	141898	144120	-	2223	1	0	0	2	2	3
YGR251W	VII	995639	996229	+	591	252	441	504	464	454	422
YGR162W	VII	824059	826917	+	2859	3195	6391	6458	6176	6669	6985
tK(UUU)G2	VII;VII	700953;701012	700988;701048	-;-	73	0	0	0	1	1	0
YGR005C	VII	504657	505859	-	1203	528	1036	1128	1135	1160	1056
YGL160W	VII	200561	202273	+	1713	388	720	743	784	975	1035
snR46	VII	545370	545566	+	197	18	25	37	25	17	39
tD(GUC)G1	VII	531610	531681	+	72	0	2	1	0	0	2
YGL211W	VII	92512	93591	+	1080	385	751	827	833	824	740
YGR141W	VII	770569	771972	+	1404	182	333	374	366	410	322
YGL239C	VII	49431	49745	-	315	1	11	11	12	8	7
YGL097W	VII	321782	323230	+	1449	707	1521	1589	1624	1683	1454
YGR030C	VII	545681	546157	-	477	98	210	232	235	248	427
YGR224W	VII	942806	944647	+	1842	86	130	146	150	207	157
YGR142W	VII	772454	773686	+	1233	2052	2257	3169	1825	1750	924
YGR186W	VII	867774	869981	+	2208	771	1470	1447	1514	1636	1698
YGR181W	VII	858287	858604	+	318	129	263	271	308	337	371
YGL081W	VII	357377	358339	+	963	15	38	44	36	39	54
YGR082W	VII	644044	644595	+	552	523	984	1089	1173	1309	1244
YGL028C	VII	441281	442909	-	1629	1227	2279	1998	2219	3303	3313
YGL021W	VII	454785	457067	+	2283	357	799	705	945	1177	1379
YGL110C	VII	301537	303411	-	1875	312	534	547	582	629	678
YGR167W	VII	832456	833157	+	702	832	1565	1584	1759	2080	1881
YGL017W	VII	459854	461365	+	1512	241	390	408	439	431	415
tA(UGC)G	VII	794417	794489	+	73	0	0	0	0	0	0
YGR156W	VII	800546	801823	+	1278	166	292	312	356	381	409
YGR291C	VII	1076283	1076504	-	222	0	0	0	0	0	0
YGR197C	VII	892497	894140	-	1644	136	205	210	203	216	211
YGR041W	VII	577487	579130	+	1644	312	568	544	539	659	649
YGL079W	VII	359444	360100	+	657	149	274	304	323	373	317
YGL107C	VII	304333	306273	-	1941	263	552	549	552	725	894
YGL168W	VII	187464	187796	+	333	93	187	172	142	172	190
YGL228W	VII	67598	69331	+	1734	679	1434	1449	1429	1663	1436
YGR183C	VII;VII	859063;859474	859260;859476	-;-	201	264	510	571	472	755	849
YGL050W	VII	405776	406597	+	822	313	538	590	632	623	643
YGR273C	VII	1038715	1039239	-	525	3	1	3	2	1	4
YGR086C	VII	649598	650617	-	1020	1942	3772	4150	4004	5436	4684
YGR228W	VII	949365	949709	+	345	3	10	16	8	3	14
YGL145W	VII	230243	232348	+	2106	341	720	760	848	893	1228
YGR098C	VII	682566	687458	-	4893	167	404	363	470	666	743
YGR074W	VII	635712	636152	+	441	58	137	129	145	133	127
YGL098W	VII	317342	318079	+	738	173	342	363	387	404	443
snR7-S	VII	939494	939672	-	179	0	0	0	0	0	0
YGL096W	VII	325331	326161	+	831	83	176	203	139	92	54
YGR240C-A	VII	974577	974777	-	201	52	91	106	102	119	140
YGR172C	VII	842845	843591	-	747	337	613	665	652	720	820
YGR194C	VII	886073	887875	-	1803	180	277	283	292	376	312
YGL026C	VII	446412	448535	-	2124	949	1859	1841	1845	2087	1826
YGL213C	VII	90054	91247	-	1194	240	433	459	462	519	635
YGL248W	VII	35653	36762	+	1110	352	627	686	640	643	495
YGL075C	VII	366925	368088	-	1164	71	123	138	137	180	159
YGL256W	VII	15159	16307	+	1149	389	777	828	746	833	843
YGL012W	VII	472855	474276	+	1422	1202	2246	2464	2363	2807	2814
YGL082W	VII	355827	356972	+	1146	445	782	876	798	881	852
YGR161C	VII	808629	809420	-	792	437	513	636	686	739	375
tW(CCA)G1	VII;VII	287350;287420	287385;287455	-;-	72	2	1	2	3	1	5
YGR274C	VII	1039895	1043095	-	3201	401	783	755	853	1040	1149
YGR031C-A	VII	546809	547300	-	492	0	0	0	0	0	0
YGL037C	VII	427297	427947	-	651	1121	1765	1948	1527	1681	998
YGL252C	VII	25718	27484	-	1767	687	1272	1359	1353	1383	1421
YGL250W	VII	31910	32635	+	726	81	129	139	148	172	135
YGR260W	VII	1012485	1014089	+	1605	1238	2091	2137	1767	1835	1927
YGR159C	VII	806412	807656	-	1245	2611	4804	4904	4363	4172	4138
YGR006W	VII	506070	506825	+	756	65	109	110	124	175	126
YGL121C	VII	280777	281157	-	381	17	47	56	48	26	32
YGL040C	VII	419527	420555	-	1029	599	1157	1215	1344	1541	1316
YGR130C	VII	751394	753844	-	2451	810	1423	1446	1324	1563	1374
YGR021W	VII	527632	528504	+	873	207	320	342	414	520	295
YGR097W	VII	678695	682135	+	3441	614	1285	1281	1442	1477	1284
YGL170C	VII	184153	185394	-	1242	37	77	76	59	55	94
YGL166W	VII	191129	191806	+	678	28	52	49	61	61	36
YGL104C	VII	308713	310173	-	1461	147	242	252	284	296	267
YGR149W	VII	789031	790329	+	1299	392	829	857	749	670	586
YGR195W	VII	888882	889622	+	741	449	842	955	919	958	893
tG(GCC)G2	VII	930953	931023	-	71	0	0	1	0	0	0
YGR250C	VII	991176	993521	-	2346	1608	2457	2696	2310	2218	1370
YGL155W	VII	214081	215211	+	1131	356	604	726	707	821	798
YGL216W	VII	84885	87302	+	2418	138	301	244	312	447	406
YGR029W	VII;VII	543553;543722	543638;544205	+;+	570	207	393	442	483	529	385
YGL125W	VII	272520	274322	+	1803	265	442	475	558	613	499
YGR038W	VII	560682	561350	+	669	251	444	429	478	591	561
YGR008C	VII	508110	508364	-	255	822	1388	1610	1073	746	354
YGR248W	VII	985972	986739	+	768	67	140	159	112	61	32
YGL094C	VII	331118	334465	-	3348	420	854	898	1000	1246	1306
YGR131W	VII	754726	755250	+	525	104	187	217	199	169	103
YGR163W	VII	827552	828577	+	1026	357	658	703	737	756	830
YGR125W	VII	742325	745435	+	3111	388	744	717	845	890	1024
YGR279C	VII	1048798	1049958	-	1161	2089	3533	3470	3641	4201	3626
YGL022W	VII	452404	454560	+	2157	1201	2339	2369	2458	2966	2353
tD(GUC)G2	VII	544577	544648	-	72	0	2	0	1	0	0
YGR271W	VII	1031791	1037694	+	5904	363	700	722	741	905	940
YGL025C	VII	448764	449957	-	1194	126	223	225	288	314	239
YGL176C	VII	171415	173079	-	1665	220	342	360	334	438	470
YGR031W	VII	546441	547469	+	1029	62	102	134	118	159	151
YGL102C	VII	311505	311933	-	429	16	18	25	30	20	27
YGR182C	VII	858551	858904	-	354	256	529	554	533	704	704
YGR025W	VII	532639	532941	+	303	4	13	8	8	13	34
YGL113W	VII	295932	297938	+	2007	168	363	372	419	500	523
YGR188C	VII	872044	875109	-	3066	81	157	131	187	218	272
YGL162W	VII	198138	199037	+	900	67	206	168	200	208	215
YGL084C	VII	350616	352298	-	1683	387	743	837	828	1003	1127
snR10	VII	345986	346230	+	245	14	18	21	27	23	12
YGL196W	VII	129883	131169	+	1287	663	1236	1401	1181	1084	794
RME3	VII	33109	35013	-	1905	0	0	0	0	0	0
YGR230W	VII	951894	952307	+	414	53	115	147	115	124	118
YGR084C	VII	647123	648142	-	1020	237	502	523	605	807	826
YGL222C	VII	80659	81186	-	528	69	125	148	167	174	122
YGR166W	VII	830515	832197	+	1683	336	677	619	715	735	792
YGR122C-A	VII	735630	735758	-	129	1	2	5	3	2	2
YGR152C	VII	794674	795492	-	819	265	449	547	555	670	744
YGL210W	VII	93792	94460	+	669	222	388	399	427	532	466
YGR265W	VII	1021648	1022058	+	411	7	14	18	15	19	18
YGR157W	VII	802440	805049	+	2610	1547	2786	2720	2995	3291	3951
YGL240W	VII	48613	49365	+	753	48	85	68	96	101	76
YGR085C	VII	648383	648907	-	525	2420	4286	4954	4363	4328	4452
YGR237C	VII	963298	965655	-	2358	511	786	814	784	607	534
YGL146C	VII	228751	229686	-	936	12	23	24	28	44	47
YGL153W	VII	216273	217298	+	1026	58	85	105	92	115	96
YGR075C	VII	636147	636875	-	729	172	369	392	328	368	460
tT(UGU)G2	VII	1004216	1004287	+	72	0	0	0	0	0	0
YGL169W	VII	186059	187339	+	1281	403	941	938	1006	1034	1068
YGR187C	VII	870232	871416	-	1185	811	1531	1680	1554	1587	2159
YGL167C	VII	187616	190468	-	2853	826	1641	1667	1676	1724	1911
YGR050C	VII	592086	592442	-	357	26	44	61	49	44	67
YGR035W-A	VII	557565	557786	+	222	48	93	87	90	111	100
YGR217W	VII	924696	930815	+	6120	260	568	575	641	690	785
YGR068C	VII	625324	627084	-	1761	91	161	190	203	282	245
YGR296W	VII;VII	1084864;1085031	1084882;1090591	+;+	5580	0	0	0	0	0	0
YGR177C	VII	848829	850436	-	1608	245	516	482	495	546	683
YGL068W	VII	375087	375671	+	585	154	267	283	320	328	282
tN(GUU)G	VII	731137	731210	+	74	0	2	1	0	0	0
YGL018C	VII	459110	459664	-	555	87	186	205	209	229	191
YGL188C	VII	149343	149516	-	174	112	199	211	172	267	262
YGR126W	VII	745835	746527	+	693	117	193	166	159	185	151
YGL065C	VII	379760	381271	-	1512	318	599	585	691	749	877
YGL014W	VII	466141	468807	+	2667	817	1574	1546	1498	1846	2072
YGL100W	VII	313234	314283	+	1050	504	1079	1127	1173	1249	1172
YGR288W	VII	1070293	1071714	+	1422	78	115	149	155	136	125
YGL174W	VII	174545	175345	+	801	101	185	170	243	231	253
YGR211W	VII	915241	916701	+	1461	1878	3023	3439	3301	3734	3379
YGL204C	VII	111700	112005	-	306	21	67	59	41	78	69
YGR270W	VII	1027370	1031509	+	4140	571	1237	1138	1284	1496	1461
YGR204W	VII	905934	908774	+	2841	2132	3850	3862	4115	4983	3111
YGR266W	VII	1022656	1024761	+	2106	336	610	577	739	830	944
YGL070C	VII	374459	374827	-	369	299	553	662	598	636	722
YGL225W	VII	76894	77907	+	1014	1884	3569	3550	3194	3406	3526
YGL120C	VII	281634	283937	-	2304	1718	3332	3461	3601	3305	3726
tE(UUC)G1	VII	328583	328654	+	72	1	0	1	1	0	2
YGR252W	VII	996869	998188	+	1320	294	562	587	583	652	631
YGL106W	VII	306560	307009	+	450	780	1359	1543	1480	1606	1031
YGR284C	VII	1060658	1061590	-	933	723	1398	1400	1708	2113	2530
YGR032W	VII	548264	553951	+	5688	421	684	690	1169	1311	1471
YGR174C	VII	845893	846405	-	513	102	169	178	196	213	158
YGR208W	VII	911883	912812	+	930	598	1108	1174	1185	1130	1141
YGL016W	VII	461666	464911	+	3246	410	822	741	861	892	1140
YGR255C	VII	1002523	1003962	-	1440	273	487	594	609	708	728
YGR146C-A	VII	785276	785437	-	162	6	5	3	7	9	11
YGL194C	VII	140368	141726	-	1359	104	183	213	227	227	240
YGL138C	VII	248494	249531	-	1038	3	1	8	6	2	2
YGR091W	VII	666341	667825	+	1485	199	392	413	444	571	582
YGR200C	VII	899904	902270	-	2367	945	2095	2095	2094	2143	2649
YGR191W	VII	880420	882231	+	1812	993	1799	1797	1769	1884	2061
YGR270C-A	VII	1027382	1027600	-	219	0	0	0	0	0	0
YGL227W	VII	69671	72547	+	2877	261	397	420	463	467	429
YGR081C	VII	643148	643780	-	633	352	705	743	746	846	1099
YGL243W	VII	43307	44509	+	1203	206	385	416	411	471	480
YGL194C-A	VII	139719	139961	-	243	48	71	130	109	123	146
YGR148C	VII	787312	787779	-	468	7441	13718	15014	12541	12511	12319
YGL136C	VII	252897	253859	-	963	186	343	363	373	421	386
YGR276C	VII	1043819	1045480	-	1662	512	1038	991	1091	1127	1196
YGL129C	VII	267723	269075	-	1353	310	609	673	701	944	1006
tR(UCU)G2	VII	828723	828794	-	72	0	0	0	0	0	0
YGR053C	VII	594986	595837	-	852	33	85	76	76	53	50
YGR069W	VII	627083	627418	+	336	10	4	6	8	9	10
YGL224C	VII	78015	78857	-	843	347	758	777	711	758	923
YGL193C	VII	141916	142227	-	312	0	0	0	0	0	0
YGL020C	VII	457163	457870	-	708	503	837	1017	965	1012	1060
YGL177W	VII	167559	167906	+	348	8	11	8	24	16	9
YGL189C	VII	148229	148588	-	360	10926	19307	22656	17714	17788	16014
YGR122W	VII	733935	735143	+	1209	186	362	371	383	379	381
YGL003C	VII	492474	494174	-	1701	246	365	382	392	526	408
YGR210C	VII	913503	914738	-	1236	813	1347	1533	1451	1773	1419
tG(GCC)G1	VII	845649	845719	+	71	0	0	1	0	1	1
YGR079W	VII	640720	641832	+	1113	205	413	327	416	693	827
YGL115W	VII	292033	293001	+	969	593	1098	1218	1153	1208	1247
YGL105W	VII	307437	308567	+	1131	3385	6783	6935	6813	7101	6117
YGR026W	VII	532985	533821	+	837	615	1178	1301	1345	1463	1706
YGR087C	VII	651290	652981	-	1692	7	11	18	12	14	5
YGR278W	VII	1046731	1048464	+	1734	128	330	321	349	428	444
YGR042W	VII	579476	580291	+	816	177	303	333	363	382	334
YGR043C	VII	580435	581436	-	1002	24	48	64	61	49	46
YGL165C	VII	191398	191976	-	579	13	16	24	20	22	20
YGR110W	VII	713709	715046	+	1338	66	123	135	135	200	163
YGR089W	VII	656960	659770	+	2811	655	1249	1229	1267	1462	1726
YGL158W	VII	207033	208571	+	1539	12	31	24	20	16	31
YGR262C	VII	1016974	1017759	-	786	316	581	649	708	745	625
YGL200C	VII	122694	123305	-	612	1196	2167	2415	2430	2809	2136
YGL117W	VII	288512	289309	+	798	105	235	260	214	322	261
YGL186C	VII	151037	152776	-	1740	614	980	1033	1030	1165	1184
YGR010W	VII	511545	512732	+	1188	143	310	315	349	423	404
YGR198W	VII	894693	897146	+	2454	536	1047	1024	1173	1380	1691
YGR137W	VII	762888	763262	+	375	93	190	184	191	218	225
YGL058W	VII	393986	394504	+	519	404	711	771	780	886	674
YGL226W	VII	73340	73711	+	372	65	133	137	147	182	149
YGL055W	VII	398628	400160	+	1533	6329	13861	13331	14395	14761	12073
YGL184C	VII	154615	156012	-	1398	40	130	112	202	203	207
YGL024W	VII	449788	450123	+	336	4	6	5	6	8	5
tV(AAC)G3	VII	73829	73902	-	74	2	3	1	0	0	3
YGL151W	VII	217524	220922	+	3399	471	842	940	913	1009	1175
YGR101W	VII	693363	694403	+	1041	193	364	378	454	557	512
YGL230C	VII	63772	64215	-	444	15	19	24	21	23	29
YGR103W	VII	695417	697234	+	1818	4341	8617	8974	7485	5668	6961
YGR096W	VII	676621	677565	+	945	87	132	153	135	146	109
YGR112W	VII	717358	718527	+	1170	187	336	353	410	452	316
tI(AAU)G	VII	739122	739195	+	74	0	0	1	2	0	1
YGL013C	VII	469092	472298	-	3207	348	685	704	848	1145	1101
YGL076C	VII;VII;VII	364335;365433;365986	364964;365526;365996	-;-;-	735	6015	10582	11458	9645	9851	9034
YGR067C	VII	622372	624786	-	2415	33	53	48	59	96	71
YGR094W	VII	672186	675500	+	3315	5458	10582	10824	10130	9972	9937
YGL226C-A	VII;VII	72749;73138	72988;73158	-;-	261	382	703	695	714	795	963
YGR045C	VII	583934	584296	-	363	1	3	5	3	4	3
YGR175C	VII	846933	848423	-	1491	4871	9348	9682	8737	9072	8345
YGL008C	VII	479910	482666	-	2757	35681	65859	62541	54430	59837	56300
YGR115C	VII	720372	721151	-	780	0	0	0	0	0	0
YGR108W	VII	703636	705051	+	1416	330	718	748	675	893	991
YGR218W	VII	932541	935795	+	3255	1047	2173	2186	2153	2480	2947
YGR205W	VII	909213	910085	+	873	82	140	168	106	131	145
YGL073W	VII	368753	371254	+	2502	335	596	638	782	931	940
YGL009C	VII	476313	478652	-	2340	7480	16840	15428	18356	16632	16515
YGL095C	VII	328874	330607	-	1734	376	693	723	763	879	973
YGL137W	VII;VII	249869;250087	249886;252738	+;+	2670	1331	2702	2631	2825	3113	3011
YGL214W	VII	90010	90495	+	486	0	5	5	1	6	2
YGR105W	VII	698599	698832	+	234	314	648	641	605	613	657
YGR001C	VII;VII;VII	497133;497459;498000	497365;497937;498034	-;-;-	747	639	1164	1220	1215	1159	1304
tK(UUU)G1	VII;VII	115488;115548	115524;115583	+;+	73	0	0	0	0	0	0
YGL217C	VII	84839	85180	-	342	2	4	2	5	6	7
YGL173C	VII	175527	180113	-	4587	1113	2412	2355	2821	3357	3421
YGL086W	VII	347119	349368	+	2250	337	765	669	789	880	1130
YGR223C	VII	940869	942215	-	1347	198	300	356	357	393	364
tS(AGA)G	VII	561662	561743	-	82	1	0	0	1	0	0
YGR077C	VII	637744	639513	-	1770	272	521	499	585	713	778
YGL052W	VII	403437	403742	+	306	37	65	65	60	62	68
YGR285C	VII	1061852	1063153	-	1302	4108	8134	8436	7519	7693	6558
YGL080W	VII	358636	359028	+	393	173	322	349	368	407	533
YGL207W	VII	98969	102076	+	3108	1047	2161	2111	2335	2883	3211
YGR261C	VII	1014321	1016750	-	2430	457	903	1031	1020	1103	1292
YGR226C	VII	946792	947001	-	210	0	0	0	0	0	0
YGL140C	VII	241353	245012	-	3660	550	1053	986	1073	1128	1262
YGL078C	VII	360288	361859	-	1572	2078	3957	4181	3928	3349	4212
YGL199C	VII	123572	124042	-	471	1	0	0	0	0	0
YGR164W	VII	828625	828960	+	336	32	42	56	43	56	80
YGR150C	VII	790459	793053	-	2595	375	707	724	830	965	1223
YGL006W-A	VII	485423	485533	+	111	2	5	0	3	0	2
YGR196C	VII	889733	892186	-	2454	234	361	432	488	472	485
YGL197W	VII	124698	129161	+	4464	425	833	788	869	871	783
YGR136W	VII	762428	763153	+	726	528	905	983	1084	1196	1169
YGR153W	VII	796092	796745	+	654	68	103	104	145	165	202
YGL159W	VII	202721	203833	+	1113	219	398	483	424	445	599
YGR286C	VII	1063813	1064940	-	1128	310	504	551	522	672	517
YGL254W	VII	22304	23203	+	900	127	191	233	241	289	304
tH(GUG)G1	VII	110625	110696	-	72	0	1	1	0	1	2
YGR023W	VII	529264	530919	+	1656	329	433	447	368	332	176
snR48	VII	609584	609696	+	113	4	6	11	9	5	13
YGL063W	VII	383654	384766	+	1113	69	110	141	119	174	79
YGL154C	VII	215278	216096	-	819	99	210	187	217	213	250
YGL035C	VII	431548	433062	-	1515	276	514	538	428	777	732
YGR009C	VII	509047	511002	-	1956	397	642	787	787	915	866
YGR034W	VII;VII	555812;556308	555830;556672	+;+	384	7458	13673	15481	12536	11387	11153
YGL064C	VII	381523	383208	-	1686	148	296	277	363	422	498
YGR118W	VII;VII	726974;727358	727038;727730	+;+	438	6795	12159	13687	11266	10364	9384
YGR277C	VII	1045644	1046561	-	918	255	491	541	642	720	559
YGR232W	VII	953960	954646	+	687	209	338	330	373	444	421
YGR227W	VII	947420	948997	+	1578	317	585	651	687	808	942
YGL142C	VII	236269	238119	-	1851	382	698	730	728	740	860
YGL143C	VII	234717	235958	-	1242	193	359	387	437	488	402
YGR222W	VII	939923	940804	+	882	141	264	253	263	336	412
YGL045W	VII	414102	415730	+	1629	303	433	474	386	392	265
YGL253W	VII	23935	25395	+	1461	6002	10705	11738	11457	13162	11612
YGR257C	VII	1006205	1007305	-	1101	310	557	598	655	856	768
YGL131C	VII	261648	265859	-	4212	206	401	435	497	574	596
YGR064W	VII	617621	617989	+	369	3	8	13	8	9	4
YGR263C	VII	1017967	1019241	-	1275	120	205	244	241	312	288
YGL049C	VII	406860	409604	-	2745	696	1296	1325	1377	1554	1459
YGR296C-B	VII	1089746	1090228	-	483	0	0	0	0	0	0
YGL202W	VII	116059	117561	+	1503	1857	3658	3658	3599	3866	3702
YGL258W-A	VII	9162	9395	+	234	5	7	4	4	5	6
YGR133W	VII	756896	757447	+	552	70	151	157	181	191	160
YGR109C	VII	705359	706501	-	1143	28	59	48	67	77	163
YGR037C	VII	559731	559994	-	264	910	1438	1518	1759	1831	1876
YGL077C	VII	362225	363916	-	1692	1219	2610	2507	2227	2237	2387
YGR111W	VII	715828	717030	+	1203	383	652	710	728	700	783
YGR016W	VII	522261	522833	+	573	35	82	110	95	95	103
YGR245C	VII	979765	982068	-	2304	1482	3010	3202	2871	2556	2834
YGR287C	VII	1067222	1068991	-	1770	43	69	80	78	110	77
YGL244W	VII	41498	43174	+	1677	843	1506	1689	1672	1941	1855
YGL057C	VII	394966	395829	-	864	88	194	197	189	223	237
YGL187C	VII	149704	150171	-	468	700	1206	1429	1152	1873	1716
YGR180C	VII	855264	856301	-	1038	2284	4101	4815	4133	4601	3983
YGR116W	VII	720409	724764	+	4356	1225	2398	2254	2425	2633	3112
YGL181W	VII	157906	159096	+	1191	367	597	717	735	891	724
YGR202C	VII	903474	904748	-	1275	495	928	1003	911	1057	855
YGL127C	VII	270392	270775	-	384	126	224	192	227	313	246
YGR203W	VII	905237	905683	+	447	68	99	119	114	159	71
YGL150C	VII	221104	225573	-	4470	781	1495	1471	1511	1746	1690
YGR134W	VII	757770	761138	+	3369	207	391	425	449	544	506
YGR095C	VII	675671	676342	-	672	542	893	1057	975	918	977
YGR214W	VII;VII	920575;921120	920664;921788	+;+	759	8137	15219	16633	14300	14179	10774
YGR269W	VII	1026636	1026962	+	327	4	17	14	15	18	20
YGR176W	VII	848720	849067	+	348	7	12	14	11	17	8
YGL263W	VII	2790	3932	+	1143	0	0	0	0	0	0
YGR057C	VII	604773	605501	-	729	148	406	408	434	419	528
YGL074C	VII	368596	368922	-	327	9	8	13	22	8	20
YGR007W	VII	506969	507940	+	972	513	860	964	951	1077	1002
YGR241C	VII	974875	976581	-	1707	338	592	574	619	768	806
YGR127W	VII	746798	747736	+	939	170	248	242	232	207	224
YGL219C	VII	82878	84257	-	1380	238	427	491	478	702	485
YGL061C	VII	388968	389711	-	744	103	277	275	344	342	419
YGR083C	VII	644860	646815	-	1956	764	1625	1771	1829	2033	2279
YGL038C	VII	425362	426804	-	1443	401	637	697	627	809	727
YGL047W	VII	411552	412160	+	609	82	148	185	218	274	235
YGR244C	VII	978036	979319	-	1284	466	742	834	1202	1750	1424
YGR289C	VII	1073963	1075813	-	1851	69	105	110	111	94	93
YGL089C	VII	344791	345153	-	363	14	42	44	38	35	27
YGL180W	VII	160065	162758	+	2694	128	173	174	230	246	229
YGR146C	VII	784223	784858	-	636	370	591	636	559	635	653
YGL149W	VII	225572	225877	+	306	7	18	16	19	28	24
YGL242C	VII	44652	45197	-	546	212	438	459	578	712	632
YGR106C	VII	698989	699786	-	798	1723	3300	3710	3377	3620	4091
YGR004W	VII	502938	504326	+	1389	129	250	303	291	312	319
YGR209C	VII	912913	913227	-	315	588	1008	1092	1395	1470	1197
YGR052W	VII	593596	594705	+	1110	76	162	168	84	79	58
YGR158C	VII	805269	806021	-	753	468	928	972	989	964	858
YGR003W	VII	500132	502366	+	2235	229	479	464	488	587	710
YGR219W	VII	936035	936376	+	342	13	22	25	37	31	39
YGL247W	VII	36933	37526	+	594	141	228	248	237	219	290
YGR170W	VII	837142	840558	+	3417	339	691	729	838	913	982
YGR246C	VII	982482	984272	-	1791	281	493	536	521	579	513
YGL183C	VII;VII	156543;157283	157199;157285	-;-	660	15	16	19	21	19	17
YGR160W	VII	807073	807684	+	612	0	3	4	5	11	10
YGR204C-A	VII	909061	909174	-	114	1	6	2	5	4	4
YGR039W	VII	574888	575199	+	312	24	47	46	32	35	53
YGL059W	VII	392223	393698	+	1476	187	286	369	323	295	260
YGL123W	VII	277617	278381	+	765	14673	26402	28758	23219	22277	16416
YGL099W	VII	314631	316553	+	1923	754	1565	1621	1532	1421	1850
YGR102C	VII	694584	695135	-	552	118	219	221	241	246	270
YGL233W	VII	59122	61854	+	2733	346	630	704	730	832	953
YGL072C	VII	371003	371362	-	360	1	1	0	1	0	0
YGL056C	VII	396035	397618	-	1584	473	959	923	1030	1465	1386
YGR104C	VII	697445	698368	-	924	145	312	295	312	395	409
YGR240C	VII	970771	973734	-	2964	8167	15114	15495	13935	13998	12141
YGR243W	VII	977336	977776	+	441	14	21	33	17	30	26
YGR275W	VII	1043276	1043749	+	474	221	432	504	497	585	515
YGL088W	VII	345836	346201	+	366	1	0	1	0	1	1
YGR020C	VII	526973	527329	-	357	1218	2533	2587	2505	2614	2736
YGR100W	VII	690245	693097	+	2853	427	719	755	854	994	903
YGR231C	VII	952548	953480	-	933	486	885	879	1145	1326	1208
YGR215W	VII	922175	922507	+	333	204	331	400	455	521	496
YGR018C	VII	524365	524694	-	330	3	9	7	14	13	10
YGL152C	VII	216692	217369	-	678	0	0	0	0	1	0
YGL212W	VII	91432	92382	+	951	73	151	144	174	164	137
YGL066W	VII	377609	379582	+	1974	276	462	466	516	611	509
YGL060W	VII	390065	391990	+	1926	230	420	440	486	497	571
YGL185C	VII	153167	154306	-	1140	152	236	244	281	309	295
YGR145W	VII	781767	783890	+	2124	1151	2521	2607	2316	1989	2389
YGL011C	VII	474489	475247	-	759	1073	1840	2168	2383	2787	2592
YGR147C	VII	786054	786920	-	867	390	684	754	755	786	668
YGR036C	VII	558149	558868	-	720	146	248	306	251	323	396
YGL122C	VII	278946	280523	-	1578	633	1129	1290	1392	1573	1424
YGL261C	VII	6290	6652	-	363	4	11	10	12	7	6
YGL041C	VII	419022	419225	-	204	0	0	0	0	0	0
YGR099W	VII	687899	689965	+	2067	136	321	282	364	461	486
YGR046W	VII	584895	586052	+	1158	333	624	607	595	632	747
YGL188C-A	VII	148824	148964	-	141	5	7	10	8	11	40
YGR216C	VII	922633	924462	-	1830	301	560	547	586	653	832
tG(UCC)G	VII	779616	779687	+	72	0	0	0	0	0	0
YGR047C	VII	586392	589469	-	3078	224	446	433	533	575	641
YGR238C	VII	966039	968687	-	2649	140	238	254	259	272	282
YGR282C	VII	1057783	1058724	-	942	5772	10273	10600	11404	11741	10514
YGL132W	VII	261580	261915	+	336	4	2	5	3	2	3
tA(AGC)G	VII	774349	774421	+	73	0	0	0	0	0	0
YGR169C	VII	834689	835903	-	1215	157	357	349	371	406	422
YGR063C	VII	617516	617824	-	309	132	207	258	223	200	117
YGR256W	VII	1004624	1006102	+	1479	37	73	80	103	113	103
YGL036W	VII	428601	431330	+	2730	416	762	794	836	899	1062
YGR192C	VII	882812	883810	-	999	55710	93121	95666	96263	107086	75847
YGL191W	VII	144808	145197	+	390	700	1140	1316	1171	1514	1566
YGR051C	VII	592906	593229	-	324	17	23	27	20	19	16
YGR013W	VII	514554	516416	+	1863	349	563	560	619	682	581
YGR123C	VII	736662	738203	-	1542	722	1412	1412	1384	1140	1428
YGL209W	VII	95858	97006	+	1149	219	304	317	232	362	353
YGL163C	VII	193707	196403	-	2697	239	499	465	481	585	565
YGR296C-A	VII	1088870	1089445	-	576	0	0	0	0	0	0
YGL178W	VII;VII	167352;167995	167354;170571	+;+	2580	510	879	870	1009	1061	1192
YGL092W	VII	337906	341859	+	3954	806	1672	1721	1803	2229	2512
YGR132C	VII	755589	756452	-	864	823	1442	1502	1606	1782	1474
YGL208W	VII	97338	98585	+	1248	96	166	187	249	223	143
tL(GAG)G	VII	700675	700756	+	82	0	0	0	0	0	0
YGR059W	VII	607563	609101	+	1539	12	18	18	23	9	16
YGR114C	VII	720265	720654	-	390	0	0	1	0	0	0
YGR128C	VII	747950	750091	-	2142	1045	2403	2359	2355	2245	3054
YGL246C	VII	37617	38780	-	1164	439	848	887	864	807	1015
YGL190C	VII	145809	147389	-	1581	470	798	858	847	982	1259
YGR033C	VII	554248	554967	-	720	381	726	815	853	999	964
YGL112C	VII	298178	299728	-	1551	523	973	1021	1033	1159	1315
YGL001C	VII	495453	496502	-	1050	843	1482	1671	1607	1677	1480
YGR168C	VII	833352	834482	-	1131	180	361	361	385	376	469
YGL093W	VII	334886	337639	+	2754	231	388	371	438	573	553
YGR120C	VII	730033	730821	-	789	235	407	479	492	550	621
YGR027C	VII	534132	534458	-	327	7813	13783	15841	12454	12229	12885
YGL259W	VII	8470	8967	+	498	3	7	6	3	2	2
YGR294W	VII	1080306	1080668	+	363	1	6	3	4	2	1
YGR124W	VII	739944	741662	+	1719	3046	5715	5911	6134	6805	5681
YGL103W	VII;VII	310967;311527	311015;311927	+;+	450	6	6	9	4	15	12
YGL062W	VII	385196	388732	+	3537	331	583	566	1002	1735	1525
YGR049W	VII	591314	591877	+	564	269	541	616	623	781	683
snR39	VII	365163	365251	-	89	14	33	38	30	33	62
YGR076C	VII	637104	637577	-	474	153	278	305	403	431	501
YGL161C	VII	199210	200142	-	933	479	838	917	945	1113	841
YGR062C	VII	616328	617278	-	951	135	225	236	261	314	258
tV(AAC)G1	VII	412294	412367	-	74	1	0	0	0	0	1
YGL237C	VII	52731	53528	-	798	102	187	188	202	264	198
YGR024C	VII	531883	532596	-	714	382	714	754	718	731	894
YGR184C	VII	859901	865753	-	5853	488	1034	1031	1256	1417	1476
YGR292W	VII	1076599	1078353	+	1755	5	6	13	15	14	7
YGR151C	VII	794655	794990	-	336	0	0	2	1	0	0
YGL034C	VII	433214	433579	-	366	0	2	1	2	1	2
YGL067W	VII	376101	377255	+	1155	408	742	755	763	805	836
YGR072W	VII	634304	635467	+	1164	438	744	777	781	811	927
YGL229C	VII	64503	66959	-	2457	89	171	168	166	203	228
YGR055W	VII	599417	601141	+	1725	818	1751	1656	1772	2720	3119
YGL044C	VII	416146	417036	-	891	244	428	483	474	486	478
YGL054C	VII	400871	401287	-	417	764	1443	1519	1540	1659	2282
YGL119W	VII	284442	285947	+	1506	258	531	510	563	694	743
YGR068W-A	VII	626294	626389	+	96	0	0	0	0	0	0
YGR206W	VII	910432	910737	+	306	59	149	218	192	167	201
YGR121W-A	VII	733412	733627	+	216	8	13	18	18	13	8
YGL130W	VII	266145	267524	+	1380	347	604	643	701	793	815
YGL042C	VII	418288	418593	-	306	108	166	192	182	211	226
YGR090W	VII	662358	666071	+	3714	1137	2508	2393	2689	3169	4234
YGR221C	VII	937124	938992	-	1869	95	181	180	212	298	287
YGR143W	VII	775193	777508	+	2316	531	911	958	870	780	696
tR(UCU)G1	VII	405470	405541	+	72	2	0	1	3	0	1
YGL218W	VII	83650	84300	+	651	1	0	0	1	0	0
YGL198W	VII	123591	124298	+	708	93	164	165	165	194	131
YGL083W	VII	353058	355472	+	2415	348	660	633	716	800	848
tC(GCA)G	VII	707108	707179	-	72	0	0	0	0	0	0
YGR071C	VII	631481	634063	-	2583	274	538	609	591	627	822
YGR259C	VII	1012481	1012921	-	441	1	0	0	1	1	0
YGR058W	VII	606136	607143	+	1008	187	323	342	365	379	402
YGL195W	VII	131525	139543	+	8019	1486	2829	2751	2615	2730	2762
YGL192W	VII	142246	144048	+	1803	0	0	0	0	0	0
YGL206C	VII	102543	107504	-	4962	866	1649	1660	1682	1931	1977
YGR060W	VII	610564	611493	+	930	4005	7636	7693	6800	7724	7787
YGL257C	VII	12481	14157	-	1677	471	883	918	919	1045	1212
YGL236C	VII	53787	55796	-	2010	90	181	205	222	370	299
YGR138C	VII	763762	765606	-	1845	1400	2832	2799	1932	1253	251
YGR015C	VII	521090	522076	-	987	110	176	221	192	211	239
YGL023C	VII	450197	452104	-	1908	359	752	685	918	1101	674
YGL144C	VII	232450	234507	-	2058	243	391	377	406	478	506
YGL071W	VII	372012	374084	+	2073	393	761	772	926	1309	1014
tK(CUU)G3	VII	876394	876466	+	73	0	0	0	0	0	0
YGR080W	VII	642010	643008	+	999	339	624	707	707	789	756
YGL116W	VII	289809	291641	+	1833	264	627	565	589	726	650
YGR035C	VII	557072	557422	-	351	117	162	153	187	131	254
YGL201C	VII	117854	120907	-	3054	459	858	858	895	1044	1093
YGR212W	VII	917040	918446	+	1407	129	228	241	297	323	334
YGR154C	VII	796798	797868	-	1071	101	161	158	162	173	226
YGL241W	VII	45445	48459	+	3015	356	713	735	790	820	990
YGL262W	VII	5312	5839	+	528	0	0	0	0	0	0
YGR247W	VII	984966	985685	+	720	171	298	346	291	292	211
YGR199W	VII	897502	899781	+	2280	333	691	720	719	936	990
YGL260W	VII	6860	7090	+	231	0	0	0	0	0	0
YGR179C	VII	853675	854895	-	1221	134	189	207	237	295	331
YGR011W	VII	512497	512823	+	327	14	29	45	31	37	58
YGL111W	VII	299978	301369	+	1392	915	1873	1883	1845	1895	2032
snR39B	VII	366374	366469	-	96	8	17	17	22	22	17
YGR073C	VII	635615	635986	-	372	0	2	3	1	1	2
YGR155W	VII	798543	800066	+	1524	4682	8706	9099	9182	10020	10856
YGL114W	VII	293460	295637	+	2178	460	831	910	859	1027	928
YGL255W	VII	20978	22108	+	1131	1313	2772	2568	938	655	598
YGR066C	VII	620921	621799	-	879	16	37	35	36	31	25
YGR233C	VII	954674	958210	-	3537	855	1645	1791	1726	1939	2305
YGR092W	VII	668189	669907	+	1719	318	568	585	681	842	868
YGL041W-A	VII	418825	419289	+	465	52	72	115	110	96	125
YGR171C	VII	840824	842551	-	1728	209	364	412	447	506	559
tW(CCA)G2	VII;VII	878710;878780	878745;878815	-;-	72	0	0	0	0	0	0
YGL171W	VII	182390	184084	+	1695	684	1584	1547	1570	1439	1671
YGL029W	VII	440063	440425	+	363	629	1104	1114	877	728	841
YGR040W	VII	575398	576504	+	1107	259	472	527	566	595	621
YGR220C	VII	936074	936883	-	810	154	319	331	357	429	445
YGR268C	VII	1026057	1026653	-	597	142	213	251	265	283	135
YGL147C	VII	227754	228329	-	576	7881	14215	15388	11757	10297	9462
tK(CUU)G1	VII	122269	122341	+	73	0	0	0	0	0	1
YGR144W	VII	780399	781379	+	981	15	27	33	23	24	23
YGR178C	VII	851047	853215	-	2169	1216	2255	2385	2459	2762	2554
YGR113W	VII	718893	719924	+	1032	182	336	292	391	406	383
YGL203C	VII	112475	114664	-	2190	505	924	932	884	1084	1030
YGL048C	VII	410069	411286	-	1218	1298	2556	2658	3073	3537	3262
YGR207C	VII	910843	911628	-	786	393	702	776	859	921	1096
YGR258C	VII	1007671	1010766	-	3096	213	416	397	492	589	580
YGL091C	VII	342056	343042	-	987	281	539	547	579	602	589
YGR093W	VII	670388	671911	+	1524	398	867	883	915	879	1071
YGR119C	VII	728046	729671	-	1626	678	1335	1426	1513	1790	1917
YGR213C	VII	918512	919465	-	954	91	175	184	296	228	189
YGR061C	VII	611889	615965	-	4077	2819	5667	5472	4815	4734	4984
YGL182C	VII	157273	157596	-	324	1	1	2	4	1	4
YGR139W	VII	765726	766064	+	339	15	19	31	12	7	3
YGR121C	VII	731449	732927	-	1479	378	562	646	721	872	483
YGL043W	VII	417483	418412	+	930	360	654	775	811	940	845
YGR280C	VII	1050910	1051725	-	816	1133	2114	2147	1954	1612	1679
YGL085W	VII	349616	350440	+	825	132	280	294	316	338	362
YGL031C	VII	437467	437934	-	468	8729	16392	17728	14876	13820	14754
YGR117C	VII	725049	726479	-	1431	233	442	422	485	496	555
YGR254W	VII	1000927	1002240	+	1314	6842	11646	12397	8299	7650	3851
YGR235C	VII	961360	962061	-	702	310	679	678	648	711	707
YGL124C	VII	274780	276714	-	1935	270	498	561	599	582	667
YGR236C	VII	962530	962817	-	288	3	14	17	21	14	8
YGL164C	VII	191978	193300	-	1323	289	482	554	567	571	560
YGR293C	VII	1079885	1080346	-	462	2	2	3	4	1	3
tL(CAA)G1	VII;VII	205521;205591	205558;205634	+;+	82	0	0	0	0	0	0
YGR264C	VII	1019598	1021853	-	2256	2768	5855	6005	5620	5557	6383
YGL234W	VII	56482	58890	+	2409	3554	6789	6205	5660	4952	4716
YGL109W	VII	303513	303836	+	324	25	43	43	61	56	42
YGL238W	VII	49552	52434	+	2883	930	1823	1745	1986	2219	3008
YGL041C-B	VII	418704	418886	-	183	3	3	5	12	5	12
YGR056W	VII	601661	604447	+	2787	306	490	511	545	741	810
YGR201C	VII	902520	903197	-	678	160	278	314	282	281	222
YGR239C	VII	969187	970053	-	867	145	265	256	339	463	405
YGR169C-A	VII	836387	836665	-	279	244	386	445	400	512	481
YGR185C	VII	866336	867520	-	1185	1835	3696	3944	3630	3698	4112
YGR189C	VII	876669	878192	-	1524	2709	4702	4703	6768	7895	5683
YGR022C	VII	529257	529586	-	330	0	3	0	1	0	1
YGR290W	VII	1075482	1075925	+	444	1	5	5	7	4	8
YGL205W	VII	108158	110404	+	2247	35	90	76	77	104	96
tK(CUU)G2	VII	185714	185786	-	73	0	0	0	0	0	0
YGL221C	VII	81426	82292	-	867	544	1020	1098	1273	1295	992
YGL108C	VII	303649	304071	-	423	60	112	132	138	150	186
YGL069C	VII	375050	375514	-	465	0	0	1	0	0	0
YGL135W	VII	254641	255294	+	654	2802	5002	5329	4460	4227	4520
YGR253C	VII	998358	999140	-	783	1004	1947	2007	2316	2583	2455
YGL053W	VII	402589	403302	+	714	175	286	339	353	309	275
YGL101W	VII	312193	312840	+	648	296	596	628	591	691	738
YGR271C-A	VII	1037800	1038501	-	702	713	1390	1427	1261	1035	1808
YGR267C	VII	1025004	1025735	-	732	1062	1956	2218	1977	1966	1810
YGR234W	VII	959904	961103	+	1200	9321	17082	18641	15793	16073	17347
YGL251C	VII;VII	27921;31579	31426;31636	-;-	3564	192	370	381	435	449	493
YGL141W	VII	238353	241085	+	2733	244	424	465	537	601	625
YGL245W	VII	39023	41149	+	2127	2687	5210	5234	5049	5109	5308
YGL007W	VII	483260	483637	+	378	11	20	24	20	20	17
YGL005C	VII	489708	490547	-	840	247	486	519	491	530	641
YGL215W	VII	87981	89339	+	1359	1352	2622	2755	2933	3223	3489
YGR173W	VII	843854	844960	+	1107	426	824	839	901	958	995
YGL249W	VII	33098	35212	+	2115	2	4	4	1	3	7
YGR161W-C	VII	810227	810505	+	279	33	56	68	59	119	55
YGR229C	VII	949382	950899	-	1518	946	1803	1902	1969	2309	2476
YGR070W	VII	627806	631273	+	3468	201	343	338	373	370	304
YGR135W	VII	761392	762168	+	777	1157	2362	2489	2568	2869	2732
YGL014C-A	VII	466237	466398	-	162	0	0	0	0	0	0
YGR225W	VII;VII	945145;946421	946327;947019	+;+	1782	14	22	25	23	26	26
YGL258W	VII	11110	11730	+	621	19	43	39	41	44	29
tT(UGU)G1	VII	661749	661820	+	72	0	0	0	0	0	0
YGL139W	VII	245716	248124	+	2409	473	976	963	1041	1217	1293
YGL172W	VII	180700	182118	+	1419	387	705	775	719	812	870
YGR088W	VII	654634	656322	+	1689	292	551	513	304	180	143
YGL126W	VII	270997	272139	+	1143	169	269	344	376	456	224
YGR140W	VII	767429	770299	+	2871	289	475	556	609	724	812
YGR129W	VII	750400	751047	+	648	60	169	177	224	220	253
YGL027C	VII	443642	446143	-	2502	676	1197	1247	1293	1488	1542
tL(CAA)G2	VII;VII	423092;423162	423129;423205	+;+	82	0	1	0	0	0	0
YGL231C	VII	63048	63620	-	573	475	873	988	1092	1082	1088
YGL019W	VII	458156	458992	+	837	598	1030	1219	1140	1306	1042
tR(UCU)G3	VII	736340	736411	+	72	0	0	0	0	0	0
YGR017W	VII	523787	524680	+	894	368	659	716	730	759	771
YGR107W	VII	702667	703116	+	450	6	4	2	12	5	4
YGL039W	VII	423961	425007	+	1047	320	575	572	715	616	617
tL(CAA)G3	VII;VII	857378;857454	857421;857491	-;-	82	0	0	0	0	0	1
YGL123C-A	VII	277634	277864	-	231	0	0	0	0	0	0
YGL002W	VII	494517	495167	+	651	216	379	411	444	404	469
YGR044C	VII	582990	583892	-	903	484	1002	1055	965	1154	862
YGR193C	VII	884509	885741	-	1233	521	995	1032	1036	1195	1109
YGL033W	VII;VII;VII	435625;435750;436375	435679;436312;436401	+;+;+	645	11	14	17	13	10	38
YGR165W	VII	829116	830153	+	1038	316	722	698	787	931	935
YGL030W	VII;VII	439091;439324	439093;439638	+;+	318	10244	17376	19994	15176	14206	15488
YGL128C	VII	269293	270144	-	852	88	147	149	186	241	162
YGL063C-A	VII	384502	384651	-	150	0	0	0	0	0	0
YGL007C-A	VII	482941	483027	-	87	3	8	4	10	10	4
YGL175C	VII	173285	174322	-	1038	31	71	53	77	102	91
YGL223C	VII	79112	80365	-	1254	287	511	544	579	682	684
YGR190C	VII	880296	880661	-	366	34	91	73	85	113	196
YGL004C	VII	490703	491956	-	1254	240	385	428	414	421	443
YGL148W	VII	226399	227529	+	1131	2468	4642	4887	4524	4350	3091
YGR281W	VII	1052824	1057257	+	4434	516	993	957	1155	1262	1476
tH(GUG)G2	VII	319781	319852	+	72	0	0	0	2	1	0
tF(GAA)G	VII;VII	440716;440771	440751;440807	-;-	73	0	0	0	0	1	0
YGR078C	VII	639772	640371	-	600	312	475	595	622	727	647
YGL133W	VII	257707	261501	+	3795	466	866	835	966	1243	1179
tV(AAC)G2	VII	823482	823555	+	74	0	0	0	0	0	0
YGR295C	VII	1081584	1082729	-	1146	539	1019	1066	1052	1185	1251
YGR048W	VII	589826	590911	+	1086	236	436	497	566	768	636
YGR065C	VII	618077	619858	-	1782	214	363	426	471	605	686
YGL051W	VII	403687	404391	+	705	26	55	46	52	56	42
YGL220W	VII	82374	82736	+	363	339	628	738	784	829	632
YGR019W	VII	525229	526644	+	1416	413	762	778	812	858	705
YGL010W	VII	475545	476069	+	525	42	64	76	72	86	82
YGL090W	VII	343319	344584	+	1266	151	266	329	328	348	375
YGR054W	VII	596693	598621	+	1929	1690	3361	3338	3363	3894	3812
YGR174W-A	VII	846655	846741	+	87	5	12	22	9	6	14
YGL032C	VII	436570	436833	-	264	338	623	688	457	569	577
tE(UUC)G2	VII	401527	401598	-	72	0	0	0	0	0	0
YGL179C	VII	163409	165091	-	1683	614	865	1012	760	495	299
tE(UUC)G3	VII	541850	541921	+	72	0	0	0	0	0	0
YGR002C	VII	498476	499906	-	1431	259	459	478	523	563	563
YGL134W	VII	255663	256964	+	1302	153	255	345	292	369	320
YGL235W	VII	55279	55815	+	537	1	0	0	1	0	0
YGL006W	VII	485921	489442	+	3522	1065	1909	1961	1480	1081	813
YGR028W	VII	542203	543291	+	1089	231	419	515	523	538	530
YGR283C	VII	1059015	1060040	-	1026	331	653	690	646	751	940
YGR249W	VII	988049	989419	+	1371	363	607	698	590	313	91
snR82	VII	316788	317055	+	268	10	23	23	26	27	30
snR7-L	VII	939459	939672	-	214	0	0	2	0	0	0
YGL232W	VII;VII	62075;62190	62131;63002	+;+	870	522	1062	1130	1083	1093	1384
YGL157W	VII	209006	210049	+	1044	544	963	1064	1129	1148	1080
YGL118C	VII	288014	288451	-	438	0	0	1	0	4	2
YGR012W	VII	513159	514340	+	1182	236	497	541	623	710	583
YGR242W	VII	976415	976723	+	309	12	14	8	13	13	33
YGR014W	VII	516943	520863	+	3921	682	1194	1164	1504	2238	2148
YGR038C-A	VII	566145	567467	-	1323	0	0	0	0	0	0
YGR161C-C	VII	821693	823015	-	1323	0	0	0	0	0	0
YGR027W-A	VII	536057	537379	+	1323	0	0	0	0	0	0
YGR109W-A	VII	707610	708482	+	873	0	0	0	0	0	0
YGR027W-B	VII	536057	541325	+	5269	0	0	0	0	0	0
YGR038C-B	VII	562199	567467	-	5269	1	0	0	0	0	0
YGR161C-D	VII	817747	823015	-	5269	19	49	42	40	42	48
YGR161W-A	VII	811738	813054	+	1317	0	0	0	0	0	0
YGR109W-B	VII	707610	712254	+	4645	54	92	83	92	95	92
YGR161W-B	VII	811738	817051	+	5314	0	0	0	0	0	0
YLL050C	XII;XII	39804;40401	40221;40414	-;-	432	2048	3726	4095	3926	4032	4023
YLL032C	XII	74270	76747	-	2478	231	381	383	451	572	614
YLR466W	XII	1067087	1071235	+	4149	0	0	1	1	0	0
YLR054C	XII;XII	248717;250948	250860;250978	-;-	2175	64	146	179	174	146	84
YLR437C	XII	1011622	1012023	-	402	143	245	268	298	377	219
YLR217W	XII	572909	573232	+	324	0	1	1	1	1	0
YLL056C	XII	27409	28305	-	897	28	69	83	57	57	49
YLR128W	XII;XII	398530;398627	398532;399433	+;+	810	66	150	140	175	192	129
YLR279W	XII	704309	704698	+	390	4	5	2	5	6	7
YLR075W	XII	282927	283592	+	666	6434	9941	12274	10212	10416	11596
YLR052W	XII	247201	247953	+	753	324	603	671	685	814	830
YLR159C-A	XII	485711	485842	-	132	0	0	0	0	0	0
YLR025W	XII	194452	195174	+	723	497	983	1074	1004	1265	1155
YLR049C	XII	243886	245172	-	1287	316	591	563	651	807	885
YLR308W	XII	747937	748875	+	939	1	4	0	4	7	1
YLR032W	XII	204991	208500	+	3510	221	512	525	596	671	754
ETS2-2	XII	460712	460922	-	211	0	0	0	0	0	0
YLR251W	XII	641464	642057	+	594	69	154	153	154	129	105
YLR321C	XII	776584	777864	-	1281	284	448	477	504	662	571
YLR327C	XII	783127	783387	-	261	98	128	157	137	182	61
YLR154C-H	XII	468827	468958	-	132	0	0	0	0	0	0
YLR247C	XII	628684	633354	-	4671	386	767	751	958	1048	1100
YLR167W	XII	498947	499405	+	459	27260	49617	56237	45051	41984	40043
YLR220W	XII	576825	577793	+	969	430	806	848	744	860	742
YLR455W	XII	1053629	1054543	+	915	170	298	267	368	389	507
YLR282C	XII	705071	705412	-	342	0	5	9	2	2	5
YLR094C	XII	327730	329238	-	1509	171	285	277	272	362	287
YLR272C	XII	683672	687202	-	3531	246	483	487	596	659	904
YLR264C-A	XII	673828	673944	-	117	1934	4287	4459	3427	3546	5457
YLR338W	XII	804346	805203	+	858	1	0	0	1	2	2
YLR181C	XII	516678	517670	-	993	244	485	507	569	608	602
YLR458W	XII	1056455	1056835	+	381	2	0	0	2	0	2
YLR180W	XII	515262	516410	+	1149	2455	4453	4707	4906	5161	3985
YLR250W	XII	640317	641021	+	705	564	1009	1160	1134	1164	1250
YLR222C-A	XII	582006	582236	-	231	22	42	30	32	35	39
YLR424W	XII	973395	975521	+	2127	139	263	247	304	351	398
YLR253W	XII	642627	644336	+	1710	345	656	630	691	802	758
YLR390W-A	XII	903724	904440	+	717	2493	3887	3577	4719	5886	3932
YLR233C	XII	607425	609524	-	2100	107	205	214	197	259	276
YLR347W-A	XII	824789	824929	+	141	0	0	0	0	0	0
YLR117C	XII	382471	384534	-	2064	334	625	589	617	702	819
YLR110C	XII	369697	370098	-	402	28260	46682	47816	52580	60757	33303
YLR072W	XII	278862	280943	+	2082	228	356	373	425	530	450
YLR069C	XII	271630	273915	-	2286	322	639	682	886	1125	1097
YLR403W	XII	925568	927619	+	2052	419	750	707	707	885	1041
YLR008C	XII	165577	166083	-	507	387	763	817	884	1047	1239
YLR231C	XII	605758	607119	-	1362	126	262	277	307	365	308
YLR264W	XII	673131	673334	+	204	1132	1934	2310	1610	1645	1661
YLR164W	XII	493883	494389	+	507	34	47	45	41	58	42
YLR079W	XII	286820	287674	+	855	518	951	1024	1061	1354	1006
YLR103C	XII	343989	345941	-	1953	121	287	261	340	407	439
YLR170C	XII	500579	501049	-	471	0	0	0	0	0	0
YLR228C	XII	600019	602463	-	2445	234	458	418	384	458	417
YLL036C	XII	66745	68256	-	1512	371	697	798	775	828	857
YLR467C-A	XII	1077050	1077532	-	483	0	0	0	0	0	0
YLR198C	XII	547286	547645	-	360	7	19	24	20	10	17
snR61	XII	794486	794575	-	90	8	9	8	8	18	24
YLR411W	XII	947253	947978	+	726	56	92	106	80	79	106
YLR056W	XII	253861	254958	+	1098	3768	6601	7141	6085	7663	6354
YLR429W	XII	990777	992732	+	1956	1222	2282	2429	2557	2960	2591
YLL060C	XII	21138	21839	-	702	45	98	99	140	113	112
YLR310C	XII	752224	756993	-	4770	553	1124	1150	1314	1538	1619
YLR342W	XII	809997	815627	+	5631	5747	10773	10453	10599	11074	11984
YLR017W	XII	177608	178621	+	1014	721	1447	1608	1440	1463	1288
tL(UAG)L2	XII;XII	732090;732147	732127;732190	+;+	82	0	0	0	0	0	0
YLR304C	XII	735212	737548	-	2337	2048	3702	3759	5404	7701	6460
YLL052C	XII	35912	36361	-	450	33	51	75	31	33	36
YLR027C	XII	196829	198085	-	1257	1614	2842	3000	3419	4346	2804
YLR214W	XII	568567	570627	+	2061	801	1665	1572	2145	2984	3097
ITS2-2	XII	464319	464550	-	232	0	0	0	0	0	1
YLL062C	XII	16639	17613	-	975	88	152	154	285	451	490
YLR378C	XII	875736	877178	-	1443	1276	2328	2149	2543	3100	2512
YLR023C	XII	185498	187129	-	1632	226	393	419	428	514	616
YLR425W	XII	982894	986817	+	3924	200	370	375	411	501	544
YLR073C	XII	281019	281621	-	603	131	297	263	311	445	541
YLL008W	XII	131729	133987	+	2259	1616	3187	3133	3150	2981	3347
YLL063C	XII	14648	16072	-	1425	56	90	83	95	112	109
YLR449W	XII	1030834	1032012	+	1179	2257	4398	4339	3949	3498	3436
YLL046C	XII	46714	47463	-	750	1	0	3	0	1	2
YLR089C	XII	318237	320015	-	1779	753	1555	1597	1736	2233	2037
RDN18-1	XII	455933	457732	-	1800	0	0	0	0	0	0
YLR020C	XII	181789	183405	-	1617	560	1007	1137	1120	1183	1201
YLR190W	XII	535214	536689	+	1476	800	1585	1642	1617	1910	2098
YLR045C	XII	235037	237703	-	2667	334	716	736	929	1120	1012
YLR285W	XII	707360	708145	+	786	439	941	1035	849	928	1135
YLR322W	XII	777628	777942	+	315	2	4	5	0	0	0
YLR276C	XII	695046	696830	-	1785	1571	3301	3403	3227	2930	3824
YLR346C	XII	822287	822592	-	306	11	22	23	43	20	23
YLR156W	XII	472113	472457	+	345	0	0	0	0	0	0
YLR135W	XII	413281	415527	+	2247	180	319	313	328	392	463
YLR261C	XII	668237	668563	-	327	1	5	4	6	3	4
YLL066C	XII;XII	6120;9550	9450;9836	-;-	3618	1	2	2	1	2	0
YLR077W	XII	283872	285623	+	1752	214	457	489	544	728	622
YLR144C	XII	429677	432016	-	2340	258	456	538	554	655	683
YLR414C	XII	953353	954144	-	792	787	1649	1870	2119	1879	1113
YLR030W	XII	203290	204081	+	792	58	104	104	117	133	111
YLR301W	XII	730825	731559	+	735	620	1282	1346	1253	1310	1291
YLR252W	XII	641957	642262	+	306	23	65	74	59	53	50
YLR427W	XII	988428	990440	+	2013	347	636	723	831	864	831
YLR200W	XII	549012	549356	+	345	342	639	684	611	727	851
YLR150W	XII	440467	441288	+	822	10861	20067	22237	19064	19559	13427
YLL021W	XII	100947	105347	+	4401	690	1441	1399	1605	1976	1933
YLR078C	XII;XII	285736;286557	286467;286559	-;-	735	231	469	492	504	528	604
YLR153C	XII	445524	447575	-	2052	3568	6921	6970	7196	8875	6799
YLR404W	XII	928743	929600	+	858	127	245	248	276	307	286
YLR014C	XII	172268	174982	-	2715	208	408	375	422	468	549
YLL005C	XII	137940	140546	-	2607	114	241	203	244	269	313
tQ(UUG)L	XII	448650	448721	-	72	0	0	0	0	0	0
YLR262C	XII	668244	668891	-	648	111	223	256	206	244	367
YLR296W	XII	722978	723304	+	327	1	0	3	1	0	0
YLR234W	XII	609783	611753	+	1971	44	69	64	107	166	101
YLR096W	XII	332590	336033	+	3444	534	998	1002	1015	1217	1228
YLR271W	XII	682737	683561	+	825	108	223	233	213	184	166
YLR033W	XII	208761	210269	+	1509	377	717	731	819	943	1098
YLR278C	XII	699999	704024	-	4026	728	1422	1447	1452	1676	1323
YLL055W	XII	30109	31704	+	1596	121	208	226	188	189	190
YLR266C	XII	675619	677724	-	2106	238	428	444	436	476	610
YLL030C	XII	80356	80697	-	342	0	1	1	0	0	0
YLR323C	XII	778173	778952	-	780	123	257	291	276	331	307
YLR007W	XII	164392	165402	+	1011	274	425	488	505	534	541
YLR406C-A	XII	932206	932355	-	150	1	2	1	3	1	0
YLL015W	XII	116432	121111	+	4680	672	1212	1210	1204	1206	1391
YLR343W	XII	816094	817761	+	1668	23	72	80	43	46	39
YLR269C	XII	680866	681216	-	351	31	94	97	112	97	92
tN(GUU)L	XII	975983	976056	-	74	0	0	0	0	0	0
YLR210W	XII	562008	563390	+	1383	121	220	232	249	308	344
YLR058C	XII	257992	259401	-	1410	2180	4350	4028	4282	4341	4872
YLR145W	XII	432168	432773	+	606	152	281	296	293	323	378
YLR080W	XII	287916	289250	+	1335	70	103	119	140	141	128
YLR443W	XII	1022625	1023971	+	1347	219	426	448	451	489	486
YLR325C	XII	781143	781379	-	237	6979	11670	13928	11068	11509	12929
YLL006W	XII	136586	137866	+	1281	153	306	311	354	374	394
YLR074C	XII	281956	282456	-	501	725	1325	1535	1352	1211	1177
RDN5-5	XII	485697	485815	+	119	0	0	0	0	0	0
YLR311C	XII	757265	757612	-	348	6	3	3	3	7	4
YLR191W	XII	537272	538432	+	1161	155	296	321	304	370	395
YLR235C	XII	611532	611930	-	399	0	0	0	0	0	0
YLR364C-A	XII	855523	855645	-	123	0	0	0	0	0	0
ITS2-1	XII	455182	455413	-	232	0	0	0	0	0	0
YLR288C	XII	713480	714904	-	1425	124	235	273	268	316	292
YLL001W	XII	147890	150163	+	2274	259	450	441	517	709	810
YLR409C	XII	934414	937233	-	2820	1058	2272	2267	2149	2373	2939
YLR099C	XII	339744	340928	-	1185	215	407	463	646	717	515
YLR131C	XII	404510	406822	-	2313	200	409	357	427	541	522
YLR362W	XII	849866	852019	+	2154	221	402	414	454	552	522
YLR256W	XII	646415	650923	+	4509	528	878	869	843	761	694
YLR068W	XII	271008	271463	+	456	437	778	850	738	595	825
YLR101C	XII	342566	342961	-	396	18	26	21	19	17	40
YLR341W	XII	807385	808818	+	1434	37	65	65	75	75	86
YLL054C	XII	32673	35204	-	2532	170	302	317	397	397	437
YLR186W	XII	523632	524390	+	759	827	1680	1686	1530	1546	1483
YLR143W	XII	427329	429386	+	2058	344	790	781	807	917	1006
YLR368W	XII	857540	859336	+	1797	241	420	396	459	513	556
YLR393W	XII	907079	907918	+	840	70	111	110	152	157	137
YLR176C	XII	507797	510232	-	2436	95	177	179	190	202	232
YLR126C	XII	394765	395520	-	756	204	394	422	432	513	574
YLR099W-A	XII	341325	341588	+	264	87	117	163	168	180	101
YLR423C	XII	971917	973170	-	1254	96	149	160	194	220	240
YLR357W	XII	841331	844000	+	2670	299	520	516	571	739	763
YLR197W	XII	546097	547611	+	1515	3198	6323	6595	5861	5201	6642
ETS1-1	XII	457733	458432	-	700	0	0	0	0	0	0
YLR187W	XII	524865	527945	+	3081	154	284	251	301	367	345
RDN5-2	XII	468813	468931	+	119	0	0	0	0	0	0
YLL034C	XII	70633	73146	-	2514	671	1389	1348	1434	1474	1883
YLL023C	XII	97997	98836	-	840	310	568	597	529	532	508
YLR065C	XII	266373	266918	-	546	449	823	899	840	823	866
YLL031C	XII	77152	80205	-	3054	576	1047	1055	1094	1389	1594
YLR419W	XII	958428	962735	+	4308	432	856	974	1026	1155	1301
YLR149C-A	XII	440370	440456	-	87	2	3	5	3	3	11
YLR294C	XII	721701	722030	-	330	251	470	520	434	676	754
YLR405W	XII	929789	930892	+	1104	329	509	603	602	662	578
YLR157C-C	XII	482059	482190	-	132	0	0	0	0	0	0
YLR463C	XII	1066265	1066816	-	552	0	0	0	0	0	0
YLR026C	XII	195450	196472	-	1023	263	493	522	561	670	714
YLR267W	XII	678212	679924	+	1713	70	109	146	134	101	158
YLR093C	XII;XII	326513;327400	327258;327415	-;-	762	302	501	607	644	705	706
YLR085C	XII	300673	301989	-	1317	221	441	453	426	497	488
YLR246W	XII	627118	628197	+	1080	165	250	267	301	379	340
YLR433C	XII	1004347	1006008	-	1662	220	437	442	438	485	412
YLR227C	XII	590562	592043	-	1482	197	396	438	444	450	638
YLR012C	XII	169982	170281	-	300	0	0	1	3	0	0
YLR111W	XII	370391	370723	+	333	8	13	13	9	10	9
YLR152C	XII	442958	444688	-	1731	246	434	411	365	404	274
YLR370C	XII	861718	862254	-	537	515	944	1002	1071	1274	1027
YLL026W	XII	88623	91349	+	2727	6599	9658	10492	8969	8246	4657
YLR289W	XII	715089	717026	+	1938	109	172	184	229	303	309
YLL066W-B	XII	5605	5775	+	171	0	0	0	0	0	0
YLR114C	XII	374944	377238	-	2295	513	872	973	1051	1236	1301
YLR213C	XII	566654	567922	-	1269	58	127	119	99	146	102
YLR146C	XII	432823	433725	-	903	286	580	629	567	517	600
YLR445W	XII;XII	1024189;1024655	1024572;1024837	+;+	567	3	3	3	1	7	3
RDN18-2	XII	465070	466869	-	1800	0	0	0	0	0	0
YLR169W	XII	500335	500688	+	354	49	95	83	107	111	90
YLR202C	XII;XII	550194;550575	550458;550636	-;-	327	11	19	29	17	23	34
YLL053C	XII	35503	35961	-	459	50	106	126	83	69	54
YLR333C	XII	795573	795899	-	327	2971	6355	6701	5507	5164	5484
YLR082C	XII	292394	293572	-	1179	140	241	244	266	281	315
YLR193C	XII	540009	540536	-	528	121	218	234	259	338	285
YLL043W	XII	49938	51947	+	2010	585	1069	1148	1181	1508	1311
YLR337C	XII	802653	805106	-	2454	278	425	452	491	662	383
YLL066W-A	XII	6486	6968	+	483	0	0	0	0	0	0
YLR039C	XII	225426	228596	-	3171	320	604	564	705	783	886
YLR457C	XII	1055812	1056771	-	960	71	119	155	138	157	190
YLR377C	XII	873746	874792	-	1047	22	37	50	44	59	28
YLR104W	XII	346585	346980	+	396	146	275	308	349	373	415
YLR319C	XII	769318	771684	-	2367	255	497	554	615	721	719
YLR184W	XII	522106	522453	+	348	0	0	1	0	0	1
YLR317W	XII	765655	766089	+	435	1	1	1	1	0	0
YLL003W	XII	143201	146041	+	2841	236	489	465	517	584	665
YLR004C	XII	157934	159505	-	1572	59	95	84	99	126	100
YLR407W	XII	932967	933653	+	687	234	461	467	439	574	663
YLR336C	XII	799697	802396	-	2700	591	1190	1256	1326	1390	1818
YLR430W	XII	993434	1000129	+	6696	792	1539	1505	1617	1632	1778
YLR436C	XII	1007421	1011245	-	3825	342	672	614	714	768	835
YLR347C	XII	823828	826413	-	2586	672	1290	1253	1337	1695	1770
YLR324W	XII	779215	780786	+	1572	209	352	384	441	581	416
tV(AAC)L	XII	687859	687932	-	74	0	0	1	1	0	4
YLR460C	XII	1059757	1060887	-	1131	53	84	111	101	149	126
YLR113W	XII	371620	372927	+	1308	1519	2980	3028	3015	3208	3034
YLR046C	XII	238001	238813	-	813	83	143	139	136	189	197
YLR125W	XII	393484	393894	+	411	29	64	39	59	74	69
YLR196W	XII	543968	545698	+	1731	1805	3654	3837	3515	3135	3479
YLR363W-A	XII	853461	853718	+	258	259	554	513	448	405	590
YLL061W	XII	17956	19707	+	1752	208	379	323	531	636	695
YLR119W	XII	385534	386175	+	642	126	197	214	198	198	238
snR57	XII	794937	795024	-	88	18	43	37	48	47	47
YLL020C	XII	105556	105861	-	306	12	29	21	18	25	26
YLR163C	XII	491866	493254	-	1389	293	544	541	678	883	866
YLL014W	XII	121322	121648	+	327	324	690	736	696	699	951
YLR129W	XII	399657	402488	+	2832	939	2090	2150	2192	2390	3076
tD(GUC)L2	XII	793918	793989	+	72	0	0	0	0	0	0
YLR173W	XII	502421	504247	+	1827	153	260	236	282	298	281
YLR090W	XII	320701	322080	+	1380	291	488	527	485	626	478
YLR286W-A	XII	708562	708696	+	135	0	0	0	0	0	0
snR55	XII	794697	794794	-	98	7	21	26	24	30	23
YLR259C	XII	663284	665002	-	1719	2133	3888	4236	6498	9912	7472
YLR219W	XII	574151	576337	+	2187	421	660	749	773	860	666
YLR401C	XII	922442	924448	-	2007	658	1416	1425	1359	1504	1367
YLL058W	XII	23569	25296	+	1728	209	301	342	322	349	305
YLR177W	XII	511054	512940	+	1887	230	410	457	366	309	230
YLR415C	XII	954259	954597	-	339	0	5	4	6	6	2
YLR467W	XII	1072508	1077898	+	5391	0	0	0	0	0	0
YLR302C	XII	732191	732553	-	363	1	1	0	1	0	3
YLR185W	XII;XII	522663;523029	522669;523288	+;+	267	3783	7662	8417	6846	6076	6395
YLR060W	XII	260979	262766	+	1788	2946	5882	6162	5793	6047	5587
YLR313C	XII	760750	762342	-	1593	72	131	159	179	255	295
YLR303W	XII	732542	733876	+	1335	2292	4717	4703	7187	8708	9380
YLR154W-B	XII	454392	454556	+	165	0	0	0	0	0	0
YLL029W	XII	81461	83710	+	2250	613	1043	1078	1231	1451	1201
YLL047W	XII	46672	47055	+	384	0	2	1	2	1	4
YLR285C-A	XII	708168	708338	-	171	233	535	483	369	410	502
YLR001C	XII	151389	153977	-	2589	178	338	323	363	400	466
snR79	XII	348427	348510	-	84	4	3	7	5	5	5
YLR465C	XII	1067045	1067353	-	309	0	0	0	0	0	0
YLR015W	XII	175227	176744	+	1518	195	487	483	544	551	599
YLR432W	XII	1002557	1004128	+	1572	2031	4007	4068	3258	3300	3690
YLR081W	XII	290212	291936	+	1725	39	75	84	80	86	67
YLR166C	XII	495429	498044	-	2616	416	879	896	910	981	1257
YLR383W	XII	885288	888632	+	3345	167	377	360	400	484	527
YLR035C	XII	212369	214456	-	2088	124	241	259	318	357	338
YLR044C	XII	232390	234081	-	1692	66884	116466	127057	123497	130102	97294
YLR293C	XII	720771	721430	-	660	3555	6930	7350	7017	7064	7778
YLR399W-A	XII	920869	920973	+	105	0	0	0	0	0	0
YLR192C	XII	538792	539589	-	798	1360	2690	2753	2673	3095	2802
YLR300W	XII	728955	730301	+	1347	4982	9743	9608	10204	12788	12414
YLR098C	XII	337527	339473	-	1947	294	422	423	503	521	426
YLR448W	XII;XII	1028854;1029253	1028868;1029768	+;+	531	4304	7887	8325	7550	7472	6719
YLR381W	XII	879723	881924	+	2202	188	301	304	367	466	450
YLR280C	XII	704483	704833	-	351	0	0	0	0	0	0
snR44	XII	856710	856920	+	211	165	286	308	222	196	290
YLR367W	XII;XII	856442;857058	856574;857317	+;+	393	2189	4048	4267	3551	3523	3595
YLR309C	XII	749034	751769	-	2736	521	957	980	1116	1250	1494
YLR299W	XII	726069	728051	+	1983	333	558	589	697	794	525
YLR224W	XII	586464	587573	+	1110	384	746	770	756	954	975
YLR029C	XII	201976	202590	-	615	15244	28762	32594	27065	26083	26980
YLR373C	XII	868662	871367	-	2706	329	587	598	666	788	799
YLR092W	XII	323544	326225	+	2682	93	166	156	211	268	326
YLL018C-A	XII	108676	108972	-	297	87	141	171	154	185	118
RDN25-2	XII	460923	464318	-	3396	0	0	0	0	0	0
YLR066W	XII	267169	267723	+	555	499	835	1025	908	971	1168
RDN58-1	XII	455414	455571	-	158	0	0	0	0	0	0
YLR146W-A	XII	433870	434058	+	189	68	126	137	127	131	168
YLR175W	XII	506134	507585	+	1452	4151	8578	8711	7726	7106	7370
YLR402W	XII	924889	925080	+	192	7	30	23	19	36	30
YLR158C	XII	482549	483637	-	1089	0	0	0	0	0	0
YLL051C	XII	37333	39471	-	2139	388	629	681	750	949	883
YLR314C	XII	762575	764137	-	1563	1069	2182	2284	2369	2844	3074
YLR438C-A	XII	1013909	1014178	-	270	396	770	856	820	930	663
YLR209C	XII	560797	561732	-	936	295	548	569	623	671	610
YLR019W	XII	180288	181481	+	1194	361	597	651	669	829	719
YLR123C	XII	391078	391407	-	330	1	6	13	6	5	6
YLR353W	XII	834352	836163	+	1812	184	346	368	391	540	486
YLR361C	XII	847388	849124	-	1737	211	390	372	382	427	402
YLL033W	XII	73409	74101	+	693	68	118	140	130	146	174
YLR389C	XII	899577	902660	-	3084	745	1269	1300	1414	1430	1436
YLR438W	XII	1012501	1013775	+	1275	30	70	66	175	334	139
YLR290C	XII	717145	717978	-	834	103	195	239	245	265	276
YLR270W	XII	681186	682238	+	1053	269	489	536	463	473	424
YLR194C	XII	540809	541573	-	765	3570	5621	6108	6666	6227	2463
YLR006C	XII	161755	163893	-	2139	708	1198	1338	1269	1196	813
YLR223C	XII	582233	585490	-	3258	550	1094	1071	1179	1683	1913
YLR195C	XII	541937	543304	-	1368	506	1026	1069	1144	1195	1232
YLL016W	XII	112847	115993	+	3147	193	344	351	402	406	447
YLL067W-A	XII	843	1325	+	483	0	0	0	0	0	0
YLR398C	XII	915156	919019	-	3864	454	888	895	1027	1316	1263
YLR418C	XII	956914	958095	-	1182	402	654	734	750	823	927
YLR010C	XII	167320	167802	-	483	33	46	52	74	59	78
YLR307W	XII	745620	746525	+	906	7	21	27	17	20	31
YLR356W	XII	840321	840914	+	594	80	179	190	185	278	219
YLR431C	XII	1000342	1001703	-	1362	150	267	284	264	275	347
YLR109W	XII	368781	369311	+	531	2043	3777	4187	7808	11810	8684
tI(UAU)L	XII;XII	605300;605396	605335;605432	-;-	73	0	0	0	0	0	0
YLR364W	XII	854062	854391	+	330	67	114	117	143	182	213
YLR106C	XII	349006	363738	-	14733	2346	4525	4384	4090	3341	3376
YLR083C	XII	294091	296094	-	2004	1366	2804	2842	2556	2577	3081
YLR274W	XII	691555	693882	+	2328	385	803	787	793	913	1015
YLR413W	XII	951156	953183	+	2028	2213	4370	3937	3436	4210	5298
YLR412C-A	XII	950267	950473	-	207	1	1	0	1	1	1
YLR340W	XII	805887	806825	+	939	8082	15572	15930	14607	14751	11342
YLR055C	XII	251272	253080	-	1809	174	351	359	360	540	333
YLR254C	XII	644404	644973	-	570	138	243	246	214	227	214
YLL017W	XII	112234	112545	+	312	27	30	32	35	40	34
YLR121C	XII	388744	390270	-	1527	735	1352	1452	1804	1585	628
tA(AGC)L	XII	656934	657006	-	73	0	0	0	0	0	0
YLL042C	XII	52087	52590	-	504	29	59	52	62	69	73
YLR157W-D	XII	475764	475976	+	213	0	0	0	1	0	1
YLR211C	XII;XII	563792;564514	564454;564531	-;-	681	51	121	95	128	173	221
YLR400W	XII	922063	922536	+	474	22	25	49	46	35	48
YLR105C	XII	347047	348180	-	1134	265	491	515	517	533	568
YLR142W	XII	425186	426616	+	1431	296	514	545	712	889	490
YLR376C	XII	872826	873554	-	729	58	91	107	103	81	124
YLR318W	XII	766542	769196	+	2655	88	179	203	204	231	303
YLR239C	XII	616332	617318	-	987	231	428	487	478	545	561
YLR262C-A	XII	669468	669662	-	195	891	1661	1875	1472	1354	1494
tE(UUC)L	XII	797178	797249	+	72	0	0	0	0	1	0
YLL037W	XII	66562	66942	+	381	2	11	9	6	1	1
YLR452C	XII	1039270	1041366	-	2097	658	1482	1447	1109	1394	1703
YLR372W	XII	867354	868391	+	1038	3255	6464	6579	5960	5984	7029
YLR154W-C	XII	454696	455070	+	375	0	0	0	0	0	0
ETS2-1	XII	451575	451785	-	211	0	0	0	0	0	0
YLR363C	XII	852495	853151	-	657	126	261	321	273	267	358
YLR207W	XII	556788	559289	+	2502	336	563	622	636	738	593
YLR312W-A	XII	759480	760241	+	762	232	447	476	543	684	752
YLR188W	XII	528300	530387	+	2088	424	862	931	992	1180	1191
YLR011W	XII	169103	169678	+	576	73	136	168	185	188	152
YLR159W	XII	485345	485689	+	345	0	0	0	0	0	0
YLR328W	XII	784913	786118	+	1206	506	943	1019	993	1125	1049
YLR171W	XII	500733	501122	+	390	0	1	5	1	1	5
YLR241W	XII	620473	622821	+	2349	539	970	978	1054	1078	1009
YLR245C	XII	626502	626930	-	429	45	85	92	75	104	91
YLR360W	XII	846103	847422	+	1320	196	346	396	455	460	579
snR30	XII	198784	199389	+	606	76	109	147	118	108	48
YLR205C	XII	552724	553677	-	954	250	400	427	493	694	317
RDN25-1	XII	451786	455181	-	3396	0	0	0	0	0	0
YLR161W	XII	488997	489341	+	345	0	0	0	0	0	0
YLR287C	XII	710991	712058	-	1068	494	1032	1014	1052	1193	1580
YLR366W	XII	855538	855843	+	306	0	0	0	0	2	1
YLR410W	XII	937541	940981	+	3441	1088	2155	2151	2275	2591	2722
YLR230W	XII	604574	604879	+	306	111	208	185	200	200	385
YLR097C	XII	336231	337265	-	1035	217	456	486	461	463	446
YLR397C	XII	912550	914892	-	2343	487	997	1015	1127	1150	1074
YLR120C	XII	386511	388220	-	1710	1637	2516	2696	2773	2880	1660
YLR335W	XII	797430	799592	+	2163	984	2153	2085	2310	2664	2633
YLR399C	XII	919536	921596	-	2061	655	1294	1274	1316	1719	1461
YLL044W	XII	48216	48662	+	447	0	0	0	0	1	0
YLR453C	XII	1041799	1042986	-	1188	83	150	167	190	169	187
YLL057C	XII	25756	26994	-	1239	54	110	139	130	132	116
YLR388W	XII	898651	898821	+	171	3097	5354	6757	5364	5514	5841
YLR249W	XII	636780	639914	+	3135	36609	69060	69911	63794	60148	60010
YLR151C	XII	441715	442737	-	1023	43	82	108	120	161	160
YLR260W	XII	665844	667907	+	2064	288	484	506	631	762	624
YLL010C	XII	129330	130613	-	1284	170	300	340	328	414	363
YLR133W	XII	408445	410193	+	1749	248	427	477	480	470	388
YLR329W	XII;XII	786442;786713	786615;787333	+;+	795	32	63	49	81	46	60
snR6	XII	366235	366346	+	112	0	0	0	2	1	2
YLL011W	XII	127523	128992	+	1470	509	970	1065	1035	1278	1779
YLR384C	XII	888851	892900	-	4050	1085	2205	2186	2078	2073	2300
YLR203C	XII	550650	551960	-	1311	402	701	762	898	1075	1013
YLR156C-A	XII	472479	472610	-	132	0	0	0	0	0	0
YLR394W	XII	907950	909398	+	1449	143	262	255	311	366	360
YLR021W	XII	183623	184162	+	540	175	373	393	370	432	382
YLR331C	XII	790669	791046	-	378	0	1	1	0	0	0
YLR450W	XII	1032627	1035764	+	3138	461	841	815	809	767	809
YLR140W	XII	423474	423800	+	327	4	6	8	13	5	5
YLR157W-E	XII	481873	482037	+	165	0	0	0	0	0	0
YLR390W	XII	903066	903404	+	339	80	123	155	158	193	125
YLR291C	XII	718317	719462	-	1146	707	1340	1438	1340	1495	1614
RDN5-4	XII	482045	482163	+	119	0	0	0	0	0	0
YLR408C	XII	933885	934253	-	369	24	58	49	44	53	61
YLR240W	XII	617533	620160	+	2628	220	416	451	477	543	519
YLR018C	XII	178707	179606	-	900	214	433	508	525	655	578
YLR344W	XII;XII	819312;819778	819330;820142	+;+	384	3944	7828	8701	7406	7492	6316
YLR412W	XII	948368	949192	+	825	342	655	688	653	703	861
YLR447C	XII	1026856	1027893	-	1038	2065	3967	4136	3710	3638	3776
YLR361C-A	XII	849383	849679	-	297	42	116	144	163	147	175
YLR112W	XII	370791	371210	+	420	22	42	60	43	56	48
YLR435W	XII	1006378	1006995	+	618	640	1209	1355	1162	1048	1222
YLR084C	XII	296589	300251	-	3663	307	669	645	731	1091	1573
snR34	XII	899180	899382	+	203	10	17	30	31	16	27
YLR091W	XII	322297	323178	+	882	66	151	175	152	183	139
YLR275W	XII;XII	694378;694473	694382;694800	+;+	333	129	238	262	238	248	383
YLR102C	XII	342970	343767	-	798	69	134	163	178	184	130
YLR263W	XII	670340	672823	+	2484	113	207	199	242	216	298
YLR379W	XII	876922	877296	+	375	69	149	168	178	231	311
tL(UAG)L1	XII;XII	592519;592582	592562;592619	-;-	82	0	0	0	0	0	0
YLR459W	XII	1057334	1058518	+	1185	293	609	599	643	699	889
YLR316C	XII;XII;XII	765266;766130;766250	766073;766181;766358	-;-;-	969	88	173	162	200	212	171
YLR277C	XII	697156	699495	-	2340	313	539	593	699	767	905
tP(UGG)L	XII;XII	92548;92615	92583;92650	+;+	72	0	0	0	0	0	0
YLR229C	XII	604212	604787	-	576	550	1036	1125	989	1017	781
YLR120W-A	XII	388672	388773	+	102	39	37	44	55	48	21
YLR048W	XII;XII	242232;242681	242321;243349	+;+	759	11352	21124	22513	19594	19294	16862
YLL059C	XII	22474	22980	-	507	13	17	18	14	23	14
YLR238W	XII	614755	616191	+	1437	200	345	350	359	382	480
YLR283W	XII	705186	706130	+	945	62	144	158	159	176	168
YLR298C	XII	724721	725416	-	696	209	418	439	469	402	460
YLR232W	XII	606830	607177	+	348	1	6	3	3	5	4
YLR086W	XII	302243	306499	+	4257	300	632	611	755	913	978
YLR053C	XII	248100	248426	-	327	28	42	59	43	41	54
YLL041C	XII	53131	53931	-	801	322	502	611	459	750	541
YLR330W	XII	787664	789679	+	2016	1401	2433	2636	2626	2882	2465
YLR244C	XII	625168	626331	-	1164	1052	2189	2286	2231	2276	2342
YLR299C-A	XII	727911	728003	-	93	0	0	0	0	0	0
YLL019W-A	XII	106908	107000	+	93	0	0	0	0	0	0
YLR258W	XII	660716	662833	+	2118	381	650	661	583	523	419
YLR174W	XII	504591	505829	+	1239	22	62	56	64	80	68
YLR444C	XII	1023686	1023988	-	303	0	0	0	0	0	0
YLR315W	XII	764808	765269	+	462	11	40	35	36	52	39
YLR374C	XII	871453	871842	-	390	2	1	1	0	4	2
YLR154W-F	XII	455883	456023	+	141	0	0	0	0	0	0
tR(ACG)L	XII	374355	374427	+	73	0	1	0	0	0	1
YLR172C	XII	501260	502162	-	903	1186	1959	2103	1897	1729	1623
YLR273C	XII	689083	691029	-	1947	46	100	111	143	167	222
tK(UUU)L	XII;XII	875376;875436	875412;875471	+;+	73	0	4	1	0	1	1
YLL012W	XII	125534	127255	+	1722	239	474	457	520	619	726
YLR022C	XII	184174	184926	-	753	453	787	918	821	904	1008
YLR382C	XII	882067	884751	-	2685	220	460	451	554	792	818
YLR041W	XII	229377	229697	+	321	10	11	20	4	11	10
YLR466C-A	XII	1070387	1070869	-	483	0	0	0	0	0	0
YLR268W	XII	680200	680844	+	645	429	859	950	1024	1088	1111
YLR420W	XII	963785	964879	+	1095	491	1039	1143	1124	1180	1197
ITS1-1	XII	455572	455932	-	361	0	0	0	0	0	0
YLR137W	XII	417006	418109	+	1104	80	162	167	179	236	156
YLR087C	XII	306855	315731	-	8877	215	424	430	512	508	540
YLL049W	XII	40666	41205	+	540	123	241	260	254	303	380
tL(CAA)L	XII;XII	628383;628454	628420;628497	+;+	82	2	3	4	5	4	6
RDN37-1	XII;XII;XII	451786;455414;455933	455181;455571;457732	-;-;-	5354	0	0	0	0	0	0
YLR426W	XII;XII	987062;987213	987141;988113	+;+	981	118	192	224	252	296	258
YLL035W	XII	68580	70478	+	1899	311	641	630	720	786	898
YLL009C	XII	131205	131414	-	210	89	170	170	239	259	266
YLR036C	XII	221521	222132	-	612	125	290	245	285	295	351
YLR118C	XII	384725	385408	-	684	211	362	428	427	462	481
ETS1-2	XII	466870	467569	-	700	0	0	0	0	0	0
YLR406C	XII;XII	931065;931699	931349;931755	-;-	342	4320	8581	9680	7990	8300	8520
ITS1-2	XII	464709	465069	-	361	0	0	0	0	0	0
YLR136C	XII	415801	416658	-	858	86	89	115	165	219	159
YLR385C	XII	892992	893390	-	399	12	27	29	26	42	39
YLR281C	XII	704493	704960	-	468	0	4	2	4	2	5
YLR138W	XII	418437	421394	+	2958	999	1762	1786	1876	1740	1509
YLL019C	XII	105686	107899	-	2214	217	404	357	428	679	520
YLR284C	XII	706198	707040	-	843	46	101	103	84	93	102
YLR295C	XII	721999	722373	-	375	381	734	773	766	1162	1052
YLR307C-A	XII	746848	747111	-	264	2	4	1	2	5	8
YLR349W	XII	827521	828027	+	507	4	4	8	6	8	0
YLR248W	XII	634252	636084	+	1833	1043	1708	1880	1714	1732	1662
YLL006W-A	XII	136345	136521	+	177	0	1	0	1	0	1
YLR127C	XII	395758	398319	-	2562	241	455	494	496	589	639
YLR002C	XII	154343	156334	-	1992	757	1563	1546	1595	1629	1853
YLR168C	XII	499578	500270	-	693	316	585	596	655	853	820
YLR342W-A	XII	815810	815983	+	174	52	120	120	79	65	96
YLR031W	XII	204225	204785	+	561	35	64	62	51	66	93
RDN5-3	XII	472465	472583	+	119	0	0	0	0	0	0
YLR189C	XII	530797	534393	-	3597	283	598	597	679	782	832
YLR358C	XII	843487	844050	-	564	19	33	38	40	61	32
YLR134W	XII	410723	412414	+	1692	123	189	202	182	267	212
YLR051C	XII	246324	246977	-	654	535	1079	1086	1002	1064	1325
YLR466C-B	XII	1071594	1071710	-	117	0	0	0	1	0	0
YLR215C	XII	570776	571858	-	1083	186	373	415	435	456	504
YLR206W	XII	554578	556419	+	1842	609	1138	1199	1295	1596	1138
tI(AAU)L2	XII	1052071	1052144	-	74	0	0	0	0	0	0
YLR201C	XII	549511	550293	-	783	191	358	410	384	428	423
YLL018C	XII	109902	111575	-	1674	3033	5828	5692	5376	5761	4618
YLL025W	XII	94747	95121	+	375	13	16	12	30	24	13
YLR392C	XII	904749	906305	-	1557	195	306	297	301	363	366
YLR063W	XII	264157	265254	+	1098	141	256	276	292	344	486
tA(UGC)L	XII	214883	214955	-	73	0	0	0	0	0	0
YLR124W	XII	391600	391944	+	345	1	10	13	8	11	8
YLR350W	XII	828730	829380	+	651	946	1603	1816	1604	1651	874
YLR312C	XII	757637	758833	-	1197	17	32	35	29	27	20
YLR204W	XII	552270	552605	+	336	203	321	367	410	475	336
YLL007C	XII	134302	136299	-	1998	149	244	266	273	274	282
YLR141W	XII	423683	424774	+	1092	52	110	105	117	173	85
tD(GUC)L1	XII	427132	427203	+	72	0	0	0	0	0	0
YLL038C	XII	65775	66518	-	744	105	187	206	208	252	160
YLR257W	XII	658826	659791	+	966	3018	5521	6069	5939	5728	3749
YLR108C	XII	366667	368124	-	1458	35	114	129	147	270	229
YLR163W-A	XII	492812	492925	+	114	0	0	0	0	0	0
YLR416C	XII	954491	954889	-	399	3	3	2	6	4	1
YLR375W	XII	871697	872728	+	1032	608	1031	1106	1068	1165	669
YLR287C-A	XII;XII	712537;713156	712725;713158	-;-	192	5368	10043	11544	9619	10273	9398
YLR154W-E	XII	455433	455636	+	204	0	0	0	0	0	0
YLR155C	XII	469317	470405	-	1089	0	0	0	0	0	0
tS(AGA)L	XII	167944	168025	-	82	0	0	0	0	0	0
YLR003C	XII	156855	157730	-	876	686	1247	1402	1331	1212	1643
YLR221C	XII	578362	579024	-	663	953	1751	1922	1729	1594	1996
YLR355C	XII	838066	839253	-	1188	4939	10267	9599	11260	13984	12865
YLR464W	XII;XII	1066572;1067364	1067084;1067501	+;+	651	0	1	0	1	1	0
YLR446W	XII	1025214	1026515	+	1302	186	280	300	316	289	382
YLR237W	XII	612367	614163	+	1797	207	338	362	298	389	460
YLR441C	XII	1018141	1018908	-	768	13741	26133	28855	23690	22482	21819
YLR178C	XII	513162	513821	-	660	127	230	225	252	242	145
YLR028C	XII	199540	201315	-	1776	1430	2661	2664	3016	3699	3240
YLR043C	XII	231702	232013	-	312	1133	1945	2391	2181	2207	2391
YLR218C	XII	573466	573918	-	453	48	116	110	114	116	72
YLR243W	XII	624203	625021	+	819	406	759	799	841	873	987
YLR148W	XII	434641	437397	+	2757	346	676	704	774	834	995
YLR162W-A	XII	490406	490594	+	189	1	1	1	0	5	3
YLR462W	XII	1065956	1066564	+	609	0	0	0	0	0	0
RDN37-2	XII;XII;XII	460923;464551;465070	464318;464708;466869	-;-;-	5354	0	0	0	0	0	0
YLR095C	XII	329677	332115	-	2439	323	589	599	687	958	848
YLR199C	XII;XII	547853;548764	548677;548769	-;-	831	310	589	602	746	924	905
YLR154W-A	XII	452438	452623	+	186	0	0	0	0	0	0
YLR154C	XII	447982	448314	-	333	128	222	219	242	293	280
YLL064C	XII	13083	13445	-	363	0	0	0	0	0	0
YLR461W	XII	1062919	1063281	+	363	0	0	0	0	2	0
tL(UAA)L	XII	962972	963055	-	84	0	0	0	0	0	1
YLR265C	XII	674427	675455	-	1029	129	237	256	273	332	425
YLR428C	XII	990617	990961	-	345	0	0	3	1	4	1
YLR242C	XII	622918	623883	-	966	100	184	174	155	155	234
YLR351C	XII	829489	830364	-	876	535	1118	1263	1199	1217	1115
YLR306W	XII;XII	744151;744288	744153;744851	+;+	567	136	204	241	219	225	223
YLR130C	XII	402794	404062	-	1269	932	2083	2082	1491	1657	1458
YLL028W	XII	84804	86564	+	1761	502	992	981	747	891	856
YLR183C	XII	520543	522012	-	1470	306	738	690	872	1046	1096
tR(CCG)L	XII	818609	818680	+	72	0	0	0	0	0	0
YLR042C	XII	229966	230451	-	486	70	113	167	188	271	249
YLR396C	XII	910235	912310	-	2076	198	375	383	414	476	517
YLR122C	XII	390954	391331	-	378	6	6	7	11	3	5
YLR326W	XII	782174	782896	+	723	84	167	182	188	218	168
YLR024C	XII	187663	193281	-	5619	140	318	287	421	504	551
YLR442C	XII	1019315	1022251	-	2937	320	622	593	668	757	879
YLR380W	XII	878282	879508	+	1227	506	922	959	1011	1202	955
YLR061W	XII;XII	263194;263595	263205;263948	+;+	366	0	0	0	0	0	0
YLR386W	XII	893628	896270	+	2643	277	590	591	630	687	760
YLR387C	XII	896374	897672	-	1299	427	729	818	948	1122	1038
YLR422W	XII	965897	971695	+	5799	304	513	569	651	735	847
YLR354C	XII	836350	837357	-	1008	3226	5521	5999	6478	7510	6471
YLR434C	XII	1006025	1006408	-	384	1	1	3	2	1	4
YLL039C	XII	64062	65207	-	1146	966	1837	2101	3522	4270	3259
YLR149C	XII	437631	439823	-	2193	83	119	137	117	119	102
YLR208W	XII	559551	560444	+	894	1060	2083	2258	2081	2386	2046
RDN5-6	XII	489349	489469	+	121	0	0	0	0	0	0
YLR115W	XII	377985	380564	+	2580	302	625	605	760	880	980
YLR005W	XII	160049	161434	+	1386	358	557	649	690	708	660
YLR147C	XII	434158	434463	-	306	211	318	400	426	392	363
YLR076C	XII	283185	283607	-	423	221	448	393	337	293	375
YLR162W	XII	489573	489929	+	357	0	1	2	1	0	2
YLR451W	XII	1036093	1038753	+	2661	448	849	830	986	950	1093
YLR212C	XII	564860	566281	-	1422	242	392	394	443	569	508
YLR454W	XII	1043998	1051884	+	7887	310	549	550	629	750	808
YLR437C-A	XII	1012459	1012686	-	228	0	0	0	0	0	0
YLR064W	XII	265456	266277	+	822	482	1007	1005	1018	1315	1423
YLR132C	XII	407283	408155	-	873	62	117	120	107	129	115
YLR182W	XII	517940	520351	+	2412	400	743	754	848	970	1132
YLR038C	XII	224921	225172	-	252	263	538	665	555	787	790
YLR107W	XII	364116	365330	+	1215	276	517	617	595	552	671
YLR139C	XII	421542	423473	-	1932	124	196	197	231	322	297
YLR305C	XII	738161	743863	-	5703	672	1391	1315	1381	1497	1465
YLR339C	XII	805784	806335	-	552	0	0	0	0	1	0
YLR062C	XII	263577	263954	-	378	26	54	48	48	41	57
YLR334C	XII	796698	797078	-	381	1	4	2	3	3	7
YLL002W	XII	146291	147601	+	1311	148	243	285	297	375	395
YLR070C	XII	274141	275211	-	1071	39	82	81	68	96	66
YLR157C	XII	472969	474057	-	1089	0	0	0	0	0	0
YLR226W	XII	589354	590541	+	1188	217	363	351	395	503	706
YLL048C	XII	41280	46265	-	4986	1272	2641	2630	2428	2571	2774
YLL024C	XII	95566	97485	-	1920	6760	12400	13088	21338	28559	22108
YLR009W	XII	166537	167136	+	600	1474	2785	2909	2665	2432	3075
YLR057W	XII	255306	257855	+	2550	322	631	596	726	836	974
YLR348C	XII	826977	827873	-	897	211	332	361	350	552	292
YLR439W	XII	1014491	1015450	+	960	189	394	337	489	636	412
YLR236C	XII	611794	612117	-	324	5	12	17	13	21	9
YLR345W	XII	820511	822040	+	1530	232	385	494	439	508	447
YLR050C	XII	245587	246072	-	486	261	426	444	506	532	531
YLR332W	XII	790676	791806	+	1131	585	935	938	851	1054	664
YLR369W	XII	859552	861525	+	1974	340	588	607	720	826	829
YLL065W	XII	11726	12076	+	351	0	0	0	0	0	0
tX(XXX)L	XII;XII	784354;784410	784389;784453	+;+	80	0	0	0	0	0	0
RDN5-1	XII	459676	459796	+	121	0	2	0	1	1	2
YLR417W	XII	955010	956710	+	1701	185	348	353	346	399	391
YLR179C	XII	514108	514713	-	606	932	1858	1870	2154	2264	1544
YLR013W	XII	171339	171764	+	426	0	0	1	0	0	0
YLR116W	XII	380822	382252	+	1431	219	412	392	480	521	483
YLR371W	XII	862714	866784	+	4071	398	712	701	740	859	1011
YLR222C	XII	579318	581771	-	2454	853	1767	1737	1749	1831	2382
YLR365W	XII	855199	855531	+	333	1	5	2	2	2	2
YLR440C	XII	1015568	1017697	-	2130	244	444	487	618	641	636
YLR059C	XII	259738	260547	-	810	325	643	694	700	747	513
YLR165C	XII	494494	495258	-	765	93	214	209	203	222	182
YLR421C	XII	965090	965560	-	471	441	910	951	996	1159	1263
YLL027W	XII	87403	88155	+	753	276	571	592	707	675	524
YLR292C	XII	719789	720370	-	582	457	883	1022	994	1019	1209
YLR034C	XII	210512	211933	-	1422	393	732	701	727	906	1064
YLR016C	XII	176802	177416	-	615	173	349	363	357	410	305
YLR255C	XII	645600	645953	-	354	6	2	5	6	1	1
YLR297W	XII	724044	724433	+	390	193	394	400	329	396	235
YLR225C	XII	587695	588918	-	1224	429	826	963	814	807	831
YLR047C	XII	239347	241407	-	2061	122	220	209	263	318	352
YLL022C	XII	99044	100201	-	1158	257	493	498	582	596	481
tI(AAU)L1	XII	734802	734875	+	74	0	2	0	0	0	0
YLR395C	XII	909729	909965	-	237	466	757	998	787	1169	1276
YLL067C	XII;XII	585;4015	3915;4301	-;-	3618	1	4	9	5	7	1
YLR359W	XII	844282	845730	+	1449	3535	7012	6898	5414	4419	4924
YLR456W	XII	1055070	1055684	+	615	43	126	132	103	111	141
YLR067C	XII	267813	270710	-	2898	183	347	376	422	544	626
RDN58-2	XII	464551	464708	-	158	0	0	0	0	0	0
YLR040C	XII	228908	229582	-	675	113	223	232	218	260	207
YLL013C	XII	122075	124714	-	2640	87	162	156	206	271	224
YLR320W	XII	771940	776304	+	4365	202	402	417	426	490	578
YLL045C	XII	47859	48629	-	771	6471	12215	13019	10658	9585	6910
YLR352W	XII	831116	833539	+	2424	146	224	250	320	382	394
YLR160C	XII	486201	487289	-	1089	0	0	0	0	0	0
YLR071C	XII	275378	278626	-	3249	413	805	740	873	1049	1240
YLR286C	XII	708448	710136	-	1689	5286	10281	10496	9722	10973	10671
YLR037C	XII	222685	223059	-	375	12	27	28	37	31	22
YLL004W	XII	141073	142923	+	1851	130	278	303	375	382	559
YLR100W	XII	341810	342853	+	1044	736	1469	1529	1732	1852	1825
YLR088W	XII	316107	317951	+	1845	340	650	695	684	785	859
YLR216C	XII	572096	573211	-	1116	971	1664	1883	3141	4253	3483
YLL040C	XII	54211	63645	-	9435	356	707	771	852	1000	880
YLR154C-G	XII	462522	462671	-	150	0	0	0	0	0	0
YLR410W-B	XII	941483	946796	+	5314	17	35	32	51	67	62
YLR410W-A	XII	941483	942799	+	1317	0	0	0	0	0	0
YLR157C-A	XII	480279	481601	-	1323	0	0	0	0	0	0
YLR256W-A	XII	651117	652439	+	1323	14	33	39	35	39	24
YLR035C-A	XII	215440	218907	-	3468	0	0	1	0	2	1
YLR227W-A	XII	593438	594760	+	1323	0	0	0	0	0	0
YLR157C-B	XII	476333	481601	-	5269	0	0	1	0	0	1
YLR227W-B	XII	593438	598706	+	5269	3	8	3	9	1	5
YPL071C	XVI	420048	420518	-	471	151	301	308	325	327	347
YPL208W	XVI	157842	159593	+	1752	229	516	536	594	695	753
YPL102C	XVI	360003	360305	-	303	1	0	0	0	1	1
YPL217C	XVI	139620	143171	-	3552	1450	2800	2969	2883	2670	2877
YPL197C	XVI	174343	174756	-	414	174	365	346	384	408	458
YPR139C	XVI	813156	814058	-	903	366	750	851	826	964	916
YPR169W	XVI	878690	880168	+	1479	1137	2147	2231	2247	2174	2236
YPL257W	XVI	63279	63860	+	582	62	101	111	90	77	88
snR41	XVI	719148	719242	-	95	32	51	59	48	49	83
YPL009C	XVI	535820	538936	-	3117	928	1772	1884	2027	2283	2462
YPL183C	XVI	199495	202536	-	3042	909	1934	1967	2154	2354	2759
YPR065W	XVI	679693	680799	+	1107	564	1142	1211	1685	2813	2065
YPR099C	XVI	729757	730113	-	357	4	0	2	2	2	0
YPR032W	XVI	634123	637224	+	3102	299	521	549	551	641	694
tM(CAU)P	XVI	338848	338919	-	72	0	0	0	0	0	0
YPR194C	XVI	924304	926937	-	2634	256	419	454	363	420	482
YPL084W	XVI	394038	396572	+	2535	592	1207	1131	1239	1338	1466
YPR101W	XVI	730492	731019	+	528	204	353	374	320	410	483
YPL179W	XVI	208157	209806	+	1650	773	1320	1357	1447	1674	2025
YPL224C	XVI	126634	128088	-	1455	272	464	493	455	517	418
tG(GCC)P2	XVI	860379	860449	+	71	0	0	0	0	0	0
snR17b	XVI;XVI	281056;281504	281373;281517	-;-	332	15	23	33	24	24	46
YPR204W	XVI	944603	947701	+	3099	7	9	15	21	24	12
YPR103W	XVI	732349	733212	+	864	1079	1946	2138	2504	2771	2276
YPR155C	XVI	835563	837413	-	1851	194	293	314	302	410	455
YPL250W-A	XVI	75702	75989	+	288	1	1	0	0	1	0
YPL244C	XVI	87014	88033	-	1020	454	778	817	881	929	967
YPR141C	XVI	815734	817923	-	2190	116	222	252	313	396	442
YPL275W	XVI	18369	19079	+	711	8	3	5	9	11	7
YPR156C	XVI	837909	839777	-	1869	1228	2256	2254	1844	1528	768
YPL240C	XVI	96496	98625	-	2130	2696	3570	4135	4640	7334	5044
YPR188C	XVI	911988	912479	-	492	227	446	481	450	486	571
YPL111W	XVI	339944	340945	+	1002	192	410	467	686	1081	933
YPR119W	XVI	771653	773128	+	1476	367	797	747	770	963	1450
YPL192C	XVI	182655	183056	-	402	42	125	128	123	108	117
YPL059W	XVI	444579	445031	+	453	312	574	649	700	843	840
YPL218W	XVI;XVI	138698;138865	138725;139409	+;+	573	1555	2740	3032	2905	3045	3205
tI(AAU)P1	XVI	819529	819602	+	74	1	0	0	0	0	1
YPL264C	XVI	43283	44344	-	1062	57	71	70	67	99	75
YPL198W	XVI;XVI;XVI	173152;173572;174073	173162;173665;174702	+;+;+	735	977	1832	1851	1967	2173	2398
YPL006W	XVI	544631	548143	+	3513	326	664	595	617	659	715
YPR161C	XVI	864449	866422	-	1974	429	735	829	799	915	934
YPL145C	XVI	278395	279699	-	1305	1786	3681	3770	3744	4108	4095
YPL092W	XVI	373793	375169	+	1377	102	173	218	161	182	246
YPR181C	XVI	897361	899667	-	2307	2222	3833	3749	3933	4741	4192
YPR171W	XVI	883828	885558	+	1731	246	463	518	502	609	549
YPR122W	XVI	782045	785671	+	3627	534	1041	1098	1050	1164	1244
YPL091W	XVI	375502	376953	+	1452	740	1367	1552	1432	1669	1624
YPL137C	XVI	292817	296647	-	3831	370	660	648	721	907	1021
YPL014W	XVI	527547	528692	+	1146	1133	2038	2024	1576	1031	321
YPL164C	XVI	239350	241497	-	2148	151	298	320	359	342	304
YPL163C	XVI	241918	242700	-	783	552	814	757	1343	1682	1340
YPR069C	XVI	684556	685437	-	882	1442	2738	2961	2761	2735	3009
YPL038W-A	XVI	480182	480373	+	192	3	3	10	6	13	15
YPR072W	XVI	690107	691789	+	1683	787	1584	1642	1645	1763	2048
YPR067W	XVI	682220	682777	+	558	155	298	317	330	428	415
YPL175W	XVI;XVI	218630;218747	218646;220088	+;+	1359	314	623	672	746	670	693
YPL088W	XVI	381965	382993	+	1029	458	823	825	1218	908	826
YPL125W	XVI	313388	316486	+	3099	431	835	858	888	1035	1266
YPL090C	XVI;XVI	377291;378390	377995;378395	-;-	711	4351	8382	9071	7365	6678	5879
YPR120C	XVI	773875	775182	-	1308	109	268	241	302	382	500
YPR198W	XVI	934034	935665	+	1632	345	675	673	735	832	956
YPR053C	XVI	665788	666243	-	456	22	24	32	37	47	22
YPR106W	XVI	740061	741392	+	1332	166	319	310	261	329	428
YPL250C	XVI	74309	74719	-	411	132	224	236	134	112	76
YPL051W	XVI	459963	460559	+	597	179	316	314	341	356	381
YPR013C	XVI	584632	585585	-	954	302	548	604	472	411	233
YPL121C	XVI	320962	321630	-	669	2	4	6	8	6	5
YPR068C	XVI	682941	684353	-	1413	125	201	217	230	270	279
YPR160W-A	XVI	861934	862014	+	81	0	0	0	0	0	0
YPR202W	XVI;XVI	943032;943199	943050;943896	+;+	717	5	7	5	9	6	18
YPL270W	XVI	30482	32803	+	2322	342	626	669	706	809	765
YPL248C	XVI	79711	82356	-	2646	136	247	281	319	285	275
YPR058W	XVI	673751	674674	+	924	198	335	297	318	313	237
YPL004C	XVI	550632	551657	-	1026	1594	2760	2999	2827	3454	2639
YPR110C	XVI	745828	746835	-	1008	1676	3306	3721	3326	3165	3761
YPL042C	XVI	473040	474707	-	1668	292	419	457	440	497	463
YPR149W	XVI	829918	830439	+	522	2361	4423	4781	3571	4254	3773
YPL172C	XVI	224353	225741	-	1389	159	255	281	320	453	471
YPR009W	XVI	576552	577358	+	807	312	558	569	527	518	630
YPL039W	XVI	479225	480175	+	951	109	176	175	217	250	243
YPR051W	XVI	664960	665490	+	531	65	114	117	138	125	84
YPR134W	XVI	798051	798857	+	807	117	195	230	216	251	239
YPR118W	XVI	767752	768987	+	1236	898	1909	1979	1884	1810	2002
YPR019W	XVI	596750	599551	+	2802	507	906	870	918	1143	1074
YPL213W	XVI	150614	151330	+	717	135	289	298	347	381	352
YPR121W	XVI	778583	780301	+	1719	117	226	212	213	253	200
YPL054W	XVI	455759	456664	+	906	20	25	29	34	57	43
YPL123C	XVI	317641	318945	-	1305	119	261	267	249	250	225
YPL144W	XVI	280480	280926	+	447	80	148	150	160	223	169
YPR036W-A	XVI	645950	646153	+	204	959	1469	1773	1224	1706	761
YPL140C	XVI	287514	289034	-	1521	247	495	530	533	567	543
snR70	XVI	718887	719050	-	164	40	57	75	55	61	81
YPL202C	XVI	168088	169338	-	1251	249	434	481	580	686	838
YPL114W	XVI	335948	336367	+	420	0	0	0	0	0	0
tI(AAU)P2	XVI	880296	880369	-	74	0	0	0	0	0	0
YPL045W	XVI	467260	469656	+	2397	292	540	583	637	705	832
YPL267W	XVI	38169	38798	+	630	82	163	185	218	280	322
YPL133C	XVI	299888	301228	-	1341	166	220	225	271	313	274
tA(AGC)P	XVI	856902	856974	+	73	0	0	0	0	0	0
YPL263C	XVI	44551	46506	-	1956	765	1492	1547	1566	1663	1596
YPL097W	XVI	364952	366430	+	1479	155	267	300	416	496	492
YPR130C	XVI	793374	793781	-	408	4	10	8	10	13	6
YPR177C	XVI	892313	892684	-	372	0	0	0	0	0	0
YPR124W	XVI	786208	787428	+	1221	824	1725	1652	2502	3023	2754
YPR157W	XVI	841266	842669	+	1404	548	1052	1067	740	547	183
YPR004C	XVI	564007	565041	-	1035	511	1091	1007	1148	1334	1230
YPR080W	XVI	700594	701970	+	1377	6092	10652	11668	9936	9630	7700
YPL162C	XVI	243206	244027	-	822	169	280	303	321	346	366
YPL200W	XVI	171484	171954	+	471	11	23	16	21	9	18
YPR057W	XVI	672471	673496	+	1026	232	378	401	414	501	474
YPR100W	XVI	729791	730213	+	423	49	120	102	106	122	124
YPR033C	XVI	637379	639019	-	1641	2035	4054	4136	3987	3702	3959
YPR174C	XVI	888043	888708	-	666	98	241	234	275	319	239
YPR151C	XVI	831055	831675	-	621	2	8	6	7	9	10
YPR180W	XVI	895961	897004	+	1044	303	522	637	627	691	739
YPL210C	XVI	154290	156212	-	1923	1231	2389	2657	2655	2852	3424
tC(GCA)P1	XVI	435893	435964	-	72	1	0	1	0	0	0
YPL155C	XVI	257216	259336	-	2121	181	336	342	396	524	459
YPL225W	XVI	126006	126446	+	441	880	1830	1981	1797	1951	2445
YPL081W	XVI;XVI	404950;405458	404956;406044	+;+	594	1057	2164	2279	3098	3627	3982
YPL266W	XVI	39121	40077	+	957	1085	2066	2114	1978	1647	1860
YPR002W	XVI	558385	559935	+	1551	33	50	75	77	100	77
YPL127C	XVI	308828	309604	-	777	383	659	687	851	1145	772
YPR108W	XVI	742454	743743	+	1290	824	1610	1780	2079	2455	2464
YPR172W	XVI	885796	886398	+	603	230	472	487	528	504	514
tF(GAA)P2	XVI;XVI	622540;622595	622575;622631	-;-	73	0	0	0	0	0	2
YPR200C	XVI	939279	939671	-	393	31	51	62	45	51	58
YPL058C	XVI	445842	450377	-	4536	1107	1957	1872	1568	1452	1327
YPL073C	XVI	418499	418984	-	486	2	2	1	1	4	5
YPR197C	XVI	933898	934461	-	564	4	1	5	0	1	4
YPR088C	XVI	711403	713028	-	1626	768	1551	1620	1594	1576	1701
YPL254W	XVI	69485	70951	+	1467	300	610	623	643	627	733
YPR010C-A	XVI;XVI	582373;582702	582558;582734	-;-	219	178	293	349	326	537	607
YPL223C	XVI	128632	129138	-	507	13	21	33	28	24	9
YPR056W	XVI	671126	672142	+	1017	237	493	555	509	563	634
YPR006C	XVI	567269	568996	-	1728	141	171	238	252	280	277
YPR129W	XVI	792687	793736	+	1050	383	653	700	799	892	852
YPR199C	XVI	938148	939032	-	885	191	343	401	418	442	416
YPL062W	XVI	431895	432299	+	405	1	2	2	1	3	1
YPR113W	XVI	752257	752919	+	663	897	1592	1622	1584	1608	1462
YPL166W	XVI	237338	237979	+	642	66	114	115	116	116	118
YPR020W	XVI	599870	600217	+	348	355	677	724	591	859	967
YPL160W	XVI	246990	250262	+	3273	3059	6454	6264	6543	6781	6685
YPL147W	XVI	273255	275867	+	2613	136	211	252	243	261	308
YPL107W	XVI	349119	349865	+	747	160	252	301	315	381	339
YPL169C	XVI	229039	230838	-	1800	708	1429	1461	1539	1749	1808
YPR169W-A	XVI	883239	883457	+	219	0	0	0	0	0	0
YPR170W-A	XVI	883378	883563	+	186	0	0	0	0	0	0
YPR014C	XVI	587189	587518	-	330	22	49	51	63	61	41
YPR049C	XVI	661137	664673	-	3537	166	337	308	433	487	555
YPL087W	XVI	383455	384408	+	954	693	1183	1326	1129	969	705
YPR115W	XVI	754877	758128	+	3252	355	721	700	701	842	732
YPL184C	XVI	195950	197788	-	1839	463	904	925	1010	1052	1159
YPR111W	XVI	747306	749000	+	1695	122	215	244	276	339	367
YPR203W	XVI	943880	944188	+	309	0	1	0	0	0	0
YPR189W	XVI	912664	916962	+	4299	372	746	786	886	968	1095
YPR034W	XVI	639525	640958	+	1434	486	857	909	1111	1412	1158
YPL189W	XVI	189154	190983	+	1830	24	65	66	70	74	70
YPL246C	XVI	84509	85297	-	789	531	1000	1050	1087	1213	1109
YPL020C	XVI	512313	514178	-	1866	425	675	798	784	904	1029
YPL255W	XVI	67725	68882	+	1158	116	198	235	252	345	321
YPL196W	XVI	175043	175864	+	822	202	342	360	372	381	281
YPR135W	XVI	799234	802017	+	2784	249	490	527	547	735	812
YPR044C	XVI	654524	654877	-	354	83	135	132	99	88	112
YPL061W	XVI	432588	434090	+	1503	1644	3257	3412	4523	9213	7609
YPL238C	XVI	100474	100863	-	390	1	1	1	1	1	1
YPL052W	XVI;XVI	458799;459007	459005;459678	+;+	879	215	374	432	493	468	540
YPR112C	XVI	749256	751919	-	2664	1072	2139	2292	2158	2128	2618
YPL186C	XVI	194512	195426	-	915	34	50	57	63	57	45
YPR148C	XVI	826833	828140	-	1308	908	1625	1826	1996	2191	2211
YPL276W	XVI	17948	18385	+	438	5	7	4	4	10	7
YPL280W	XVI	11887	12600	+	714	0	0	0	0	0	0
YPR143W	XVI	818323	819075	+	753	552	1110	1215	1029	842	1034
YPL261C	XVI	48996	49304	-	309	0	1	1	5	5	7
YPL034W	XVI	486712	487209	+	498	68	140	142	156	140	155
YPL116W	XVI	329606	331699	+	2094	153	337	324	364	503	568
YPL131W	XVI	303121	304014	+	894	15913	28049	30346	27063	28891	24391
YPR017C	XVI	593486	593917	-	432	89	194	228	170	177	220
YPL012W	XVI	529723	533409	+	3687	2551	5292	5239	5303	5050	6977
YPL017C	XVI	518734	520233	-	1500	168	298	290	266	319	228
YPL010W	XVI	535018	535587	+	570	881	1612	1785	1697	1814	2072
YPR173C	XVI	886524	887837	-	1314	773	1415	1515	1618	1878	1587
YPL233W	XVI	106172	106822	+	651	168	284	326	329	367	219
YPR024W	XVI	610481	612724	+	2244	531	934	998	1130	1593	1357
YPL152W-A	XVI	264602	264700	+	99	1	1	0	0	2	2
YPL187W	XVI	193648	194145	+	498	8	4	3	0	5	4
YPR191W	XVI	919381	920487	+	1107	985	1655	1737	1666	2968	2276
YPR170C	XVI	882983	883318	-	336	6	6	15	20	9	4
YPR123C	XVI	786141	786575	-	435	12	25	17	51	45	98
YPR142C	XVI	818130	818693	-	564	0	1	0	0	0	0
YPL063W	XVI	429939	431369	+	1431	944	1972	1935	2011	2385	2215
YPR007C	XVI	569336	571378	-	2043	12	24	29	26	19	34
YPR084W	XVI	706972	708342	+	1371	216	369	384	417	460	483
YPL149W	XVI	271310	272194	+	885	312	568	641	707	668	487
YPL089C	XVI	379120	381150	-	2031	743	1309	1299	1535	1645	1215
YPR166C	XVI	876282	876629	-	348	169	266	360	380	391	505
YPR167C	XVI	876847	877632	-	786	153	290	311	376	458	430
YPL231W	XVI	108652	114315	+	5664	4751	9394	8764	8195	8113	7256
YPR025C	XVI	613377	614558	-	1182	233	479	516	510	600	629
YPL098C	XVI	364386	364727	-	342	169	351	376	432	509	379
YPR147C	XVI	825645	826559	-	915	250	555	585	582	612	626
YPL129W	XVI;XVI	305298;305412	305306;306137	+;+	735	765	1402	1498	1442	1602	1512
YPR153W	XVI;XVI	833689;833828	833693;834245	+;+	423	25	64	68	83	76	67
YPR164W	XVI	870703	874926	+	4224	246	485	513	552	717	883
YPL026C	XVI	500675	502183	-	1509	277	525	488	480	820	671
YPR001W	XVI	556377	557837	+	1461	53	76	88	101	115	97
YPL282C	XVI	7933	8427	-	495	0	0	1	0	0	0
YPR178W	XVI	892332	893729	+	1398	152	254	300	333	346	283
YPR061C	XVI	675977	676882	-	906	63	83	111	83	89	88
YPL180W	XVI	205248	207647	+	2400	244	456	489	586	697	765
YPL142C	XVI	282686	283003	-	318	22	49	43	28	20	22
YPL019C	XVI	514511	517018	-	2508	4218	9222	8869	7202	6977	9661
YPL258C	XVI	53498	55153	-	1656	68	116	109	119	140	85
YPL022W	XVI	506697	509999	+	3303	463	774	876	873	1063	1068
YPL279C	XVI	13228	14355	-	1128	35	80	87	70	75	86
YPL044C	XVI	469926	470474	-	549	0	0	0	0	0	0
YPR193C	XVI	922909	923379	-	471	6	30	18	25	22	19
YPL001W	XVI	554605	555729	+	1125	226	433	454	439	490	627
YPR083W	XVI	704854	706593	+	1740	125	244	252	215	279	303
YPR195C	XVI	927965	928294	-	330	26	45	40	45	40	16
YPL057C	XVI	451909	453057	-	1149	674	1220	1246	1522	1869	1489
YPL211W	XVI	153495	154040	+	546	1014	1911	2063	1598	1254	1707
YPL041C	XVI	475118	475741	-	624	71	132	122	134	145	135
YPR003C	XVI	561504	563768	-	2265	181	300	353	309	369	279
YPL181W	XVI	203421	204941	+	1521	386	725	752	748	863	735
YPR168W	XVI	878076	878549	+	474	54	121	139	137	151	135
YPL185W	XVI	195253	195648	+	396	7	18	9	10	13	12
YPL040C	XVI	475993	479001	-	3009	160	368	378	448	554	609
YPL070W	XVI	420948	422786	+	1839	420	694	769	724	686	682
YPR159W	XVI	857583	859745	+	2163	1079	2009	1867	2692	3280	3437
YPL002C	XVI	553627	554328	-	702	132	286	309	300	333	361
snR51	XVI	718700	718806	-	107	14	21	21	13	13	24
YPL227C	XVI	120163	121167	-	1005	377	796	772	872	931	1201
YPL067C	XVI	425251	425847	-	597	157	252	242	291	351	198
YPL236C	XVI	101608	102702	-	1095	148	223	282	253	274	244
YPL151C	XVI	266180	267535	-	1356	241	381	467	437	531	469
YPL234C	XVI	104946	105440	-	495	856	1419	1572	1369	1390	1209
YPL015C	XVI	525810	526883	-	1074	333	646	656	615	822	665
YPR035W	XVI	642208	643320	+	1113	8582	15780	17020	16018	16424	10314
YPR037C	XVI	646448	647038	-	591	129	268	261	277	266	169
YPR184W	XVI	902044	906654	+	4611	129	238	227	255	325	342
YPL135W	XVI	297553	298050	+	498	318	508	559	781	1115	840
YPL215W	XVI	147416	148423	+	1008	367	642	650	652	788	1023
YPL112C	XVI	337436	338620	-	1185	294	596	651	644	806	885
tK(UUU)P	XVI;XVI	769207;769266	769242;769302	-;-	73	3	6	17	3	3	6
YPR146C	XVI	825347	825676	-	330	48	87	70	80	88	88
YPR087W	XVI	711354	711674	+	321	13	22	19	18	12	37
tW(CCA)P	XVI;XVI	56169;56239	56204;56274	-;-	72	2	2	1	1	3	4
YPL154C	XVI	259714	260931	-	1218	1541	2771	2792	3433	4181	3635
YPL136W	XVI	296286	296654	+	369	0	1	1	1	1	0
YPR094W	XVI	720637	720960	+	324	144	229	236	260	274	299
YPR074C	XVI	692796	694838	-	2043	5766	10543	10730	10177	12319	10285
YPL056C	XVI	453430	453735	-	306	43	53	56	87	62	47
YPL189C-A	XVI	188307	188513	-	207	87	172	165	165	134	141
YPR082C	XVI	704225	704656	-	432	147	245	267	269	313	320
YPR133C	XVI	795978	797210	-	1233	805	1661	1755	1638	1834	1877
YPL047W	XVI	465962	466261	+	300	126	227	251	221	243	244
YPL077C	XVI	409368	410090	-	723	48	117	127	133	151	102
YPR016W-A	XVI	593096	593356	+	261	51	80	77	78	85	99
YPL272C	XVI	26611	28164	-	1554	52	70	72	60	100	110
YPR050C	XVI	664953	665366	-	414	0	0	0	0	0	0
YPR108W-A	XVI	744175	744387	+	213	1	3	0	1	2	2
YPR070W	XVI	685898	687598	+	1701	351	594	611	644	721	837
YPL176C	XVI	216012	218363	-	2352	478	768	834	808	871	815
YPL220W	XVI	135790	136443	+	654	2334	4429	4938	3741	3380	3932
YPL065W	XVI	427927	428655	+	729	127	206	235	236	293	333
YPL074W	XVI	415763	418027	+	2265	380	705	648	687	817	669
YPL032C	XVI	488887	491364	-	2478	899	1645	1613	1859	2255	2236
YPL167C	XVI	232593	237107	-	4515	175	342	350	392	366	464
tN(GUU)P	XVI	810676	810749	+	74	8	8	21	11	10	5
YPR185W	XVI	907218	909434	+	2217	207	399	409	468	624	614
YPR160C-A	XVI	862577	862861	-	285	0	0	0	0	0	0
YPL038W	XVI	480535	481068	+	534	179	248	287	280	277	308
YPR145W	XVI	822620	824338	+	1719	4949	10404	10454	10664	13264	9941
YPL165C	XVI	237956	239077	-	1122	114	226	233	202	190	166
YPL193W	XVI	181403	182548	+	1146	319	650	704	646	654	845
YPL003W	XVI	552020	553408	+	1389	128	213	233	225	274	276
YPL178W	XVI	212158	212784	+	627	563	1052	1157	1073	1080	1088
YPL013C	XVI	528985	529350	-	366	235	361	410	486	570	458
YPR012W	XVI	584309	584563	+	255	42	83	73	53	60	46
YPR042C	XVI	650435	653662	-	3228	227	405	425	444	469	449
YPL103C	XVI	358000	359406	-	1407	173	332	365	450	570	496
YPR028W	XVI;XVI	623527;623711	623577;624202	+;+	543	1727	2937	3233	2967	3055	3079
YPR039W	XVI	647012	647347	+	336	1	1	0	0	0	0
YPR089W	XVI	713275	715941	+	2667	515	911	903	1050	1212	1408
YPL075W	XVI;XVI	412254;413013	412261;415362	+;+	2358	576	1175	1161	1067	1160	1072
YPR196W	XVI	931376	932788	+	1413	74	186	140	148	181	127
YPR077C	XVI	697131	697502	-	372	0	0	0	0	0	0
YPL024W	XVI	503517	504242	+	726	73	150	188	192	246	281
YPR008W	XVI	573018	575102	+	2085	686	1149	1266	1201	1326	1301
YPR071W	XVI	688172	688807	+	636	105	231	235	203	211	255
YPL182C	XVI	203306	203689	-	384	5	13	9	12	14	29
tC(GCA)P2	XVI	775765	775836	-	72	1	0	0	0	0	0
YPR062W	XVI	677165	677641	+	477	831	1510	1645	1482	1471	1216
YPL277C	XVI	15405	16868	-	1464	11	29	41	35	44	37
YPR125W	XVI	787961	789325	+	1365	403	825	827	888	1122	1264
YPR131C	XVI	793911	794498	-	588	225	391	446	475	537	551
YPL221W	XVI	133043	135424	+	2382	941	1430	1515	1525	1741	1434
YPR073C	XVI	691933	692418	-	486	351	541	677	662	747	926
YPL262W	XVI	47336	48802	+	1467	926	1710	1633	1764	2114	1736
snR45	XVI	821732	821903	+	172	7	10	10	13	8	13
YPR036W	XVI	643836	645272	+	1437	1756	3371	3574	3482	3621	2592
YPL031C	XVI;XVI	492018;493021	492918;493037	-;-	918	360	599	694	709	820	570
YPL237W	XVI	100496	101353	+	858	1727	3263	3411	2982	2722	3349
YPL053C	XVI	457118	458458	-	1341	626	1278	1310	1398	1335	1545
YPR109W	XVI	744689	745573	+	885	206	369	432	409	470	505
YPR159C-A	XVI	860314	860415	-	102	0	0	0	0	0	0
YPL122C	XVI	319226	320767	-	1542	247	484	504	532	535	675
YPL085W	XVI	387067	393654	+	6588	638	1113	1082	1270	1593	1500
YPR104C	XVI	733623	736433	-	2811	254	476	460	521	671	712
YPR186C	XVI	909733	911022	-	1290	176	319	309	350	417	568
YPR201W	XVI	939922	941136	+	1215	27	84	84	90	99	102
YPL138C	XVI	291366	292427	-	1062	117	240	326	277	333	366
YPR030W	XVI	627880	631245	+	3366	93	154	159	220	211	185
YPR190C	XVI	917077	919041	-	1965	660	1342	1394	1385	1502	1887
YPL043W	XVI	469939	471996	+	2058	1105	2093	2160	1951	1904	2298
YPL108W	XVI	348446	348952	+	507	81	153	183	143	180	196
YPL105C	XVI	352863	355412	-	2550	1068	2024	2034	2231	2643	2561
YPL168W	XVI	231217	232509	+	1293	179	263	315	344	382	341
YPR018W	XVI	594476	596296	+	1821	285	503	539	573	717	813
YPR132W	XVI;XVI	794965;795395	795029;795767	+;+	438	7703	13524	15742	12420	11484	10905
YPL222C-A	XVI	131870	132115	-	246	0	0	0	0	0	0
YPR137W	XVI	802359	804080	+	1722	587	1365	1362	1421	1619	1961
YPL219W	XVI	136750	138228	+	1479	160	211	242	221	220	178
tS(UGA)P	XVI	689565	689646	+	82	0	0	1	0	1	1
YPL029W	XVI	495506	497719	+	2214	176	384	377	476	594	662
YPL113C	XVI	335953	337143	-	1191	39	69	70	68	64	74
YPL190C	XVI	185317	187725	-	2409	765	1532	1492	1804	2153	1757
YPL241C	XVI;XVI	95372;96234	96153;96258	-;-	807	120	192	214	200	247	270
YPL281C	XVI	9557	10870	-	1314	0	1	1	2	0	1
YPL023C	XVI	504339	506312	-	1974	522	865	973	989	1278	1162
YPR043W	XVI;XVI	654166;654571	654167;654847	+;+	279	0	0	0	0	0	0
YPR116W	XVI	758648	759481	+	834	63	112	156	190	156	113
YPL252C	XVI	73363	73881	-	519	98	150	152	163	203	101
YPR047W	XVI	657529	658938	+	1410	160	279	313	413	456	449
YPL119C-A	XVI	324024	324287	-	264	11	28	25	28	35	51
YPL194W	XVI	179277	181115	+	1839	89	185	183	218	285	268
YPL157W	XVI	254814	255761	+	948	254	515	531	517	600	658
YPL177C	XVI	213042	213962	-	921	488	922	1022	914	1154	1119
YPR165W	XVI	875368	875997	+	630	2255	4018	4351	4339	4570	4308
YPL037C	XVI	481428	481901	-	474	3952	6922	7944	6616	6559	4803
YPR093C	XVI	719558	720424	-	867	88	184	205	217	228	155
tG(GCC)P1	XVI	572269	572339	+	71	0	0	0	0	0	1
YPR066W	XVI	681213	682112	+	900	65	94	97	115	124	107
YPL247C	XVI	82625	84196	-	1572	299	497	488	443	407	229
YPL101W	XVI	360209	361579	+	1371	441	762	777	813	825	836
YPL064C	XVI	428711	429616	-	906	277	559	632	523	609	586
YPL256C	XVI	64977	66614	-	1638	585	1169	1107	1953	2472	2711
YPL099C	XVI	363520	364068	-	549	120	227	274	247	265	293
YPR023C	XVI	608826	610031	-	1206	427	741	794	811	936	827
YPL093W	XVI	370978	372921	+	1944	2602	5709	5628	5648	5649	6709
YPL134C	XVI	298571	299503	-	933	54	123	137	130	199	187
YPL153C	XVI	261727	264192	-	2466	105	198	195	226	329	395
YPL222W	XVI	130162	132228	+	2067	53	79	99	108	132	110
YPR075C	XVI	695737	696819	-	1083	343	590	613	725	931	665
YPL118W	XVI	326628	327662	+	1035	482	933	994	1033	1275	1497
YPL239W	XVI	99484	100086	+	603	774	1489	1575	1576	1604	1520
YPR136C	XVI	802325	802837	-	513	0	0	0	0	0	0
YPL033C	XVI	487362	488207	-	846	4	10	6	7	6	5
YPR045C	XVI	655140	656552	-	1413	223	425	473	434	426	447
YPR038W	XVI	646836	647195	+	360	0	0	0	0	0	0
YPR011C	XVI	583062	584042	-	981	175	290	339	396	403	375
YPL100W	XVI	361872	363362	+	1491	235	449	481	460	439	471
YPL076W	XVI	410443	411285	+	843	141	247	258	249	229	235
YPL027W	XVI	499665	500402	+	738	3	6	7	11	7	8
YPL271W	XVI	30079	30267	+	189	355	595	685	625	1055	1106
YPL128C	XVI	306533	308221	-	1689	217	420	391	492	632	675
YPL139C	XVI	289669	291051	-	1383	376	783	759	794	829	837
YPL005W	XVI	548486	550306	+	1821	127	149	188	211	209	218
YPL148C	XVI	272294	272815	-	522	41	65	82	103	99	96
YPL080C	XVI	406172	406498	-	327	29	60	54	68	63	100
YPL265W	XVI	41043	42869	+	1827	684	1140	1242	902	1732	1273
snR59	XVI	173827	173904	+	78	6	8	9	6	6	17
YPR052C	XVI	665693	665974	-	282	169	265	261	238	234	127
YPR145C-A	XVI	824690	824926	-	237	91	147	183	214	113	37
YPL096W	XVI	366927	368018	+	1092	216	383	432	415	474	420
YPR078C	XVI	697147	698265	-	1119	19	49	52	57	57	75
YPL104W	XVI	355700	357676	+	1977	190	358	348	420	483	510
YPR074W-A	XVI	695018	695188	+	171	0	0	1	0	0	0
YPL283W-B	XVI	643	1125	+	483	0	0	0	0	0	0
YPR162C	XVI	866715	868304	-	1590	207	420	424	487	568	584
YPL030W	XVI	493543	495246	+	1704	374	728	681	795	868	1046
YPL069C	XVI	422885	423892	-	1008	137	251	298	266	322	408
YPL188W	XVI	191406	192650	+	1245	259	453	535	501	646	672
YPL201C	XVI	169770	171155	-	1386	40	38	38	40	32	41
YPL207W	XVI	159909	162341	+	2433	1271	2552	2657	2429	2250	2438
YPR021C	XVI	600649	603357	-	2709	243	486	498	543	644	693
YPL253C	XVI	71063	73006	-	1944	103	175	208	267	368	361
YPR040W	XVI	647305	648375	+	1071	155	325	315	292	364	251
YPL143W	XVI;XVI	282122;282666	282140;282970	+;+	324	8	6	5	9	7	20
YPL132W	XVI	301716	302618	+	903	143	260	303	313	456	362
YPL171C	XVI	226169	227371	-	1203	18	35	36	44	53	45
YPL126W	XVI	310210	312900	+	2691	1636	3273	3477	3505	3429	4584
YPR063C	XVI;XVI	677812;678280	678193;678320	-;-	423	560	1084	1108	1080	1180	946
YPR187W	XVI;XVI	911257;911353	911276;911800	+;+	468	1752	2997	3385	2918	2720	2692
YPL007C	XVI	542082	543848	-	1767	177	318	332	387	479	488
YPL209C	XVI	156490	157593	-	1104	29	59	58	81	94	132
YPR182W	XVI	900194	900454	+	261	150	200	259	232	272	113
YPL242C	XVI	90622	95109	-	4488	462	1042	1052	1139	1344	1577
YPL205C	XVI	163922	164266	-	345	37	49	60	64	62	151
YPL278C	XVI	15053	15355	-	303	4	10	8	18	10	7
YPR086W	XVI	710101	711138	+	1038	595	1155	1131	1191	1215	1213
YPR117W	XVI	760025	767494	+	7470	435	771	825	835	768	805
YPL096C-A	XVI	366529	366735	-	207	60	104	91	98	106	119
YPR092W	XVI	718379	718684	+	306	7	15	14	9	7	30
YPL086C	XVI	384773	386446	-	1674	768	1510	1604	1550	1337	1796
YPR005C	XVI	565787	566671	-	885	94	123	177	110	160	147
YPR046W	XVI	656799	657344	+	546	74	109	137	133	149	168
tK(CUU)P	XVI	582062	582134	+	73	0	1	1	0	0	1
YPL269W	XVI	33013	34947	+	1935	101	249	231	245	319	336
YPL135C-A	XVI	297678	297851	-	174	0	0	0	0	0	0
YPR105C	XVI	736984	739569	-	2586	350	717	803	812	1029	1237
YPL158C	XVI	252034	254310	-	2277	607	1193	1064	1269	1658	1806
tE(UUC)P	XVI	210192	210263	-	72	0	0	0	1	0	0
YPL094C	XVI	369839	370663	-	825	844	1603	1683	1814	1942	2047
YPR176C	XVI	891101	892078	-	978	267	467	521	499	593	565
YPL191C	XVI	183597	184679	-	1083	78	167	136	160	213	172
YPR204C-A	XVI	946856	947338	-	483	0	0	0	0	0	0
YPR163C	XVI	868645	869955	-	1311	4124	8103	8567	7647	7183	6896
YPL229W	XVI	117067	117687	+	621	79	135	147	161	179	209
YPR160W	XVI	861306	864014	+	2709	221	436	359	189	286	299
YPL049C	XVI	462481	463839	-	1359	736	1238	1294	1268	1563	950
YPL066W	XVI	426233	427672	+	1440	421	831	834	907	1107	1061
YPL183W-A	XVI	199095	199376	+	282	141	259	291	305	373	355
YPL235W	XVI	103232	104647	+	1416	908	1840	1843	1791	1853	2222
YPL141C	XVI	283464	286061	-	2598	364	761	636	845	1068	1069
tF(GAA)P1	XVI;XVI	560198;560253	560233;560289	-;-	73	1	5	1	2	4	6
YPR144C	XVI	819765	821423	-	1659	680	1287	1388	1380	1326	1717
YPL249C-A	XVI;XVI	75699;76224	75985;76239	-;-	303	83	127	149	102	134	72
YPR128C	XVI	791218	792204	-	987	226	531	525	510	566	567
YPR054W	XVI	666280	667446	+	1167	71	117	94	92	183	158
YPL156C	XVI	255913	256767	-	855	237	396	481	391	395	355
YPL173W	XVI	223143	224036	+	894	287	541	516	635	685	705
YPR098C	XVI;XVI	728947;729482	729385;729528	-;-	486	124	258	232	220	277	253
YPL260W	XVI	49303	50958	+	1656	829	1475	1529	1524	1631	1840
YPL251W	XVI	73625	73927	+	303	0	0	0	0	0	0
YPL016W	XVI	521014	524958	+	3945	273	465	470	489	552	639
YPR095C	XVI	721037	724717	-	3681	308	501	517	561	653	628
YPR079W	XVI	698869	700014	+	1146	153	295	310	315	275	280
YPR010C	XVI	577585	581196	-	3612	2957	6185	6108	6153	6078	6999
YPL046C	XVI	466644	466943	-	300	45	88	108	86	136	150
YPL021W	XVI	511101	511664	+	564	2	0	0	0	0	0
YPL268W	XVI	35236	37845	+	2610	344	608	627	624	736	810
YPL283C	XVI;XVI	280;5989	5840;6007	-;-	5580	0	0	0	0	0	0
YPL206C	XVI	162632	163597	-	966	307	544	512	618	710	621
YPR055W	XVI	667676	670873	+	3198	259	509	565	586	753	837
YPR138C	XVI	810984	812453	-	1470	708	1253	1230	1096	1601	1279
YPL243W	XVI	88517	90316	+	1800	1340	2494	2555	2649	2816	3428
YPR127W	XVI	790083	791120	+	1038	290	461	569	457	526	448
YPL095C	XVI	368071	369441	-	1371	193	363	352	332	345	304
YPR027C	XVI	620425	621258	-	834	75	181	166	140	169	164
YPL232W	XVI	107275	108147	+	873	966	1671	1856	1743	1907	1624
YPL124W	XVI	316755	317516	+	762	83	110	112	140	158	179
YPR041W	XVI	648704	649921	+	1218	2273	4122	4310	4146	4488	4273
YPL083C	XVI	396702	398105	-	1404	193	373	396	450	511	578
YPL048W	XVI	464401	465648	+	1248	1406	2605	2844	2708	2960	1977
YPL120W	XVI	322071	323744	+	1674	134	254	284	365	431	437
YPL117C	XVI	327864	328730	-	867	1381	2819	3055	2906	3340	3779
YPR126C	XVI	789077	789385	-	309	44	88	102	75	119	59
YPR091C	XVI	716156	718468	-	2313	510	869	831	896	969	1116
YPR059C	XVI	674314	674700	-	387	2	9	4	3	2	7
YPL214C	XVI	148569	150191	-	1623	219	378	368	381	425	429
YPL203W	XVI	166256	167398	+	1143	280	493	551	450	543	419
YPL273W	XVI	25087	26064	+	978	1741	3378	3508	3011	3020	3639
YPR081C	XVI	702114	703970	-	1857	199	361	422	472	570	456
YPL011C	XVI	533642	534703	-	1062	216	415	460	473	568	582
YPR097W	XVI	725394	728615	+	3222	522	1000	1026	999	1172	1496
YPL274W	XVI	22938	24701	+	1764	547	999	1003	1042	1370	1311
YPR158W	XVI	843262	844020	+	759	519	627	834	655	802	608
YPL050C	XVI	460779	461966	-	1188	1021	2036	2100	2083	2439	2739
YPR114W	XVI	753301	754248	+	948	639	1213	1224	1198	1371	1309
YPL110C	XVI	341068	344739	-	3672	420	911	859	1013	979	988
YPL161C	XVI	244319	246220	-	1902	215	409	418	478	570	619
YPR022C	XVI	603911	607312	-	3402	437	769	827	885	1142	1148
tT(UGU)P	XVI	744284	744355	+	72	0	0	0	0	0	0
YPR175W	XVI	888974	891043	+	2070	204	331	359	353	514	624
YPL068C	XVI	424215	425096	-	882	68	135	123	128	140	219
YPL055C	XVI	453992	454990	-	999	132	228	261	310	391	273
YPL079W	XVI;XVI	406636;407068	406646;407539	+;+	483	6400	11370	13379	10208	9620	7987
YPL150W	XVI	268188	270893	+	2706	318	556	536	699	686	652
YPR192W	XVI	921860	922777	+	918	31	40	28	46	58	31
YPL226W	XVI	121767	125357	+	3591	2720	5285	5261	5201	5849	6678
YPL115C	XVI	332100	335486	-	3387	397	848	823	950	1080	1124
YPL283W-A	XVI	1426	2001	+	576	0	0	0	0	0	0
YPL170W	XVI	228314	228772	+	459	192	402	438	543	579	379
YPL245W	XVI	85586	86950	+	1365	340	555	630	561	506	485
YPR140W	XVI	814391	815536	+	1146	236	440	455	503	675	743
YPR048W	XVI	659182	661053	+	1872	294	578	623	681	723	878
YPR102C	XVI	731224	731748	-	525	3413	6048	7104	5757	5356	5492
YPL036W	XVI	482843	485686	+	2844	95	133	158	139	183	171
YPR015C	XVI	590283	591026	-	744	13	22	32	23	25	25
YPR133W-A	XVI	797557	797709	+	153	269	443	570	557	611	844
YPL146C	XVI	276162	277529	-	1368	1353	2592	2691	2287	2026	2930
YPR107C	XVI	741438	742064	-	627	154	303	331	330	336	372
YPL035C	XVI	486564	486911	-	348	21	52	55	53	58	75
YPL082C	XVI	398480	404083	-	5604	587	1135	1034	1139	1392	1449
YPR064W	XVI	678951	679370	+	420	4	15	13	12	12	7
YPL216W	XVI	143821	147129	+	3309	201	446	411	434	492	521
YPL152W	XVI	265028	266104	+	1077	146	262	295	302	293	298
YPL230W	XVI	115312	116487	+	1176	62	159	139	136	109	87
YPL159C	XVI	250907	251668	-	762	249	445	467	464	549	574
YPR183W	XVI	900755	901558	+	804	953	1732	1707	1717	1875	1147
YPL204W	XVI	164276	165760	+	1485	956	1717	1730	1759	2163	2355
YPL109C	XVI;XVI	345264;345597	345444;347389	-;-	1974	107	185	204	229	226	247
YPL249C	XVI	76669	79353	-	2685	276	528	503	531	692	604
YPR154W	XVI	834565	835212	+	648	314	653	701	675	712	431
YPR026W	XVI	615379	619014	+	3636	182	274	315	294	375	270
YPR076W	XVI	696476	696850	+	375	1	0	1	1	0	0
YPR170W-B	XVI;XVI	883239;883487	883387;883595	+;+	258	129	181	229	217	176	183
YPR016C	XVI	592332	593069	-	738	2008	3727	4129	3130	2994	3269
YPL060W	XVI	434523	435764	+	1242	108	192	209	213	224	178
YPR029C	XVI	624469	626967	-	2499	687	1337	1332	1421	1725	1918
YPR002C-A	XVI	560569	560766	-	198	2	7	7	13	1	10
YPL106C	XVI	350194	352275	-	2082	6284	10997	11665	15228	18337	16280
YPR085C	XVI	708497	709828	-	1332	188	359	367	428	431	454
YPL008W	XVI	539385	541970	+	2586	229	433	462	487	551	650
YPR152C	XVI	832061	833458	-	1398	138	185	235	228	260	157
YPL212C	XVI	151515	153149	-	1635	978	1753	1857	1874	1889	2078
YPL119C	XVI	324411	326264	-	1854	46	83	69	104	97	99
YPL078C	XVI	408010	408744	-	735	1042	1857	1994	1958	2534	2263
YPL195W	XVI	176223	179021	+	2799	647	1210	1323	1360	1506	1821
YPL025C	XVI	502473	503030	-	558	2	5	6	7	3	9
YPR060C	XVI	674861	675631	-	771	459	968	960	946	997	1368
YPL199C	XVI	172033	172755	-	723	610	1056	1165	1151	1236	1185
YPL228W	XVI	118382	120031	+	1650	301	520	563	575	654	782
YPL018W	XVI	517651	518760	+	1110	136	308	286	241	310	289
YPL259C	XVI	51244	52671	-	1428	406	664	712	676	721	839
YPR150W	XVI	830999	831520	+	522	3	9	11	5	4	6
YPL072W	XVI	418512	420011	+	1500	55	147	132	147	235	254
YPL130W	XVI	304387	305058	+	672	7	20	15	10	16	14
YPR179C	XVI	893797	895764	-	1968	310	552	566	555	650	689
YPR096C	XVI	724842	725144	-	303	4	4	3	1	7	8
YPL028W	XVI	498096	499292	+	1197	2047	3955	4006	4162	5099	4060
YPL174C	XVI	220167	222773	-	2607	193	371	354	437	477	580
YPR031W	XVI	631515	633761	+	2247	157	287	318	392	493	588
YPL257W-A	XVI	56748	58070	+	1323	0	0	0	0	0	0
YPR158W-A	XVI	844709	846031	+	1323	0	0	0	0	0	0
YPL257W-B	XVI	56748	62016	+	5269	0	0	0	0	0	0
YPR158C-D	XVI	850989	856257	-	5269	32	79	71	62	96	73
YPR137C-A	XVI	808947	810269	-	1323	0	0	0	0	0	0
YPR137C-B	XVI	805001	810269	-	5269	0	0	0	0	0	0
YPR158W-B	XVI	844709	849980	+	5272	7	12	10	12	13	13
YPL060C-A	XVI	437333	442742	-	5410	12	15	29	19	37	31
YPR158C-C	XVI	854935	856257	-	1323	0	0	0	0	0	0
YMR172W	XIII	605981	608140	+	2160	128	248	268	280	376	341
YMR027W	XIII	325877	327289	+	1413	613	1094	1208	1306	1506	1398
YML089C	XIII	91041	91409	-	369	0	0	0	0	1	0
YMR290C	XIII	850074	851591	-	1518	1629	3435	3606	3377	2821	3643
YMR139W	XIII	546125	547237	+	1113	248	399	467	444	461	434
YMR191W	XIII	645656	646777	+	1122	199	412	399	542	692	722
YMR244C-A	XIII	758517	758831	-	315	1	7	7	11	8	10
YMR091C	XIII	450058	451365	-	1308	513	930	1005	1012	1206	1237
YMR173W-A	XIII	608897	610081	+	1185	26	42	37	56	43	29
YMR180C	XIII	622251	623213	-	963	104	203	227	214	214	232
YML020W	XIII	231149	233143	+	1995	236	390	431	425	521	456
YML088W	XIII	92235	94241	+	2007	527	1001	992	1130	1229	1215
YML077W	XIII	111865	112344	+	480	242	504	550	537	628	700
YML125C	XIII	20761	21699	-	939	1027	1930	2082	2159	2021	1733
YMR318C	XIII	911061	912143	-	1083	1118	1974	1994	2192	2513	2319
YMR115W	XIII	497704	499209	+	1506	244	467	454	501	692	689
YMR266W	XIII	798518	801379	+	2862	1604	3111	3084	2641	2471	2846
YML057W	XIII	160180	161994	+	1815	403	802	721	902	1029	823
YML055W	XIII	164790	165326	+	537	282	501	536	614	647	825
YMR105C	XIII	475897	477606	-	1710	166	343	340	222	287	251
YMR268C	XIII	802888	804222	-	1335	128	248	235	295	349	383
YML133W-B	XIII	827	1309	+	483	0	0	0	0	0	0
YML090W	XIII	90744	91130	+	387	11	16	12	11	30	43
YML101C	XIII	69735	70088	-	354	59	131	128	144	165	82
YMR012W	XIII	291134	294967	+	3834	1676	3433	3370	3683	4319	4540
tY(GUA)M2	XIII;XIII	837928;837981	837966;838016	+;+	75	1	0	0	0	0	0
YMR202W	XIII	667537	668205	+	669	2254	4583	4973	4661	4879	3851
YMR083W	XIII	434788	435915	+	1128	2126	4002	4276	4460	4610	3806
snR76	XIII	297725	297833	+	109	46	95	93	75	101	125
YMR017W	XIII	307489	308682	+	1194	17	24	16	20	18	24
YML085C	XIII;XIII	97941;99376	99259;99400	-;-	1344	1450	2736	2706	2834	3131	2939
YML013W	XIII	244149	245903	+	1755	178	307	365	382	481	387
YMR224C	XIII	718575	720653	-	2079	174	305	337	356	504	455
YMR059W	XIII	391099	391485	+	387	90	146	178	172	164	180
YMR072W	XIII	411569	412120	+	552	728	1352	1449	1369	1694	1780
YMR304W	XIII	874987	878679	+	3693	271	502	530	548	642	638
YML087C	XIII	94431	95369	-	939	78	104	98	110	149	124
YMR195W	XIII	654034	654417	+	384	215	389	517	322	307	248
YMR240C	XIII	749930	751240	-	1311	174	300	366	341	410	347
YMR308C	XIII	888952	892221	-	3270	1628	3173	3219	3302	3644	3830
YML001W	XIII	267174	267800	+	627	680	1087	1242	1219	1263	1338
YML114C	XIII	42043	43575	-	1533	271	579	565	644	840	630
YMR319C	XIII	912880	914538	-	1659	844	1783	1820	1776	1839	1652
YML075C	XIII	115734	118898	-	3165	1745	3590	3436	3777	4360	4085
YMR075W	XIII	413982	416036	+	2055	239	438	486	504	549	637
YML129C	XIII	14541	14753	-	213	83	176	214	228	245	180
YML073C	XIII;XIII	123227;124158	123742;124172	-;-	531	6334	11858	12220	10578	9649	9246
YMR149W	XIII	560996	561856	+	861	896	1673	1844	1700	1952	1725
YMR233W	XIII	739185	739865	+	681	196	438	427	416	362	404
YMR048W	XIII	366981	367934	+	954	95	166	154	224	329	266
YML030W	XIII	216435	216914	+	480	235	411	445	470	522	353
YMR118C	XIII	502144	502734	-	591	57	83	107	91	128	102
YMR260C	XIII	789378	789839	-	462	3031	5325	6386	5324	5057	5456
YMR135W-A	XIII	539911	540444	+	534	5	2	3	13	12	2
tM(CAU)M	XIII	572883	572955	-	73	0	0	0	0	0	0
YML056C	XIII;XIII	162194;163717	163308;164176	-;-	1575	3414	6550	6733	5591	5809	6466
YML064C	XIII	145139	145876	-	738	152	247	269	347	403	435
YML132W	XIII	7244	8383	+	1140	0	0	0	0	1	0
YML113W	XIII	44045	44791	+	747	159	297	320	359	496	328
YML058W-A	XIII	158760	158966	+	207	8	27	32	34	39	21
YMR136W	XIII	541199	542881	+	1683	532	922	961	899	992	527
YML091C	XIII	87123	90731	-	3609	273	495	474	451	1042	1032
YMR199W	XIII	662644	664284	+	1641	466	844	766	999	1363	1639
YMR286W	XIII	841942	842202	+	261	192	350	451	394	474	462
YMR025W	XIII	323300	324187	+	888	42	89	89	117	120	140
YMR112C	XIII	494100	494495	-	396	118	207	250	229	265	222
YML127W	XIII	17064	18809	+	1746	412	708	706	849	1001	849
YML005W	XIII	260221	261609	+	1389	228	437	505	466	537	552
YMR160W	XIII	575066	577516	+	2451	125	291	332	309	377	349
YMR046W-A	XIII	362702	362830	+	129	0	0	0	0	0	0
YMR096W	XIII	458408	459301	+	894	80	144	151	167	180	178
YML133C	XIII;XIII	461;3891	3791;4684	-;-	4125	5	9	6	8	10	6
YMR246W	XIII	759807	761891	+	2085	2832	5991	5527	5173	5570	4693
YMR052C-A	XIII	380069	380434	-	366	6	5	9	8	7	12
YMR120C	XIII	507502	509280	-	1779	1854	3736	3302	2884	2407	2598
YMR052W	XIII	379586	380200	+	615	26	83	80	82	90	97
YML100W-A	XIII	70138	70311	+	174	1	1	4	6	6	2
YML049C	XIII	174220	178305	-	4086	320	617	638	712	916	949
YMR065W	XIII	399702	401216	+	1515	109	208	229	188	240	246
YMR098C	XIII	460771	462609	-	1839	255	477	522	585	688	756
YMR302C	XIII	870073	872625	-	2553	353	708	712	869	1050	1026
YMR075C-A	XIII	415688	416053	-	366	1	2	11	10	12	11
YML060W	XIII	151871	153001	+	1131	132	260	246	317	373	381
YMR080C	XIII	426712	429627	-	2916	928	1955	2023	1975	2184	2278
YMR156C	XIII	570300	571016	-	717	77	141	146	141	179	157
YMR294W	XIII	856966	858087	+	1122	171	337	348	363	424	476
YMR167W	XIII	594886	597195	+	2310	269	446	475	586	617	557
YMR242W-A	XIII	754297	754386	+	90	0	3	0	1	3	1
YMR079W	XIII;XIII	424989;425154	424997;426059	+;+	915	861	1629	1697	1647	1644	2048
YMR275C	XIII	815651	818581	-	2931	298	546	556	581	711	667
YMR100W	XIII	466300	468162	+	1863	293	550	573	602	704	710
YMR030W-A	XIII	337313	337603	+	291	5	16	17	18	10	18
YMR161W	XIII	577718	578392	+	675	285	440	516	565	630	591
YMR183C	XIII	626921	627808	-	888	800	1491	1526	1588	1744	1622
YML021C	XIII	229734	230813	-	1080	197	355	420	416	495	438
YML074C	XIII	120089	121324	-	1236	2578	5094	5232	4763	4702	3880
YMR157C	XIII	571277	572044	-	768	153	243	259	298	349	359
YMR110C	XIII	490394	491992	-	1599	426	782	862	821	1027	1010
YMR097C	XIII	459424	460527	-	1104	246	446	516	506	496	617
YMR111C	XIII	492404	493792	-	1389	132	200	215	235	293	262
YML011C	XIII	246895	247428	-	534	115	181	208	237	247	258
YMR064W	XIII	397903	399459	+	1557	279	536	600	584	724	913
YML082W	XIII	101862	103811	+	1950	311	621	665	651	773	766
YMR300C	XIII	865559	867091	-	1533	921	1689	1663	1682	1616	1846
YMR262W	XIII	793726	794667	+	942	114	163	192	150	239	124
YMR031C	XIII	332212	334743	-	2532	763	1194	1239	1173	1206	1109
YMR016C	XIII	303236	305593	-	2358	647	1193	1291	1300	1683	1168
YMR066W	XIII	401541	404237	+	2697	195	348	381	343	416	479
YMR007W	XIII	279960	280340	+	381	51	50	38	31	33	38
YMR201C	XIII;XIII	665845;667018	666933;667044	-;-	1116	157	321	293	412	404	373
YMR232W	XIII	736926	738959	+	2034	33	73	80	52	67	71
YMR200W	XIII	664752	665522	+	771	654	1062	1136	1133	1185	1224
YMR297W	XIII	861922	863520	+	1599	2470	4465	4533	5366	6097	4460
YML026C	XIII;XIII	222987;223782	223380;223828	-;-	441	10337	18554	20782	17115	15983	15031
YML023C	XIII	226994	228664	-	1671	311	604	563	583	712	776
YMR143W	XIII;XIII	551928;552496	551951;552903	+;+	432	6298	12432	13098	10692	10312	10992
YMR073C	XIII	412268	412873	-	606	120	233	221	262	263	312
YML069W	XIII	135500	137158	+	1659	834	1579	1647	1839	1997	2048
YML050W	XIII	173139	174074	+	936	80	133	139	162	178	188
YML099W-A	XIII	74229	74558	+	330	5	13	23	16	10	19
YMR211W	XIII	689083	690510	+	1428	235	479	540	467	524	643
tF(GAA)M	XIII;XIII	352280;352335	352316;352370	+;+	73	2	0	2	0	0	0
YMR283C	XIII	835326	836867	-	1542	215	377	428	462	395	461
snR74	XIII	298138	298225	+	88	4	4	2	8	6	6
RNA170	XIII	667288	667456	-	169	4	9	13	7	7	6
YML078W	XIII	111002	111550	+	549	657	1105	1216	1293	1287	1180
YMR142C	XIII;XIII	550206;551204	550801;551207	-;-	600	9551	18009	19724	16407	15515	13875
YMR203W	XIII	668492	669655	+	1164	1384	2594	2705	2801	3075	3104
YMR077C	XIII	421484	422149	-	666	156	266	298	349	345	432
YMR245W	XIII	758563	759183	+	621	23	55	64	52	55	42
YMR284W	XIII	838187	839995	+	1809	261	422	481	422	476	435
YMR089C	XIII	445609	448086	-	2478	504	887	932	1139	1448	1308
YMR134W	XIII	537838	538551	+	714	228	555	560	682	755	803
YMR290W-A	XIII	851422	851769	+	348	5	8	8	3	5	3
YMR095C	XIII	457285	457959	-	675	41	62	61	96	125	82
snR83	XIII	626349	626654	+	306	53	78	86	98	74	96
snR73	XIII	298307	298412	+	106	0	0	1	0	0	0
tH(GUG)M	XIII	363064	363135	+	72	1	1	3	1	0	3
YMR099C	XIII	463934	464827	-	894	775	1380	1466	1567	1664	1661
YMR132C	XIII	534944	535570	-	627	188	272	304	321	381	434
YML115C	XIII	40187	41794	-	1608	713	1246	1401	1337	1489	1319
snR11	XIII	652275	652532	+	258	20	36	37	38	41	44
YMR086W	XIII	439208	442090	+	2883	508	879	941	1100	1129	1122
YMR044W	XIII	355384	356811	+	1428	375	636	688	672	756	715
YMR222C	XIII	715638	716309	-	672	141	281	312	325	372	269
YMR272W-A	XIII	810466	810579	+	114	0	0	0	0	0	0
YMR321C	XIII	917579	917896	-	318	24	63	54	36	38	30
YML131W	XIII	10198	11295	+	1098	121	202	196	286	336	365
YML038C	XIII	202775	204103	-	1329	435	743	832	839	928	1075
YML122C	XIII	26038	26418	-	381	12	9	12	2	12	4
YMR036C	XIII	341856	343520	-	1665	208	318	314	349	373	440
YML012W	XIII	246116	246751	+	636	1069	2081	2189	2127	2212	2104
YML100W	XIII	70624	73920	+	3297	574	1109	998	623	474	391
YMR312W	XIII	898405	899226	+	822	343	659	633	653	648	606
YML112W	XIII	45063	45953	+	891	200	303	329	343	447	381
YML099C	XIII	74398	77040	-	2643	295	567	627	672	750	759
YML123C	XIII	24037	25800	-	1764	7645	16187	14906	12027	15134	18773
tV(AAC)M3	XIII	586636	586709	-	74	0	0	0	0	0	0
YMR141C	XIII	549736	550044	-	309	42	57	54	51	53	93
YMR324C	XIII	922202	922444	-	243	0	0	0	0	0	0
YMR207C	XIII	677193	683564	-	6372	292	555	504	580	674	717
YMR236W	XIII	742971	743444	+	474	379	657	699	752	814	608
YML034C-A	XIII	209428	209826	-	399	2	1	3	2	2	2
YMR204C	XIII	670063	671325	-	1263	74	108	120	134	155	159
YMR011W	XIII	288079	289704	+	1626	2278	3575	3816	3290	5636	5926
YML008C	XIII	251839	252990	-	1152	2741	5717	5676	6132	6981	6333
YMR109W	XIII	486587	490246	+	3660	619	1169	1202	1167	1472	1498
YMR004W	XIII	274017	275552	+	1536	403	678	727	780	838	837
YMR158C-A	XIII	573194	573331	-	138	18	25	31	24	35	27
YMR216C	XIII	698811	701039	-	2229	482	861	881	934	1308	1374
YMR159C	XIII	574476	574928	-	453	0	0	0	1	0	0
YMR307C-A	XIII	887731	887925	-	195	0	0	0	0	0	0
YMR272C	XIII	809623	810777	-	1155	751	1220	1363	1099	1380	1053
YMR106C	XIII	478301	480190	-	1890	108	201	183	227	297	257
YML092C	XIII	85987	86739	-	753	690	1291	1466	1726	2112	1615
tV(AAC)M2	XIII	420588	420661	-	74	0	1	0	0	1	1
YML104C	XIII	58939	62322	-	3384	274	542	601	595	733	940
YML058W	XIII	159383	159697	+	315	885	1917	1978	1978	2253	2042
tW(CCA)M	XIII;XIII	379303;379373	379338;379408	-;-	72	0	0	0	0	0	0
YMR148W	XIII	560366	560812	+	447	94	188	174	233	270	234
YMR168C	XIII	597332	599158	-	1827	176	364	384	438	460	458
YML063W	XIII	146482	147249	+	768	14714	27708	31196	25656	25144	27308
YMR008C	XIII	280590	282584	-	1995	1399	2257	2408	2525	2145	1710
YMR294W-A	XIII	858209	858568	+	360	82	142	142	140	129	155
YMR177W	XIII	616566	618098	+	1533	316	536	604	503	594	544
YMR213W	XIII	693381	695153	+	1773	177	320	297	338	379	312
YMR192W	XIII	647118	649280	+	2163	316	603	588	740	720	799
YMR326C	XIII	923494	923802	-	309	0	0	0	0	0	0
YMR014W	XIII	298868	300427	+	1560	876	1673	1839	1809	1815	2181
YMR020W	XIII	315377	316903	+	1527	302	486	538	490	444	376
snR86	XIII	762110	763113	-	1004	343	632	704	650	566	536
YMR208W	XIII	684467	685798	+	1332	930	1691	1853	1949	2246	1890
YML098W	XIII	77267	77770	+	504	169	268	303	346	422	304
YMR133W	XIII;XIII	536207;537565	537448;537609	+;+	1287	29	52	65	62	85	95
YML028W	XIII	220138	220728	+	591	3189	6329	7034	8257	9971	6321
YMR285C	XIII	840144	841691	-	1548	354	619	647	681	764	795
YMR040W	XIII	350381	350863	+	483	70	129	124	147	150	73
YMR094W	XIII	455825	457261	+	1437	56	112	101	141	178	235
YMR189W	XIII	637500	640604	+	3105	256	542	450	592	882	894
YML128C	XIII	15135	16676	-	1542	305	549	594	463	348	280
YML022W	XIII	228937	229500	+	564	1637	3158	3244	2653	2471	2861
YMR299C	XIII	864412	865350	-	939	123	274	283	357	381	418
YMR227C	XIII	722613	724385	-	1773	233	471	538	542	638	563
YMR119W	XIII	505333	507207	+	1875	360	682	660	651	740	855
YMR255W	XIII	778001	778567	+	567	395	819	892	911	955	875
YMR024W	XIII	321875	323047	+	1173	449	778	789	942	1097	1126
YML054C	XIII	165533	167308	-	1776	68	132	147	150	203	169
YMR317W	XIII	907364	910786	+	3423	143	288	266	294	326	279
YMR084W	XIII	436628	437416	+	789	89	186	186	135	48	24
YMR274C	XIII	814364	815311	-	948	120	202	234	217	226	284
YMR215W	XIII	696796	698370	+	1575	884	1715	1734	1383	1624	1768
YMR277W	XIII	820256	822454	+	2199	568	1084	1067	1232	1475	1310
YMR033W	XIII;XIII	337788;337904	337817;339277	+;+	1404	675	1234	1331	1387	1438	1773
YML094C-A	XIII	82219	82620	-	402	0	0	3	2	0	2
YML041C	XIII	194913	195755	-	843	137	245	276	269	280	307
YMR305C	XIII	879063	880232	-	1170	3617	6361	6400	7958	8874	6777
YMR315W-A	XIII	904286	904393	+	108	6	5	14	20	16	6
YMR237W	XIII	743749	745923	+	2175	568	1075	1058	1201	1384	1372
YML095C	XIII	81481	82113	-	633	71	112	127	143	174	168
YMR018W	XIII	310208	311752	+	1545	22	31	23	27	24	41
YMR163C	XIII	584271	586388	-	2118	90	197	176	251	293	291
YML027W	XIII	221406	222563	+	1158	90	194	136	219	405	410
ZOD1	XIII	91970	92027	+	58	0	0	0	0	0	0
tD(GUC)M	XIII	463554	463625	+	72	0	1	0	0	0	0
YMR162C	XIII	578951	583921	-	4971	254	460	477	561	670	720
YMR158W	XIII	572248	572715	+	468	145	344	376	397	487	544
YMR210W	XIII	687516	688865	+	1350	233	405	443	388	490	464
YMR316C-A	XIII	905662	905973	-	312	17	15	13	14	10	13
YMR241W	XIII	751961	752905	+	945	1037	1879	2069	1966	2238	2355
YMR205C	XIII	671887	674766	-	2880	6849	12691	12754	11666	11850	9857
YMR235C	XIII	741512	742735	-	1224	1323	2629	2685	2644	2593	2857
YMR047C	XIII	363364	366705	-	3342	771	1672	1546	1694	2190	2071
YMR259C	XIII	784621	788883	-	4263	579	1228	1275	1251	1361	1831
YMR175W-A	XIII	611314	611508	+	195	3	3	6	8	1	3
YMR281W	XIII	832339	833253	+	915	183	319	341	318	260	277
YMR261C	XIII	790205	793369	-	3165	798	1412	1362	1300	1360	1411
YMR026C	XIII	324236	325435	-	1200	214	424	478	495	552	602
YML010W	XIII	247677	250868	+	3192	885	1695	1827	1953	2076	1853
YMR150C	XIII	561956	562528	-	573	148	209	269	302	331	316
YMR067C	XIII	404323	405573	-	1251	314	573	634	699	933	840
YMR179W	XIII	619858	622134	+	2277	158	312	312	348	526	627
YMR126C	XIII	520761	521789	-	1029	161	287	266	274	345	361
YML032C	XIII	212515	213930	-	1416	314	606	585	717	953	843
YML018C	XIII	234771	235952	-	1182	851	1675	1736	1526	1674	1581
YML081W	XIII	104777	108532	+	3756	469	910	904	954	1068	1135
YMR003W	XIII	273118	273714	+	597	71	136	149	180	199	243
YMR221C	XIII	713931	715445	-	1515	638	1308	1262	1349	1364	1554
YMR257C	XIII	779629	782031	-	2403	160	280	255	315	385	464
YML068W	XIII	137550	138944	+	1395	187	303	352	371	358	388
YMR117C	XIII	501250	501891	-	642	57	131	127	133	185	277
YMR060C	XIII	391532	392515	-	984	172	318	369	428	515	548
YMR144W	XIII	553362	554390	+	1029	80	155	175	189	290	307
YMR068W	XIII	406304	407584	+	1281	52	111	116	144	149	110
YML097C	XIII	78335	79690	-	1356	306	617	688	721	848	999
YMR182C	XIII	624532	625167	-	636	119	193	209	213	233	207
YMR295C	XIII	858297	858890	-	594	525	935	1164	1011	1108	723
YMR181C	XIII	623616	624080	-	465	306	525	546	449	432	343
YML080W	XIII	108806	110077	+	1272	330	658	696	706	817	867
YMR194C-B	XIII;XIII	652594;652848	652775;652887	-;-	222	11	42	33	32	34	36
YMR140W	XIII	547714	549183	+	1470	257	368	409	435	485	457
YMR058W	XIII	388822	390732	+	1911	2006	3328	3581	3383	4761	3911
YMR076C	XIII	416196	420029	-	3834	252	541	549	634	807	1010
YMR239C	XIII	748262	749677	-	1416	485	1005	1049	1034	916	1230
tG(GCC)M	XIII	183898	183968	-	71	0	0	0	0	0	0
YMR242C	XIII	753225	753742	-	518	8516	14247	15750	13072	13089	11836
YMR306C-A	XIII	886183	886572	-	390	1	0	3	0	1	0
YMR193C-A	XIII	651072	651458	-	387	59	127	120	110	176	268
YMR114C	XIII	496343	497449	-	1107	128	220	258	212	235	257
YMR009W	XIII	284102	284641	+	540	539	1021	1227	1278	1163	823
YMR088C	XIII	443414	445102	-	1689	566	1026	1073	1122	1191	1193
YMR253C	XIII	775946	777190	-	1245	138	255	271	278	294	280
YMR103C	XIII	472902	473264	-	363	85	175	198	162	106	56
YMR254C	XIII	777615	777923	-	309	4	7	18	8	16	13
YMR303C	XIII	873291	874337	-	1047	108	151	179	159	210	134
YMR316W	XIII	904825	905835	+	1011	1072	1992	2267	2210	1706	1072
YML017W	XIII;XIII	236588;236954	236591;238731	+;+	1782	188	344	355	410	482	424
YMR104C	XIII	473420	475453	-	2034	572	1123	1132	1014	572	354
YMR309C	XIII	892988	895426	-	2439	2175	4473	4307	4427	5102	6832
YML133W-A	XIII	1610	2185	+	576	0	0	0	0	0	0
YMR155W	XIII	568551	570194	+	1644	201	352	409	401	463	427
YMR313C	XIII	899379	901307	-	1929	309	558	550	608	582	675
YMR028W	XIII	327482	328582	+	1101	218	362	439	503	499	555
snR72	XIII	298554	298651	+	98	2	10	12	12	3	15
YMR154C	XIII	565999	568182	-	2184	148	251	257	290	273	298
tY(GUA)M1	XIII;XIII	168795;168848	168833;168883	+;+	75	0	1	0	1	0	1
snR75	XIII	297918	298006	+	89	11	25	25	20	18	34
YML096W	XIII	79909	81486	+	1578	304	704	696	771	790	849
YML016C	XIII	239458	241536	-	2079	684	1228	1340	1473	1498	1577
YML006C	XIII	256092	258416	-	2325	433	826	879	787	828	867
YMR178W	XIII	618479	619303	+	825	389	725	818	739	722	843
YML109W	XIII	51640	54468	+	2829	154	296	296	357	488	520
YML015C	XIII	241989	243029	-	1041	238	463	487	588	601	658
YMR197C	XIII	658545	659198	-	654	307	511	574	622	619	575
YML014W	XIII	243225	244064	+	840	248	464	517	541	493	375
YML106W	XIII	56773	57453	+	681	1949	3504	3824	3334	3327	3294
YML025C	XIII;XIII	224406;225339	225239;225365	-;-	861	235	444	490	566	756	705
tS(AGA)M	XIII	259158	259239	-	82	1	0	0	0	0	0
YMR172C-A	XIII	607828	608211	-	384	1	5	1	2	5	0
YMR193W	XIII	650036	650812	+	777	230	420	463	494	550	708
YML052W	XIII	170402	171310	+	909	741	1353	1323	1166	1625	1553
YML079W	XIII	110247	110852	+	606	344	605	629	719	755	674
YML101C-A	XIII	69409	69726	-	318	0	0	0	0	0	0
YML047C	XIII	180017	181075	-	1059	3	3	2	2	2	6
YMR174C	XIII	610159	610365	-	207	6	27	33	33	40	29
YMR218C	XIII	703579	706887	-	3309	350	576	614	679	773	942
YMR315W	XIII	902800	903849	+	1050	627	1025	1090	1246	1301	885
YMR001C	XIII	269019	271136	-	2118	387	780	749	844	1053	1272
tV(AAC)M1	XIII	372445	372518	-	74	0	0	0	0	0	0
tE(UUC)M	XIII	290801	290872	+	72	0	0	0	0	0	0
YML121W	XIII	26930	27862	+	933	262	513	550	644	693	757
YMR085W	XIII	437491	438789	+	1299	176	313	326	214	128	47
YMR105W-A	XIII	478064	478258	+	195	4	22	16	23	28	24
YMR122C	XIII	510701	511075	-	375	15	15	16	8	20	9
snR78	XIII	297278	297364	+	87	3	5	7	9	9	17
YMR217W	XIII	701790	703367	+	1578	5335	10040	10180	8838	8041	8882
tA(AGC)M2	XIII	768369	768441	-	73	0	0	0	0	0	0
YMR298W	XIII	863819	864271	+	453	293	550	653	604	600	598
YMR057C	XIII	388359	388730	-	372	3	5	5	3	3	5
YML042W	XIII	192788	194800	+	2013	74	140	130	167	145	146
YMR320W	XIII	916746	917051	+	306	16	22	16	19	17	8
YMR287C	XIII	842436	845345	-	2910	203	308	387	412	538	570
YMR289W	XIII	848685	849809	+	1125	326	615	649	679	797	777
YML048W	XIII	178426	179637	+	1212	1131	2195	2265	2602	3018	2949
YMR250W	XIII	770801	772558	+	1758	359	592	586	459	311	188
YMR230W-A	XIII	733268	733456	+	189	9	11	11	8	11	15
YMR124W	XIII	514456	517287	+	2832	438	879	915	1043	1010	913
YMR311C	XIII	896914	897603	-	690	559	1027	1125	1117	1352	983
snR77	XIII	297506	297593	+	88	13	18	25	27	24	54
YMR322C	XIII	918366	919079	-	714	0	0	0	0	0	0
YML119W	XIII	30611	31684	+	1074	246	457	533	467	521	450
YML043C	XIII	190244	191767	-	1524	129	303	311	324	502	830
YML046W	XIII	181474	183363	+	1890	343	696	675	691	854	1059
YML004C	XIII	261705	262685	-	981	707	1217	1478	1471	1531	1349
YMR071C	XIII	410762	411265	-	504	392	818	785	829	948	1070
YMR229C	XIII	725934	731123	-	5190	2458	5140	5026	4419	4113	4920
YMR063W	XIII	397077	397796	+	720	35	79	88	79	89	93
YMR301C	XIII	867555	869627	-	2073	402	777	835	944	980	938
YMR276W	XIII	818827	819948	+	1122	656	1140	1289	1849	2290	1251
YMR002W	XIII	272193	272663	+	471	636	1036	1209	1484	2279	1462
YML081C-A	XIII	103983	104162	-	180	512	965	1091	919	1176	1265
YML019W	XIII	233457	234455	+	999	308	619	631	662	737	787
YMR176W	XIII	611740	615975	+	4236	263	459	503	532	626	632
YMR158W-B	XIII	574471	574791	+	321	0	0	0	0	0	0
YML108W	XIII	54793	55110	+	318	232	447	474	453	410	634
YMR198W	XIII	659745	661529	+	1785	96	168	175	210	271	285
YML094W	XIII;XIII	82275;82374	82290;82849	+;+	492	182	384	390	353	383	377
YMR006C	XIII	277561	279681	-	2121	593	1183	1091	864	907	986
YML003W	XIII	263483	264355	+	873	42	82	81	105	94	87
YML057C-A	XIII	160023	160412	-	390	0	2	3	3	1	2
YML009C-A	XIII	250675	251001	-	327	19	43	30	35	32	64
tQ(CUG)M	XIII	808246	808317	-	72	0	0	0	0	0	0
YML093W	XIII	83090	85789	+	2700	1422	2810	2814	3037	2973	3256
YMR116C	XIII;XIII	499456;500152	499878;500688	-;-	960	18646	30317	33406	25594	23259	21637
YMR196W	XIII	655076	658342	+	3267	306	500	532	500	602	503
YML053C	XIII	169116	169754	-	639	132	258	298	334	385	408
YMR151W	XIII	562506	562943	+	438	7	13	8	9	8	14
YML009C	XIII	251304	251516	-	213	105	172	190	237	300	239
YMR070W	XIII	409154	410626	+	1473	236	408	416	528	673	547
YMR219W	XIII	707133	712109	+	4977	414	817	804	912	1175	1061
YML037C	XIII	204386	205408	-	1023	43	89	66	97	130	132
YMR280C	XIII	827028	831329	-	4302	51	111	107	97	126	124
YMR170C	XIII	601562	603082	-	1521	59	127	149	154	164	135
YMR123W	XIII	513593	513961	+	369	381	755	782	852	862	849
YML012C-A	XIII	245537	245914	-	378	0	0	0	0	0	0
YMR019W	XIII	312156	315005	+	2850	260	464	489	615	714	697
YMR206W	XIII	675896	676837	+	942	14	19	28	27	21	19
YMR165C	XIII	590040	592628	-	2589	309	581	600	641	650	632
YMR010W	XIII	285100	286317	+	1218	469	865	824	852	976	1285
YMR184W	XIII	628189	628785	+	597	119	203	246	348	384	411
YML126C	XIII	19060	20535	-	1476	2784	5475	5526	5912	7632	7421
YMR244W	XIII	757250	758317	+	1068	13	17	23	16	8	8
YMR279C	XIII	824729	826351	-	1623	61	138	125	137	186	156
YMR316C-B	XIII	907321	907629	-	309	7	5	8	4	6	10
YMR107W	XIII	483014	483361	+	348	3	5	5	8	3	3
YML054C-A	XIII	167623	167781	-	159	3	5	4	7	8	4
YMR043W	XIII	353871	354731	+	861	740	1334	1485	1216	1549	877
tA(AGC)M1	XIII	321147	321219	-	73	0	0	0	0	0	0
YMR270C	XIII	805326	806423	-	1098	315	608	651	602	773	771
YMR175W	XIII	611016	611255	+	240	5	5	4	13	12	7
YML009W-B	XIII	250435	250911	+	477	0	0	0	0	0	0
YMR035W	XIII	341142	341675	+	534	83	153	156	164	170	178
YMR108W	XIII	484084	486147	+	2064	3553	7074	7009	8420	9881	8109
YML002W	XIII	264541	266754	+	2214	189	403	377	371	357	425
YML111W	XIII	46942	49704	+	2763	325	715	723	787	1083	1272
YMR278W	XIII	822763	824631	+	1869	250	445	483	521	596	601
YMR185W	XIII	629025	631970	+	2946	320	686	683	734	705	983
YMR304C-A	XIII	878780	879130	-	351	354	726	647	823	768	1021
YML084W	XIII	99489	99797	+	309	0	1	1	0	0	1
YMR258C	XIII	782620	784281	-	1662	213	449	503	473	507	594
YMR023C	XIII	319437	321017	-	1581	152	214	319	220	273	251
YMR291W	XIII	852630	854390	+	1761	331	467	457	484	366	248
YMR041C	XIII	350966	351973	-	1008	114	220	241	244	287	280
YMR029C	XIII	328660	330231	-	1572	376	677	730	783	819	875
YMR092C	XIII	451632	453479	-	1848	653	1237	1316	1396	1601	1486
YMR138W	XIII	545155	545730	+	576	99	180	191	223	192	201
YMR122W-A	XIII	511315	511569	+	255	2915	4439	5288	6119	7498	4610
YMR053C	XIII	380346	382898	-	2553	101	154	171	153	154	132
YMR220W	XIII	712316	713671	+	1356	758	1563	1594	1718	2073	2019
YMR087W	XIII	442527	443381	+	855	85	123	131	140	163	165
YML031W	XIII	214189	216156	+	1968	572	1072	1074	1175	1357	1241
YML118W	XIII	32334	33851	+	1518	97	148	172	164	130	86
YML120C	XIII	28266	29807	-	1542	572	993	1086	962	1571	878
YMR078C	XIII	422503	424728	-	2226	176	384	383	483	647	718
tL(CAA)M	XIII;XIII	504895;504965	504932;505008	+;+	82	0	0	0	0	0	0
YMR042W	XIII	352603	353136	+	534	116	214	228	267	237	150
YMR251W	XIII	772915	774015	+	1101	28	35	49	47	33	28
YMR223W	XIII	716715	718130	+	1416	238	388	443	389	432	578
YML007C-A	XIII	253162	253272	-	111	1	3	4	7	5	8
YMR256C	XIII	778945	779127	-	183	217	363	419	359	462	613
YMR214W	XIII	695350	696483	+	1134	348	631	723	774	1042	768
tP(UGG)M	XIII;XIII	196068;196135	196103;196170	-;-	72	1	3	2	2	1	1
YMR055C	XIII	386101	387021	-	921	71	121	106	131	176	108
YML117W	XIII	34243	37647	+	3405	860	1492	1554	1639	1605	1372
YMR271C	XIII	806865	807548	-	684	70	105	146	92	72	62
snR24	XIII	499984	500072	-	89	10	16	15	19	17	43
YMR226C	XIII	721593	722396	-	804	1177	2060	2292	2471	2949	2212
YML110C	XIII	50031	50954	-	924	651	1282	1382	1629	1901	1853
YML047W-A	XIII	179893	180258	+	366	1	1	2	0	7	0
YML007W	XIII	253848	255800	+	1953	620	1136	1155	1581	2120	1930
YMR190C	XIII	640915	645258	-	4344	115	256	269	321	461	438
YMR225C	XIII;XIII	720960;721346	721198;721403	-;-	297	147	272	318	373	393	343
YMR264W	XIII	795805	796416	+	612	379	788	847	826	825	699
YMR037C	XIII	344403	346517	-	2115	500	833	797	863	1158	1136
YML024W	XIII;XIII	225889;226290	225891;226697	+;+	411	7923	14714	15812	13085	12703	15915
YML083C	XIII	99794	101050	-	1257	22	37	29	30	52	26
YMR182W-A	XIII	625811	625897	+	87	7	7	9	8	7	14
YMR030W	XIII	330793	331923	+	1131	181	271	328	240	241	212
YMR187C	XIII	634689	635984	-	1296	122	230	254	266	313	372
YMR238W	XIII	746353	747729	+	1377	814	1412	1582	1996	1865	1625
YML061C	XIII	148953	151532	-	2580	288	630	565	675	810	802
YMR130W	XIII	532119	533027	+	909	307	653	669	703	810	867
YMR005W	XIII	276045	277211	+	1167	597	1147	1128	1252	1365	1234
YMR054W	XIII	383303	385975	+	2673	752	1183	1276	1343	1561	1602
YMR209C	XIII	685911	687284	-	1374	277	578	570	547	648	718
YML102W	XIII	68294	69700	+	1407	145	272	299	332	398	317
YMR194W	XIII;XIII	651145;651624	651160;651910	+;+	303	1810	3246	3766	3156	2961	3214
YMR252C	XIII	775315	775719	-	405	70	140	132	142	175	149
YMR164C	XIII	587274	589550	-	2277	132	235	252	268	344	335
YMR074C	XIII	413036	413473	-	438	443	759	932	850	762	874
YML065W	XIII	142210	144954	+	2745	288	623	585	761	863	968
YMR243C	XIII	754838	756166	-	1329	2110	4064	4170	3542	3589	4167
snR85	XIII	67768	67938	-	171	8	6	7	5	12	11
YMR145C	XIII	554793	556475	-	1683	3817	6665	7422	7315	8990	7323
YML071C	XIII	129749	131572	-	1824	384	775	766	877	958	1076
YMR015C	XIII	300869	302485	-	1617	1339	2879	2726	2822	3909	4525
YML070W	XIII	133475	135229	+	1755	574	1103	1150	1227	1327	1215
YMR125W	XIII;XIII	517539;517886	517563;520446	+;+	2586	1005	2126	2190	2283	2596	3412
YMR325W	XIII	922641	923015	+	375	0	0	0	0	0	0
YMR141W-A	XIII	550911	551135	+	225	56	84	98	113	159	184
YML072C	XIII	124730	129367	-	4638	1345	2758	2695	2725	3218	3088
YML105C	XIII	57866	58687	-	822	643	1285	1342	1257	1291	1394
YMR119W-A	XIII	506996	507370	+	375	15	18	25	20	20	26
YMR069W	XIII	407709	408566	+	858	23	21	26	28	41	27
YMR293C	XIII	855399	856793	-	1395	127	227	238	273	295	303
YML124C	XIII;XIII	22048;23659	23360;23683	-;-	1338	931	1776	1775	1951	2102	1726
YMR090W	XIII	449245	449928	+	684	113	210	219	235	212	164
YML029W	XIII	217362	219878	+	2517	237	449	416	493	600	657
YMR171C	XIII	603868	605520	-	1653	540	914	938	955	1158	973
YMR102C	XIII	469848	472352	-	2505	1201	1715	1898	2031	1505	1022
YMR188C	XIII	636291	637004	-	714	298	532	568	723	863	928
YMR269W	XIII	804456	805091	+	636	364	697	705	617	592	640
YMR128W	XIII	523696	527499	+	3804	911	2013	1929	2036	1903	2074
YMR039C	XIII	348644	349522	-	879	941	1667	1895	1757	1744	1498
YMR230W	XIII;XIII	732414;732876	732465;733141	+;+	318	4371	8213	8912	7676	7517	7808
YMR267W	XIII	801772	802704	+	933	348	597	651	731	875	977
YMR247C	XIII	763351	768039	-	4689	480	938	900	960	1087	1373
YMR152W	XIII	563096	564193	+	1098	298	577	595	633	721	782
YMR251W-A	XIII	774752	774931	+	180	1118	1573	2238	2309	2604	2264
YMR146C	XIII	557481	558524	-	1044	3310	6342	6817	5961	5941	4941
YMR228W	XIII	724626	725651	+	1026	110	247	232	326	326	405
YMR032W	XIII	335298	337307	+	2010	225	417	450	488	567	586
YMR013C-A	XIII	296471	296620	-	150	0	0	0	0	0	0
YMR001C-A	XIII	271347	271577	-	231	9	15	11	18	21	38
YMR031W-A	XIII	334709	335035	+	327	0	2	2	1	4	4
YMR153W	XIII	564435	565862	+	1428	262	511	521	630	682	759
YMR056C	XIII	387315	388244	-	930	33	70	75	81	89	43
YMR282C	XIII	833356	835098	-	1743	223	415	456	503	549	589
YMR234W	XIII	740266	741312	+	1047	202	427	450	428	432	578
YMR323W	XIII	920088	921401	+	1314	0	0	0	0	0	0
YMR062C	XIII	395054	396379	-	1326	370	816	790	885	945	833
YMR247W-A	XIII	769283	769426	+	144	5	6	15	10	8	5
YMR038C	XIII	347511	348260	-	750	630	1349	1392	1579	1722	1196
YMR049C	XIII	368094	370517	-	2424	1605	3247	3307	3127	3095	3734
YMR272W-B	XIII	811089	811196	+	108	4	4	7	4	11	8
YMR147W	XIII	559199	559870	+	672	73	117	131	152	166	171
YML067C	XIII;XIII	139063;140184	140090;140214	-;-	1059	481	982	1009	1009	1042	1138
tK(CUU)M	XIII	480621	480693	-	73	0	0	1	0	2	2
tR(UCU)M1	XIII	747892	747963	-	72	0	0	1	0	0	1
YML107C	XIII	55265	56269	-	1005	144	247	250	249	316	318
snR54	XIII	163535	163620	-	86	4	6	8	8	12	20
YMR231W	XIII	733545	736634	+	3090	253	518	507	570	631	750
YMR081C	XIII	430079	431095	-	1017	282	387	389	336	306	153
YML051W	XIII	171594	172901	+	1308	408	824	772	856	1037	933
YMR314W	XIII	901709	902413	+	705	882	1517	1688	1913	2306	1691
YMR113W	XIII	494999	496282	+	1284	264	449	537	550	531	564
YML031C-A	XIII	214086	214421	-	336	0	1	0	0	0	1
YMR263W	XIII	794919	795524	+	606	244	417	458	474	446	279
YML034W	XIII;XIII	209525;211571	211444;212155	+;+	2505	442	751	713	891	970	903
YMR131C	XIII	533163	534698	-	1536	1851	3872	4062	3830	3712	4027
YMR310C	XIII	895716	896669	-	954	521	986	1038	1007	1129	960
YMR034C	XIII	339418	340722	-	1305	109	154	177	154	134	124
YML103C	XIII	62582	67549	-	4968	578	1298	1318	1377	1402	1847
YMR306W	XIII	881159	886516	+	5358	83	169	186	199	249	258
YMR169C	XIII	599352	600872	-	1521	42	66	95	65	73	64
YMR186W	XIII	632355	634472	+	2118	9230	17696	18032	31107	41890	43312
YML059C	XIII	153219	158258	-	5040	257	521	520	624	951	1018
YML086C	XIII	95791	97371	-	1581	846	1508	1553	1527	1809	1952
YMR013C	XIII	295179	296738	-	1560	216	384	446	403	437	558
YMR127C	XIII	522329	523345	-	1017	151	250	298	321	327	420
YMR153C-A	XIII	565574	565909	-	336	4	15	14	15	13	21
YMR212C	XIII	690695	693043	-	2349	701	1467	1445	1441	1536	1819
YMR296C	XIII	859215	860891	-	1677	1090	2127	2269	2418	2868	2032
YMR101C	XIII	468445	469476	-	1032	7	18	9	12	8	20
YMR166C	XIII	593367	594473	-	1107	144	210	211	237	330	267
YMR061W	XIII	392755	394788	+	2034	561	1146	1190	1180	1245	1562
YMR288W	XIII	845571	848486	+	2916	240	451	508	505	635	653
YMR265C	XIII	796540	797925	-	1386	198	337	381	363	402	336
YML116W	XIII	38196	39824	+	1629	221	460	452	493	566	615
YML130C	XIII	11483	13174	-	1692	1199	1887	2025	2439	2782	3056
YMR273C	XIII	811233	813980	-	2748	302	601	576	618	824	638
YMR292W	XIII;XIII	854795;854899	854816;855293	+;+	417	249	597	611	554	585	760
YMR137C	XIII	542978	544963	-	1986	105	205	203	232	255	299
YMR013W-A	XIII	298311	298391	+	81	0	0	0	0	0	0
YML076C	XIII	112513	115347	-	2835	240	479	467	503	547	593
YMR082C	XIII	431769	432125	-	357	1	0	1	0	1	1
tR(UCU)M2	XIII	131825	131896	-	72	0	0	0	0	0	0
YMR022W	XIII	318680	319177	+	498	271	520	575	558	659	641
YML062C	XIII	147505	148683	-	1179	377	654	768	724	790	829
YMR086C-A	XIII	442026	442364	-	339	35	49	61	56	58	58
YML035C	XIII	206428	208860	-	2433	508	978	962	1106	1158	1597
YMR173W	XIII	608689	609981	+	1293	114	161	194	154	143	231
YMR194C-A	XIII	652912	653136	-	225	8	23	14	15	23	11
YMR093W	XIII	454015	455556	+	1542	540	1114	1053	1061	1457	1568
YML036W	XIII;XIII	205642;206204	206097;206293	+;+	546	198	359	405	410	413	501
YMR307W	XIII	887003	888682	+	1680	7481	13740	14187	15298	17780	16356
YML116W-A	XIII	37472	37774	+	303	25	61	52	61	49	39
YMR021C	XIII	317165	318418	-	1254	183	340	386	365	374	357
YMR135C	XIII	538689	540056	-	1368	378	690	706	618	584	363
YMR121C	XIII	509734	510348	-	615	222	378	406	418	464	413
YMR129W	XIII	527804	531817	+	4014	642	1284	1248	1281	1525	1731
YML066C	XIII	140424	141533	-	1110	44	89	106	96	129	112
YMR045C	XIII	357359	362627	-	5269	105	235	209	234	209	213
YMR050C	XIII	373057	378325	-	5269	11	21	16	15	20	11
YML045W	XIII	184461	189729	+	5269	5	14	15	16	17	8
YML040W	XIII	196628	197950	+	1323	0	0	0	0	0	0
YML045W-A	XIII	184461	185783	+	1323	0	0	0	0	0	0
YMR046C	XIII	361305	362627	-	1323	0	0	0	0	0	0
YMR051C	XIII	377003	378325	-	1323	0	0	0	0	0	0
YML039W	XIII	196628	201896	+	5269	10	17	12	16	4	16
YBR225W	II	670627	673329	+	2703	215	316	398	388	391	383
YBR182C-A	II	595361	595555	-	195	3	4	4	6	2	2
YBL055C	II	115573	116829	-	1257	470	880	978	943	854	821
YBR293W	II	787006	788430	+	1425	241	420	450	374	393	443
YBR223W-A	II	668721	668840	+	120	0	0	0	0	0	0
YBR115C	II	469748	473926	-	4179	375	722	894	771	892	886
YBR031W	II	300166	301254	+	1089	4090	7450	7317	6526	7261	6001
YBL108C-A	II	7605	7733	-	129	0	0	0	0	0	0
YBR116C	II	474199	474726	-	528	3	2	2	4	5	1
YBR241C	II	702589	704055	-	1467	68	137	139	138	198	112
YBR182C	II	593506	594864	-	1359	197	342	400	339	252	179
YBR134W	II	504243	504644	+	402	1	4	1	3	8	8
YBL037W	II	147209	150286	+	3078	210	407	430	568	587	704
YBR019C	II	276253	278352	-	2100	48	124	100	131	165	155
YBR022W	II	283738	284271	+	534	138	282	303	328	281	347
YBR121C-A	II	482326	482484	-	159	0	0	0	0	0	0
YBR119W	II;II	479338;479435	479345;480323	+;+	897	218	336	434	444	438	426
YBL022C	II	177874	181275	-	3402	554	1221	1168	1761	2213	1991
snR161	II	307185	307345	-	161	0	3	5	6	6	10
YBR243C	II	705447	706793	-	1347	265	571	613	692	764	841
YBR234C	II	685438	686592	-	1155	975	1823	1874	1935	2224	2081
YBR179C	II	586547	589114	-	2568	262	549	531	605	761	880
YBR247C	II	713004	714455	-	1452	948	1909	1923	1977	1869	2236
YBR124W	II	486507	486866	+	360	1	1	0	1	0	1
YBL086C	II	61202	62602	-	1401	309	491	509	433	423	329
YBL065W	II	99963	100307	+	345	0	0	3	0	2	0
YBR227C	II	673572	675134	-	1563	409	724	789	770	889	892
YBR218C	II	658707	662249	-	3543	1284	2483	2590	2284	2584	2248
YBR244W	II	707528	708016	+	489	160	252	272	341	375	337
YBR160W	II	560078	560974	+	897	418	779	851	965	1078	1066
YBL080C	II	73070	74695	-	1626	98	166	186	205	255	227
YBR083W	II	409169	410629	+	1461	399	828	864	723	1150	1128
YBR294W	II	789235	791814	+	2580	152	276	238	285	384	327
tI(AAU)B	II	197494	197567	+	74	0	0	0	0	0	0
YBR091C	II	427155	427484	-	330	81	125	184	176	205	192
YBR284W	II	771239	773632	+	2394	36	103	82	88	93	67
YBR158W	II	556549	558198	+	1650	1686	3342	3168	2973	4210	5053
YBR111W-A	II;II;II	462139;462290;462500	462209;462429;462579	+;+;+	291	196	339	415	397	349	419
YBL071C	II	90223	90531	-	309	113	185	206	209	236	285
YBR126W-B	II	490927	491070	+	144	58	70	88	88	105	54
YBR229C	II	676357	679221	-	2865	300	636	628	680	843	829
YBR042C	II	320416	321609	-	1194	368	735	737	749	730	885
YBR150C	II	541209	544493	-	3285	162	233	276	280	267	242
YBR298C	II	802631	804475	-	1845	109	164	146	116	156	140
YBR143C	II	530869	532182	-	1314	3669	7106	7763	6809	6571	7778
YBR014C	II	266725	267336	-	612	224	437	479	476	581	643
tS(AGA)B	II	227075	227156	+	82	0	2	0	0	1	0
YBR259W	II	730387	732453	+	2067	150	317	333	372	485	544
YBR060C	II	360652	362514	-	1863	325	509	558	584	689	661
YBR180W	II	589741	591459	+	1719	27	69	79	72	97	71
YBL034C	II	153848	158389	-	4542	188	384	350	382	512	625
YBR212W	II	647886	649904	+	2019	580	1027	1005	1060	1311	1122
YBR071W	II	380411	381046	+	636	471	866	881	1194	1437	993
YBL074C	II	86722	87789	-	1068	44	83	82	120	121	141
YBL107C	II	9961	10551	-	591	221	447	458	578	644	655
YBR097W	II	436951	441315	+	4365	215	395	419	445	450	511
YBR136W	II	505668	512774	+	7107	170	326	306	358	357	371
YBR039W	II	315575	316510	+	936	1092	1864	2126	1851	2656	2588
YBL089W	II	49574	50953	+	1380	222	354	411	434	490	449
YBL067C	II	93639	95882	-	2244	569	1004	1043	1012	1138	1240
YBR270C	II	742761	744398	-	1638	83	153	144	151	182	143
YBR087W	II	423765	424829	+	1065	454	878	945	968	1015	1087
YBR121C	II	481364	483367	-	2004	3950	7831	8206	7441	7315	8150
YBR026C	II	292877	294019	-	1143	377	712	819	867	1075	997
YBR197C	II	615203	615856	-	654	110	195	243	237	247	208
YBR027C	II	294024	294356	-	333	11	29	25	26	36	34
YBR177C	II	584807	586162	-	1356	766	1437	1504	1058	1197	1007
YBR176W	II	583720	584658	+	939	149	265	297	346	328	367
YBR230W-A	II	680362	680562	+	201	37	75	101	95	133	53
YBR090C	II;II	426333;426874	426516;427058	-;-	369	6	6	8	6	8	6
YBL071C-B	II	89458	89556	-	99	2	2	2	3	0	5
YBR064W	II	367763	368191	+	429	1	0	0	0	0	0
YBR044C	II	324341	326059	-	1719	243	394	442	520	613	561
YBL068W	II	92414	93394	+	981	587	1113	1092	982	1007	1234
YBR216C	II	655576	657600	-	2025	286	587	601	706	751	909
YBR271W	II	744852	746111	+	1260	414	758	760	734	783	904
YBR084W	II	411054	413981	+	2928	1823	3790	3812	3511	3587	3429
YBR065C	II	368584	369678	-	1095	117	206	268	236	305	337
YBR245C	II	708150	711539	-	3390	626	1285	1270	1357	1541	1658
YBR085W	II	415983	416906	+	924	85	178	155	164	154	145
YBR059C	II	356861	360187	-	3327	364	730	716	767	928	894
YBR068C	II	373861	375690	-	1830	3340	6352	5876	6809	6850	6439
YBR285W	II	773922	774356	+	435	19	23	20	21	28	23
YBR041W	II	318266	320275	+	2010	578	1052	1079	1149	1212	1233
YBR252W	II	722611	723054	+	444	374	734	875	673	716	651
YBL082C	II	69751	71127	-	1377	219	374	387	403	454	285
YBL002W	II	236492	236887	+	396	1858	3542	3808	3531	4276	4327
YBL098W	II	39145	40527	+	1383	221	488	426	461	447	465
YBR117C	II	474392	476437	-	2046	63	81	79	81	81	84
YBR214W	II	651415	652998	+	1584	371	650	681	626	657	347
YBR169C	II	573915	575996	-	2082	462	697	754	561	456	345
YBR207W	II	635146	636543	+	1398	482	739	810	810	1052	988
YBR155W	II	549771	550928	+	1158	643	1349	1410	1382	1314	1603
YBL106C	II	10847	13879	-	3033	106	263	241	275	302	316
YBR237W	II	691969	694518	+	2550	253	502	458	524	589	629
YBR193C	II	609082	609753	-	672	142	232	298	269	327	307
YBR149W	II	539987	541021	+	1035	661	1203	1249	1438	1668	1216
YBR013C	II	265492	265881	-	390	0	0	0	0	0	0
YBL063W	II	101886	105221	+	3336	151	292	295	394	454	530
YBL029C-A	II	164488	164772	-	285	164	285	352	260	280	240
YBR147W	II	536575	537465	+	891	11	21	27	20	13	15
YBR246W	II	711591	712754	+	1164	416	763	783	784	865	855
YBR002C	II	241708	242568	-	861	303	566	639	616	723	627
YBR023C	II	284428	287925	-	3498	862	1681	1637	1947	2282	2590
YBL088C	II	51019	59382	-	8364	323	641	618	662	765	821
YBL064C	II	100371	101156	-	786	140	237	260	260	419	317
YBL007C	II	212632	216366	-	3735	1025	1887	1891	2064	2445	2114
tL(UAA)B2	II	347603	347686	+	84	0	0	0	0	0	0
YBL093C	II	44256	44918	-	663	414	786	919	912	938	825
YBL091C	II	47363	48628	-	1266	1096	2006	2069	2029	2285	1717
YBR142W	II	528317	530638	+	2322	1097	2339	2419	2279	2093	2799
YBR047W	II	331833	332360	+	528	25	45	47	71	57	56
YBR238C	II	695107	697302	-	2196	1033	1659	1669	1372	1614	1818
YBR067C	II	372103	372735	-	633	913	1649	1617	1246	1483	888
YBR010W	II	256331	256741	+	411	2081	3800	4152	3902	4029	4106
YBL054W	II	117589	119166	+	1578	625	1141	1190	1325	1301	1456
YBR209W	II	642583	642900	+	318	4	1	0	5	7	6
YBL060W	II	107932	109995	+	2064	196	370	395	418	499	615
YBR089W	II	425183	425782	+	600	0	0	0	0	2	0
YBR025C	II	290681	291865	-	1185	4913	9786	10273	9762	10083	10335
YBR040W	II	316968	317864	+	897	3	7	5	5	13	6
YBR230C	II;II	679549;680040	679942;680050	-;-	405	148	201	238	238	351	266
YBL027W	II;II	168423;168809	168424;169376	+;+	570	10825	19951	22231	18751	18238	14816
YBL100C	II	36989	37303	-	315	116	204	206	222	366	364
YBR261C	II	734832	735530	-	699	310	620	681	671	765	472
YBR034C	II	304930	305976	-	1047	1555	2869	3027	2876	2984	3366
YBR101C	II	443821	444693	-	873	1434	2276	2565	2465	2703	2418
YBL010C	II	206107	206949	-	843	79	137	155	181	235	281
YBR053C	II	339675	340751	-	1077	166	302	350	393	507	532
YBL059C-A	II;II	110125;110506	110420;110539	-;-	330	89	223	239	253	300	310
YBR255C-A	II;II	726618;727012	726917;727074	-;-	363	68	133	188	166	219	185
YBL042C	II	138341	140260	-	1920	740	1625	1726	1949	2639	2447
YBL039C	II	143989	145728	-	1740	1640	3382	3612	3444	3129	3519
YBR217W	II	657832	658392	+	561	85	159	151	153	176	185
YBR200W-A	II	622983	623147	+	165	0	2	1	2	1	1
YBL003C	II	235394	235792	-	399	1988	3226	3809	2920	2938	3492
YBR069C	II	376574	378433	-	1860	1122	2113	2272	2194	2601	2940
YBR056W-A	II	351255	351455	+	201	24	41	37	54	46	9
YBR009C	II	255373	255684	-	312	1801	3384	3703	3387	3883	3662
YBL038W	II	146187	146885	+	699	250	412	473	546	668	693
YBR056C-B	II	351293	351451	-	159	0	0	0	0	0	0
YBR081C	II	401253	405251	-	3999	376	769	762	919	1057	1039
YBR007C	II	248806	251016	-	2211	271	501	487	553	646	589
YBR146W	II	535260	536096	+	837	485	1022	1074	1161	1289	1369
YBR171W	II	578364	578984	+	621	634	1220	1368	2	1	0
YBL028C	II	167518	167838	-	321	704	1324	1454	1234	1090	1526
YBR135W	II	504854	505306	+	453	182	333	392	439	508	334
YBR264C	II	737770	738369	-	600	154	253	295	291	340	278
YBR043C	II	321876	323945	-	2070	272	479	505	555	661	539
YBL059W	II;II	110594;110949	110879;111244	+;+	582	56	108	119	132	140	133
YBR131W	II	497163	499277	+	2115	104	199	227	261	271	326
YBR233W-A	II	684977	685261	+	285	94	168	192	184	237	288
YBR092C	II	427698	429101	-	1404	1621	2671	2799	2279	2440	2342
YBR126C	II	488905	490392	-	1488	1421	2344	2444	2088	2011	1075
YBR057C	II	352193	353293	-	1101	357	661	679	702	821	933
YBR086C	II	420201	423041	-	2841	1676	3123	3125	3059	3673	3878
YBR174C	II	582338	582652	-	315	1	2	0	2	2	0
snR56	II	88190	88277	+	88	1	4	7	7	6	10
YBR281C	II	764970	767606	-	2637	372	743	795	899	1086	1192
YBL103C	II	22076	23536	-	1461	255	448	441	476	516	516
tG(GCC)B	II	197629	197699	-	71	0	0	0	0	0	0
YBR159W	II	558685	559728	+	1044	980	1986	2160	2085	2170	2282
YBR118W	II	477671	479047	+	1377	6298	10741	12088	11064	11357	8252
YBL004W	II	227636	235117	+	7482	1399	3016	2791	2691	2382	2808
YBR163W	II	565723	567480	+	1758	249	504	539	448	482	567
YBL013W	II	202056	203261	+	1206	14	26	33	20	38	27
YBL112C	II	2582	2899	-	318	0	0	0	0	0	0
YBR231C	II	682179	683090	-	912	101	179	169	235	269	200
YBL066C	II	96669	100115	-	3447	168	300	288	308	422	401
YBR008C	II	252563	254209	-	1647	169	288	301	353	466	425
YBL015W	II	194122	195702	+	1581	220	360	338	371	480	321
YBR038W	II	311898	314789	+	2892	418	836	833	987	1157	1246
YBL018C	II;II	185998;186428	186352;186474	-;-	402	177	291	328	282	304	388
YBR253W	II	723270	723635	+	366	146	258	284	273	353	316
YBL068W-A	II	91794	92030	+	237	0	0	0	0	0	0
YBR058C	II	353672	356017	-	2346	517	1049	1149	1121	1216	1329
YBL084C	II	67169	69445	-	2277	227	383	372	414	540	514
YBR224W	II	670125	670640	+	516	3	1	3	2	1	4
YBR077C	II	391805	392293	-	489	141	258	309	319	327	356
YBL087C	II;II	59822;60698	60193;60739	-;-	414	4726	7804	9054	7179	7238	5456
YBR098W	II	441515	443590	+	2076	85	158	145	180	202	260
YBR239C	II	698354	699943	-	1590	173	345	321	319	376	348
YBR168W	II	572371	573612	+	1242	129	223	281	270	285	374
YBL046W	II	132424	133749	+	1326	237	401	454	422	560	419
YBR003W	II	242809	244230	+	1422	338	612	661	676	836	807
YBR215W	II;II	653356;653453	653368;655317	+;+	1878	258	562	575	656	707	863
LSR1	II	680688	681862	-	1175	52	96	88	67	91	79
YBL025W	II	171481	171918	+	438	79	123	142	153	189	154
YBR105C	II	450881	451969	-	1089	293	564	622	550	676	660
YBR200W	II	620872	622527	+	1656	334	575	645	602	723	775
YBR190W	II	605966	606277	+	312	0	2	3	0	3	2
YBR248C	II	714807	716465	-	1659	748	1388	1427	1440	1579	1534
YBR145W	II	533762	534817	+	1056	245	451	499	325	263	215
YBL047C	II	127895	132040	-	4146	1202	2322	2170	2353	2866	2559
YBR099C	II	442924	443307	-	384	0	0	0	0	0	0
YBL014C	II	199064	201748	-	2685	294	493	475	479	607	784
YBR062C	II;II	365976;366585	366502;366600	-;-	543	181	294	354	364	423	409
YBL092W	II	45978	46370	+	393	11640	23080	25900	21288	20825	18713
YBR240C	II	700490	701842	-	1353	24	36	58	47	47	42
YBR251W	II	721390	722313	+	924	161	317	345	383	432	434
YBR199W	II	618909	620303	+	1395	839	1570	1622	1542	1768	1748
YBR128C	II	493081	494115	-	1035	52	65	83	98	76	79
YBR139W	II	515664	517190	+	1527	319	593	673	685	872	677
YBL070C	II	90605	90925	-	321	4	6	7	10	6	12
YBR054W	II	343101	344135	+	1035	1062	1956	2169	885	550	249
YBL039W-B	II	143393	143572	+	180	51	86	84	78	71	96
YBR072W	II	382030	382674	+	645	39	65	77	90	92	56
YBR111C	II	461178	461873	-	696	738	1502	1573	1578	1470	1091
YBL001C	II	237153	237467	-	315	393	738	825	846	908	982
YBR110W	II	458872	460221	+	1350	402	755	848	836	942	1029
YBL111C	II;II	2907;4216	4116;5009	-;-	2004	1	2	1	1	2	3
YBL036C	II	150447	151220	-	774	532	1050	1115	1122	1083	1392
tR(UCU)B	II	405878	405949	+	72	0	0	0	0	0	0
YBL094C	II	43765	44097	-	333	0	1	0	0	1	1
YBR033W	II	301944	304703	+	2760	102	187	164	206	219	217
YBL073W	II	87646	87957	+	312	1	4	6	6	7	6
YBR096W	II	436021	436713	+	693	488	855	898	944	1017	1295
YBL053W	II	119335	119709	+	375	0	4	5	4	7	5
YBR030W	II	298292	299950	+	1659	237	480	453	466	516	466
YBL076C	II	81043	84261	-	3219	3585	7205	7316	7262	7394	7556
YBR256C	II	727386	728102	-	717	450	964	1060	1090	1206	1110
YBR162W-A	II	565231	565428	+	198	452	829	879	951	944	1098
YBL077W	II	80897	81328	+	432	20	46	37	18	19	30
YBR156C	II	551104	553200	-	2097	129	279	266	303	386	467
YBL012C	II	203406	203807	-	402	3	9	5	3	8	8
YBL008W-A	II	209409	209648	+	240	0	1	2	0	1	3
YBR297W	II	800523	801929	+	1407	67	122	140	149	194	205
YBR189W	II;II	604508;604928	604514;605508	+;+	588	12371	23069	25602	21309	20504	21182
YBL096C	II	43174	43482	-	309	4	6	6	10	8	13
YBR011C	II	257112	257975	-	864	4331	8406	9055	8249	9211	7442
YBL041W	II	141247	141972	+	726	887	1723	1974	2198	2500	2140
YBL081W	II	71866	72972	+	1107	520	832	824	877	1154	1030
YBR089C-A	II	426190	426489	-	300	270	480	507	460	525	407
YBR103C-A	II	449320	449463	-	144	5	1	2	5	1	0
YBR296C	II	796798	798522	-	1725	649	1423	1285	1058	1076	1125
YBL040C	II;II	142112;142847	142749;142868	-;-	660	683	1209	1246	1362	1398	1791
YBR165W	II	568852	569685	+	834	139	247	280	262	303	296
YBL026W	II;II	170623;170805	170676;171038	+;+	288	379	686	791	738	811	1037
YBR082C	II;II	406628;407123	407027;407169	-;-	447	2224	4091	4438	4837	6443	4807
YBR280C	II	762784	764697	-	1914	207	310	356	339	282	222
YBR061C	II	364787	365719	-	933	439	851	937	810	780	907
YBL016W	II	192451	193512	+	1062	605	1064	1084	1084	1210	899
YBR175W	II	582408	583355	+	948	124	195	232	232	259	233
YBR029C	II	296369	297742	-	1374	797	1423	1413	1430	1508	1737
YBL057C	II	112801	113427	-	627	351	661	807	782	718	635
YBR298C-A	II	805035	805256	-	222	0	0	0	0	0	1
YBR192W	II	607652	608785	+	1134	303	648	664	658	801	990
tQ(UUG)B	II	350827	350898	+	72	0	0	0	0	0	0
YBR302C	II	810340	811479	-	1140	49	108	99	112	109	97
YBR254C	II	723736	724263	-	528	139	235	271	292	320	337
YBR204C	II	632254	633381	-	1128	204	324	390	451	479	455
YBR220C	II	662995	664677	-	1683	314	571	616	603	760	645
YBR222C	II	666720	668351	-	1632	392	734	722	906	999	718
YBR290W	II	782591	783556	+	966	461	798	883	837	877	876
YBR162C	II	563203	564570	-	1368	6102	11029	11146	11091	11332	10578
YBR167C	II	571468	571890	-	423	131	263	314	294	317	352
YBL033C	II	158656	159693	-	1038	200	412	427	512	627	370
YBR228W	II	675313	676227	+	915	101	243	265	256	295	342
YBR263W	II	736264	737736	+	1473	1520	2966	3087	2784	2869	2449
YBR250W	II	719033	720604	+	1572	19	27	36	42	40	58
YBR272C	II	746361	747803	-	1443	240	425	417	457	578	586
YBR120C	II	480435	480923	-	489	166	253	333	309	337	430
YBR084C-A	II;II	414186;415260	414753;415261	-;-	570	7640	14635	15705	13726	13272	10640
YBL062W	II	105308	105688	+	381	2	2	2	1	3	4
YBR301W	II	809057	809419	+	363	1	9	6	7	6	7
YBR076W	II	390227	391291	+	1065	55	69	67	62	51	50
YBR210W	II	645550	645978	+	429	166	321	351	342	321	439
YBR106W	II	452658	453224	+	567	3102	5706	6267	5759	6161	5211
YBR005W	II	245906	246547	+	642	611	933	1109	1130	1110	566
YBR153W	II	547460	548194	+	735	208	364	347	433	486	464
YBR132C	II	499652	501442	-	1791	62	97	91	88	107	105
YBR166C	II	569842	571200	-	1359	552	966	1037	1073	1241	1381
YBR221W-A	II	666538	666642	+	105	6	11	18	19	17	22
YBR131C-A	II	497650	497739	-	90	0	0	0	0	0	0
YBR161W	II	561634	562764	+	1131	135	243	258	236	277	319
YBR109C	II	457919	458362	-	444	990	1765	1976	1876	1732	1989
YBR255W	II	724456	726540	+	2085	234	396	483	471	512	481
YBR205W	II	633622	634836	+	1215	530	1076	1097	1056	1137	1210
YBR296C-A	II	800123	800242	-	120	0	2	1	6	0	1
YBL043W	II	136688	137461	+	774	46	110	91	173	329	226
YBR130C	II	495592	496869	-	1278	417	847	916	950	1076	1323
YBR206W	II	634601	634924	+	324	38	67	77	63	65	58
YBR122C	II	483970	484503	-	534	372	573	649	722	843	976
YBR295W	II	792849	796499	+	3651	226	470	433	619	420	382
YBR004C	II	244366	245667	-	1302	526	1104	1117	1065	1026	1225
YBR202W	II	625772	628309	+	2538	522	1022	1058	870	1285	1357
YBR001C	II	238941	241283	-	2343	169	326	312	364	481	449
YBL113C	II	280	2658	-	2379	43	50	50	82	79	61
YBR288C	II	778012	779463	-	1452	420	762	815	796	792	964
YBR282W	II	768240	768680	+	441	144	212	278	370	426	401
YBL072C	II	88523	89125	-	603	5088	8809	9562	8364	8208	8404
YBR103W	II	447709	449316	+	1608	198	403	468	486	561	551
YBR107C	II	453793	454530	-	738	139	212	222	220	266	222
YBL024W	II	172534	174588	+	2055	1437	2978	2942	2816	2813	3376
YBR012C	II	259147	259566	-	420	0	0	0	0	0	0
YBR188C	II	603685	604107	-	423	80	185	191	270	267	257
YBL075C	II	84499	86448	-	1950	117	232	241	278	347	313
YBR102C	II	445062	447323	-	2262	271	559	555	641	710	818
YBR006W	II	247010	248503	+	1494	285	448	506	380	300	241
YBL051C	II	122753	124759	-	2007	703	1274	1357	1418	1651	1552
YBR196C	II	612236	613900	-	1665	8931	17306	17971	15845	15095	13179
YBL031W	II	161699	162715	+	1017	101	156	185	221	300	235
YBR141W-A	II	527167	527262	+	96	0	0	0	0	0	0
YBL006W-A	II	216711	216860	+	150	0	0	0	0	0	0
YBL100W-C	II	28427	28546	+	120	1	5	6	9	10	9
YBR236C	II	690383	691693	-	1311	328	624	734	765	813	883
YBR276C	II	757620	760043	-	2424	422	827	779	909	993	1052
YBR036C	II	309081	310313	-	1233	1148	1947	2170	2141	2436	1876
YBR045C	II	328173	330092	-	1920	68	128	141	126	211	143
YBR291C	II	783673	784572	-	900	103	123	155	158	167	200
YBR137W	II	513044	513583	+	540	184	381	392	455	527	530
YBR079C	II	395383	398277	-	2895	4129	8054	7916	7680	8138	7810
YBR017C	II	270947	273703	-	2757	871	1798	1837	1825	1941	2066
YBL044W	II	135998	136366	+	369	1	0	1	2	2	0
YBL023C	II	174920	177526	-	2607	362	683	690	684	787	892
YBR127C	II	491269	492822	-	1554	3417	5945	5967	5588	6224	5437
YBR152W	II	546376	547251	+	876	108	171	183	175	251	226
YBR035C	II	306269	306955	-	687	497	863	998	983	1069	838
YBR289W	II	779667	782384	+	2718	148	346	366	436	531	464
YBL017C	II	186844	191583	-	4740	905	1700	1691	1624	1776	1788
YBR157C	II	553543	554310	-	768	159	280	262	190	316	245
YBL104C	II	18177	21293	-	3117	208	403	423	549	596	662
YBL109W	II	5790	6125	+	336	0	1	1	0	3	0
tL(UAA)B1	II	9583	9666	+	84	0	0	0	0	0	0
YBR072C-A	II	382860	383021	-	162	0	0	0	2	1	4
YBR300C	II	808600	809097	-	498	2	2	3	3	2	3
YBR195C	II	610614	611882	-	1269	148	350	313	336	388	399
YBR233W	II	683428	684669	+	1242	101	190	193	234	271	322
YBR262C	II	735720	736040	-	321	210	352	414	429	475	346
YBR020W	II	279021	280607	+	1587	31	68	85	79	90	97
YBR085C-A	II	418907	419164	-	258	560	1087	1162	1087	1087	843
YBR123C	II	484742	486691	-	1950	186	352	362	459	550	530
YBR221C	II	665153	666253	-	1101	2141	3800	3882	4027	4417	3939
YBL029W	II	166134	167264	+	1131	105	278	251	274	366	250
YBL045C	II	134143	135516	-	1374	1134	2076	2254	1971	3379	2492
YBR191W-A	II	607149	607223	+	75	28	74	69	52	41	40
YBR154C	II	548362	549009	-	648	1318	2550	2840	2641	2552	3428
YBR278W	II	760294	760899	+	606	57	90	115	102	122	103
YBR273C	II	748061	749371	-	1311	436	773	933	865	883	640
YBR032W	II	301519	301821	+	303	13	24	20	12	12	23
YBR048W	II;II	332831;333387	332875;333812	+;+	471	5727	9567	9786	9108	9872	8312
YBR104W	II	449667	450656	+	990	416	887	973	842	915	918
YBL079W	II	75259	79767	+	4509	663	1390	1332	1471	1769	1963
YBR265W	II	738582	739544	+	963	443	780	878	799	984	768
YBR249C	II	716882	717994	-	1113	3627	7338	7488	6298	5800	4954
YBR203W	II	629168	631942	+	2775	125	248	222	320	292	289
YBR184W	II	597363	598934	+	1572	37	68	72	82	104	113
YBR170C	II	576344	578086	-	1743	282	454	488	688	877	894
YBR173C	II	581726	582172	-	447	449	796	890	1011	1215	864
YBR133C	II	501804	504287	-	2484	402	747	688	753	924	1036
YBR275C	II	751356	757106	-	5751	383	864	862	995	1171	1302
YBL108W	II	8177	8482	+	306	0	0	0	0	0	0
YBL113W-A	II	646	1128	+	483	0	0	0	0	0	0
YBL085W	II	63876	66818	+	2943	705	1180	1260	1336	1782	1718
YBL052C	II	119379	121874	-	2496	198	412	371	468	618	720
YBL009W	II	207194	209224	+	2031	264	622	584	705	863	1011
YBR283C	II	768943	770415	-	1473	2356	4483	4241	4181	4500	5398
YBR094W	II	432036	434297	+	2262	302	655	633	702	711	925
YBR258C	II	729734	730162	-	429	63	132	173	155	153	213
YBR201W	II	623576	624211	+	636	170	292	333	343	369	418
YBR070C	II	379221	379934	-	714	172	323	347	315	355	421
tE(UUC)B	II	645167	645238	+	72	0	1	0	0	0	0
YBR198C	II	616127	618523	-	2397	561	1120	1092	1236	1517	1386
YBL056W	II	113762	115168	+	1407	1100	1891	2045	2054	2188	2095
YBL099W	II	37053	38690	+	1638	1832	3281	3680	3160	4221	4054
YBR257W	II	728885	729724	+	840	149	333	314	319	368	482
YBR126W-A	II	490850	491056	+	207	6	7	8	13	11	13
YBR242W	II	704670	705386	+	717	508	1107	1199	1169	1092	1181
YBL008W	II	209653	212175	+	2523	233	402	442	497	621	650
YBR181C	II;II	591712;592769	592416;592774	-;-	711	3144	6151	6756	5544	5654	5564
tC(GCA)B	II	643007	643078	-	72	0	1	0	0	0	0
YBR052C	II	338720	339352	-	633	401	737	782	785	865	645
YBR093C	II	429548	430951	-	1404	2306	5247	4700	1775	1345	1194
YBR049C	II	334386	336818	-	2433	415	777	798	903	1200	1220
YBR056W	II	347879	349384	+	1506	495	813	958	920	895	731
YBL030C	II	163041	163997	-	957	1656	3061	3235	3037	4287	3683
tT(AGU)B	II	266378	266450	+	73	0	0	0	0	0	0
YBR141C	II	527025	528038	-	1014	132	255	291	303	328	361
YBR226C	II	673155	673565	-	411	21	30	29	23	24	47
YBL005W	II	217470	220400	+	2931	420	748	759	928	984	1111
YBR151W	II	545028	545978	+	951	612	1165	1241	1277	1439	1165
YBR144C	II	533235	533549	-	315	3	1	4	5	3	3
YBR178W	II	586071	586445	+	375	2	2	1	4	7	3
YBR138C	II	513762	515336	-	1575	95	190	192	206	244	308
YBL090W	II	48825	49358	+	534	217	395	465	481	561	586
YBL105C	II	14241	17696	-	3456	559	1073	1023	1131	1277	1284
YBL102W	II	24098	24745	+	648	288	575	639	630	710	680
YBL011W	II	203538	205817	+	2280	463	856	845	961	1157	1073
YBR095C	II	434406	435698	-	1293	251	462	441	480	568	601
YBR196C-B	II	614526	614630	-	105	7	17	19	12	19	26
YBL048W	II	127299	127610	+	312	29	47	54	53	58	57
YBR066C	II	370037	370699	-	663	197	324	367	229	219	274
YBR292C	II	784702	785073	-	372	14	15	16	19	37	37
YBR018C	II	274427	275527	-	1101	14	29	28	39	23	24
YBR194W	II	610038	610409	+	372	44	114	114	146	121	160
YBR076C-A	II	391351	391617	-	267	32	64	83	79	79	56
YBR108W	II	454822	457665	+	2844	248	462	466	432	523	325
YBR046C	II	330507	331511	-	1005	82	136	144	199	247	206
YBR235W	II	686901	690263	+	3363	255	450	428	492	594	563
YBR274W	II	749594	751177	+	1584	252	458	525	541	585	629
YBL006C	II	216587	217129	-	543	150	310	338	345	358	244
YBR186W	II;II	600553;602217	602103;602360	+;+	1695	74	116	127	135	125	146
YBR277C	II	760215	760616	-	402	0	0	0	0	0	1
YBR185C	II	599123	599959	-	837	180	291	342	350	485	459
YBL078C	II	80378	80731	-	354	86	157	204	193	160	113
YBR037C	II	310565	311452	-	888	88	177	155	190	284	251
YBR015C	II	267710	269503	-	1794	1099	2030	2115	2107	2483	2213
YBR016W	II	270247	270633	+	387	241	332	402	484	553	317
YBL107W-A	II	9268	9372	+	105	0	0	0	0	0	0
YBL071W-A	II	89978	90226	+	249	85	168	194	183	231	312
YBR269C	II	742160	742576	-	417	137	207	246	258	292	204
YBR266C	II	739936	740388	-	453	0	0	0	0	0	0
YBR055C	II	344602	347301	-	2700	373	776	764	850	971	1038
YBR088C	II	424990	425766	-	777	168	309	318	341	393	410
tV(UAC)B	II	326792	326865	-	74	0	0	0	0	0	0
YBL019W	II	184353	185915	+	1563	160	290	324	302	271	327
YBR112C	II	462870	465770	-	2901	828	1463	1458	1584	2013	1565
YBR164C	II	567875	568426	-	552	460	965	1040	928	964	1202
YBR148W	II	537876	539705	+	1830	41	81	97	98	97	116
YBL020W	II	182401	184125	+	1725	516	908	939	918	1053	1175
YBR208C	II	636703	642210	-	5508	431	804	786	1242	1559	1455
tD(GUC)B	II	405960	406031	+	72	0	0	0	0	0	0
YBR172C	II	579150	581372	-	2223	760	1606	1648	1693	2238	2238
YBL097W	II	40831	43095	+	2265	56	118	144	158	242	219
YBR050C	II	337183	338199	-	1017	17	23	33	20	31	28
YBR183W	II	596115	597065	+	951	243	458	503	378	361	153
YBR213W	II	650368	651192	+	825	49	121	106	143	171	123
YBR113W	II	465566	466048	+	483	23	50	39	53	72	88
YBL091C-A	II;II	46565;47147	47058;47180	-;-	528	76	155	175	181	192	128
YBR196C-A	II	614024	614173	-	150	11	27	32	19	17	13
YBR286W	II	774700	776313	+	1614	4551	8440	8593	9873	10794	8612
YBR268W	II	741299	741616	+	318	162	213	289	327	392	271
YBR058C-A	II	356324	356566	-	243	299	513	618	517	505	682
YBR287W	II	776571	777854	+	1284	1855	3463	3536	3371	3159	2575
YBL083C	II	69713	70138	-	426	3	1	4	6	2	7
YBL061C	II	105316	107406	-	2091	398	775	796	844	962	1141
YBR267W	II	739841	741022	+	1182	338	665	709	758	844	792
YBR114W	II	467248	469620	+	2373	315	557	550	513	630	579
YBL032W	II	160184	161329	+	1146	535	1029	1246	1253	1371	1082
YBR219C	II;II	662499;663003	662581;663303	-;-	384	0	0	0	0	2	0
tF(GAA)B	II;II	36398;36453	36434;36488	+;+	73	0	0	0	1	0	0
YBR299W	II	805351	807105	+	1755	9	6	8	12	17	9
YBR191W	II;II	606270;606669	606280;607140	+;+	483	8115	13782	15671	12929	12564	10694
YBR125C	II	487199	488380	-	1182	297	555	564	583	714	693
YBL069W	II	90741	92030	+	1290	305	594	580	615	634	483
YBR223C	II	668663	670297	-	1635	89	132	149	130	178	150
YBR074W	II	386286	389216	+	2931	582	1128	1082	1086	1215	1342
YBR201C-A	II	624493	624696	-	204	35	60	74	58	59	49
YBR187W	II	602634	603476	+	843	1035	1790	1845	1668	1640	1865
YBL021C	II	181660	182094	-	435	77	127	150	144	198	126
YBL049W	II	126828	127244	+	417	49	119	135	86	129	83
YBL035C	II	151493	153610	-	2118	195	389	359	465	585	692
YBL095W	II	43277	44089	+	813	44	60	69	75	95	63
YBR073W	II	383112	385988	+	2877	483	1099	1057	1326	1653	1807
YBR109W-A	II	458608	458832	+	225	7	13	19	23	28	32
YBR260C	II	732639	734639	-	2001	234	430	501	571	643	645
YBR279W	II	761257	762594	+	1338	487	974	1013	1074	1229	1192
YBR211C	II	646158	647132	-	975	205	308	333	314	300	292
YBR078W	II;II	393123;393511	393180;394742	+;+	1290	8041	14922	14816	16968	19456	19298
YBR063C	II	366970	368184	-	1215	88	196	189	203	206	277
YBR028C	II	294425	296002	-	1578	240	605	596	628	736	857
YBL039C-A	II	144948	145031	-	84	0	0	0	0	0	0
YBR129C	II	494353	495339	-	987	265	419	483	460	519	500
YBL050W	II;II	125125;125271	125154;126119	+;+	879	531	985	1013	1015	1157	1092
YBR051W	II	337988	338338	+	351	1	0	0	1	4	2
YBR080C	II	398614	400890	-	2277	637	1119	1139	1207	1360	1466
YBL058W	II	111437	112708	+	1272	805	1500	1580	1865	2283	1793
YBL101C	II	24946	28299	-	3354	250	430	411	407	493	409
YBR140C	II	517350	526628	-	9279	492	980	1007	1055	1130	1177
YBR021W	II	281443	283344	+	1902	300	606	580	587	731	901
YBR232C	II	683373	683732	-	360	1	1	1	0	3	2
YBR024W	II	289445	290350	+	906	124	260	266	310	301	272
YBL005W-B	II	221330	226598	+	5269	134	269	258	248	255	233
YBL100W-A	II	29935	31251	+	1317	0	0	0	0	0	0
YBR012W-B	II	259869	265140	+	5272	0	1	4	1	6	2
YBR012W-A	II	259869	261191	+	1323	0	0	0	0	0	0
YBL005W-A	II	221330	222652	+	1323	0	0	0	0	0	0
YBL100W-B	II	29935	35248	+	5314	44	77	76	98	102	124
YNR017W	XIV	662913	663581	+	669	728	1399	1426	1546	1675	1294
YNL105W	XIV	424155	424583	+	429	1	0	0	1	0	1
YNR069C	XIV	761123	762592	-	1470	61	105	85	132	173	137
YNL306W	XIV	58155	58808	+	654	435	753	871	952	1111	979
YNL288W	XIV	90303	91424	+	1122	612	994	1012	1042	1123	867
YNL191W	XIV	280432	281505	+	1074	198	392	430	442	580	546
YNL150W	XIV	349251	349658	+	408	35	61	76	66	62	87
YNL097C	XIV	441366	442358	-	993	151	249	300	278	299	260
tN(GUU)N1	XIV	102716	102789	+	74	0	0	0	0	0	0
YNL137C	XIV	368595	370055	-	1461	464	952	1007	1097	1340	1312
YNL331C	XIV	16118	17248	-	1131	91	177	199	196	224	212
YNL030W	XIV	576727	577038	+	312	2707	4713	5541	5263	5552	4722
YNL297C	XIV	71673	76583	-	4911	413	782	736	892	951	1200
YNL102W	XIV	430087	434493	+	4407	323	659	629	750	939	1081
YNR026C	XIV	673274	674689	-	1416	275	583	624	664	734	874
YNL152W	XIV	346313	347542	+	1230	255	429	487	509	566	514
YNL140C	XIV	360917	361486	-	570	2	3	4	3	4	3
YNL099C	XIV	438567	439283	-	717	284	644	688	664	802	676
YNL182C	XIV	295960	297627	-	1668	842	1807	1856	1710	1692	2155
YNL180C	XIV	299654	300649	-	996	426	937	983	1059	1396	1331
YNR001C	XIV	629622	631061	-	1440	797	1408	1506	1096	1632	1162
YNL091W	XIV	452408	456130	+	3723	898	1807	1787	2004	2286	2224
YNL157W	XIV	340352	340858	+	507	572	933	1082	1130	1094	936
YNL315C	XIV	43324	44280	-	957	388	763	834	863	1018	918
YNL221C	XIV	231068	233695	-	2628	458	901	904	993	1190	1258
YNR052C	XIV	719346	720647	-	1302	586	1139	1226	1255	1402	1118
YNL061W	XIV	510540	512396	+	1857	2534	5164	5238	4926	4421	4987
YNL284C	XIV	103134	104102	-	969	299	635	650	680	930	835
YNR040W	XIV	699690	700460	+	771	85	151	133	230	246	223
YNL246W	XIV;XIV	185460;185587	185491;186349	+;+	795	452	788	825	848	1009	809
YNL097W-A	XIV	441431	441586	+	156	0	0	0	0	0	0
YNL121C	XIV	398684	400537	-	1854	1393	2833	2749	3266	3815	4150
snR191	XIV	721938	722211	-	274	13	13	20	11	14	13
YNL043C	XIV	545589	545909	-	321	3	6	9	8	5	9
YNR055C	XIV	728426	730186	-	1761	603	1170	1121	1111	1172	1126
YNL039W	XIV	555048	556832	+	1785	428	757	807	842	1093	1007
YNR036C	XIV	694361	694822	-	462	335	539	584	597	795	510
YNL304W	XIV	60297	61550	+	1254	78	161	154	177	241	175
YNL119W	XIV	401040	402521	+	1482	377	759	807	793	797	1070
YNL034W	XIV	570477	572315	+	1839	8	11	20	12	18	7
YNL187W	XIV	287994	289067	+	1074	93	181	166	182	238	201
YNL310C	XIV	51907	52431	-	525	87	185	227	233	350	205
YNL277W	XIV	117349	118809	+	1461	69	143	155	176	246	228
YNL126W	XIV	387227	389767	+	2541	158	277	321	366	420	612
tL(UAA)N	XIV	726134	726217	-	84	0	0	0	0	0	0
YNL210W	XIV	250931	251743	+	813	45	72	67	63	62	84
YNR041C	XIV	700541	701659	-	1119	101	180	194	224	229	175
YNL193W	XIV	274368	276044	+	1677	206	346	367	330	371	342
YNL301C	XIV;XIV	63570;64451	64018;64562	-;-	561	1654	2936	3060	2727	2797	2984
YNL263C	XIV	146896	147840	-	945	420	809	744	843	1019	913
YNL059C	XIV	512668	514935	-	2268	718	1267	1261	1423	1498	1536
YNL028W	XIV	578679	578996	+	318	1	1	1	2	2	0
YNL044W	XIV;XIV	545268;545371	545291;545877	+;+	531	326	604	619	650	704	781
YNL026W	XIV	581920	583374	+	1455	342	633	638	777	993	899
YNL067W	XIV	499681	500256	+	576	2575	4691	5050	4941	4896	5161
YNL205C	XIV	258155	258577	-	423	1	5	2	2	0	3
YNL104C	XIV	424895	426754	-	1860	1955	3869	3984	4195	5123	4075
YNL169C	XIV	316169	317671	-	1503	332	671	715	573	651	658
YNL268W	XIV	138550	140385	+	1836	1169	2080	2113	2260	2587	2638
YNL162W	XIV;XIV	331322;331838	331325;332154	+;+	321	3536	6770	7485	6249	5811	6092
YNL257C	XIV	160631	164320	-	3690	297	567	575	549	635	719
YNL229C	XIV	219137	220201	-	1065	612	1162	1294	1353	1461	1437
YNL042W-B	XIV	547113	547370	+	258	0	0	3	4	0	1
YNL248C	XIV	181361	182608	-	1248	1837	3651	3755	3530	3055	3771
YNR045W	XIV	706139	707608	+	1470	182	289	321	287	373	287
YNR051C	XIV	716780	718327	-	1548	1592	3151	3215	3377	3800	3459
YNL190W	XIV	282395	283009	+	615	1977	3692	3869	3718	4388	3053
YNL194C	XIV	272710	273615	-	906	39	94	78	95	88	64
YNL080C	XIV	476932	478032	-	1101	357	682	647	655	790	618
YNR005C	XIV	636931	637335	-	405	0	1	0	0	0	0
YNR064C	XIV	749136	750008	-	873	23	53	59	71	91	69
YNL145W	XIV	352414	352530	+	117	1328	2167	2313	1595	1907	2274
YNR068C	XIV	760067	760885	-	819	46	65	82	114	165	149
YNL323W	XIV	31944	33188	+	1245	370	680	779	658	736	730
YNL003C	XIV	624975	625829	-	855	220	443	487	452	554	473
YNL199C	XIV	264926	266530	-	1605	306	617	600	652	760	663
YNL048W	XIV	538173	539819	+	1647	464	829	903	916	931	1212
YNL072W	XIV	490317	491240	+	924	101	155	191	217	298	235
YNL224C	XIV	224796	227099	-	2304	306	568	545	626	702	630
YNL067W-A	XIV	498538	498684	+	147	0	0	2	1	0	0
YNR032W	XIV	686010	687116	+	1107	222	358	440	406	480	342
YNL206C	XIV	256788	258155	-	1368	306	627	650	707	798	893
YNR062C	XIV	744360	745343	-	984	55	116	125	112	149	148
YNL203C	XIV	259439	260050	-	612	3	2	2	3	5	4
YNL273W	XIV	122883	126599	+	3717	155	323	315	383	527	594
tI(AAU)N1	XIV	569867	569940	-	74	0	0	0	0	0	0
YNL213C	XIV	246460	247104	-	645	213	411	459	495	546	656
YNL055C	XIV	517994	518845	-	852	2806	5724	5860	6161	7683	5300
YNL170W	XIV	315978	316373	+	396	16	46	33	52	50	63
YNR013C	XIV	649028	651712	-	2685	815	1540	1505	1524	1813	1742
YNL269W	XIV	137699	138094	+	396	3	2	4	1	1	2
YNR020C	XIV	667410	668222	-	813	131	240	228	249	344	338
YNL041C	XIV	549468	551987	-	2520	376	612	687	753	835	930
YNL234W	XIV	210233	211513	+	1281	267	417	478	417	347	393
YNL165W	XIV	323832	325052	+	1221	148	280	323	291	405	366
YNL116W	XIV	408341	409909	+	1569	113	234	261	267	293	278
YNL008C	XIV	616211	618241	-	2031	401	694	737	759	787	925
YNL309W	XIV	52662	53924	+	1263	70	154	147	180	280	216
YNR015W	XIV	653387	654541	+	1155	456	867	909	855	921	680
YNR075W	XIV	779916	781040	+	1125	172	329	319	370	364	369
YNL025C	XIV	584320	585291	-	972	110	240	241	275	249	252
YNL058C	XIV	515763	516713	-	951	334	673	697	849	879	885
YNL313C	XIV	45308	48022	-	2715	662	1391	1363	1508	1751	2189
YNL122C	XIV	398023	398370	-	348	151	206	227	235	305	360
YNL094W	XIV	447611	449374	+	1764	399	655	674	790	932	804
YNL001W	XIV	627456	628616	+	1161	507	988	983	950	907	1395
YNL317W	XIV	40619	42016	+	1398	207	385	419	405	555	455
YNL035C	XIV	568522	569691	-	1170	321	559	659	650	653	653
YNL007C	XIV	618507	619565	-	1059	2248	3499	4256	4333	5898	5225
YNL162W-A	XIV	330329	330547	+	219	44	97	110	111	113	238
YNR039C	XIV	697614	699431	-	1818	265	458	445	462	594	586
YNL103W-A	XIV	426719	426808	+	90	11	29	28	28	39	76
tL(CAA)N	XIV;XIV	443006;443076	443043;443119	+;+	82	0	0	0	0	0	0
YNL052W	XIV	531725	532186	+	462	747	1291	1488	1199	1831	1396
YNL120C	XIV	401033	401518	-	486	0	0	0	0	0	0
YNL002C	XIV	626174	627142	-	969	2068	4325	4455	3947	3256	4827
YNL311C	XIV	49397	51688	-	2292	259	490	484	449	563	635
YNR007C	XIV	639182	640114	-	933	194	321	333	365	337	293
YNL291C	XIV	84169	85815	-	1647	249	505	521	524	601	652
YNL195C	XIV	271523	272308	-	786	41	79	81	91	91	47
YNL087W	XIV	462411	465947	+	3537	1484	3023	3119	2977	2685	3266
tF(GAA)N	XIV;XIV	374869;374924	374905;374959	+;+	73	0	0	1	1	0	0
YNL217W	XIV	240331	241311	+	981	1121	2140	2358	1933	1819	1425
YNL029C	XIV	577205	578773	-	1569	161	321	333	262	241	252
YNR028W	XIV	676177	677103	+	927	369	665	715	642	764	818
YNL009W	XIV	614821	616083	+	1263	54	89	100	98	90	110
YNL024C-A	XIV	586602	586820	-	219	250	402	473	367	373	458
YNL334C	XIV	12208	12876	-	669	9	14	20	15	16	21
YNL319W	XIV	38642	39082	+	441	6	10	14	7	8	6
YNL295W	XIV	76946	78520	+	1575	195	310	354	391	400	461
tN(GUU)N2	XIV	632599	632672	+	74	0	0	0	0	0	0
YNL192W	XIV	276502	279897	+	3396	4060	7270	7330	7799	5993	4375
YNL149C	XIV	349367	349756	-	390	14	29	42	34	46	56
YNL071W	XIV	491523	492971	+	1449	2085	3702	3848	4242	4775	3536
YNL089C	XIV	456693	457169	-	477	11	19	24	19	18	30
YNL308C	XIV	54122	55897	-	1776	2285	4492	4615	4411	3785	3861
YNL239W	XIV	200569	201933	+	1365	614	1262	1325	1411	1647	1546
YNL275W	XIV	119268	120998	+	1731	155	347	318	314	343	437
YNR071C	XIV	770440	771468	-	1029	0	0	0	0	0	0
YNL226W	XIV	222239	222649	+	411	2	2	6	12	3	8
YNL040W	XIV	553380	554750	+	1371	512	1036	1141	1083	1201	1215
YNL117W	XIV	406358	408022	+	1665	20	41	37	41	33	42
YNL050C	XIV;XIV	534079;534966	534874;534982	-;-	813	355	630	690	687	768	925
YNL086W	XIV	466334	466642	+	309	30	65	96	111	111	84
YNL017C	XIV	602138	602476	-	339	1	1	0	0	0	1
YNR070W	XIV	765375	769376	+	4002	1	0	2	3	1	1
YNR067C	XIV	755746	759099	-	3354	1840	3490	3323	3774	4818	4615
YNL305C	XIV	58898	59791	-	894	224	376	398	405	452	265
YNL015W	XIV	605384	605611	+	228	172	342	368	406	443	519
YNL146C-A	XIV	351386	351580	-	195	16	38	48	31	29	43
YNL063W	XIV	507758	508702	+	945	156	240	287	270	289	286
YNL294C	XIV	78659	80260	-	1602	477	926	924	989	1067	905
YNR046W	XIV	707788	708195	+	408	375	780	799	747	846	515
YNL167C	XIV	319416	321359	-	1944	513	864	855	829	1027	880
YNL280C	XIV	109095	110411	-	1317	767	1637	1656	1416	1541	1614
YNR002C	XIV	633008	633856	-	849	49	74	124	91	89	42
YNL036W	XIV	559814	560479	+	666	208	364	415	556	911	864
YNL075W	XIV	485607	486479	+	873	676	1247	1385	1296	1259	1464
YNR058W	XIV	734291	735733	+	1443	63	98	97	99	98	86
YNL054W	XIV	526086	529583	+	3498	237	437	471	535	724	643
YNR006W	XIV	636986	638854	+	1869	481	801	902	999	973	705
YNR042W	XIV	701238	701666	+	429	0	0	0	0	0	0
YNL261W	XIV	155100	156539	+	1440	206	438	452	461	544	614
YNL188W	XIV	286308	287609	+	1302	269	542	591	617	783	873
YNL146W	XIV	351715	352017	+	303	13	30	28	31	30	40
YNL228W	XIV	220645	221421	+	777	0	2	2	2	1	3
YNL211C	XIV	250055	250315	-	261	64	116	117	113	113	133
YNR021W	XIV	668377	669591	+	1215	1440	2991	2981	2812	2900	3428
YNL201C	XIV	260627	263203	-	2577	359	771	745	856	1153	1525
YNR033W	XIV	687635	689998	+	2364	437	814	824	1037	1212	953
YNR034W	XIV	690321	691286	+	966	159	283	313	292	257	209
YNL272C	XIV	126805	129084	-	2280	336	660	676	719	906	937
YNL245C	XIV	186346	186885	-	540	173	272	301	293	345	346
YNR074C	XIV	777602	778738	-	1137	0	0	0	0	0	0
YNL123W	XIV	394685	397678	+	2994	902	1839	1776	2043	2334	2814
YNR016C	XIV	654673	661374	-	6702	4045	8320	7913	7056	7210	6632
YNL223W	XIV	227370	228854	+	1485	139	200	255	242	254	224
YNR032C-A	XIV	687243	687464	-	222	117	206	240	214	186	261
YNL133C	XIV	374171	374692	-	522	63	136	123	144	139	187
YNL178W	XIV	302680	303402	+	723	14679	29861	32879	26426	24456	24147
YNL065W	XIV	503724	505484	+	1761	367	691	630	646	1021	1714
YNR043W	XIV	701895	703085	+	1191	1458	2921	3004	2843	3307	2659
YNL021W	XIV	593227	595347	+	2121	372	654	633	746	864	879
YNL124W	XIV	392892	394370	+	1479	468	862	856	920	905	814
YNL312W	XIV;XIV	48287;48402	48293;49216	+;+	822	359	612	651	769	914	922
YNL143C	XIV	356794	357186	-	393	16	24	36	28	30	19
YNL251C	XIV	172588	174315	-	1728	482	915	843	812	864	982
snR40	XIV	89210	89306	+	97	9	9	17	12	6	13
YNL299W	XIV	66517	68445	+	1929	221	509	496	585	732	913
snR19	XIV	230105	230672	-	568	28	41	39	24	39	37
YNR049C	XIV	713023	713655	-	633	161	301	333	351	361	276
YNL163C	XIV	326741	330073	-	3333	643	1323	1353	1534	1562	1677
YNR073C	XIV	774792	776300	-	1509	0	0	1	2	0	1
YNL127W	XIV	383987	386848	+	2862	210	351	378	425	455	519
YNL118C	XIV	402652	405564	-	2913	842	1415	1562	1588	1928	2128
tT(AGU)N2	XIV	560693	560765	-	73	0	0	0	1	0	0
YNL189W	XIV	284260	285888	+	1629	1563	3100	3062	3059	3360	3652
YNL290W	XIV	86218	87240	+	1023	449	880	938	1060	1122	832
YNR025C	XIV	672702	673061	-	360	20	40	37	42	46	60
YNL250W	XIV	175410	179348	+	3939	197	373	368	495	553	611
YNL314W	XIV	44447	45214	+	768	100	153	190	156	230	154
YNL227C	XIV	220659	222431	-	1773	241	405	445	528	464	663
YNL218W	XIV	238238	240001	+	1764	108	258	267	285	317	321
YNL004W	XIV;XIV	622915;623287	622944;624621	+;+	1365	957	1817	1978	1969	2200	1741
YNR023W	XIV	670418	672118	+	1701	193	362	377	414	514	530
YNL092W	XIV	450871	452073	+	1203	33	41	42	61	82	64
YNL324W	XIV	31050	31445	+	396	0	0	0	0	1	0
YNL233W	XIV	211922	214600	+	2679	347	691	660	750	1016	1027
YNL155W	XIV	342516	343340	+	825	384	681	762	961	1208	1272
YNL020C	XIV	595623	597539	-	1917	328	596	618	706	648	592
YNL076W	XIV	483556	485310	+	1755	407	646	725	684	783	788
YNL200C	XIV	263713	264453	-	741	103	209	237	204	256	209
YNL177C	XIV	303686	304615	-	930	442	822	832	960	1130	1134
YNL077W	XIV	481391	482977	+	1587	522	522	707	431	469	264
YNL293W	XIV	80640	82541	+	1902	259	406	467	495	424	434
YNL098C	XIV	439602	440570	-	969	1140	2039	2225	2232	2527	1890
YNR004W	XIV	635943	636383	+	441	94	157	158	155	158	165
YNL049C	XIV	535281	537911	-	2631	419	814	822	908	1070	1103
YNR019W	XIV	665339	667267	+	1929	1042	2150	2126	2505	2625	2040
YNL031C	XIV	575640	576050	-	411	4635	8243	9184	8705	9367	8622
YNL019C	XIV	598376	599230	-	855	4	10	8	6	10	0
YNL214W	XIV	245617	246216	+	600	81	119	149	131	158	142
YNL006W	XIV	620067	620978	+	912	376	660	772	675	780	593
YNR030W	XIV	678799	680454	+	1656	543	976	1017	1086	1396	1459
YNL038W	XIV;XIV	557020;557685	557610;557783	+;+	690	317	604	684	577	610	771
YNL090W	XIV	456565	457143	+	579	45	76	113	83	122	141
YNL151C	XIV	347766	348521	-	756	646	1107	1181	1170	1098	1191
YNL254C	XIV	168043	169248	-	1206	162	289	302	322	356	436
YNR008W	XIV	640396	642381	+	1986	342	653	658	799	836	815
YNR038W	XIV	695595	697484	+	1890	364	815	859	958	1088	1298
YNR003W-A	XIV	634420	634518	+	99	0	0	0	0	0	0
YNL307C	XIV	56446	57573	-	1128	1078	2156	2065	2079	2399	2589
YNL131W	XIV	378767	379225	+	459	726	1358	1494	1542	1707	1948
YNL265C	XIV;XIV	144280;145255	145149;145281	-;-	897	119	216	211	234	211	227
YNL175C	XIV	307401	308612	-	1212	826	1554	1665	1547	1208	1265
YNL042W	XIV	548100	549290	+	1191	240	359	448	321	321	248
YNL022C	XIV	591427	592899	-	1473	417	770	749	772	748	998
YNL056W	XIV	517249	517842	+	594	294	557	649	625	634	669
YNL011C	XIV	611836	613170	-	1335	146	247	315	270	287	277
YNL329C	XIV	19541	22633	-	3093	256	550	544	638	766	714
YNL074C	XIV	486766	488124	-	1359	616	1079	1146	1146	1375	966
YNL093W	XIV	449868	450530	+	663	21	52	54	36	26	21
YNR047W	XIV	708523	711204	+	2682	264	421	393	388	451	392
YNL183C	XIV	293137	295509	-	2373	353	668	616	707	990	992
YNL057W	XIV	516403	516735	+	333	1	3	2	1	3	2
YNL238W	XIV	202428	204872	+	2445	694	1461	1445	1523	1818	1748
YNL154C	XIV	343636	345276	-	1641	1229	2280	2348	2349	2707	2616
YNL267W	XIV	140878	144078	+	3201	483	1075	1160	1313	1470	1449
tP(UGG)N2	XIV;XIV	568115;568182	568150;568217	+;+	72	1	1	1	0	0	5
YNL014W	XIV	606319	609453	+	3135	56	124	103	120	125	125
NME1	XIV	585587	585926	+	340	2	20	9	8	25	17
YNL078W	XIV	479768	480991	+	1224	370	712	705	684	966	907
YNL209W	XIV	252059	253900	+	1842	9682	17476	18686	16280	15691	13046
YNL253W	XIV	170018	171286	+	1269	219	382	402	462	463	486
YNL173C	XIV	308957	310057	-	1101	320	493	519	569	941	565
YNL066W	XIV	501515	502777	+	1263	2264	4094	4013	3930	4287	3473
YNL321W	XIV	34696	37422	+	2727	315	534	550	637	764	720
YNR054C	XIV	723356	724306	-	951	449	919	927	936	1043	1101
YNR072W	XIV	772657	774351	+	1695	3	3	8	4	6	10
YNR076W	XIV	781918	782280	+	363	0	0	0	0	0	0
YNR031C	XIV	680694	685433	-	4740	306	566	570	675	750	776
YNL110C	XIV	417826	418488	-	663	1166	2256	2384	2142	1851	2755
YNL232W	XIV	214923	215801	+	879	413	884	899	886	912	956
YNL262W	XIV	148212	154880	+	6669	476	1044	987	1090	1469	1562
YNL142W	XIV	357453	358952	+	1500	535	1084	960	1153	1376	814
YNL129W	XIV	381480	382202	+	723	201	378	429	386	411	527
YNR014W	XIV	652465	653103	+	639	108	153	168	105	109	53
YNL005C	XIV	621313	622428	-	1116	629	1181	1220	1315	1392	1496
YNL174W	XIV	308074	308646	+	573	0	0	0	0	0	0
YNL335W	XIV	11452	12129	+	678	2	2	3	1	1	3
YNL240C	XIV	198502	199977	-	1476	216	404	429	508	418	310
YNL318C	XIV	38707	40329	-	1623	0	1	3	4	2	3
YNL256W	XIV	164623	167097	+	2475	784	1573	1549	1552	1489	1786
YNL012W	XIV;XIV	609686;609875	609790;611665	+;+	1896	104	202	204	206	225	223
YNR029C	XIV	677199	678488	-	1290	236	488	502	537	595	617
YNL130C-A	XIV	381245	381391	-	147	8	12	11	2	14	9
YNL107W	XIV	420098	420778	+	681	155	283	308	321	380	404
YNR065C	XIV	750350	753700	-	3351	175	338	334	388	486	450
YNL332W	XIV	14832	15854	+	1023	3	3	0	7	6	2
YNL023C	XIV	588263	591160	-	2898	397	725	789	859	897	923
YNR056C	XIV	731618	733303	-	1686	73	138	145	127	166	188
YNL186W	XIV	289498	291876	+	2379	938	1969	1861	2018	2668	2971
YNL153C	XIV	345669	346058	-	390	536	890	1086	915	933	774
YNL130C	XIV;XIV	379558;380782	380689;380831	-;-	1182	490	906	950	1053	1370	1484
YNL088W	XIV	457704	461990	+	4287	502	1022	1042	1176	1385	1494
YNL216W	XIV	241689	244172	+	2484	482	831	885	926	1158	1047
YNL276C	XIV	118431	118826	-	396	0	1	0	0	0	1
YNL108C	XIV	419014	419826	-	813	72	106	140	150	164	153
YNL252C	XIV	171441	172286	-	846	322	618	614	751	952	962
YNL181W	XIV	298335	299558	+	1224	341	671	754	799	832	915
YNL197C	XIV	267608	269593	-	1986	577	1056	1067	1082	1491	1490
YNL064C	XIV	505868	507097	-	1230	3346	6249	6818	8313	10959	10028
YNL202W	XIV	259578	260456	+	879	5	19	24	19	20	18
YNL283C	XIV	105184	106695	-	1512	359	646	595	748	1005	665
YNL147W	XIV;XIV	350940;351054	350957;351383	+;+	348	294	635	638	629	689	874
YNL286W	XIV	95223	96080	+	858	246	515	584	616	570	595
YNL337W	XIV	7165	7419	+	255	0	0	0	0	0	0
YNL322C	XIV	33294	34235	-	942	511	934	960	1091	1277	771
YNL158W	XIV	339612	340208	+	597	134	247	252	254	292	296
YNL168C	XIV	318030	318809	-	780	296	593	624	643	741	579
YNL259C	XIV	157644	157865	-	222	118	224	216	206	250	328
YNR022C	XIV	669774	670193	-	420	265	447	508	597	620	604
YNR077C	XIV	783287	783541	-	255	0	0	0	0	0	0
YNL068C	XIV	495701	498289	-	2589	418	770	797	748	991	851
tI(AAU)N2	XIV	602312	602385	+	74	0	0	0	0	0	0
YNL037C	XIV	557920	559002	-	1083	814	1407	1519	2354	3072	2146
YNL085W	XIV	467131	469623	+	2493	834	1618	1634	1677	1967	2377
YNL051W	XIV	532659	533870	+	1212	187	384	453	423	458	599
YNL148C	XIV	349907	350671	-	765	80	189	172	178	204	134
YNR075C-A	XIV	781511	781603	-	93	12	23	20	26	24	12
YNL255C	XIV	167329	167790	-	462	2633	4469	5159	4241	4045	3709
YNL070W	XIV	493366	493548	+	183	232	426	492	507	600	847
tD(GUC)N	XIV	519099	519169	-	71	1	7	8	5	5	3
tT(AGU)N1	XIV	104805	104877	+	73	0	0	1	0	0	1
YNL271C	XIV	129522	135383	-	5862	529	1071	1062	1132	1284	1252
YNL198C	XIV	266514	266816	-	303	0	5	2	7	6	6
YNR018W	XIV	664270	664944	+	675	446	852	829	808	1019	751
YNL327W	XIV	24048	27173	+	3126	3710	7037	7000	7387	9550	8614
YNL236W	XIV	206930	209854	+	2925	304	667	641	720	806	895
YNR001W-A	XIV	631263	631481	+	219	2	1	2	3	0	2
YNL053W	XIV	529942	531411	+	1470	266	439	423	500	678	570
YNL281W	XIV	108467	108928	+	462	619	1118	1247	1831	2364	1890
YNL279W	XIV	110917	112902	+	1986	72	145	143	128	139	137
YNL156C	XIV	341069	341968	-	900	632	1126	1160	1241	1375	1314
YNL260C	XIV	156859	157455	-	597	127	272	272	286	372	434
YNL222W	XIV	229094	229714	+	621	89	153	196	187	199	288
YNL235C	XIV	209548	209979	-	432	4	4	7	3	3	15
YNR059W	XIV	736803	738545	+	1743	211	358	359	373	316	293
YNR044W	XIV	703699	705876	+	2178	745	1572	1413	905	988	903
YNL225C	XIV	222724	224469	-	1746	255	402	447	416	534	680
YNL215W	XIV	244468	245430	+	963	359	584	738	639	754	638
YNL326C	XIV	27337	28347	-	1011	159	311	341	336	411	436
YNL100W	XIV	437613	438317	+	705	352	592	683	655	735	628
YNR009W	XIV	642690	643439	+	750	115	197	206	208	336	304
YNR066C	XIV	753725	755035	-	1311	66	181	171	197	230	236
YNL339W-A	XIV	1517	2092	+	576	0	0	0	0	0	0
snR66	XIV	586090	586175	+	86	5	14	8	15	6	16
YNL266W	XIV	144245	144664	+	420	1	5	5	3	3	5
YNL292W	XIV	82806	84017	+	1212	517	1041	1110	1010	992	1089
YNL242W	XIV	191324	196102	+	4779	165	241	277	311	394	376
YNR057C	XIV	733356	734069	-	714	50	95	125	86	97	54
tG(UCC)N	XIV	96241	96312	-	72	0	0	0	0	0	0
YNL067W-B	XIV	499417	499557	+	141	0	1	0	0	0	0
YNL166C	XIV	322219	323565	-	1347	440	874	893	976	1190	1001
YNL111C	XIV	416940	417302	-	363	785	1497	1669	1537	1833	2002
YNL069C	XIV;XIV	493956;494974	494524;495001	-;-	597	9745	17832	18851	16197	15926	14902
YNL277W-A	XIV	116679	116867	+	189	2	2	2	4	3	7
YNL128W	XIV	382359	383663	+	1305	29	46	45	58	51	53
YNL300W	XIV	65744	66052	+	309	186	304	290	575	803	585
YNL179C	XIV	300666	301103	-	438	25	56	51	60	93	132
YNR050C	XIV	714048	715388	-	1341	294	558	583	613	810	623
snR49	XIV	716120	716284	+	165	48	70	86	61	44	60
YNL138W	XIV	366741	368321	+	1581	719	1516	1551	1808	2134	1872
YNR048W	XIV	711630	712811	+	1182	203	285	303	347	390	372
YNL302C	XIV;XIV	61958;62924	62372;62943	-;-	435	6556	11214	12571	10509	9763	8994
YNL045W	XIV	542963	544978	+	2016	528	915	979	1060	1199	1208
YNL125C	XIV	390146	392167	-	2022	164	289	299	287	519	401
YNL207W	XIV	255353	256630	+	1278	497	974	1088	992	1043	1290
YNR011C	XIV	644320	646950	-	2631	264	522	543	614	700	762
YNL241C	XIV	196426	197943	-	1518	749	1496	1559	2338	3504	2092
YNL112W	XIV;XIV	413639;415914	414911;416281	+;+	1641	4321	8306	8756	6722	4754	6827
YNL249C	XIV	179394	181022	-	1629	156	238	254	293	301	332
YNL270C	XIV	135940	137661	-	1722	12	12	14	13	17	33
YNL115C	XIV	410119	412053	-	1935	229	455	435	472	579	492
YNL073W	XIV	488386	490116	+	1731	351	543	602	621	708	551
YNL082W	XIV	473391	476012	+	2622	152	319	299	347	491	579
YNL097C-B	XIV	440797	440919	-	123	4	12	13	14	18	16
YNR034W-A	XIV	692561	692857	+	297	198	376	404	127	71	59
YNL296W	XIV	76273	76587	+	315	0	0	0	0	0	0
YNL138W-A	XIV;XIV	366033;366158	366035;366412	+;+	258	68	101	128	102	134	92
YNL196C	XIV	270275	271171	-	897	34	53	62	51	53	45
YNL109W	XIV	418964	419509	+	546	8	13	8	5	11	17
YNL101W	XIV	434999	437140	+	2142	727	1218	1209	1296	1430	1563
YNR012W	XIV	647432	648937	+	1506	482	1048	986	1047	939	1360
YNL114C	XIV	412684	413055	-	372	0	2	0	1	1	2
YNL237W	XIV	205188	206567	+	1380	128	173	211	174	205	179
YNL084C	XIV	470053	471102	-	1050	640	1158	1292	1257	1407	1751
YNL289W	XIV	87897	88736	+	840	208	316	286	472	731	722
YNL171C	XIV	315629	315997	-	369	1	8	7	9	14	13
YNL208W	XIV	254418	255017	+	600	821	1363	1484	1930	2114	1216
YNL010W	XIV	613635	614360	+	726	1352	2466	2858	2312	2122	2427
YNL134C	XIV	372451	373581	-	1131	572	1039	1161	1472	2103	1343
YNR053C	XIV;XIV	721120;722303	721770;723112	-;-	1461	1400	2897	2853	2963	3286	3966
tP(AGG)N	XIV	631846	631917	-	72	0	0	0	0	0	0
YNL231C	XIV	215987	217042	-	1056	794	1708	1736	2006	2061	2385
YNL230C	XIV	217523	218662	-	1140	118	207	201	213	262	219
YNL339W-B	XIV	734	1216	+	483	0	0	0	0	0	0
YNL258C	XIV	158109	160373	-	2265	375	740	750	815	916	994
YNL328C	XIV	22834	23274	-	441	22	31	35	44	48	39
YNL081C	XIV	476188	476619	-	432	273	527	568	591	652	582
YNR037C	XIV	695052	695327	-	276	95	127	185	219	294	165
YNR063W	XIV	746943	748766	+	1824	47	99	120	136	149	175
YNL339C	XIV;XIV	371;6080	5931;6098	-;-	5580	0	0	0	0	0	0
YNR060W	XIV	739951	742110	+	2160	368	665	641	501	343	448
YNL287W	XIV	91994	94801	+	2808	1657	3017	3204	3278	3361	3948
YNL095C	XIV	444912	446840	-	1929	248	359	416	436	487	547
YNL096C	XIV;XIV	443398;444172	443826;444315	-;-	573	3576	7221	7526	6711	6665	7532
YNL282W	XIV	107687	108274	+	588	79	142	138	132	159	131
YNL047C	XIV	539911	541881	-	1971	264	463	485	479	624	648
YNL139C	XIV	360924	365717	-	4794	417	802	792	825	930	1007
tP(UGG)N1	XIV;XIV	547094;547161	547129;547196	+;+	72	1	0	0	0	0	0
YNL298W	XIV	68915	71443	+	2529	346	684	686	743	970	967
YNL113W	XIV	412771	413199	+	429	205	394	452	355	360	341
YNR003C	XIV	634344	635297	-	954	418	794	949	764	669	765
YNL316C	XIV	42071	43075	-	1005	189	354	366	417	449	490
YNL016W	XIV	602907	604268	+	1362	1780	3246	3401	3366	3777	3282
YNL330C	XIV	18001	19302	-	1302	569	970	1028	988	1124	1064
YNR010W	XIV	643744	644193	+	450	112	234	221	229	229	205
YNL172W	XIV	310636	315882	+	5247	175	365	312	444	521	563
YNL132W	XIV	375321	378491	+	3171	1226	2565	2632	2523	2422	2913
YNR027W	XIV	674923	675876	+	954	300	547	636	587	679	596
YNL083W	XIV	471377	472861	+	1485	173	310	322	341	396	383
YNL013C	XIV	609133	609510	-	378	0	0	1	0	0	1
YNL164C	XIV	325265	326320	-	1056	168	321	364	378	451	540
YNL274C	XIV	121118	122170	-	1053	177	257	329	337	296	258
YNL176C	XIV	305070	306980	-	1911	502	1031	1015	1181	1460	1084
YNR061C	XIV	742881	743540	-	660	141	306	298	298	321	363
YNL303W	XIV	61510	61857	+	348	197	389	407	291	290	291
YNR035C	XIV	693019	694047	-	1029	1003	1908	1974	2223	2445	2131
YNL160W	XIV	336545	337609	+	1065	1051	1752	1888	2120	2633	1495
YNR024W	XIV	672409	672969	+	561	116	239	234	234	229	250
YNL024C	XIV	587107	587847	-	741	187	295	301	228	215	155
YNL018C	XIV	599936	601774	-	1839	18	34	36	26	30	27
YNL033W	XIV	572999	573853	+	855	4	3	5	3	14	5
YNL141W	XIV	359596	360639	+	1044	1264	2652	2896	2496	1990	2596
YNL320W	XIV	37700	38554	+	855	192	381	424	421	478	468
YNL204C	XIV	258375	259277	-	903	27	42	44	30	50	43
YNL106C	XIV	420944	424495	-	3552	165	302	327	300	421	437
YNL338W	XIV	6561	6719	+	159	0	0	0	0	0	0
YNL161W	XIV	332597	334867	+	2271	414	795	821	957	1143	1170
YNL247W	XIV	182875	185178	+	2304	1933	3821	4070	3971	4050	4106
YNL285W	XIV	96173	96544	+	372	0	0	0	0	1	0
YNL062C	XIV	508776	510212	-	1437	582	1099	1097	1174	1183	1627
YNL325C	XIV	28739	31378	-	2640	172	251	255	329	321	371
YNL046W	XIV	542304	542822	+	519	207	336	377	360	507	379
YNL032W	XIV	574506	575351	+	846	327	704	757	760	778	775
YNL135C	XIV	371882	372226	-	345	1545	2778	3305	2923	3085	2522
YNL212W	XIV	247461	249809	+	2349	501	920	967	1071	1207	1179
YNL243W	XIV	188051	190957	+	2907	624	1236	1264	1414	1745	1359
YNL103W	XIV	427735	429753	+	2019	417	776	766	861	1104	1005
YNL144W-A	XIV	353061	353144	+	84	0	0	0	0	0	0
YNL333W	XIV	13267	14163	+	897	11	22	20	13	21	24
YNL027W	XIV	579580	581616	+	2037	1062	1981	2019	1725	1386	861
YNL278W	XIV	113271	116453	+	3183	156	236	265	275	413	350
YNL144C	XIV	352820	355042	-	2223	169	243	306	210	186	143
YNL159C	XIV	338478	339347	-	870	178	314	304	291	321	357
YNL220W	XIV	234413	235714	+	1302	1710	3144	3329	2876	2743	3291
YNL184C	XIV	292557	292883	-	327	0	1	1	0	1	1
YNL336W	XIV	8330	9475	+	1146	132	233	214	252	257	238
YNL264C	XIV	145563	146615	-	1053	333	538	613	557	603	538
YNL136W	XIV	370368	371645	+	1278	429	707	748	786	895	880
YNL185C	XIV	292193	292669	-	477	153	276	306	361	425	358
YNL219C	XIV	235996	237663	-	1668	975	1673	1678	1584	1736	2164
YNL079C	XIV	478566	479165	-	600	2255	4129	4356	4718	5280	4241
YNL244C	XIV	187170	187496	-	327	2965	5252	5796	4776	5040	5267
YNL054W-B	XIV	519456	524706	+	5251	340	704	647	665	662	814
YNL284C-B	XIV	96964	102232	-	5269	29	56	42	30	46	53
YNL284C-A	XIV	100910	102232	-	1323	0	0	0	0	0	0
YNL054W-A	XIV	519456	520778	+	1323	0	0	0	0	0	0
YJL160C	X	117962	118825	-	864	25	28	45	33	29	27
YJL204C	X	50629	53151	-	2523	222	415	433	460	500	628
YJR105W	X	623581	624603	+	1023	2343	4590	4676	3927	4089	2856
YJR129C	X	664000	665019	-	1020	139	295	327	334	359	290
YJL139C	X	151713	152999	-	1287	265	547	597	576	601	633
YJL062W-A	X	316723	316980	+	258	91	168	193	224	281	148
YJL110C	X	209922	211577	-	1656	560	901	857	875	1171	1143
YJR088C	X	586495	587373	-	879	324	603	659	668	718	903
YJL213W	X	32163	33158	+	996	296	544	543	446	480	304
YJR046W	X	522048	523862	+	1815	407	648	667	689	899	738
YJL020C	X	398937	402410	-	3474	573	1066	997	1263	1613	1464
YJL187C	X	76803	79262	-	2460	275	524	513	679	958	1041
YJR131W	X	667644	669293	+	1650	126	260	288	234	299	319
YJL133W	X	160619	161563	+	945	323	552	640	643	729	677
YJL086C	X	272478	272846	-	369	0	0	0	0	0	0
YJR053W	X	534027	535751	+	1725	82	137	143	169	229	253
YJR044C	X	518763	519185	-	423	251	425	521	479	545	752
YJR100C	X	616351	617334	-	984	212	382	422	418	493	492
YJR012C	X	459795	460418	-	624	65	117	142	143	178	161
YJR067C	X	567019	567444	-	426	94	211	217	224	259	244
YJR146W	X	703885	704238	+	354	21	32	41	40	58	57
YJR140W-A	X	690961	691110	+	150	0	0	0	0	0	0
YJR130C	X	665218	667137	-	1920	254	554	551	570	646	611
YJR069C	X	568806	569399	-	594	470	929	1072	1023	1095	1001
tV(AAC)J	X	378360	378433	+	74	0	0	0	0	0	0
YJR120W	X	647126	647476	+	351	7	11	17	19	24	42
YJL186W	X	80155	81915	+	1761	653	1240	1319	1342	1537	1506
YJL008C	X	419957	421663	-	1707	1245	2394	2622	2599	2946	2928
YJL061W	X	320016	322157	+	2142	532	997	1073	1229	1321	1508
YJR085C	X	585120	585437	-	318	381	507	683	662	739	515
YJR040W	X	507746	510085	+	2340	335	590	586	667	780	787
YJL189W	X;X	75933;76325	75938;76474	+;+	156	0	0	0	0	0	1
YJR039W	X	503936	507301	+	3366	132	249	266	268	271	288
YJL202C	X	53943	54290	-	348	14	25	21	24	27	22
YJL009W	X	419855	420181	+	327	45	94	100	90	96	110
YJR005W	X	445923	448025	+	2103	514	886	924	1023	1109	1192
YJL006C	X	423138	424109	-	972	112	218	233	263	326	419
YJR150C	X	708811	709707	-	897	2	5	1	7	7	1
YJR098C	X	613186	615156	-	1971	87	161	166	174	175	220
YJL103C	X	229025	230881	-	1857	82	173	200	181	214	211
YJL156C	X	126853	128952	-	2100	267	533	545	537	710	771
YJL185C	X	82095	82976	-	882	53	83	88	72	100	118
YJL135W	X	157877	158194	+	318	1	1	2	3	4	2
YJR138W	X	684567	689321	+	4755	251	460	491	494	595	628
YJL108C	X	217705	218856	-	1152	108	202	239	298	314	272
YJR037W	X	503102	503485	+	384	0	0	2	2	3	1
YJR079W	X;X	580205;581053	580347;581239	+;+	330	8	10	14	6	14	9
YJR049C	X	526884	528476	-	1593	346	628	655	759	812	658
YJR008W	X	452430	453446	+	1017	206	295	370	293	224	156
YJR023C	X	469804	470205	-	402	3	7	5	3	2	2
YJR002W	X	438865	440646	+	1782	1137	2322	2492	2256	2117	2461
YJR145C	X;X	702027;703055	702798;703068	-;-	786	5760	10553	11588	9407	8783	6024
YJR048W	X	526335	526664	+	330	596	960	1157	1121	1790	1448
YJR009C	X	453683	454681	-	999	13612	24080	24488	18821	17386	11671
YJL222W-A	X	9452	9679	+	228	0	0	0	0	0	0
YJL173C	X	96161	96529	-	369	340	587	648	703	841	799
YJR014W	X	461829	462425	+	597	963	1825	2031	1924	1882	1786
YJR135W-A	X	676971	677234	+	264	264	504	530	465	479	736
YJR045C	X	519638	521602	-	1965	4551	8072	8159	11092	14828	11244
YJL176C	X	92053	94530	-	2478	309	639	630	726	861	1034
YJL193W	X	71366	72574	+	1209	170	354	298	305	310	463
YJR128W	X	662921	663280	+	360	1	4	1	2	5	1
YJL159W	X	120449	121690	+	1242	6719	12364	12911	13710	15155	11035
YJL030W	X	387657	388247	+	591	161	294	340	376	395	414
YJL047C	X	349580	352108	-	2529	250	528	538	536	601	631
YJL194W	X	69338	70879	+	1542	71	138	133	138	239	242
YJL195C	X	69241	69942	-	702	2	0	0	0	1	0
YJR108W	X	628712	629083	+	372	3	14	14	14	8	3
YJL199C	X	59856	60182	-	327	16	18	23	32	24	19
YJL216C	X	24341	26086	-	1746	36	67	68	83	82	87
YJL011C	X	414285	414770	-	486	174	304	313	323	348	415
YJR060W	X	548759	549814	+	1056	300	558	594	687	887	779
YJR119C	X	644304	646490	-	2187	60	145	146	176	171	264
YJR092W	X	598735	603078	+	4344	436	869	809	946	1290	1325
YJL051W	X	339787	342255	+	2469	214	408	436	415	606	641
YJR071W	X	570405	570773	+	369	1	4	3	11	7	15
YJR115W	X	639942	640451	+	510	24	35	41	38	12	17
YJL010C	X	417562	419562	-	2001	776	1580	1581	1432	1499	2105
YJL084C	X	274862	278002	-	3141	224	411	415	412	533	591
YJR030C	X	483959	486196	-	2238	165	301	335	369	467	527
YJL119C	X	191572	191895	-	324	3	6	8	11	11	6
YJL221C	X	16767	18536	-	1770	0	0	0	0	0	0
YJR140C	X	690750	695696	-	4947	213	483	463	527	669	693
YJR161C	X	742848	743999	-	1152	90	180	195	210	190	171
YJL136C	X;X	156550;157250	156789;157273	-;-	264	6201	10536	11573	9626	9870	7836
tR(ACG)J	X	233939	234011	+	73	0	0	0	0	0	0
YJL146W	X	143292	144701	+	1410	176	299	310	326	358	321
YJL060W	X	323386	324720	+	1335	266	458	541	616	893	881
tW(CCA)J	X;X	415931;416001	415966;416036	-;-	72	0	0	0	0	0	0
YJL117W	X	192531	193466	+	936	1313	2557	2653	2375	2518	2906
YJL149W	X	137379	139370	+	1992	178	342	340	413	497	522
YJR063W	X	555195	555572	+	378	394	733	760	744	674	758
YJL067W	X	314084	314434	+	351	6	8	11	15	12	7
YJL164C	X	109966	111159	-	1194	208	262	336	299	256	199
YJL223C	X	8776	9138	-	363	0	0	0	0	0	0
YJL079C	X	289875	290774	-	900	161	277	326	217	289	150
snR3	X	663749	663942	+	194	34	72	61	69	62	88
YJL156W-A	X	126604	126825	+	222	36	51	59	50	82	65
YJL106W	X	221390	223327	+	1938	53	96	100	100	109	93
YJL171C	X	99704	100894	-	1191	1486	2355	2667	2597	2144	1499
YJL058C	X	326242	327873	-	1632	121	222	271	271	309	326
tL(UAG)J	X;X	617919;617976	617956;618019	+;+	82	0	0	0	0	0	0
YJL132W	X	161914	164166	+	2253	111	170	191	200	198	223
YJL172W	X	97737	99467	+	1731	447	881	892	1032	1243	1003
YJR114W	X	638659	639051	+	393	3	6	2	1	3	7
YJL093C	X	254737	256812	-	2076	357	622	634	631	718	715
YJL163C	X	111666	113333	-	1668	76	105	120	125	143	99
YJR153W	X	722815	723900	+	1086	60	133	132	151	181	185
YJL179W	X	88787	89116	+	330	311	568	627	656	733	878
YJR080C	X	580432	581616	-	1185	235	496	502	544	638	682
YJL037W	X	376662	377336	+	675	5	9	11	11	13	18
YJL104W	X	227327	227776	+	450	319	660	667	778	764	798
YJL050W	X	342522	345743	+	3222	1328	2710	2792	2734	2435	3155
YJL002C	X	433221	434651	-	1431	1579	3091	3333	3162	3679	4057
YJR084W	X	583733	585004	+	1272	263	476	511	553	613	531
YJL220W	X	18243	18695	+	453	0	0	0	0	0	0
YJR034W	X	496683	497009	+	327	63	121	150	171	190	161
YJR019C	X	467232	468281	-	1050	96	146	136	135	184	83
YJR093C	X	603220	604203	-	984	259	513	474	583	566	554
YJL201W	X	54379	56178	+	1800	185	322	324	403	451	604
YJL161W	X	117245	117787	+	543	36	55	62	57	52	34
YJR021C	X;X	468555;469264	469183;469579	-;-	945	120	194	195	231	262	193
YJL070C	X	307971	310637	-	2667	180	278	264	271	315	303
snR128	X	139566	139691	-	126	13	20	22	32	27	18
YJL029C	X	388385	390853	-	2469	352	720	747	866	995	1030
YJR010W	X	456239	457774	+	1536	378	791	804	1360	1617	1843
YJR151W-A	X	717580	717630	+	51	0	1	0	2	1	2
tD(GUC)J3	X	374424	374495	-	72	0	0	0	0	0	0
YJR144W	X	700882	701691	+	810	355	666	773	721	901	745
YJL073W	X	303181	305118	+	1938	283	548	538	526	671	783
YJL022W	X	398109	398417	+	309	0	0	0	0	0	0
YJR038C	X	503710	504072	-	363	2	5	4	1	3	1
snR37	X	228094	228479	-	386	29	34	70	79	58	78
YJR094W-A	X;X	608305;608582	608306;608858	+;+	279	2305	3699	4244	3412	3136	3905
YJL052W	X	338271	339269	+	999	2043	3907	4122	2340	952	185
YJR139C	X	689445	690524	-	1080	2031	3775	3763	3457	3816	3994
YJR158W	X	732440	734143	+	1704	9	6	14	13	21	17
YJL089W	X	265926	268415	+	2490	18	35	39	49	45	43
YJL077W-B	X	294047	294145	+	99	8	18	17	25	20	18
YJL016W	X	405588	407273	+	1686	485	792	847	699	625	511
YJL127W-A	X	180194	180310	+	117	20	19	23	37	45	52
YJR007W	X	451020	451934	+	915	1846	3517	3592	3571	3754	4274
tA(AGC)J	X	197313	197385	-	73	0	0	0	0	0	0
YJR096W	X	611195	612043	+	849	365	656	713	645	407	300
YJL032W	X	386348	386662	+	315	1	2	3	4	2	3
YJR065C	X	557809	559158	-	1350	947	1803	1863	2027	2320	2121
YJL019W	X	402897	404945	+	2049	153	328	311	310	419	478
YJR082C	X	581914	582255	-	342	202	341	404	437	415	427
YJL181W	X	85660	87495	+	1836	74	148	127	133	160	201
YJR095W	X	609773	610741	+	969	4	8	8	13	7	12
YJR086W	X	586068	586400	+	333	161	333	329	336	370	459
YJL077C	X	294666	295061	-	396	15	52	40	30	38	44
tR(UCU)J2	X	374506	374577	-	72	0	0	0	0	0	0
YJR006W	X	449202	450665	+	1464	248	537	571	576	718	745
YJR072C	X	570967	572124	-	1158	1010	1881	1983	1912	1831	1338
YJL118W	X	191639	192298	+	660	30	59	51	70	95	58
YJL184W	X	83448	83819	+	372	124	226	206	276	362	235
YJR133W	X	672991	673620	+	630	246	397	479	463	462	502
YJR025C	X	471138	471671	-	534	247	555	559	728	721	693
YJR018W	X	466786	467148	+	363	4	4	2	3	2	2
YJL095W	X	247255	251691	+	4437	223	505	444	472	654	626
YJR147W	X	704196	705272	+	1077	260	489	507	527	630	470
YJL043W	X	360130	360903	+	774	3	3	3	9	6	2
YJL107C	X	218853	220016	-	1164	120	275	253	372	342	306
YJL012C	X	411234	413399	-	2166	3136	6431	6244	5558	6127	7286
YJR121W	X	647607	649142	+	1536	4511	7745	8437	7334	10510	8621
YJL145W	X	145160	146044	+	885	633	1200	1395	1148	1283	1345
YJL153C	X	134332	135933	-	1602	49	58	57	70	63	60
YJL088W	X	268799	269815	+	1017	53	171	158	173	226	116
YJR064W	X	555914	557602	+	1689	1668	3248	3245	3372	3493	3512
YJL137C	X	154985	156127	-	1143	69	123	145	154	238	219
YJL074C	X	299157	302849	-	3693	226	556	530	670	791	1020
YJL111W	X	207877	209529	+	1653	1773	3536	3555	3621	3948	4320
YJL158C	X	122265	122948	-	684	2331	3777	4033	5876	6539	4895
YJR016C	X	464451	466208	-	1758	3700	7263	7394	7598	8006	6434
YJR099W	X	615576	616286	+	711	226	344	393	455	466	588
YJL208C	X	40194	41183	-	990	402	739	804	826	1002	1112
YJL048C	X	347447	348637	-	1191	712	1343	1411	1385	1410	765
YJL197W	X	63805	67569	+	3765	442	841	861	886	1079	1143
YJR074W	X	573095	573751	+	657	183	272	342	275	304	188
YJL127C-B	X	181551	181709	-	159	123	159	223	215	191	251
tD(GUC)J4	X	541508	541579	+	72	0	0	0	0	0	0
YJL020W-A	X	400981	401238	+	258	0	0	0	0	0	0
YJL078C	X	291336	293981	-	2646	739	1282	1203	1110	1380	848
YJL165C	X	106894	109461	-	2568	1761	3092	3091	3029	2244	1371
YJR117W	X	642007	643368	+	1362	1115	1945	1996	2143	2803	2782
YJR057W	X	544062	544712	+	651	209	421	436	474	546	548
YJR160C	X	738008	739816	-	1809	11	21	13	23	24	16
YJL134W	X	158188	159417	+	1230	415	720	751	764	939	898
YJL219W	X	19497	21200	+	1704	7	6	7	18	17	13
YJL081C	X	283802	285271	-	1470	550	1140	1158	1282	1348	1418
YJL054W	X	334265	335701	+	1437	542	1116	1187	1246	1352	1310
YJR137C	X	678957	683285	-	4329	584	1296	1141	1759	2376	2935
tK(CUU)J	X	414966	415038	+	73	0	0	0	0	0	0
YJL038C	X	375115	375774	-	660	12	46	34	25	43	51
YJR056C	X	541792	542502	-	711	194	341	374	384	431	442
YJL072C	X	305221	305862	-	642	131	241	295	268	315	362
YJR152W	X	719666	721297	+	1632	89	167	199	191	208	199
YJL142C	X	147819	148211	-	393	29	54	50	50	52	66
YJL192C	X	72710	73414	-	705	619	1224	1263	1308	1581	1432
YJR001W	X	436802	438610	+	1809	636	1179	1217	1355	1601	1653
YJR110W	X	633615	635681	+	2067	142	290	302	286	278	391
YJL190C	X	74910	75302	-	393	7457	14073	15733	12456	12026	11620
YJL182C	X	85435	85752	-	318	3	0	1	1	1	4
YJL099W	X	239414	241654	+	2241	237	422	439	503	527	540
YJL090C	X	262757	265051	-	2295	231	450	445	413	507	633
YJL055W	X	333357	334094	+	738	513	1011	1117	1066	1129	827
YJL085W	X	272827	274698	+	1872	206	428	406	455	552	690
YJR109C	X	629585	632941	-	3357	550	1224	1227	1308	1519	1447
YJL167W	X	105014	106072	+	1059	3023	6139	6360	6479	7173	5822
tM(CAU)J3	X	517813	517884	-	72	0	0	0	0	0	0
YJL127C	X	182298	184220	-	1923	182	352	396	399	467	407
YJR004C	X	442909	444861	-	1953	158	321	259	306	374	408
YJL036W	X	378825	380096	+	1272	383	616	681	691	774	750
YJL150W	X	137123	137425	+	303	2	0	2	2	1	1
YJL168C	X	102227	104428	-	2202	312	608	624	678	760	817
YJR036C	X	500713	503391	-	2679	75	136	126	107	101	135
YJL162C	X	113878	115629	-	1752	189	298	343	320	358	446
YJR106W	X	624838	627015	+	2178	204	302	340	379	415	392
YJR043C	X	516461	517513	-	1053	243	445	454	525	564	593
YJR066W	X	559416	566828	+	7413	405	696	751	745	839	1031
YJL001W	X;X	435163;435344	435227;435926	+;+	648	562	1174	1253	1471	1788	1480
YJR061W	X	550511	553318	+	2808	182	302	301	357	397	420
YJL212C	X	33850	36249	-	2400	356	707	660	699	848	929
YJL024C	X;X	395931;396571	396493;396592	-;-	585	216	390	449	464	533	594
YJR125C	X	654737	655963	-	1227	490	840	915	1019	1158	957
YJR051W	X	529861	531366	+	1506	364	655	768	746	742	793
YJR112W-A	X;X	637790;637859	637809;638168	+;+	330	102	181	214	207	248	164
YJR050W	X	528697	529404	+	708	192	286	357	328	367	346
YJR011C	X	458641	459426	-	786	131	242	254	220	208	259
YJR136C	X	677441	678706	-	1266	128	240	228	224	308	318
YJL200C	X	56444	58813	-	2370	488	1041	1011	1066	1097	1114
YJL188C	X	76202	76510	-	309	1501	2542	2709	2302	1913	2164
YJL170C	X	101150	101779	-	630	69	128	128	89	86	102
YJL129C	X	173599	177306	-	3708	711	1205	1260	1316	1468	1365
YJR112W	X	637030	637635	+	606	88	164	145	190	249	211
YJR103W	X	620754	622490	+	1737	726	1090	1220	1057	1093	600
YJL044C	X	358300	359676	-	1377	470	875	956	803	847	910
YJL157C	X	123836	126328	-	2493	776	1503	1472	1348	2020	2439
YJR142W	X	697141	698169	+	1029	334	642	684	750	790	806
YJL034W	X	381327	383375	+	2049	3643	6077	6657	9909	13759	12367
YJL183W	X	84068	85336	+	1269	640	1261	1265	1287	1373	1537
YJR031C	X	486586	490812	-	4227	284	575	552	686	793	963
YJL066C	X	314114	314872	-	759	70	101	134	128	157	97
YJR077C	X	577255	578190	-	936	1513	2544	2619	2255	3295	2473
YJL064W	X	315175	315570	+	396	0	0	1	1	0	0
YJL136W-A	X	156169	156252	+	84	1	5	4	3	0	2
YJR010C-A	X	458077	458361	-	285	103	167	230	193	203	251
YJR033C	X	492378	496451	-	4074	256	428	450	528	611	680
YJL068C	X	313016	313915	-	900	190	354	413	526	672	495
YJL112W	X	205305	207449	+	2145	248	441	460	642	749	786
YJL039C	X	368748	373799	-	5052	753	1492	1558	1621	1720	1919
YJL180C	X	87583	88560	-	978	229	342	408	449	614	639
YJL147C	X	141419	142567	-	1149	97	178	197	189	217	256
YJR116W	X	640825	641664	+	840	140	236	225	227	248	132
YJL025W	X	393967	395511	+	1545	83	186	168	211	309	374
YJR062C	X	553476	554849	-	1374	241	460	547	509	566	597
YJR090C	X	590872	594327	-	3456	348	779	723	830	938	1052
YJR035W	X	497355	500612	+	3258	195	344	378	393	510	472
YJL174W	X	95092	95922	+	831	795	1528	1632	1594	1779	1504
YJL203W	X	53341	54183	+	843	77	160	176	198	217	250
YJL014W	X	407558	409162	+	1605	1856	3448	3714	3720	3770	3958
YJL027C	X	391833	392249	-	417	3	2	7	9	2	1
YJR157W	X	730515	730877	+	363	1	3	0	1	3	4
YJR149W	X	707160	708374	+	1215	74	123	122	94	168	198
YJR154W	X	725784	726824	+	1041	67	89	86	81	109	84
YJR075W	X	573981	575171	+	1191	813	1579	1761	1689	1539	1716
YJR052W	X	532062	533759	+	1698	195	410	396	439	547	459
IRT1	X	605936	607424	-	1489	129	220	255	259	144	105
YJL026C-A	X	393066	393287	-	222	0	0	0	0	0	0
tE(UUC)J	X	115939	116010	-	72	0	0	0	0	0	2
YJR126C	X	656254	658689	-	2436	593	1050	1046	827	850	840
tL(UAA)J	X	424432	424515	-	84	0	0	0	1	1	4
tG(GCC)J1	X	396726	396796	-	71	0	0	0	0	0	0
YJL005W	X	425157	431237	+	6081	365	693	723	814	1003	967
YJL206C	X	47659	49935	-	2277	205	288	314	312	331	332
YJL100W	X	237263	239086	+	1824	181	320	321	365	404	290
tT(AGU)J	X	59100	59172	-	73	0	0	0	0	0	0
YJL047C-A	X	349044	349178	-	135	7	10	10	10	8	12
tD(GUC)J2	X	355456	355527	+	72	0	0	0	0	2	0
YJL222W-B	X	9346	9483	+	138	0	0	0	0	0	0
YJR076C	X	575354	576601	-	1248	738	1294	1344	1519	1774	1603
YJL217W	X	23133	23729	+	597	435	892	929	919	1123	844
YJR059W	X	545787	548243	+	2457	623	944	960	835	923	767
YJR124C	X	652892	654238	-	1347	353	712	771	730	783	874
YJL143W	X	147101	147577	+	477	525	905	1055	1103	1153	881
YJL059W	X	324964	326190	+	1227	95	173	218	218	257	295
YJR078W	X	578860	580221	+	1362	43	72	77	109	124	100
tM(CAU)J2	X	422937	423009	+	73	0	0	0	0	0	0
YJL207C	X	41389	47433	-	6045	489	977	995	1062	1250	1475
YJL144W	X	146359	146673	+	315	227	269	368	330	257	76
YJL125C	X	185528	186679	-	1152	578	1130	1188	1222	1227	1410
YJL198W	X	60844	63489	+	2646	589	1107	1113	1163	1262	1446
tD(GUC)J1	X	204735	204806	+	72	0	0	0	0	0	0
YJL122W	X	189716	190243	+	528	906	1840	1935	1713	1414	1629
YJL007C	X	422698	423012	-	315	2	4	4	1	1	4
YJL225C	X;X	466;4970	4581;6130	-;-	5277	0	0	1	0	0	0
YJL211C	X	36757	37200	-	444	2	13	14	13	17	8
YJR073C	X	572315	572935	-	621	419	783	747	683	700	397
YJR143C	X	698326	700614	-	2289	1758	3295	3254	2999	3240	3402
YJL131C	X	164278	165348	-	1071	166	229	311	316	326	354
YJL177W	X;X	90786;91412	91094;91657	+;+	555	5186	8880	10205	8516	8245	7411
YJR032W	X	491081	492262	+	1182	346	727	770	831	902	975
YJR151C	X	712255	715740	-	3486	73	152	150	157	207	166
YJR024C	X	470230	470964	-	735	400	748	873	832	885	773
YJL140W	X	150961	151626	+	666	664	1359	1426	1355	1579	1444
YJR068W	X	567643	568704	+	1062	557	996	1121	1043	1131	1129
YJR017C	X	466521	467033	-	513	163	273	290	314	334	146
YJR058C	X	544732	545175	-	444	142	267	305	315	351	329
YJR101W	X	618234	619034	+	801	438	869	851	935	1090	1011
YJL026W	X	392404	393603	+	1200	1431	2745	2919	2671	2757	2277
YJL096W	X	246490	246975	+	486	265	472	510	584	686	792
tM(CAU)J1	X	391043	391115	-	73	0	0	0	0	0	0
tR(CCU)J	X	538555	538626	+	72	0	0	1	0	0	0
YJR156C	X	728574	729596	-	1023	5	11	11	17	11	15
YJL063C	X	315759	316475	-	717	270	502	571	634	821	481
YJR159W	X	736044	737117	+	1074	2	3	3	5	3	5
YJR094C	X	604569	605651	-	1083	53	91	96	98	82	98
tG(GCC)J2	X	531828	531898	+	71	0	0	0	0	0	0
YJL028W	X	391311	391646	+	336	0	1	0	1	0	0
YJL101C	X	234320	236356	-	2037	563	1105	1153	1132	1290	1106
YJL056C	X	330431	333073	-	2643	130	277	276	233	303	359
tY(GUA)J1	X;X	354244;354297	354282;354332	+;+	75	0	0	0	0	0	0
YJR041C	X	510239	513763	-	3525	610	1450	1418	1479	1533	2036
YJL080C	X	285558	289226	-	3669	2735	5355	5303	5452	5838	5910
YJR091C	X	595061	598336	-	3276	644	1005	1041	1119	1005	860
YJR013W	X	460382	461593	+	1212	220	406	484	440	510	503
YJL222W	X	11475	16124	+	4650	4	10	14	5	11	5
YJL121C	X	190374	191090	-	717	500	893	987	1072	1157	889
YJL138C	X	153504	154691	-	1188	2114	4072	4274	3700	3552	3782
YJR047C	X	524908	525381	-	474	46	148	118	118	80	51
YJL151C	X	136372	136773	-	402	225	360	427	431	532	444
YJL057C	X	328118	330121	-	2004	218	354	410	395	434	379
YJL218W	X	21973	22563	+	591	39	41	62	57	68	63
YJR087W	X	586400	586750	+	351	24	30	36	47	29	36
YJL130C	X	165723	172367	-	6645	2261	4141	4045	3957	3894	3884
snR190	X	139761	139950	-	190	10	12	8	6	9	3
YJL069C	X	310922	312706	-	1785	642	1294	1255	1365	1499	2023
YJL045W	X	356024	357928	+	1905	24	28	34	57	48	51
YJL091C	X	261080	262552	-	1473	274	603	630	598	709	991
YJL033W	X	383837	386149	+	2313	1319	2559	2532	2420	2175	2895
YJR122W	X	649776	651269	+	1494	105	235	265	344	435	407
YJL041W	X	365903	368373	+	2471	695	1382	1556	1606	1738	1781
tR(UCU)J1	X	355374	355445	+	72	0	0	0	0	0	0
YJL065C	X	315054	315557	-	504	66	81	89	94	143	99
YJR148W	X	705744	706874	+	1131	1023	1954	2081	2702	3197	2791
YJL123C	X	188004	189440	-	1437	937	1655	1888	1910	2300	2099
YJL046W	X	352386	353615	+	1230	205	374	395	438	536	568
YJR123W	X	651901	652578	+	678	24105	43457	48275	39904	38454	35457
YJR118C	X	643490	644101	-	612	385	743	720	796	799	1001
YJL071W	X	306132	307856	+	1725	177	330	357	385	482	509
YJR015W	X	462721	464253	+	1533	778	1296	1415	1242	1388	1289
YJR102C	X	619157	619765	-	609	169	316	372	331	381	409
YJL004C	X	431589	432200	-	612	209	394	448	397	418	479
YJL155C	X	129285	130643	-	1359	296	500	601	514	548	458
YJL154C	X	131101	133935	-	2835	642	1250	1318	1536	1793	1906
YJR107W	X	627340	628326	+	987	140	254	291	293	308	323
YJL035C	X	380249	381001	-	753	139	189	238	233	172	213
YJR089W	X	587718	590582	+	2865	263	451	439	533	681	690
YJL042W	X	361249	365445	+	4197	335	650	635	674	908	782
YJL169W	X	102099	102467	+	369	15	19	15	4	18	23
YJL115W	X	196287	197126	+	840	267	415	515	535	762	691
YJR003C	X	440994	442553	-	1560	479	949	973	955	969	1276
YJL116C	X	193860	194873	-	1014	85	134	159	158	187	142
YJL053W	X	335898	337037	+	1140	276	597	629	620	624	556
YJL124C	X	187126	187644	-	519	591	931	1137	1085	1188	1156
YJR104C	X	622550	623014	-	465	2245	3990	4592	4678	5264	2966
YJL105W	X	225055	226737	+	1683	40	95	83	86	107	119
YJL215C	X	26412	26771	-	360	11	20	15	11	31	23
YJR070C	X	569621	570598	-	978	1799	3428	3818	3102	2890	2223
YJR097W	X	612413	612931	+	519	63	108	137	117	180	269
YJL126W	X	184501	185424	+	924	138	247	242	258	266	227
YJL214W	X	26887	28596	+	1710	39	65	67	87	107	112
YJL166W	X	106434	106718	+	285	384	714	815	737	866	817
YJL023C	X	397355	398398	-	1044	146	302	296	290	284	303
YJL094C	X	251821	254442	-	2622	534	841	907	1007	1021	961
YJR054W	X	536056	537549	+	1494	256	518	497	624	770	1148
YJR141W	X	695906	696949	+	1044	228	415	448	422	427	518
YJL191W	X;X	73787;74205	73796;74611	+;+	417	1292	2164	2447	2185	2254	1602
YJR135C	X	676059	676778	-	720	64	138	131	122	135	176
YJL049W	X	345973	347325	+	1353	169	322	336	367	372	526
YJR155W	X	727405	728271	+	867	94	155	161	166	143	144
YJL109C	X	212000	217309	-	5310	1685	3502	3471	3589	3559	4426
YJL013C	X	409493	411040	-	1548	179	321	421	435	496	522
YJL141C	X	147967	150390	-	2424	556	907	993	822	484	340
YJL133C-A	X	159623	159847	-	225	18	31	39	23	42	27
YJL178C	X	89282	90097	-	816	570	1056	1198	1315	1377	1181
YJR022W	X	469784	470113	+	330	0	0	1	0	0	1
YJL062W	X	317284	319776	+	2493	344	614	610	705	803	709
YJL197C-A	X	65805	66086	-	282	0	0	0	0	0	0
YJL082W	X	281185	283380	+	2196	485	706	734	691	722	690
YJL120W	X	191022	191345	+	324	5	10	16	11	13	7
YJL098W	X	242082	245258	+	3177	635	1345	1297	1430	1787	2122
YJL152W	X	136174	136533	+	360	9	32	28	23	19	18
YJR162C	X	744911	745261	-	351	0	0	0	0	0	0
YJL196C	X	67850	68782	-	933	365	716	729	743	906	938
YJL003W	X	432644	433000	+	357	39	93	87	111	105	130
YJL015C	X	407142	407426	-	285	5	8	6	6	3	11
YJL075C	X	298460	298876	-	417	18	37	32	35	41	57
YJR020W	X	468001	468333	+	333	1	4	3	3	3	3
YJL205C	X;X	50139;50412	50268;50443	-;-	162	56	89	115	151	165	128
YJR113C	X	638232	638975	-	744	175	273	306	341	382	221
YJR111C	X	635855	636706	-	852	178	335	342	360	405	426
YJR055W	X	538772	539266	+	495	49	84	120	115	132	163
tY(GUA)J2	X;X	542956;543006	542991;543044	-;-	75	0	0	0	0	0	0
YJL148W	X	140437	141138	+	702	1207	2477	2567	2237	2178	2682
tS(AGA)J	X	524012	524093	-	82	0	0	0	0	0	1
YJL097W	X	245591	246244	+	654	494	817	946	965	970	1205
YJL031C	X;X	386368;387436	387348;387438	-;-	984	171	349	356	436	511	593
YJR132W	X	669522	672668	+	3147	559	1140	1160	1244	1307	1518
YJL092W	X	257423	260947	+	3525	272	614	526	592	762	820
YJL083W	X	278841	280655	+	1815	99	221	223	224	255	189
YJL175W	X	94049	94561	+	513	0	0	1	0	0	1
YJL225W-A	X	829	1311	+	483	0	0	0	0	0	0
snR60	X	349130	349233	-	104	0	1	1	3	1	1
YJL102W	X	231301	233760	+	2460	109	191	221	279	437	417
YJL077W-A	X	294799	294885	+	87	0	0	0	0	0	0
YJL052C-A	X	337884	338003	-	120	0	3	0	1	0	1
YJR083C	X	582608	583537	-	930	154	271	307	308	318	332
YJL128C	X	178097	180103	-	2007	472	840	858	917	1103	944
YJR005C-A	X	448477	448758	-	282	0	3	1	2	0	1
YJR042W	X	514055	516289	+	2235	722	1410	1609	1658	1716	2012
YJL209W	X	38005	39969	+	1965	157	314	330	364	432	545
YJL087C	X	270002	272485	-	2484	325	610	609	658	694	902
YJR127C	X	658917	663059	-	4143	254	466	465	411	458	428
YJL210W	X	36919	37734	+	816	96	168	176	175	196	145
YJR134C	X	673729	675852	-	2124	436	840	847	929	1025	1159
YJL076W	X	295245	298814	+	3570	923	1740	1756	1926	2233	2055
YJR027W	X	472760	478028	+	5269	26	89	80	91	95	92
YJL113W	X	198678	203325	+	4648	19	43	51	62	69	54
YJR026W	X	472760	474082	+	1323	0	0	0	0	0	0
YJR028W	X	478344	479666	+	1323	0	0	0	0	0	0
YJL114W	X	197915	198595	+	681	0	2	3	6	5	1
YJR029W	X	478344	483612	+	5269	0	2	4	1	2	3
YKL103C	XI	246138	247682	-	1545	330	582	586	617	838	592
tL(UAA)K	XI	84208	84291	+	84	0	0	0	0	0	0
YKL131W	XI	194478	194999	+	522	2	4	5	6	2	6
tV(AAC)K1	XI	308144	308217	-	74	0	0	0	0	0	0
tT(CGU)K	XI	46735	46806	-	72	0	0	0	0	0	1
snR69	XI	364776	364876	+	101	6	10	11	13	14	9
YKR004C	XI;XI	446799;447811	447706;448036	-;-	1134	116	218	203	232	226	276
YKR092C	XI	612665	613885	-	1221	1358	2731	2790	2778	3002	2748
YKL002W	XI;XI	437778;437906	437837;438544	+;+	699	410	749	864	848	900	839
tA(AGC)K1	XI	219895	219967	+	73	0	0	0	0	0	0
YKL173W	XI	122517	125543	+	3027	459	866	846	929	893	870
YKL061W	XI	325771	326112	+	342	83	170	177	143	173	191
YKL139W	XI	182958	184544	+	1587	197	410	400	451	513	661
YKL180W	XI;XI	109269;109884	109577;110129	+;+	555	7594	12843	13905	12418	12183	10912
YKL004W	XI	435580	436785	+	1206	816	1508	1505	1498	1427	1609
YKL143W	XI	176781	178172	+	1392	770	1504	1653	1563	1402	1564
YKL062W	XI	323228	325120	+	1893	469	826	854	782	1079	767
YKL172W	XI	125759	127042	+	1284	2304	4496	4584	4367	3931	4167
YKR014C	XI	465367	466071	-	705	581	1099	1130	1207	1272	1273
YKL149C	XI	167612	168829	-	1218	153	259	290	253	354	360
YKR099W	XI	635851	638286	+	2436	237	558	546	550	761	938
YKL110C	XI	228939	229880	-	942	596	1072	1150	1125	1022	1093
YKL094W	XI	263349	264290	+	942	586	1146	1254	1304	1461	1119
YKR094C	XI;XI	617996;618743	618374;618750	-;-	387	6141	9863	11714	9345	9029	9897
YKR058W	XI	552770	554620	+	1851	110	232	227	148	145	149
YKL183C-A	XI	98395	98607	-	213	3	7	13	4	6	7
YKR052C	XI	532550	533464	-	915	145	265	268	252	220	244
YKL157W	XI;XI	154991;155655	155271;158232	+;+	2859	934	1622	1685	1826	2040	1918
YKL068W-A	XI	309206	309442	+	237	200	319	342	315	375	554
YKR062W	XI	559666	560652	+	987	253	463	512	512	584	657
YKL091C	XI	269718	270650	-	933	198	313	356	350	374	286
YKR073C	XI	578187	578507	-	321	14	21	17	29	19	40
YKR087C	XI	603195	604232	-	1038	174	279	352	308	400	429
YKL070W	XI	306211	306720	+	510	79	164	145	177	215	198
YKR038C	XI	511999	513159	-	1161	443	845	929	910	1040	864
YKR048C	XI	525387	526640	-	1254	864	1676	1802	1751	2022	1234
YKL096W-A	XI	259253	259531	+	279	5509	6912	7786	9583	12017	9874
YKL014C	XI	411619	416913	-	5295	890	1828	1797	1788	1711	2219
YKR082W	XI	592825	596298	+	3474	552	1110	1114	1310	1509	1886
YKR045C	XI	523418	523969	-	552	47	116	109	88	124	90
YKL018C-A	XI	403580	403879	-	300	148	219	224	284	291	226
YKL126W	XI	205707	207749	+	2043	917	1628	1729	1734	1841	1807
YKR072C	XI	576435	578123	-	1689	553	1093	1071	1179	1467	1320
YKR075W-A	XI	580212	580481	+	270	0	0	0	0	0	0
YKL074C	XI	294610	296193	-	1584	358	721	704	783	899	890
YKL087C	XI	277189	277863	-	675	257	417	455	490	559	462
YKL018W	XI	404102	405091	+	990	201	331	372	362	433	509
YKL135C	XI	186460	188640	-	2181	488	835	866	972	1087	1211
YKL112W	XI	226570	228765	+	2196	250	424	489	619	1023	877
YKR085C	XI	599094	599681	-	588	200	310	355	429	526	438
YKR102W	XI	646356	649865	+	3510	74	97	108	92	145	139
YKL217W	XI	22234	24084	+	1851	62	103	91	123	131	127
YKR044W	XI	522015	523346	+	1332	287	581	603	588	661	663
YKR080W	XI	590395	591357	+	963	411	897	867	878	750	847
YKL065W-A	XI	315954	316175	+	222	6	11	8	22	21	23
YKL156C-A	XI	158975	159091	-	117	0	0	0	0	0	0
YKR068C	XI	570328	570909	-	582	433	732	848	839	928	1031
YKR027W	XI	491364	493661	+	2298	317	486	543	657	689	700
YKL081W	XI;XI	282891;283422	283095;284455	+;+	1239	8029	15736	15868	14985	15516	15413
YKR022C	XI	482171	483139	-	969	198	401	436	457	443	402
YKL083W	XI	280921	281535	+	615	24	36	28	28	40	27
YKL198C	XI	68232	70220	-	1989	268	487	481	445	597	266
YKR007W	XI	451434	451988	+	555	189	351	367	386	454	311
YKR078W	XI	584952	586709	+	1758	229	390	426	427	487	514
YKR001C	XI	440608	442722	-	2115	972	2116	2041	2267	2767	2715
YKR025W	XI	487770	488618	+	849	382	735	753	708	751	742
YKL124W	XI	210593	212332	+	1740	97	155	142	164	170	176
YKR095W	XI	619805	625432	+	5628	782	1515	1577	1628	1843	1953
YKL129C	XI	196349	200167	-	3819	337	617	673	641	752	638
YKL100C	XI	253697	255460	-	1764	577	920	1009	982	1148	1156
YKL041W	XI	360143	360817	+	675	278	516	595	579	660	720
YKL221W	XI	6107	7528	+	1422	19	39	46	64	64	61
YKL031W	XI	382072	382485	+	414	4	9	11	10	17	5
YKR074W	XI	579209	579676	+	468	439	744	793	773	713	850
YKL138C	XI	185286	185681	-	396	240	452	495	575	619	608
YKL063C	XI	321015	321518	-	504	296	622	612	646	740	891
tK(UUU)K	XI;XI	578965;579025	579001;579060	+;+	73	1	0	0	0	0	0
YKL024C	XI	392526	393140	-	615	676	1175	1294	1117	976	817
YKL086W	XI	278281	278664	+	384	1	7	7	2	2	2
YKL073W	XI	296430	299075	+	2646	667	1345	1319	1548	1654	1840
YKR006C	XI	450423	451217	-	795	367	647	742	790	897	883
YKL034W	XI	371829	374105	+	2277	190	325	366	364	433	434
YKL118W	XI	219126	219437	+	312	0	0	0	1	2	2
YKL104C	XI	243220	245373	-	2154	1885	3542	3556	4648	4970	5823
YKL191W	XI	81035	82639	+	1605	898	1644	1650	1644	1508	1276
YKR042W	XI	519527	520624	+	1098	4889	9318	9804	9093	10115	5709
YKR013W	XI	463959	464948	+	990	784	1298	1277	1993	2443	1610
YKR101W	XI	640540	642504	+	1965	94	162	164	196	231	245
YKL039W	XI	362622	364193	+	1572	802	1380	1449	1654	1831	1806
YKL214C	XI	31082	31693	-	612	300	622	644	558	637	578
YKL155C	XI	159456	161342	-	1887	236	434	456	493	777	762
YKL116C	XI	221344	222900	-	1557	453	831	958	888	1000	996
YKR089C	XI	605633	608365	-	2733	356	724	692	727	845	825
YKR018C	XI	473723	475900	-	2178	638	1108	1200	1289	1359	1344
YKR079C	XI	586789	589305	-	2517	439	899	887	878	1018	1358
YKL153W	XI	163600	164109	+	510	149	280	278	276	211	223
YKL027W	XI	387562	388905	+	1344	399	854	885	861	922	957
YKL100W-A	XI	254159	254248	+	90	0	0	0	0	0	0
YKL035W	XI	369891	371390	+	1500	1283	2207	2236	1990	2463	2158
YKL084W	XI	280509	280859	+	351	128	235	259	264	305	296
YKL207W	XI	48194	48955	+	762	654	1223	1397	1251	1296	1239
YKR066C	XI	566113	567198	-	1086	401	760	856	786	1021	747
YKL117W	XI	220324	220974	+	651	1575	2990	3329	3649	4069	3453
YKL140W	XI	180779	182425	+	1647	543	914	977	979	987	1096
YKL007W	XI	429302	430108	+	807	536	1078	1097	1272	1315	1281
YKL051W	XI	341312	342373	+	1062	459	872	899	789	737	566
YKL022C	XI	394726	397248	-	2523	279	491	531	564	688	717
YKL021C	XI	397344	398750	-	1407	802	1520	1579	1445	1325	1659
YKL148C	XI	169207	171129	-	1923	661	995	1101	920	1537	1117
YKL038W	XI	365605	369117	+	3513	258	426	347	402	515	412
YKL125W	XI	208247	210130	+	1884	297	527	566	628	684	879
YKL048C	XI	347214	349136	-	1923	134	257	273	305	408	480
YKL053W	XI	339572	339946	+	375	2	3	2	2	3	5
YKR093W	XI	615730	617535	+	1806	1400	2245	2337	2273	3029	2691
YKL201C	XI	63930	67466	-	3537	225	365	378	449	506	565
YKL123W	XI	212043	212423	+	381	6	12	17	7	10	14
YKL224C	XI	1810	2181	-	372	1	0	0	2	0	0
YKL077W	XI	291453	292631	+	1179	1051	2000	2132	1953	2050	2082
YKR103W	XI	653080	656736	+	3657	70	162	143	148	152	182
YKR104W	XI	656836	657756	+	921	30	44	38	51	55	67
YKR024C	XI	485144	487372	-	2229	524	1131	1112	1193	1323	1633
YKR056W	XI	549448	551367	+	1920	701	1387	1358	1447	1503	1968
YKL203C	XI	55935	63359	-	7425	264	541	594	630	699	758
YKR054C	XI	535647	547925	-	12279	262	528	534	598	760	706
YKR057W	XI;XI	551657;552003	551680;552242	+;+	264	3547	5790	6525	4989	4636	3716
YKL133C	XI	191679	193070	-	1392	89	131	180	185	168	185
tH(GUG)K	XI	313401	313472	-	72	1	0	0	0	0	0
YKL122C	XI	212495	212998	-	504	632	1241	1383	1359	1374	1533
YKR100C	XI	638901	639968	-	1068	472	830	844	826	932	941
YKR083C	XI	596421	596822	-	402	120	221	243	218	246	365
YKL225W	XI	451	798	+	348	0	0	0	0	0	0
YKL189W	XI	84704	85903	+	1200	189	305	322	330	347	379
YKL113C	XI	224727	225875	-	1149	367	813	855	840	1021	1167
tV(AAC)K2	XI	379680	379753	+	74	0	0	1	0	0	0
YKL213C	XI	31960	34107	-	2148	773	1284	1420	1434	1610	1275
YKL154W	XI	161601	162335	+	735	350	657	662	723	775	876
YKR063C	XI	560789	562297	-	1509	223	435	434	499	553	624
YKL163W	XI	144401	145378	+	978	142	274	257	188	105	70
YKL174C	XI	120380	122236	-	1857	623	1149	1198	1137	1043	966
YKL134C	XI	189124	191442	-	2319	161	293	312	340	433	529
YKR011C	XI	461635	462696	-	1062	206	388	357	438	572	564
YKL005C	XI	433093	434877	-	1785	274	451	467	435	431	482
YKL069W	XI	307285	307827	+	543	129	244	291	327	317	336
YKL006W	XI;XI	431906;432433	432034;432720	+;+	417	2472	4244	5053	4056	4109	4396
YKL187C	XI	89284	91536	-	2253	87	141	162	192	251	194
YKL111C	XI	228464	228799	-	336	2	4	2	1	3	4
YKR035W-A	XI	507939	508553	+	615	0	0	0	0	0	0
YKL182W	XI	100671	106826	+	6156	5780	11494	10779	9248	9134	8896
YKL099C	XI	255720	256472	-	753	490	932	1022	946	946	1168
YKL179C	XI	110464	112503	-	2040	468	876	927	924	962	1087
YKL047W	XI	349463	351013	+	1551	306	543	555	551	537	605
YKL049C	XI	346075	346764	-	690	155	300	361	375	419	347
YKL220C	XI	9091	11226	-	2136	58	127	115	102	144	137
YKL183W	XI	98721	99641	+	921	194	364	423	423	499	302
YKL181W	XI	107316	108599	+	1284	1984	4045	4377	3977	3851	4026
YKL088W	XI	275283	276998	+	1716	452	795	773	811	908	816
YKL209C	XI	42423	46295	-	3873	1493	3327	3184	3087	3861	4292
tL(CAA)K	XI;XI	458557;458627	458594;458670	+;+	82	0	1	1	1	3	1
YKR019C	XI	476216	478063	-	1848	172	271	302	320	331	204
YKR012C	XI	463739	464116	-	378	5	7	14	7	10	15
YKL166C	XI	134509	135705	-	1197	350	627	713	722	829	791
YKL016C	XI	407465	407989	-	525	682	1212	1505	1276	1849	1603
YKR086W	XI	599857	603072	+	3216	248	512	466	511	621	677
tR(ACG)K	XI	490968	491040	+	73	0	0	0	0	0	0
YKL141W	XI	179667	180263	+	597	407	721	743	712	1064	802
YKL065C	XI	316437	317057	-	621	816	1500	1615	1849	1850	1879
YKL013C	XI	417508	418023	-	516	627	1154	1176	1278	1391	1343
YKL040C	XI	361058	361828	-	771	468	795	932	885	958	1087
YKR061W	XI	557677	558954	+	1278	267	496	480	702	649	517
YKL096W	XI	261132	261851	+	720	647	1166	1081	1659	2314	2214
YKR050W	XI	527815	530484	+	2670	206	371	344	388	467	377
YKL170W	XI	130634	131050	+	417	7	17	13	13	35	36
YKR046C	XI	524223	525074	-	852	909	1552	1667	1786	2179	1443
YKL210W	XI	39163	42237	+	3075	1498	2759	2778	3532	4209	3821
YKR002W	XI	443232	444938	+	1707	351	547	605	630	748	803
YKL015W	XI	408544	411483	+	2940	285	564	580	725	881	1005
snR87	XI	431030	431138	-	109	14	27	23	27	23	46
YKL009W	XI	426242	426952	+	711	2424	4883	5126	4354	3686	4524
YKL108W	XI	234426	235787	+	1362	115	283	277	275	357	385
YKR097W	XI	631152	632801	+	1650	51	91	116	129	87	81
YKL071W	XI	305114	305884	+	771	69	126	91	150	164	168
YKL075C	XI	292956	294308	-	1353	173	335	345	337	384	433
YKL206C	XI	49006	49809	-	804	285	478	496	544	639	632
tD(GUC)K	XI	513332	513403	-	72	0	0	0	0	0	0
YKL195W	XI	75821	77032	+	1212	630	1189	1279	1507	1921	1894
YKL130C	XI	195288	196028	-	741	241	444	442	463	504	521
YKL064W	XI	317764	320673	+	2910	793	1429	1578	1435	1332	1151
YKR026C	XI	488738	489655	-	918	604	1205	1201	1348	1407	1466
YKL076C	XI	292838	293221	-	384	14	44	30	24	18	37
YKL188C	XI	86225	88786	-	2562	190	257	257	287	271	235
YKL196C	XI	74932	75534	-	603	669	1420	1511	1554	1665	1804
snR42	XI	559016	559366	-	351	15	31	23	36	38	31
YKR105C	XI	658716	660464	-	1749	25	56	53	52	81	78
YKL109W	XI	232227	233891	+	1665	1407	2475	2604	2678	3702	1882
YKR071C	XI	574934	575980	-	1047	1643	3285	3482	4235	4574	4790
YKL168C	XI	131288	133462	-	2175	182	300	306	325	315	284
YKL102C	XI	248062	248367	-	306	5	21	16	15	27	23
YKR090W	XI	608946	611066	+	2121	289	486	489	615	760	731
YKR036C	XI	508702	510633	-	1932	235	464	529	583	613	619
YKL202W	XI	63821	64402	+	582	4	9	12	15	19	19
YKR084C	XI	597055	598890	-	1836	512	1038	1073	1211	1218	1223
YKL216W	XI	25215	26159	+	945	1345	2456	2676	2589	2715	2597
YKR055W	XI	548216	549091	+	876	101	190	205	218	225	216
YKL219W	XI	14485	15708	+	1224	168	349	356	396	405	453
YKL020C	XI	398832	402080	-	3249	505	896	890	946	1164	1146
YKL178C	XI	113215	114627	-	1413	6	16	20	23	23	24
YKL067W	XI	314812	315273	+	462	501	915	991	919	1090	1125
YKL097C	XI	258503	258913	-	411	1	5	0	2	1	0
YKL095W	XI	262277	263113	+	837	143	238	260	266	288	226
YKR031C	XI	501344	506395	-	5052	387	783	733	878	902	1007
YKL036C	XI	369528	369920	-	393	1	5	4	1	3	3
YKR088C	XI	604405	605418	-	1014	377	679	724	766	717	819
YKL151C	XI	164917	165930	-	1014	189	317	346	354	371	268
YKL105C	XI	239185	242583	-	3399	374	716	670	686	827	695
YKL169C	XI	130685	131068	-	384	12	27	28	44	33	29
YKL150W	XI	166544	167452	+	909	957	1741	1844	1695	1925	1644
YKL023C-A	XI	393146	393373	-	228	128	321	323	305	346	351
YKL138C-A	XI	184803	185012	-	210	110	163	166	189	271	267
YKL082C	XI	281025	282329	-	1305	438	1084	1038	1043	1155	1393
YKR070W	XI	573574	574632	+	1059	246	442	547	513	568	531
YKR021W	XI	479234	481981	+	2748	300	588	651	683	800	738
YKR016W	XI	469717	471339	+	1623	530	933	965	1009	1276	1384
YKR033C	XI	506879	507304	-	426	0	0	0	0	0	0
YKR059W	XI	554987	556174	+	1188	1476	3019	3133	2776	2938	3139
YKR069W	XI	571612	573393	+	1782	143	344	340	422	522	534
YKR053C	XI	534067	535281	-	1215	56	100	93	100	114	93
YKL218C	XI	17359	18339	-	981	270	556	594	657	616	402
YKL167C	XI	133721	134134	-	414	156	258	271	297	368	439
tE(UUC)K	XI	141018	141089	-	72	0	2	1	4	0	1
YKL142W	XI	178515	179174	+	660	666	1196	1415	1422	1581	1405
YKL011C	XI	420155	421216	-	1062	143	289	290	307	307	417
YKL160W	XI	153269	153706	+	438	533	1023	1098	1071	1136	1128
YKL144C	XI	175843	176481	-	639	241	466	540	425	497	587
YKL055C	XI	335321	336157	-	837	22	47	45	74	61	47
YKR043C	XI	520897	521712	-	816	1398	2576	2799	2666	2719	2034
YKR039W	XI	515063	516871	+	1809	2012	4029	3723	4835	6667	4572
YKL019W	XI	402568	403518	+	951	496	758	846	897	937	563
YKL184W	XI	96757	98157	+	1401	521	994	931	849	973	963
YKR029C	XI	497578	499833	-	2256	213	369	374	341	498	575
YKL176C	XI	115500	117986	-	2487	663	1280	1187	1188	1338	1473
YKL033W-A	XI	374505	375215	+	711	673	1343	1458	1311	1444	1561
YKL090W	XI	271878	273209	+	1332	159	279	260	271	282	330
YKR041W	XI	518198	518950	+	753	8	19	20	26	29	14
YKL010C	XI	421424	425875	-	4452	528	1128	1127	1246	1528	1566
YKL032C	XI	380065	381858	-	1794	728	1327	1326	1219	1550	1073
YKR051W	XI	530946	532202	+	1257	194	307	354	341	355	408
YKR098C	XI	633026	635179	-	2154	98	159	193	184	258	286
YKL175W	XI	118793	120304	+	1512	657	1228	1211	1231	1312	1273
YKL120W	XI	217344	218318	+	975	1754	3893	3803	4596	4519	5610
YKL222C	XI	3503	5620	-	2118	190	304	310	374	459	478
YKL092C	XI	266145	269459	-	3315	230	491	452	522	625	689
YKL068W	XI	310199	313078	+	2880	776	1746	1836	1984	2481	2679
YKR009C	XI	454352	457054	-	2703	189	273	291	314	278	258
tA(AGC)K2	XI	517988	518060	+	73	0	0	0	0	0	0
YKR028W	XI	494257	497358	+	3102	724	1292	1276	1361	1616	1670
YKR076W	XI	582283	583395	+	1113	73	123	130	179	254	216
YKR106W	XI	661442	663289	+	1848	20	30	46	42	58	47
YKL197C	XI	70734	73865	-	3132	220	371	403	441	504	454
YKL152C	XI	163642	164385	-	744	8028	14991	16768	15845	16098	17234
YKL093W	XI	264789	265808	+	1020	112	216	236	216	318	239
YKL080W	XI	285030	286208	+	1179	1820	3472	3492	3300	3632	3902
YKL185W	XI	94499	96265	+	1767	1132	2154	2179	2212	2907	2400
YKR081C	XI	591506	592540	-	1035	1254	2486	2547	2199	1885	2520
YKR035C	XI	507920	508561	-	642	2	5	4	9	7	2
YKL101W	XI	248920	253476	+	4557	565	1281	1146	1477	1982	2062
YKR008W	XI	452201	454078	+	1878	370	718	737	763	862	1068
tW(CCA)K	XI;XI	302918;302988	302953;303023	+;+	72	0	0	1	2	3	1
YKL056C	XI	334412	334915	-	504	9954	17975	19641	15956	14523	11648
YKL156W	XI;XI	158613;158967	158615;159212	+;+	249	1353	2417	2663	2276	2049	1665
YKL162C	XI	147630	148838	-	1209	60	99	114	97	72	103
YKL192C	XI	80160	80537	-	378	667	1259	1349	1375	1662	1333
YKR064W	XI	562547	565138	+	2592	225	415	472	495	536	654
YKL017C	XI	405190	407241	-	2052	238	433	407	509	517	441
YKL204W	XI	53704	55602	+	1899	424	830	805	931	1171	1202
YKL190W	XI;XI	82947;83075	82998;83550	+;+	528	353	697	758	814	955	836
YKL211C	XI	36699	38153	-	1455	745	1330	1362	1309	1608	1311
YKL115C	XI	222893	223285	-	393	17	22	33	24	36	43
YKL107W	XI	236141	237070	+	930	26	31	33	54	34	33
YKL127W	XI	203541	205253	+	1713	914	1835	1786	1983	2009	1824
YKL165C-A	XI	135790	136023	-	234	1	5	3	6	2	7
YKR049C	XI	526830	527231	-	402	94	167	190	195	171	118
YKL052C	XI	339668	340546	-	879	120	205	221	221	246	179
YKL053C-A	XI	339182	339442	-	261	80	139	192	210	224	278
YKL121W	XI	214142	216700	+	2559	230	334	353	336	410	368
tN(GUU)K	XI	74624	74697	+	74	4	4	1	4	1	7
YKL050C	XI	342852	345620	-	2769	62	99	99	106	122	117
YKL194C	XI	77258	78646	-	1389	157	289	272	348	447	416
YKR037C	XI	510910	511797	-	888	96	196	222	251	302	276
YKL059C	XI	328118	329443	-	1326	201	338	377	452	498	429
YKL205W	XI	50051	53353	+	3303	661	1438	1429	1560	1728	2340
YKL137W	XI	185957	186292	+	336	156	281	313	377	371	436
YKR015C	XI	466961	468667	-	1707	65	140	127	140	123	145
YKL146W	XI	171783	173861	+	2079	295	536	593	637	776	619
YKR003W	XI	445381	446727	+	1347	195	423	487	550	729	780
YKL028W	XI	385758	387206	+	1449	527	976	1073	1078	1205	1151
YKR010C	XI	458924	461239	-	2316	178	314	320	393	407	491
YKL193C	XI	78866	79882	-	1017	258	497	589	604	609	640
tK(CUU)K	XI	202999	203071	+	73	0	0	0	0	0	0
YKL212W	XI	34543	36414	+	1872	1496	2978	3216	3101	3169	3016
YKL147C	XI	171551	172168	-	618	6	3	2	3	4	2
YKL054C	XI	336537	338753	-	2217	1682	3136	3360	3944	4369	3907
snR38	XI	283185	283279	+	95	8	8	7	7	9	24
YKR096W	XI	626793	630380	+	3588	330	703	576	700	784	780
YKL006C-A	XI;XI	430198;430597	430455;430632	-;-	294	181	364	420	374	378	451
YKL164C	XI	141794	142819	-	1026	3425	5923	6633	6689	9164	8668
YKL145W-A	XI	174958	175050	+	93	0	0	0	0	0	0
YKL026C	XI	389380	389883	-	504	77	155	175	133	114	102
YKL044W	XI	356322	356642	+	321	37	84	73	63	115	115
YKL089W	XI	273394	275043	+	1650	100	193	215	237	312	358
YKR077W	XI	583653	584744	+	1092	126	224	226	243	346	340
YKR095W-A	XI;XI	625864;625977	625901;626205	+;+	267	137	204	287	270	305	346
YKL079W	XI	286603	288573	+	1971	315	563	592	730	707	750
YKL161C	XI	149386	150687	-	1302	160	310	290	570	682	704
YKL159C	XI	153816	154451	-	636	194	321	332	391	383	233
YKR030W	XI	500282	501103	+	822	248	515	550	500	519	599
YKL037W	XI	369365	369721	+	357	5	3	16	14	11	4
YKL042W	XI	358475	359566	+	1092	178	314	327	322	425	486
YKR020W	XI	478338	478832	+	495	148	252	324	288	315	267
YKL012W	XI	418310	420061	+	1752	368	564	643	682	735	803
YKL106W	XI	237536	238891	+	1356	541	1114	1121	1226	1329	1659
YKR075C	XI	579827	580750	-	924	93	149	163	94	143	130
YKR065C	XI	565299	565892	-	594	343	623	634	741	790	764
YKL043W	XI	356748	357848	+	1101	494	823	983	748	1023	696
YKL045W	XI	353493	355079	+	1587	277	511	572	643	767	751
YKR060W	XI	556518	557342	+	825	287	637	693	724	660	967
YKL085W	XI	279123	280127	+	1005	646	1146	1359	1112	1629	1084
YKL165C	XI	137932	140691	-	2760	515	1064	943	1119	1365	1708
YKL003C	XI	437097	437492	-	396	192	333	386	421	425	477
YKL072W	XI	299582	301882	+	2301	147	304	353	260	371	458
YKL177W	XI	114356	114694	+	339	1	1	0	0	0	1
YKL186C	XI	92744	93298	-	555	489	906	949	954	1192	906
snR64	XI	38811	38911	+	101	5	4	19	15	12	8
YKR032W	XI	506517	506831	+	315	0	0	0	2	1	0
YKL132C	XI	193574	194866	-	1293	95	155	176	130	128	85
YKL223W	XI	2389	2721	+	333	6	15	12	16	13	9
YKL078W	XI	288845	291052	+	2208	483	894	903	863	779	1003
YKL001C	XI	438777	439385	-	609	445	818	937	1389	1616	1690
YKR040C	XI	518063	518566	-	504	0	1	0	0	0	0
YKL046C	XI	351275	352624	-	1350	732	1315	1431	1481	1576	1404
YKR017C	XI	471694	473349	-	1656	221	311	360	330	323	331
YKL058W	XI	330166	330534	+	369	326	594	672	627	718	681
YKL208W	XI	47157	47972	+	816	83	154	151	223	243	208
YKR005C	XI;XI	448521;450021	449951;450167	-;-	1578	52	80	68	90	91	81
YKR034W	XI	506898	507707	+	810	15	26	29	49	50	39
YKL060C	XI	326408	327487	-	1080	55228	102628	110317	89411	91209	66523
YKL030W	XI	382498	383103	+	606	19	26	33	21	14	20
YKL162C-A	XI	145922	146074	-	153	8	9	6	10	29	12
YKR091W	XI	611525	612265	+	741	330	654	682	845	827	486
YKL096C-B	XI	259073	259222	-	150	2	3	2	4	0	2
YKL171W	XI	127475	130261	+	2787	180	338	336	305	370	320
YKL025C	XI	390240	392279	-	2040	394	781	845	808	901	1018
YKL023W	XI	393721	394554	+	834	120	202	239	247	302	225
tR(UCU)K	XI	162487	162558	-	72	0	1	0	0	0	0
YKL215C	XI	26827	30687	-	3861	255	510	488	638	730	748
YKL136W	XI	186416	186814	+	399	13	11	13	15	17	12
YKL033W	XI	375456	378572	+	3117	203	379	428	481	504	640
YKR023W	XI	483419	485011	+	1593	226	391	467	447	541	517
YKR067W	XI	567918	570149	+	2232	183	297	331	323	452	441
YKL098W	XI	256770	257843	+	1074	212	354	394	394	433	377
YKL114C	XI	223352	224455	-	1104	471	893	980	979	1042	1194
YKL145W	XI	174213	175616	+	1404	1116	2144	2351	2945	3313	2789
YKL057C	XI	330856	333969	-	3114	637	1261	1265	1364	1562	1978
YKL106C-A	XI	237147	237266	-	120	0	0	4	2	0	0
YKL128C	XI	200884	201771	-	888	561	1060	1153	987	1063	852
YKL008C	XI	427295	428551	-	1257	797	1490	1444	1435	1325	1565
YKL029C	XI	382716	384725	-	2010	2522	5161	5166	4996	4460	3307
YKR047W	XI	525257	525562	+	306	27	46	57	57	46	66
YKL066W	XI	315281	315724	+	444	99	183	202	187	245	171
YKL119C	XI	218570	219217	-	648	158	322	335	363	381	430
YEL041W	V	75944	77431	+	1488	72	93	97	113	124	101
YER011W	V	175248	176012	+	765	18	39	39	27	27	35
YER158W-A	V	491487	491702	+	216	14	16	11	20	20	24
snR53	V	61699	61789	+	91	2	2	4	1	1	4
YER056C-A	V;V	269423;270149	269751;270185	-;-	366	3692	8147	8744	7499	7512	6740
YEL067C	V	26189	26776	-	588	15	50	29	44	51	48
YEL054C	V	52721	53218	-	498	2564	4898	5424	4283	4043	3871
YEL047C	V	65385	66797	-	1413	723	1316	1238	1188	1233	1059
YER146W	V	462585	462866	+	282	76	135	142	145	163	92
YER159C	V	491530	491958	-	429	272	600	643	581	676	643
YER084W	V	327065	327451	+	387	4	9	6	7	9	4
YER183C	V	553334	553969	-	636	213	319	358	381	364	373
YEL009C-A	V	136371	136778	-	408	1	1	2	3	2	1
YEL059C-A	V	42400	42624	-	225	49	69	84	84	131	68
YER172C	V	529530	536021	-	6492	558	1044	1017	1005	1069	1162
YER092W	V	342855	343232	+	378	136	210	292	283	332	321
YEL008C-A	V	140726	140818	-	93	0	0	0	0	0	0
YEL032W	V	86937	89852	+	2916	438	838	775	795	966	835
YEL010W	V	136279	136629	+	351	0	2	4	1	2	1
YEL040W	V	78053	79456	+	1404	5478	10563	10195	10075	10795	9439
YEL059W	V	42652	42960	+	309	15	37	27	22	30	29
YER105C	V	367838	372013	-	4176	651	1305	1375	1403	1737	1829
YEL053C	V	53901	56102	-	2202	434	818	806	1020	1078	1308
YEL046C	V	67629	68792	-	1164	2091	3867	3904	4096	4796	3840
YER137C	V	441373	441819	-	447	26	40	55	52	53	64
YER013W	V	178841	182278	+	3438	223	450	429	496	648	680
YER147C-A	V	465203	465613	-	411	88	157	171	187	210	339
YEL036C	V	83050	84552	-	1503	783	1607	1663	1585	1940	1503
YER094C	V	348729	349346	-	618	782	1520	1603	1845	2063	1463
YER038C	V	226858	228252	-	1395	277	550	516	469	490	519
YEL034W	V	85676	86149	+	474	0	0	0	0	0	0
YER144C	V	457806	460223	-	2418	418	756	783	944	997	896
YER069W	V	295410	298001	+	2592	350	751	696	695	916	604
YEL066W	V	26667	27206	+	540	112	180	214	207	234	165
YER161C	V	499347	500348	-	1002	411	770	835	838	898	950
YER131W	V	423952	424311	+	360	6695	11982	14565	11237	11392	10392
YER027C	V	208979	210232	-	1254	392	707	738	753	955	720
tH(GUG)E2	V	434541	434612	-	72	0	1	2	2	0	7
YER088C-A	V	335696	336019	-	324	26	44	62	72	73	62
YER002W	V	156803	157498	+	696	1465	2736	2978	2757	2606	2885
YEL062W	V	34407	36254	+	1848	155	301	274	316	377	372
YEL074W	V	6126	6464	+	339	5	5	18	11	14	9
YER142C	V	455146	456036	-	891	62	111	135	166	227	265
YER035W	V	222639	223076	+	438	162	278	328	284	329	146
YER145C	V	460526	461740	-	1215	794	1270	1273	1495	1971	1832
YER176W	V	541690	545055	+	3366	521	1103	1061	1169	1469	1427
YER071C	V	301947	302327	-	381	122	216	263	239	279	275
YER150W	V	468370	468816	+	447	276	595	701	373	196	56
YER177W	V	545611	546414	+	804	4228	7555	8337	8409	10030	7125
YER123W	V	404813	406387	+	1575	357	647	736	722	850	950
YEL018W	V	121471	122310	+	840	78	115	137	143	177	136
YER116C	V	395348	396172	-	825	138	237	311	262	327	242
YER043C	V	235770	237119	-	1350	6822	12596	13392	12185	11073	9985
YEL004W	V	146951	147979	+	1029	118	302	311	295	314	342
YER141W	V	453459	454919	+	1461	545	1044	1065	1115	1423	1117
YER170W	V	525974	526651	+	678	73	116	132	163	218	162
YER047C	V	243810	246503	-	2694	231	409	389	427	556	483
YER132C	V	425188	430449	-	5262	315	652	609	687	866	773
YEL068C	V	25646	25978	-	333	71	154	139	161	182	191
YER080W	V	319963	321846	+	1884	631	1084	1208	1298	1578	1622
YER052C	V	256375	257958	-	1584	1246	2637	2708	2616	3238	3132
YER070W	V	298950	301616	+	2667	961	1955	1814	2067	3090	3631
YEL007W	V	141892	143892	+	2001	642	1335	1311	1624	1977	1385
tE(UUC)E2	V	354934	355005	+	72	0	1	0	0	0	0
YER068C-A	V	295301	295732	-	432	1	0	0	1	0	0
YER115C	V	394292	394867	-	576	175	345	368	376	386	391
tS(AGA)E	V	86604	86685	+	82	0	0	0	0	0	0
YER076C	V	312590	313498	-	909	95	143	174	145	169	125
YEL021W	V	116167	116970	+	804	1008	1917	2106	1827	1828	1526
YEL026W	V	101943	102323	+	381	2727	4684	4947	4022	3742	4823
YER040W	V	229795	231987	+	2193	158	280	293	305	449	413
YEL016C	V	124737	126218	-	1482	168	309	300	318	407	365
YER012W	V	177835	178431	+	597	958	1917	1907	2327	2744	2653
YER190W	V	571480	576525	+	5046	1	6	2	6	5	5
YER185W	V	559454	560365	+	912	43	67	59	50	57	52
YER189W	V	571155	571523	+	369	0	0	1	1	0	3
YEL060C	V	40046	41953	-	1908	1262	2207	2324	2926	3704	1685
YEL052W	V	56571	58100	+	1530	383	632	714	669	866	718
YER149C	V	466208	467470	-	1263	105	219	252	249	300	295
YER111C	V	382595	385876	-	3282	192	436	432	518	703	921
YER081W	V	322686	324095	+	1410	543	955	853	1300	790	956
YER010C	V	172634	173338	-	705	138	259	305	312	374	331
YER018C	V	191959	192624	-	666	53	112	110	113	145	70
YEL076C	V	4464	5114	-	651	0	0	0	0	0	0
YEL018C-A	V	121455	121988	-	534	0	0	0	0	0	0
YER072W	V	302806	303195	+	390	2603	4750	5063	4211	4134	3992
YER093C	V	343320	347612	-	4293	329	588	598	723	822	766
YER178W	V	546817	548079	+	1263	1999	3505	3512	3928	4123	3205
YER030W	V	213437	213898	+	462	435	739	825	853	1089	968
YER128W	V	415859	416470	+	612	76	160	157	205	264	228
YER003C	V;V	157736;159088	158994;159118	-;-	1290	935	1684	1740	1897	2188	2432
YER163C	V	503084	503782	-	699	135	255	274	337	346	291
YEL005C	V	145907	146755	-	849	109	206	210	221	232	233
YER173W	V	536300	538279	+	1980	110	209	203	259	265	310
YEL065W	V	27657	29543	+	1887	175	278	276	522	680	850
YEL055C	V	48471	51539	-	3069	1189	2270	2374	2300	2312	3072
YER029C	V	212587	213177	-	591	260	496	501	448	523	518
YER089C	V	335946	337340	-	1395	734	1409	1390	1433	1488	1149
YER179W	V;V	548421;548645	548552;549517	+;+	1005	44	72	74	82	63	62
YEL011W	V	133120	135234	+	2115	176	297	314	221	241	201
YER166W	V	512744	517459	+	4716	461	1020	922	1071	1142	1068
YER061C	V	278298	279626	-	1329	247	467	501	518	481	439
YER082C	V	324272	325936	-	1665	762	1602	1662	1613	1706	1918
YER118C	V	397952	399055	-	1104	515	895	934	1091	1218	1075
YER152C	V	472657	473988	-	1332	173	312	291	356	392	236
YER107C	V	373448	374545	-	1098	397	599	644	658	654	648
YER020W	V	195168	196517	+	1350	392	732	834	823	893	423
YER125W	V	410189	412618	+	2430	1056	1968	2016	1973	2191	1967
YER122C	V	402871	404352	-	1482	1128	2219	2229	2274	2585	2801
YER038W-A	V	228451	228831	+	381	2	2	4	3	1	3
YER057C	V	270737	271126	-	390	658	1223	1422	1276	1307	1269
YEL033W	V	86179	86598	+	420	1693	3276	3854	3415	3916	3625
YER006W	V	162723	164285	+	1563	1821	3708	3810	3463	2879	3441
YER007W	V	164527	166083	+	1557	133	247	277	263	266	329
YER078W-A	V	318646	318810	+	165	2	1	10	0	1	2
tA(UGC)E	V	312023	312095	-	73	0	0	0	0	0	0
YEL002C	V	148722	150014	-	1293	1235	2396	2525	2463	2608	2778
YEL064C	V	29797	31239	-	1443	87	157	187	197	240	280
YER103W	V	364589	366517	+	1929	317	461	489	458	734	502
YER007C-A	V;V	166237;166875	166771;166885	-;-	546	919	1783	1914	1651	1629	1859
snR80	V	52150	52320	-	171	4	7	15	10	8	13
YER093C-A	V;V	347912;348277	348201;348400	-;-	414	59	103	113	131	166	121
YER120W	V	401135	401869	+	735	1131	1909	2136	2249	2522	1720
YER033C	V	218057	221287	-	3231	167	283	256	328	371	337
YER054C	V	262052	263698	-	1647	39	58	91	92	91	77
tV(AAC)E2	V	469457	469530	+	74	0	0	0	1	1	0
YER164W	V	505392	509798	+	4407	671	1353	1333	1489	1697	1608
YER139C	V	450563	451243	-	681	90	131	190	173	208	220
snR52	V	431129	431220	-	92	1	2	5	2	4	4
YEL042W	V	73771	75327	+	1557	1191	2365	2142	2350	2351	2555
YER190C-A	V	574804	575379	-	576	0	0	0	0	0	0
tS(UGA)E	V	288443	288524	-	82	0	0	1	0	0	1
YER008C	V	167808	171818	-	4011	453	909	941	983	1113	1184
YER114C	V	390590	393712	-	3123	435	831	852	893	1060	1036
YER034W	V	221846	222403	+	558	122	188	227	207	207	164
YEL008W	V	140512	140892	+	381	3	11	10	14	8	7
YER014W	V	182600	184219	+	1620	140	294	341	337	356	361
YER143W	V	456319	457605	+	1287	304	485	557	637	820	717
YER053C-A	V	260933	261046	-	114	105	163	195	157	151	124
YER028C	V	210692	211876	-	1185	77	145	161	174	157	152
YER048C	V	246982	248157	-	1176	761	1327	1558	1406	1456	1409
YER044C	V	237570	238016	-	447	714	1481	1526	1430	1447	1528
YEL039C	V	79636	79977	-	342	52	107	120	83	117	85
YER053C	V	258737	259639	-	903	1062	1810	1984	1625	1005	518
tQ(UUG)E1	V	250286	250357	+	72	0	0	0	1	0	1
YEL034C-A	V	85613	86215	-	603	1	1	3	2	1	4
YER155C	V	476345	482848	-	6504	1256	2524	2462	2608	2689	3196
snR4	V	424698	424883	+	186	78	125	123	144	136	162
YER050C	V	253971	254387	-	417	250	508	502	578	675	765
YER031C	V	214076	214747	-	672	735	1411	1352	1562	1688	1420
YER037W	V	225889	226854	+	966	1051	2070	2230	1567	1625	1080
YEL049W	V	63728	64090	+	363	9	9	14	12	22	14
tQ(UUG)E2	V	131082	131153	-	72	0	0	0	0	0	0
YEL006W	V	144327	145334	+	1008	271	520	544	576	665	687
YER100W	V	359562	360314	+	753	530	1042	1081	1101	1177	1136
YER181C	V	551473	551796	-	324	0	3	2	3	0	2
YER015W	V	184541	186775	+	2235	142	216	283	235	252	279
YER129W	V	417281	420709	+	3429	434	894	886	952	1085	1009
YER172C-A	V	536275	536655	-	381	0	0	0	0	0	0
tR(UCU)E	V	138666	138737	+	72	0	1	0	0	0	0
YEL072W	V	13720	14415	+	696	81	151	157	176	166	162
YEL075C	V	5345	5713	-	369	0	0	0	0	0	0
YER048W-A	V	250718	251002	+	285	224	531	532	531	635	706
YER051W	V	254656	256134	+	1479	133	244	234	234	265	304
YER171W	V	527082	529418	+	2337	466	939	991	1056	1019	1279
YER078C	V	316807	318342	-	1536	289	521	610	494	553	559
YER169W	V	523369	525759	+	2391	276	550	528	617	774	939
YEL003W	V;V	148176;148283	148194;148599	+;+	336	332	636	701	676	700	913
YEL077W-A	V	630	1112	+	483	0	0	0	0	0	0
YEL017C-A	V	122798	122929	-	132	758	1423	1492	1092	971	1391
YER133W	V;V	432495;433197	432671;433958	+;+	939	1723	3281	3480	3468	3584	4332
YER152W-A	V	473485	474051	+	567	0	0	0	1	0	2
YER060W	V	274567	276153	+	1587	387	727	751	659	630	572
YER186C	V	561705	562625	-	921	252	482	546	529	521	507
YER188W	V	568040	568759	+	720	92	150	183	128	78	49
YEL045C	V	68840	69265	-	426	1	5	6	6	13	14
YER022W	V	198812	200875	+	2064	251	509	563	572	619	745
YER148W-A	V	466185	466763	+	579	2	3	4	3	4	3
YER157W	V	484788	487193	+	2406	462	794	785	849	929	981
YER014C-A	V;V	183731;184678	184169;184700	-;-	462	0	0	0	0	0	0
YEL076C-A	V;V	4185;4602	4322;5114	-;-	651	0	0	0	0	0	0
YEL038W	V	80462	81145	+	684	194	338	369	342	407	377
YER066W	V	290242	290799	+	558	27	31	64	42	35	41
YER098W	V	355466	357730	+	2265	160	235	254	214	245	218
YEL035C	V	85045	85545	-	501	2	3	2	5	4	2
RPR1	V	117667	118035	-	369	9	26	14	19	14	15
YER063W	V	281710	282366	+	657	312	670	635	739	838	826
YER127W	V	414481	415554	+	1074	358	733	783	785	985	1121
YER154W	V	475020	476228	+	1209	388	829	812	959	1216	883
YER032W	V	215063	217693	+	2631	220	458	484	586	809	856
YER180C-A	V	550865	551122	-	258	38	67	57	78	75	83
YEL071W	V	16355	17845	+	1491	1241	2384	2528	2526	3634	3230
tK(CUU)E2	V	435752	435824	-	73	0	0	0	0	0	0
YEL057C	V	45020	45721	-	702	51	100	121	66	71	78
YEL069C	V	21537	23231	-	1695	4	8	5	15	16	18
YEL043W	V	70478	73348	+	2871	458	922	860	938	1113	1094
YER096W	V	351698	353236	+	1539	46	95	87	78	47	76
YER017C	V	189503	191788	-	2286	503	964	1009	1058	1356	1295
YEL019C	V	120498	121301	-	804	33	86	86	78	109	95
YER009W	V	172115	172492	+	378	2264	4282	4778	4132	3902	4913
YER104W	V	366802	367428	+	627	64	127	147	141	154	128
YER067W	V	292066	292551	+	486	0	0	0	0	0	0
SCR1	V	441987	442508	+	522	37	58	32	69	95	31
YER044C-A	V;V	238460;239712	239623;239774	-;-	1227	41	48	42	69	85	72
YER101C	V	360502	361794	-	1293	119	198	227	223	262	243
YER121W	V	402375	402719	+	345	13	17	20	19	18	21
YER019C-A	V	194273	194539	-	267	798	1257	1520	1318	1468	1304
tE(UUC)E1	V	177099	177170	+	72	0	0	0	0	0	0
YEL050C	V	59670	60851	-	1182	310	542	558	636	823	769
YER062C	V	279930	280682	-	753	240	507	502	530	727	555
YER006C-A	V	164344	164661	-	318	14	37	43	29	24	24
YER016W	V	188277	189311	+	1035	401	708	899	866	1056	913
YEL025C	V	102581	106147	-	3567	337	671	675	679	875	922
YER024W	V	202192	204963	+	2772	144	272	282	317	361	284
YER023W	V	201076	201936	+	861	611	1162	1285	1332	1492	1231
YER079W	V	318920	319552	+	633	228	321	338	241	242	144
YER136W	V	439616	440971	+	1356	1103	2102	2191	2312	2602	2442
YER151C	V	469686	472424	-	2739	735	1499	1484	1621	1969	2006
YEL029C	V	96858	97796	-	939	316	558	629	571	611	619
YER065C	V	285241	286914	-	1674	160	241	234	262	310	269
YEL050W-A	V	59549	59740	+	192	12	33	35	34	42	57
YER085C	V	327619	328140	-	522	0	0	0	0	0	0
YER147C	V	462968	464842	-	1875	137	247	254	268	301	286
YER064C	V	282705	284222	-	1518	255	577	506	659	887	1189
YER119C	V	399496	400842	-	1347	88	149	169	175	312	232
YEL020C-B	V	117183	117380	-	198	1	1	2	4	1	0
YER068W	V	293050	294813	+	1764	417	805	887	857	959	1014
YER158C	V	488857	490578	-	1722	392	536	531	508	530	326
YER138W-A	V	449474	449578	+	105	37	62	64	62	81	100
YER130C	V	421115	422446	-	1332	991	2030	2087	2150	2147	1333
YEL015W	V	126629	128284	+	1656	668	1244	1320	1419	1576	1646
tK(CUU)E1	V	135425	135497	-	73	0	0	0	0	0	0
YER153C	V	474041	474805	-	765	29	39	49	47	81	33
YER137W-A	V	441575	441880	+	306	0	0	1	0	1	1
YER113C	V	387932	390052	-	2121	377	755	746	803	952	1105
YEL030W	V	94644	96578	+	1935	114	198	224	262	249	235
YER083C	V	326174	327031	-	858	380	718	705	754	889	722
YER167W	V	518216	520771	+	2556	625	1110	1095	1228	1539	1288
YEL032C-A	V	87040	87201	-	162	0	0	0	0	0	0
YEL073C	V	7230	7553	-	324	44	60	56	56	37	26
tV(AAC)E1	V	438700	438773	+	74	0	0	0	0	0	0
YER005W	V	160550	162442	+	1893	397	712	772	789	900	853
YER102W	V	363100	363702	+	603	2832	5376	5872	4962	5046	6358
YER046W	V	243180	243611	+	432	61	112	123	115	137	146
YER023C-A	V	201522	201734	-	213	0	0	0	0	0	0
YEL031W	V	90258	93905	+	3648	2017	3692	3552	3993	4578	5088
YER075C	V	308413	311199	-	2787	157	288	306	366	503	608
YER073W	V	304030	305592	+	1563	1750	3535	3531	4129	4674	3620
YEL027W	V	100769	101251	+	483	3633	6311	6868	6042	6126	6027
YEL024W	V	107260	107907	+	648	633	1041	1201	1071	1660	1352
YER049W	V	251728	253662	+	1935	1826	3891	4081	3876	3715	3981
YER175W-A	V	540650	540814	+	165	16	27	24	19	25	48
YEL037C	V	81407	82603	-	1197	884	1636	1717	1869	2261	1682
YER134C	V	437267	437803	-	537	90	178	195	224	207	176
YER088C	V	333176	335188	-	2013	915	1767	1850	1715	1711	915
YER175C	V	539464	540363	-	900	118	237	222	269	283	254
tG(GCC)E	V	61890	61960	-	71	0	0	0	0	0	0
YER021W	V	196948	198519	+	1572	1145	2266	2289	2608	3031	3180
YER004W	V	159580	160275	+	696	302	592	582	698	841	575
YER087C-A	V	331817	332368	-	552	12	25	34	16	24	38
YEL017W	V	123657	124670	+	1014	218	406	422	468	603	444
YER106W	V	372326	373234	+	909	6	9	13	7	11	22
YER066C-A	V	291703	292203	-	501	22	19	22	17	10	11
YER117W	V;V	396769;397282	396810;397653	+;+	414	7884	14299	16409	12897	12537	11222
YER145C-A	V	462386	462823	-	438	5	8	9	15	21	21
YER076W-A	V	313390	313737	+	348	17	39	40	36	34	50
YER187W	V	566230	566655	+	426	22	35	47	30	37	15
snR14	V	167427	167586	-	160	6	8	12	2	9	13
YER046W-A	V	243700	244029	+	330	3	3	8	2	4	3
YER168C	V	521029	522669	-	1641	379	705	746	760	811	996
YER124C	V	407342	409063	-	1722	966	1838	2009	2065	2351	2682
SRG1	V	322212	322762	+	551	133	248	282	250	220	221
YER095W	V	349980	351182	+	1203	242	385	401	413	572	493
YEL028W	V	98668	99129	+	462	30	61	74	83	78	44
YER045C	V	240032	241501	-	1470	336	587	584	720	639	434
YER088W-B	V	335927	336073	+	147	0	0	0	0	0	0
YER086W	V	328477	330207	+	1731	1687	3361	3368	3196	3289	3152
YER188C-A	V	569608	569907	-	300	4	5	10	8	10	7
YER148W	V	465303	466025	+	723	376	877	975	821	853	1071
YEL022W	V	111421	115800	+	4380	569	1168	1191	1266	1402	1662
YEL001C	V	150301	150978	-	678	974	1756	1879	1991	2092	1922
YER056C	V	266512	268113	-	1602	3531	6656	6704	6528	8163	9822
YER087C-B	V	332582	332830	-	249	601	1012	1072	1163	1375	1473
YEL013W	V	128825	130561	+	1737	623	1070	1092	1093	1184	1543
YER074W	V;V	306323;306792	306325;307196	+;+	408	4918	8639	9934	8261	7900	8203
tE(UUC)E3	V	487331	487402	-	72	0	0	0	0	0	0
YER133W-A	V	437191	437532	+	342	22	51	45	44	39	47
YER119C-A	V	400867	401238	-	372	1	5	2	11	4	3
YEL063C	V	31694	33466	-	1773	699	1279	1191	1285	1660	1617
YEL051W	V	58378	59148	+	771	1294	2622	2813	2545	2445	2761
YER190C-B	V	575680	576162	-	483	0	0	0	0	0	0
YEL061C	V	36535	39537	-	3003	206	423	444	549	681	797
YER059W	V	272624	273886	+	1263	302	573	624	589	650	575
YER091C-A	V	342390	342611	-	222	0	0	0	0	0	0
YER140W	V	451565	453235	+	1671	219	377	421	422	463	555
YEL056W	V	47168	48373	+	1206	310	621	646	663	694	754
YER084W-A	V	327598	328110	+	513	0	1	0	0	0	0
YER036C	V	223367	225199	-	1833	3932	7348	7495	6629	7257	8007
YEL009C	V	138918	139763	-	846	6455	12989	13699	12719	14162	13340
YER079C-A	V	319902	320240	-	339	0	0	0	0	0	0
YEL053W-A	V	52908	53255	+	348	2	0	4	3	2	6
tM(CAU)E	V	100133	100204	+	72	0	0	1	1	0	0
YEL030C-A	V	94583	94897	-	315	1	5	3	1	4	2
YEL014C	V	128303	128608	-	306	26	54	50	44	52	49
YER156C	V	483325	484341	-	1017	1233	2385	2557	2090	1975	1680
YER162C	V	500630	502894	-	2265	153	278	288	277	309	294
YER090W	V	337949	339472	+	1524	889	1840	1961	1987	2079	2035
YER074W-A	V;V;V	307653;307849;308068	307746;307956;308123	+;+;+	258	299	485	581	525	667	705
YER041W	V	232461	234740	+	2280	170	262	253	271	361	364
YER165C-A	V	512627	512983	-	357	6	13	26	22	35	29
YER097W	V	355140	355469	+	330	2	2	3	4	5	5
YER112W	V	387232	387795	+	564	634	1010	1200	1161	1292	1541
YER090C-A	V	338322	338411	-	90	0	0	0	0	0	0
YER067C-A	V	292240	292563	-	324	3	5	3	2	1	0
snR67	V	61352	61433	+	82	22	37	35	33	25	40
tH(GUG)E1	V	207357	207428	+	72	1	3	1	0	1	1
YER174C	V	538434	539168	-	735	355	713	804	623	626	645
YER107W-A	V	374394	374714	+	321	29	56	63	61	75	94
YER026C	V	207644	208474	-	831	936	1701	1811	1469	1475	1555
YER099C	V	358105	359061	-	957	494	914	1035	978	842	899
YEL048C	V	64709	65167	-	459	69	149	145	142	140	235
YEL070W	V	19589	21097	+	1509	2	3	6	9	3	4
YER025W	V	205251	206834	+	1584	2268	4554	4566	4405	4425	4059
YEL075W-A	V	4870	5481	+	612	0	0	0	0	1	0
YER126C	V	413394	414179	-	786	1146	2160	2408	2254	2261	2775
tI(AAU)E1	V	443202	443275	-	74	0	0	0	0	0	0
YER182W	V	552525	553259	+	735	229	424	473	495	514	485
YER165W	V	510373	512106	+	1734	7203	13646	13584	13269	13461	13307
YEL058W	V	43252	44925	+	1674	979	1768	1911	2167	2222	1746
YER060W-A	V	276572	278164	+	1593	86	139	154	164	202	177
YER184C	V	556296	558680	-	2385	174	307	341	389	354	268
YEL012W	V;V	131772;131900	131776;132551	+;+	657	149	246	279	243	270	235
YEL020W-A	V	117211	117474	+	264	123	255	280	261	280	154
YER077C	V	314534	316600	-	2067	336	606	611	680	766	920
YER039C	V	228456	229205	-	750	19	25	35	26	51	30
YER042W	V	234937	235491	+	555	451	869	937	1129	1161	1580
YER019W	V	192797	194230	+	1434	229	438	454	551	655	412
YER039C-A	V	229263	229481	-	219	12	13	20	28	22	17
YER058W	V	271768	272091	+	324	55	92	97	167	201	181
YER110C	V	378762	382103	-	3342	2339	4728	4731	4461	4332	5137
YER135C	V	437952	438344	-	393	2	2	3	6	5	6
YEL023C	V	108504	110552	-	2049	83	155	164	194	260	241
YEL077C	V	264	4097	-	3834	63	125	127	170	183	142
tI(AAU)E2	V	551285	551358	-	74	0	0	0	0	2	0
YER001W	V	153520	155808	+	2289	1485	2918	2820	2705	3077	3108
YEL020C	V	118617	120299	-	1683	138	236	269	282	320	304
YEL044W	V	69757	70257	+	501	233	460	462	505	483	289
YER180C	V	549724	550527	-	804	184	369	393	389	449	451
YER087W	V	330576	332306	+	1731	105	240	254	279	347	300
YER055C	V	264892	265785	-	894	2846	5346	5785	5008	5323	4971
tR(ACG)E	V	492352	492424	-	73	0	0	1	0	0	1
YER091C	V	339864	342167	-	2304	3718	8448	7591	10301	12110	11767
YER138C	V	443756	449024	-	5269	0	0	0	0	0	0
YER137C-A	V	447702	449024	-	1323	0	0	0	0	0	0
YER159C-A	V	496802	498124	-	1323	0	0	0	0	0	0
YER160C	V	492856	498124	-	5269	0	0	0	0	0	0
YHR094C	VIII	290913	292625	-	1713	1825	3620	3760	3082	3038	3323
YHL031C	VIII	38815	39486	-	672	91	135	151	167	229	106
YHL002W	VIII	102612	103970	+	1359	317	556	596	599	688	564
YHR219C-A	VIII	561199	561681	-	483	0	0	0	0	0	0
YHR045W	VIII	195551	197233	+	1683	480	914	1004	895	940	1016
YHR084W	VIII	274174	276240	+	2067	517	1127	1084	1018	1214	1418
YHR126C	VIII	359702	360181	-	480	0	1	1	1	2	2
tS(AGA)H	VIII	133026	133107	-	82	0	0	0	0	0	0
YHR125W	VIII	358858	359163	+	306	1	0	0	0	1	0
YHR206W	VIII	512732	514600	+	1869	782	1501	1461	1490	1637	1505
YHR097C	VIII;VIII	297385;298485	298360;298609	-;-	1101	588	974	1076	1049	774	406
YHR005C-A	VIII	115620	115901	-	282	794	1559	1713	1687	1749	2101
YHR193C-A	VIII	488653	489027	-	375	0	0	0	0	0	0
YHR007C	VIII	120091	121683	-	1593	6600	13415	14134	11870	13046	13105
YHR214C-D	VIII	550648	550941	-	294	0	0	0	0	0	0
YHR212W-A	VIII	538742	538945	+	204	0	0	0	0	0	0
YHR184W	VIII	472744	474459	+	1716	46	90	119	93	108	146
YHR132C	VIII	368502	369794	-	1293	849	1423	1573	1423	1446	1383
YHR182C-A	VIII	470939	471412	-	474	0	0	0	0	0	0
YHR025W	VIII	159438	160511	+	1074	1321	2310	2443	2452	2796	1805
YHR055C	VIII	214533	214718	-	186	0	0	0	0	0	0
YHR073W	VIII	242582	245572	+	2991	659	1246	1199	1271	1545	1451
YHL015W-A	VIII	74699	74782	+	84	1	8	8	5	5	2
YHR064C	VIII	225525	227141	-	1617	2933	5912	6252	5655	5241	5166
YHL041W	VIII	17392	17841	+	450	1	1	3	2	4	1
YHR143W	VIII	385510	386487	+	978	3066	5517	5210	4473	5375	4323
YHR052W-A	VIII	212510	212704	+	195	0	0	0	0	0	0
YHL047C	VIII	8351	10213	-	1863	161	290	292	352	349	301
YHR175W-A	VIII	453558	453707	+	150	33	60	72	66	95	115
YHR003C	VIII	110028	111317	-	1290	475	982	1055	1030	995	1131
YHL032C	VIII	36379	38508	-	2130	189	344	360	365	497	362
YHR154W	VIII	402966	406178	+	3213	294	715	689	829	965	1147
YHR031C	VIII	170799	172970	-	2172	184	403	384	441	453	465
YHL042W	VIII	15667	16119	+	453	30	43	55	42	47	45
YHR022C-A	VIII	151217	151306	-	90	4	6	7	3	9	7
YHR180C-B	VIII	466958	467062	-	105	0	0	0	0	0	0
YHR106W	VIII	325598	326626	+	1029	176	285	333	321	348	299
YHR186C	VIII	475999	480672	-	4674	304	572	613	693	836	884
YHL029C	VIII	45929	47968	-	2040	407	688	695	772	1110	1140
YHR048W	VIII	204607	206151	+	1545	91	208	188	222	193	179
YHR039C-A	VIII;VIII	187173;187677	187514;187679	-;-	345	1299	2408	2658	2266	2326	2516
YHR073W-A	VIII	242868	243044	+	177	0	0	0	0	0	0
YHR035W	VIII	178219	180111	+	1893	76	121	143	139	140	179
YHR165C	VIII	429707	436948	-	7242	515	1022	988	1093	1171	1209
YHL006C	VIII	98343	98795	-	453	15	43	45	45	53	30
YHL025W	VIII	54851	55849	+	999	355	641	664	698	799	447
YHR172W	VIII	448335	450806	+	2472	128	207	230	278	354	459
YHR002W	VIII	108812	109885	+	1074	124	178	263	187	213	183
YHR016C	VIII;VIII	136881;138409	138240;138455	-;-	1407	225	347	387	387	487	352
RUF5-2	VIII	214407	215116	+	710	0	107	20	69	78	29
YHR079C	VIII	258244	261591	-	3348	322	622	645	667	819	900
YHR169W	VIII	442181	443476	+	1296	470	973	958	1034	1144	1264
YHR054C	VIII	213185	214249	-	1065	9	5	6	6	7	0
YHR065C	VIII	227532	229037	-	1506	724	1481	1561	1633	1538	1821
YHR088W	VIII	281495	282382	+	888	639	1243	1402	1320	1218	1579
tH(GUG)H	VIII	62755	62826	+	72	0	0	0	0	0	1
YHR093W	VIII	289142	289690	+	549	6	14	18	7	12	8
YHL036W	VIII	26241	27881	+	1641	134	239	225	194	187	166
YHR100C	VIII	314116	314673	-	558	200	323	426	402	419	395
YHR105W	VIII	324766	325410	+	645	36	92	66	80	80	79
YHR056C	VIII	215183	217834	-	2652	172	336	371	411	460	564
YHR135C	VIII	372694	374310	-	1617	665	1433	1389	1549	1872	1478
YHR180W	VIII	465178	465669	+	492	40	56	86	74	66	71
YHR086W	VIII	278153	279724	+	1572	253	429	482	521	523	518
YHR146W	VIII	390300	391697	+	1398	1484	2996	3115	3222	2993	2615
YHR195W	VIII	490747	491712	+	966	342	567	634	564	633	540
YHR119W	VIII	346043	349285	+	3243	350	720	724	822	1017	1055
YHR033W	VIII	175548	176819	+	1272	68	102	119	119	172	90
YHR024C	VIII	157744	159192	-	1449	555	1001	1029	1112	1433	1290
YHL043W	VIII	14901	15413	+	513	46	79	93	87	76	55
YHL039W	VIII	21783	23540	+	1758	725	1365	1549	1475	1344	1728
YHR059W	VIII	220108	220500	+	393	153	279	349	382	457	460
YHL048C-A	VIII	5663	5797	-	135	1	1	1	1	0	0
YHR026W	VIII	160844	161485	+	642	1168	2108	2256	2015	2185	2224
YHR160C	VIII	419221	420072	-	852	26	34	39	55	68	60
YHR085W	VIII	276764	277768	+	1005	309	598	658	700	735	898
YHR113W	VIII	336337	337809	+	1473	426	735	811	787	912	763
YHR175W	VIII	452872	453441	+	570	208	358	406	439	476	582
YHR148W	VIII	393534	394085	+	552	357	639	726	721	682	738
YHR208W	VIII	517532	518713	+	1182	5790	12442	11902	12504	12132	11981
YHR001W	VIII	106055	107368	+	1314	284	559	676	633	714	777
YHR131C	VIII	365340	367892	-	2553	398	586	573	639	708	585
YHR049C-A	VIII	207234	207530	-	297	34	77	100	79	96	95
YHR086W-A	VIII	280231	280392	+	162	1	2	3	2	2	2
YHR141C	VIII;VIII	381990;382748	382306;382751	-;-	321	5024	9498	10675	8520	8115	8684
YHR170W	VIII	443828	445384	+	1557	1647	3490	3562	3352	2850	3816
YHL021C	VIII	64462	65859	-	1398	772	1425	1495	1257	996	574
YHR078W	VIII	256360	258018	+	1659	337	677	669	702	779	901
YHR007C-A	VIII	122550	122765	-	216	12	22	21	29	27	26
YHL044W	VIII	13565	14272	+	708	43	94	115	103	100	104
YHR214W-A	VIII	543008	543493	+	486	7	9	12	24	9	7
YHR161C	VIII	420373	422286	-	1914	333	528	629	598	710	540
YHR074W	VIII	246193	248337	+	2145	636	1103	1141	1211	1292	1331
YHR164C	VIII	424610	429178	-	4569	202	388	372	517	570	545
YHL006W-A	VIII	97732	98085	+	354	5	26	28	21	23	23
YHR204W	VIII	506319	508709	+	2391	407	797	727	682	937	952
YHL002C-A	VIII	102587	103075	-	489	2	1	1	1	0	0
YHL030W-A	VIII	39074	39535	+	462	0	0	0	0	0	0
tF(GAA)H2	VIII;VIII	358478;358533	358513;358569	-;-	73	0	0	0	0	0	0
YHR163W	VIII	423724	424473	+	750	823	1450	1565	1521	1823	1410
YHL046C	VIII	11923	12285	-	363	2	0	4	1	1	1
YHR056W-A	VIII	217406	217840	+	435	0	0	0	0	0	0
YHL004W	VIII	99219	100403	+	1185	454	790	881	970	1117	962
YHL009C	VIII	84068	85060	-	993	104	221	234	256	288	273
YHR138C	VIII	377355	377699	-	345	253	417	551	565	508	392
YHR166C	VIII	437170	439050	-	1881	122	230	289	255	269	308
YHR151C	VIII	399268	400848	-	1581	219	362	340	356	461	524
YHL014C	VIII	76097	77314	-	1218	130	204	218	250	288	281
YHR021C	VIII;VIII	147871;148667	148116;148669	-;-	249	6033	9856	12261	9713	9448	11256
YHR198C	VIII	496315	497280	-	966	149	222	271	328	420	280
YHL034C	VIII	33193	34077	-	885	1239	2113	2221	2238	2644	2111
YHR124W	VIII	356561	358444	+	1884	218	413	440	419	343	350
YHR011W	VIII	127780	129120	+	1341	115	186	211	270	373	342
YHR096C	VIII	294669	296447	-	1779	98	144	139	119	133	92
YHR185C	VIII	474627	475340	-	714	2	7	6	4	6	17
YHR190W	VIII	484845	486179	+	1335	1671	3336	3365	3520	4195	3659
YHR075C	VIII	248439	249641	-	1203	58	131	128	134	133	145
YHR117W	VIII	342349	344268	+	1920	487	913	918	1075	1330	1203
YHR109W	VIII	330310	332067	+	1758	103	172	182	230	261	332
YHR207C	VIII	514905	516485	-	1581	223	464	446	528	551	605
YHR132W-A	VIII	370054	370449	+	396	245	397	445	398	439	448
YHR015W	VIII	134554	136533	+	1980	60	112	114	121	132	209
YHL015W	VIII	75412	75777	+	366	11817	21870	24953	19696	20087	20284
YHR090C	VIII	283777	284625	-	849	126	226	270	264	297	348
YHR189W	VIII	484028	484600	+	573	25	37	45	43	50	40
YHR001W-A	VIII;VIII	107826;107895	107831;108122	+;+	234	194	320	395	302	538	493
YHR070C-A	VIII	236102	236512	-	411	47	75	54	75	91	54
YHR108W	VIII	328303	330060	+	1758	1170	2034	2094	2302	2744	2621
YHR006W	VIII	117814	119439	+	1626	315	613	603	569	660	608
YHR147C	VIII	392639	393283	-	645	212	433	467	547	583	577
YHR180W-A	VIII	466932	467114	+	183	0	1	0	0	0	0
YHR092C	VIII	287081	288811	-	1731	598	1147	1062	597	1298	1355
YHR080C	VIII	262801	266838	-	4038	224	515	465	471	577	574
YHL045W	VIII	12502	12849	+	348	4	5	4	7	6	7
YHR022C	VIII	149575	150345	-	771	27	58	39	33	51	60
YHL027W	VIII	51111	52988	+	1878	493	856	850	924	1028	845
YHL003C	VIII	100648	101883	-	1236	814	1615	1622	1564	1661	2064
YHR070W	VIII	234881	236380	+	1500	185	405	417	419	484	364
YHR150W	VIII	397251	398990	+	1740	127	254	251	272	305	376
YHR133C	VIII	370722	371597	-	876	526	1045	1064	972	1029	1144
YHR215W	VIII	552099	553502	+	1404	1009	2379	2151	1061	882	776
YHL020C	VIII	66242	67456	-	1215	406	564	671	592	606	374
YHR101C	VIII;VIII	314874;315859	315771;315968	-;-	1008	110	217	218	211	189	209
YHR046C	VIII	197398	198285	-	888	347	772	820	791	800	820
YHR095W	VIII	292943	293437	+	495	1	2	3	1	3	7
YHR182W	VIII	468219	470576	+	2358	193	310	313	394	480	466
YHR098C	VIII	299145	301934	-	2790	801	1597	1602	1764	2067	2173
YHR145C	VIII	388981	389337	-	357	0	0	0	0	2	2
YHR120W	VIII	349574	352453	+	2880	279	560	513	568	661	885
YHL030W	VIII	40084	45690	+	5607	287	632	577	827	1062	1108
tV(CAC)H	VIII	475706	475778	-	73	0	0	0	0	0	0
YHR051W	VIII	209705	210151	+	447	717	1180	1363	1189	1644	1773
YHR130C	VIII	364965	365300	-	336	20	51	56	45	47	49
YHR149C	VIII	394455	396659	-	2205	366	711	790	823	1084	1216
YHR127W	VIII	360913	361644	+	732	173	309	345	338	433	414
YHR194W	VIII	488657	490396	+	1740	123	178	193	212	281	170
YHR213W-A	VIII	540549	540782	+	234	0	0	0	0	0	0
YHR032C-A	VIII	175275	175394	-	120	0	2	2	1	0	1
YHR203C	VIII;VIII	504476;505517	505247;505530	-;-	786	4040	7391	8362	7013	6597	4684
YHR168W	VIII	440377	441933	+	1557	119	185	219	247	295	292
YHR167W	VIII	439342	440127	+	786	91	174	191	183	212	239
YHR050W	VIII	207654	209303	+	1650	346	699	750	660	899	800
YHR112C	VIII	334527	335663	-	1137	212	417	456	597	686	491
YHR027C	VIII	161730	164711	-	2982	1614	3011	3050	3771	4516	4291
YHR214C-E	VIII	551200	551499	-	300	5	2	3	2	2	2
YHR214W	VIII	541651	542262	+	612	5	3	4	13	12	8
YHR188C	VIII	482005	483837	-	1833	689	1253	1245	1275	1545	1310
YHL023C	VIII	59123	62563	-	3441	335	684	709	786	973	1027
YHR099W	VIII	302761	313995	+	11235	742	1410	1346	1504	1683	1685
YHR196W	VIII	491931	493658	+	1728	892	1876	1985	2006	2235	3599
YHR177W	VIII	456591	457952	+	1362	90	103	115	137	149	120
YHR174W	VIII	451327	452640	+	1314	41276	73906	73972	71667	75082	54281
YHR199C-A	VIII;VIII	498571;498787	498719;498859	-;-	222	24	28	38	44	60	58
YHR034C	VIII	176965	177999	-	1035	94	202	173	179	199	148
YHR179W	VIII	462502	463704	+	1203	3349	6120	6200	6193	6458	6141
YHR014W	VIII	132047	132922	+	876	10	29	24	30	13	26
YHR171W	VIII	445713	447605	+	1893	118	181	222	163	197	184
tF(GAA)H1	VIII;VIII	237848;237903	237883;237939	-;-	73	0	2	0	1	0	3
YHR121W	VIII	352756	353319	+	564	504	944	1035	1067	1236	1174
YHR116W	VIII	341665	342120	+	456	46	84	85	120	145	89
YHR087W	VIII	280820	281155	+	336	175	328	329	210	134	73
YHR176W	VIII	454229	455527	+	1299	59	90	110	132	134	135
YHR173C	VIII	450815	451153	-	339	16	34	30	26	48	43
YHL010C	VIII	81964	83721	-	1758	128	240	221	208	287	282
YHR102W	VIII	316572	319814	+	3243	299	565	589	738	1034	843
YHR063C	VIII	224030	225169	-	1140	639	1211	1363	1588	1523	1781
YHR050W-A	VIII	209475	209645	+	171	21	54	56	54	85	118
YHR137C-A	VIII	375738	376388	-	651	0	0	0	0	0	0
YHL017W	VIII	70276	71874	+	1599	401	728	760	777	701	803
YHL035C	VIII	27978	32756	-	4779	228	481	500	573	780	840
YHR043C	VIII	192805	193545	-	741	209	411	437	455	662	569
YHR115C	VIII	340109	341359	-	1251	366	657	641	698	832	713
YHL007C	VIII	95118	97937	-	2820	678	1261	1332	1395	1921	1720
YHR018C	VIII	140011	141402	-	1392	852	1746	1694	1725	1928	1600
YHR076W	VIII;VIII	251101;251249	251155;252225	+;+	1032	242	498	540	551	638	605
YHL019C	VIII	67731	69548	-	1818	133	218	240	254	259	243
YHR061C	VIII	221534	222478	-	945	89	164	135	155	211	248
tV(AAC)H	VIII	85298	85371	-	74	0	0	0	0	0	0
snR32	VIII	381540	381727	+	188	15	15	19	16	9	18
YHR068W	VIII	232133	233296	+	1164	1652	3238	3520	3127	2940	2951
YHR218W-A	VIII	559932	560249	+	318	0	0	0	0	0	0
YHR037W	VIII	181977	183704	+	1728	461	897	896	1122	1661	1693
YHR012W	VIII;VIII	129481;129648	129528;130448	+;+	849	297	624	658	678	807	655
YHR144C	VIII	387788	388726	-	939	232	475	482	526	591	600
YHR077C	VIII;VIII	252374;255751	255637;255756	-;-	3270	745	1542	1495	1640	1676	1851
YHR156C	VIII	411384	412406	-	1023	143	256	235	273	276	339
YHR217C	VIII	556581	557042	-	462	0	0	0	0	0	0
YHR036W	VIII	180345	181760	+	1416	143	260	264	297	318	386
YHR091C	VIII	284839	286770	-	1932	253	444	467	482	661	607
YHR052W	VIII	210848	211978	+	1131	1906	3796	4088	3606	3228	4693
YHR123W	VIII;VIII	354815;354956	354864;356081	+;+	1176	403	754	771	746	793	800
YHR009C	VIII	124109	125680	-	1572	577	1130	1165	1147	1256	1022
YHL018W	VIII	69708	70070	+	363	21	35	37	44	42	28
YHL012W	VIII	78936	80417	+	1482	87	187	150	158	173	247
YHR211W	VIII	525392	528619	+	3228	113	164	155	156	201	173
YHR155W	VIII	407103	410789	+	3687	243	465	489	528	576	745
RUF5-1	VIII	212409	213118	+	710	0	0	0	0	0	0
YHR139C	VIII	378219	379199	-	981	25	39	33	34	25	26
YHR032W-A	VIII	175195	175374	+	180	12	32	34	39	45	26
tA(AGC)H	VIII	146242	146314	-	73	0	0	0	0	0	0
YHR210C	VIII	520712	521737	-	1026	75	90	107	81	106	53
YHR072W-A	VIII	241664	241840	+	177	1743	2980	3692	2926	2668	3530
YHR140W	VIII	380572	381291	+	720	16	38	33	36	29	33
YHR044C	VIII	194068	194808	-	741	64	119	120	89	144	97
YHL016C	VIII	72037	74244	-	2208	59	83	76	91	107	99
tP(UGG)H	VIII;VIII	388893;388960	388928;388995	-;-	72	0	0	1	0	0	1
YHR202W	VIII	502388	504196	+	1809	113	183	242	223	227	229
YHR019C	VIII	141894	143558	-	1665	3463	6507	6683	6367	6622	5497
YHL034W-A	VIII	33176	33637	+	462	16	30	55	54	50	76
YHR213W-B	VIII	540800	541099	+	300	0	6	4	5	4	3
YHR104W	VIII	323409	324392	+	984	367	674	782	810	1012	805
YHR083W	VIII	272627	273616	+	990	294	534	582	636	734	494
YHR165W-A	VIII	436647	436958	+	312	0	1	0	1	0	1
YHL022C	VIII	62961	64157	-	1197	22	54	52	61	74	56
YHR032W	VIII	173344	175089	+	1746	433	922	892	923	1072	846
YHR008C	VIII	122889	123590	-	702	531	1006	1065	1029	1361	811
YHL038C	VIII	23617	25509	-	1893	185	343	357	350	437	454
YHR071C-A	VIII	238910	239230	-	321	3	6	8	3	8	9
YHR081W	VIII	267538	268092	+	555	374	869	922	835	652	800
YHL050W-A	VIII	811	1293	+	483	0	0	0	0	0	0
YHL028W	VIII	48763	50580	+	1818	113	170	174	164	262	114
YHR073C-B	VIII	245422	245502	-	81	0	0	0	0	0	0
YHL033C	VIII	35255	36025	-	771	3208	6593	6734	6529	6752	5586
YHR066W	VIII	229335	230696	+	1362	680	1318	1288	1323	1499	2019
YHR029C	VIII	167677	168561	-	885	195	409	456	524	516	474
YHR178W	VIII	459299	461530	+	2232	100	176	159	192	250	193
YHR063W-A	VIII	225442	225777	+	336	164	278	246	225	164	261
YHR040W	VIII	187924	189024	+	1101	223	443	462	474	490	433
YHR192W	VIII	486826	487662	+	837	257	489	478	542	584	561
YHR017W	VIII	138694	139851	+	1158	242	518	572	505	519	599
YHR004C	VIII	111754	113094	-	1341	243	415	439	386	399	361
YHL040C	VIII	19088	20971	-	1884	203	379	350	402	425	486
YHR191C	VIII	486230	486631	-	402	127	222	245	254	269	211
YHR201C	VIII	499950	501143	-	1194	701	1513	1529	1460	1460	1643
YHR103W	VIII	320414	322972	+	2559	619	1110	1151	1158	1317	1365
YHR213W	VIII	539151	539747	+	597	0	0	0	0	0	0
YHR153C	VIII	402086	402682	-	597	17	19	33	47	44	63
YHR082C	VIII	268459	271548	-	3090	611	1051	1118	1132	1439	1353
YHR069C-A	VIII	234874	235236	-	363	0	0	0	0	1	0
YHR020W	VIII	143996	146062	+	2067	2760	5593	5947	5094	5104	4826
YHR057C	VIII	218226	218843	-	618	342	555	622	714	780	633
YHL024W	VIII	56649	58790	+	2142	115	185	202	179	256	199
YHR128W	VIII	362115	362765	+	651	1692	3104	3114	3064	3342	3658
tQ(UUG)H	VIII	134321	134392	+	72	1	0	0	1	1	2
YHR047C	VIII	198740	201310	-	2571	675	1349	1387	1478	1801	1991
YHL026C	VIII	53219	54166	-	948	127	206	241	205	231	165
YHR197W	VIII	493896	496187	+	2292	735	1627	1582	1570	1453	1992
YHR028C	VIII	164978	167434	-	2457	727	1436	1384	1562	1695	1735
YHR134W	VIII	371749	372558	+	810	194	338	353	325	409	354
YHR122W	VIII	353625	354320	+	696	254	415	507	479	466	501
YHR067W	VIII	230970	231812	+	843	109	218	256	286	306	265
YHL037C	VIII	25778	26179	-	402	4	2	6	10	6	2
YHR013C	VIII	130730	131446	-	717	535	970	1091	1015	1090	1004
YHR137W	VIII	375709	377250	+	1542	213	384	448	323	614	561
tT(AGU)H	VIII	116107	116179	-	73	1	0	1	1	1	0
YHR158C	VIII	413685	417179	-	3495	538	1001	971	1040	1200	1216
YHR038W	VIII	184066	184758	+	693	135	261	287	306	316	420
YHR042W	VIII	190543	192618	+	2076	1582	2935	2950	2848	3133	2320
YHR028W-A	VIII	167352	167672	+	321	0	3	2	3	1	1
YHL049C	VIII	3726	4541	-	816	0	0	0	0	0	0
YHR041C	VIII;VIII	189131;189851	189749;189864	-;-	633	211	335	361	368	381	206
YHR069C	VIII	233579	234658	-	1080	437	834	874	988	1022	1032
YHR200W	VIII	499079	499885	+	807	538	916	1107	1394	1643	1214
YHR053C	VIII	212535	212720	-	186	0	0	0	0	0	0
YHR218W	VIII;VIII	558014;558715	558615;559924	+;+	1812	0	0	1	0	0	1
YHR021W-A	VIII	149225	149680	+	456	16	38	31	42	28	49
YHR114W	VIII	338083	339984	+	1902	344	643	707	683	843	773
YHR039C	VIII	184875	186809	-	1935	1068	2254	2298	2824	3421	3095
YHL019W-A	VIII	67711	68304	+	594	5	3	6	5	4	6
YHR152W	VIII	401434	401955	+	522	296	534	573	531	605	659
YHL046W-A	VIII	9981	10307	+	327	13	17	18	14	12	16
YHL011C	VIII	80654	81616	-	963	1156	2278	2390	2247	2173	2466
YHR129C	VIII	362999	364153	-	1155	126	258	239	304	331	354
YHR199C	VIII	497490	498422	-	933	231	453	464	540	617	473
YHR159W	VIII	417549	419063	+	1515	90	150	175	192	249	215
YHR193C	VIII	487712	488236	-	525	5251	9385	10065	8951	8683	7842
YHR030C	VIII	168890	170344	-	1455	1570	3059	3325	3873	3088	2333
YHL050C	VIII;VIII	445;2671	1897;3311	-;-	2094	18	57	52	48	64	56
YHR162W	VIII	423072	423461	+	390	1495	2587	2838	2742	2770	2708
YHR089C	VIII	282681	283298	-	618	2693	5157	5683	4369	4072	3256
YHL005C	VIII	98828	99220	-	393	3	2	4	1	2	2
YHR010W	VIII;VIII	126521;127113	126551;127492	+;+	411	7632	13717	15314	12827	12158	11107
YHR079C-A	VIII;VIII	262192;262441	262354;262553	-;-	276	3	2	2	4	2	2
YHR212C	VIII	537759	538094	-	336	0	0	0	0	0	0
YHR005C	VIII	113499	114917	-	1419	901	1629	1762	1459	1791	2018
YHR187W	VIII	480990	481919	+	930	286	537	570	595	648	670
YHR183W	VIII	470960	472429	+	1470	3131	5531	5981	6059	7777	4647
YHR205W	VIII	509363	511837	+	2475	629	1261	1140	1382	1931	1927
YHR139C-A	VIII	380108	380419	-	312	6	9	9	11	7	15
YHR111W	VIII	333072	334394	+	1323	253	494	554	591	641	617
YHR049W	VIII	206462	207193	+	732	1028	1908	2035	1923	2471	2056
YHR131W-A	VIII	367747	367992	+	246	11	8	15	10	9	11
YHR072W	VIII	239098	241293	+	2196	1052	2070	2031	2305	2597	2461
YHR209W	VIII	519437	520312	+	876	382	585	611	682	571	537
YHR107C	VIII	326813	328036	-	1224	831	1492	1657	1681	1868	1780
YHR071W	VIII	237004	237693	+	690	332	695	752	753	734	776
snR71	VIII	411228	411317	+	90	6	8	8	13	10	23
YHR216W	VIII	554396	555967	+	1572	522	953	1041	614	586	403
YHL013C	VIII	77430	78353	-	924	315	510	602	610	667	827
YHR060W	VIII	220725	221270	+	546	292	601	651	673	681	701
YHR143W-A	VIII	387233	387445	+	213	340	687	672	655	656	755
YHR142W	VIII	383538	384488	+	951	619	1100	1164	1278	1362	1442
YHR058C	VIII	218997	219884	-	888	169	319	320	326	388	389
YHL008C	VIII	92627	94510	-	1884	23	44	53	51	84	46
YHR054W-A	VIII	214508	214702	+	195	0	0	0	0	0	0
YHR118C	VIII	344321	345628	-	1308	143	311	315	358	387	475
tT(UGU)H	VIII	466990	467061	+	72	0	0	0	0	0	0
YHL048W	VIII	6401	7546	+	1146	385	876	1061	989	991	908
YHR157W	VIII	412907	413455	+	549	17	26	30	30	39	31
YHR110W	VIII	332282	332920	+	639	226	443	476	488	618	633
YHR023W	VIII	151666	157452	+	5787	424	892	889	973	1178	1334
YHR062C	VIII	222877	223758	-	882	350	704	763	779	793	538
YHR219W	VIII	560173	562047	+	1875	2	1	3	2	2	0
YHR136C	VIII	374654	375100	-	447	389	879	843	575	541	541
YHL001W	VIII;VIII	104277;104804	104405;105091	+;+	417	1390	2614	3035	2486	2335	2569
YHR181W	VIII	467228	467914	+	687	243	419	466	496	556	736
YHR214C-B	VIII	543964	549346	-	5383	70	156	143	140	131	167
YHL009W-B	VIII	85909	91318	+	5410	0	0	0	0	0	0
YHR214C-C	VIII	547910	549346	-	1437	0	0	0	0	0	0
YHL009W-A	VIII	85909	87150	+	1242	0	0	0	0	0	0
YIR015W	IX	381948	382382	+	435	72	113	124	125	163	147
YIL156W-A	IX	47292	47693	+	402	0	0	2	1	0	0
YIL115W-A	IX	144268	144639	+	372	7	10	10	3	8	8
YIL086C	IX	200153	200461	-	309	15	6	18	14	18	23
YIL156W-B	IX;IX	47690;47761	47698;47973	+;+	222	83	194	260	215	254	253
tT(AGU)I2	IX	325748	325820	+	73	0	0	0	0	0	0
YIL146C	IX	74184	75773	-	1590	109	160	182	174	177	182
YIL010W	IX	334882	335529	+	648	181	337	383	499	601	644
YIL117C	IX	140613	141569	-	957	712	1231	1401	1753	1554	1405
YIL050W	IX	258913	259770	+	858	287	536	598	566	576	538
YIL107C	IX	163278	165761	-	2484	184	401	356	406	441	424
YIL150C	IX	61013	62728	-	1716	119	223	242	304	340	317
YIL165C	IX	33718	34077	-	360	48	62	98	81	95	74
YIL045W	IX	271161	272777	+	1617	183	306	335	275	234	209
YIL126W	IX	117992	122071	+	4080	789	1584	1671	1687	1875	2101
YIL158W	IX	46201	46815	+	615	225	493	566	586	655	620
YIR018W	IX	384609	385346	+	738	68	107	123	109	177	133
YIR039C	IX	430498	432111	-	1614	126	209	196	204	212	171
YIL082W	IX	205635	206507	+	873	0	0	0	0	0	0
YIL056W	IX	249991	251913	+	1923	618	967	1072	1118	1135	937
YIL161W	IX	39433	40140	+	708	165	311	361	379	381	468
tS(UGA)I	IX	248850	248931	+	82	1	2	0	0	1	0
YIL119C	IX	136654	137877	-	1224	170	302	325	201	174	268
YIL016W	IX	321454	321933	+	480	0	0	0	0	0	0
YIL144W	IX	78074	80149	+	2076	215	347	327	442	503	610
YIL026C	IX	304477	307929	-	3453	259	516	542	617	855	951
tD(GUC)I1	IX	324303	324374	-	72	0	0	0	0	0	0
YIL163C	IX	36899	37252	-	354	18	35	34	25	28	50
YIL139C	IX	87979	88716	-	738	169	337	357	315	356	419
YIL171W	IX	19515	19844	+	330	8	10	9	10	16	15
YIL068C	IX	233057	235474	-	2418	359	614	601	694	842	970
YIL065C	IX	241308	241775	-	468	123	224	248	269	313	250
YIL098C	IX	179772	180239	-	468	157	251	289	344	403	357
YIL141W	IX	85053	85442	+	390	4	6	3	6	2	14
YIL009W	IX	339344	341428	+	2085	374	723	701	656	985	1124
YIR021W-A	IX	398514	398726	+	213	4	0	0	4	1	0
YIR020C-B	IX	397215	397949	-	735	0	0	0	1	0	0
YIL044C	IX	272950	273846	-	897	357	743	776	811	851	849
YIR020W-A	IX	394917	395159	+	243	0	0	0	0	0	0
YIR004W	IX	363221	364519	+	1299	635	1148	1251	1383	1486	1521
YIL092W	IX	189066	190967	+	1902	110	207	234	234	298	305
tD(GUC)I2	IX	336349	336420	-	72	0	0	0	0	0	0
YIL136W	IX	93619	94800	+	1182	306	544	576	540	505	221
YIR022W	IX	398733	399236	+	504	340	694	810	751	840	564
YIL002W-A	IX	350301	350510	+	210	324	588	650	624	625	795
YIL066W-A	IX	237366	237809	+	444	0	0	0	1	2	0
YIL133C	IX;IX	98527;99386	99095;99416	-;-	600	7380	12739	13955	11361	10253	11053
YIL123W	IX	128151	129581	+	1431	963	1856	1795	2775	3122	2077
YIR001C	IX	356143	356895	-	753	255	474	562	555	671	569
YIL153W	IX	55198	56379	+	1182	236	355	393	455	524	227
YIR002C	IX	357415	360396	-	2982	358	707	698	810	886	1003
YIL108W	IX	160887	162977	+	2091	347	563	623	675	762	533
YIR023C-A	IX	402383	402706	-	324	3	8	6	6	6	7
YIL067C	IX	235724	237760	-	2037	154	295	296	279	364	370
YIR019C	IX	389572	393675	-	4104	69	97	73	73	119	90
YIL028W	IX	302100	302498	+	399	25	26	37	38	37	26
YIL134W	IX	97395	98330	+	936	97	161	196	206	239	225
YIL159W	IX	41825	45952	+	4128	127	303	236	337	460	571
YIL011W	IX	333727	334536	+	810	90	118	143	102	105	85
YIL110W	IX	156045	157178	+	1134	472	920	991	977	893	1053
YIL131C	IX	100781	102235	-	1455	217	402	401	492	638	572
YIL128W	IX	113806	116904	+	3099	507	972	974	1028	1139	1587
YIL064W	IX	241943	242716	+	774	512	984	1047	890	789	879
YIL071C	IX	228660	229994	-	1335	94	164	178	149	164	196
YIL147C	IX	69791	73453	-	3663	477	865	923	916	1107	1085
YIL149C	IX	63028	68067	-	5040	827	1655	1618	1828	1949	2150
YIL106W	IX;IX	166415;166520	166434;167444	+;+	945	260	465	469	527	653	547
YIL005W	IX	345692	347797	+	2106	432	804	852	908	1041	1084
YIL169C	IX	23119	26106	-	2988	1001	1827	1902	2230	2081	1447
YIL004C	IX;IX	347946;348495	348363;348505	-;-	429	166	328	353	383	362	438
YIR014W	IX	381086	381814	+	729	19	41	43	47	43	47
tE(CUC)I	IX	197592	197663	+	72	0	0	0	0	0	0
YIR033W	IX	416124	419465	+	3342	583	1236	1159	1387	1545	1674
YIL105C	IX	167581	169641	-	2061	299	501	604	554	588	622
YIL057C	IX	247902	248396	-	495	1	2	1	4	0	1
YIL017C	IX	318200	320965	-	2766	844	1660	1619	1694	1603	1074
YIL132C	IX	99860	100501	-	642	32	65	67	75	85	71
YIL070C	IX	230272	231072	-	801	231	448	427	627	790	848
YIL051C	IX	257843	258280	-	438	1124	2019	2224	1934	2549	1864
YIL118W	IX	139752	140447	+	696	521	950	1120	1089	1282	1216
YIL097W	IX	180427	181977	+	1551	162	267	294	262	281	257
YIR034C	IX	419615	420736	-	1122	216	408	422	383	495	361
YIL109C	IX	157385	160165	-	2781	1638	3045	3056	3666	4026	3428
YIL102C-A	IX	173365	173592	-	228	45	61	94	81	100	110
YIL105W-A	IX	167664	167804	+	141	0	0	0	0	0	0
YIL084C	IX	202276	203259	-	984	196	306	329	343	426	334
YIL039W	IX	278426	279847	+	1422	941	1918	1936	1908	1951	2008
YIR003W	IX	360885	362924	+	2040	408	746	744	833	1003	787
YIR031C	IX	413015	414679	-	1665	238	325	420	334	413	349
YIL074C	IX	221081	222490	-	1410	833	1765	1686	1861	2077	2240
YIL022W	IX	311165	312460	+	1296	838	1633	1654	1878	2338	1755
YIL030C	IX	296050	300009	-	3960	939	1822	1769	1882	2173	2335
YIL140W	IX	85366	87837	+	2472	408	731	726	977	1328	1287
YIL031W	IX	292633	295737	+	3105	270	484	497	528	657	790
YIL014W	IX	326103	327995	+	1893	358	634	595	648	747	875
YIL137C	IX	89948	92788	-	2841	590	1084	1144	1187	1448	1344
YIR037W	IX	423128	423619	+	492	571	1098	1131	1125	1244	1081
YIL127C	IX	117024	117644	-	621	883	1653	1745	1551	1349	1636
YIL143C	IX	80510	83041	-	2532	466	885	937	998	1153	1141
YIL079C	IX	210923	212005	-	1083	293	639	654	674	770	818
YIR008C	IX	373077	374306	-	1230	213	433	492	514	575	606
YIL040W	IX	277723	278139	+	417	348	561	659	563	682	809
YIL129C	IX	106107	113237	-	7131	360	694	724	822	1001	1003
YIL100C-A	IX	177343	177681	-	339	1	3	2	3	3	1
YIL124W	IX	126204	127097	+	894	388	653	846	796	930	832
YIL042C	IX	275108	276292	-	1185	124	206	231	203	272	139
YIL115C	IX	144327	148709	-	4383	673	1260	1268	1436	1653	1724
YIL035C	IX	287790	288908	-	1119	763	1585	1703	1636	1880	2147
YIL176C	IX	8793	9155	-	363	0	0	0	0	0	0
YIL006W	IX	344062	345183	+	1122	88	127	142	114	164	147
YIL048W	IX	261437	264892	+	3456	523	989	991	1030	1263	1474
YIL066C	IX	238099	240708	-	2610	32	83	84	108	114	108
YIR029W	IX	410807	411838	+	1032	94	147	196	191	166	145
YIR018C-A	IX	385564	385701	-	138	17	27	20	27	29	25
YIL094C	IX	186517	187632	-	1116	577	1137	1322	1454	1632	1322
YIL103W	IX	171751	173028	+	1278	367	796	905	862	875	1098
YIL155C	IX	51759	53708	-	1950	95	132	149	163	317	188
YIL152W	IX	56545	57252	+	708	71	157	187	153	191	155
YIL046W-A	IX	268309	268473	+	165	4	2	0	5	5	2
YIL002C	IX	350591	353431	-	2841	304	545	595	603	785	805
YIR030W-A	IX	412899	413282	+	384	4	1	7	4	3	2
YIL047C-A	IX	265099	265467	-	369	12	35	30	25	19	35
YIL156W	IX	48091	51306	+	3216	215	367	418	448	506	481
YIR012W	IX	378486	379781	+	1296	1275	2511	2480	2449	2381	2463
YIL112W	IX	151595	154846	+	3252	408	792	787	913	965	984
YIL025C	IX	308201	308575	-	375	1	1	1	3	3	4
YIL175W	IX	9183	9500	+	318	0	0	0	0	0	0
YIL100W	IX	177373	177726	+	354	0	0	1	3	1	0
YIR026C	IX	404873	405967	-	1095	697	1396	1512	1271	998	1139
YIR025W	IX	403659	404765	+	1107	114	225	225	258	266	212
YIR042C	IX	435273	435983	-	711	117	259	320	253	285	251
YIL075C	IX	217863	220700	-	2838	1912	3689	3756	4395	5141	4408
YIL068W-A	IX	233013	233396	+	384	1	2	3	1	0	3
YIL063C	IX	242761	243744	-	984	475	904	891	1032	1160	1131
YIL018W	IX;IX	316768;317172	316771;317932	+;+	765	11458	20791	23346	19202	18428	13066
YIL027C	IX	303679	304104	-	426	244	524	563	535	493	637
YIL085C	IX	200490	202043	-	1554	578	1024	1201	1143	1143	1245
snR68	IX	97111	97246	+	136	22	33	37	44	48	49
YIL008W	IX	342536	342835	+	300	395	688	808	737	678	790
YIL030W-A	IX	295565	295903	+	339	6	11	13	7	13	20
YIL076W	IX	216658	217548	+	891	1081	1814	2075	2277	2273	2409
YIR036W-A	IX	422635	423036	+	402	0	2	1	0	0	0
YIL029C	IX	300829	301257	-	429	53	117	127	110	106	114
YIR023W	IX	399777	402689	+	2913	221	442	450	542	683	685
tT(AGU)I1	IX	175031	175103	+	73	1	1	0	1	0	3
YIL053W	IX	255115	255867	+	753	8260	14620	15715	12773	12161	9958
YIL101C	IX	175307	177250	-	1944	66	97	101	149	177	91
YIL120W	IX	134417	136108	+	1692	82	170	201	166	175	195
YIL174W	IX	9469	9696	+	228	0	0	0	0	0	0
YIL032C	IX	291961	292317	-	357	2	3	6	3	5	4
YIL142C-A	IX	83208	83540	-	333	0	0	0	1	0	0
YIL164C	IX	34087	34686	-	600	81	114	136	140	150	98
YIL096C	IX	182117	183127	-	1011	348	712	712	732	588	863
YIL160C	IX	40191	41444	-	1254	37	53	64	61	69	53
YIL134C-A	IX	96522	96725	-	204	1	3	1	5	3	6
YIL062C	IX	243998	244462	-	465	421	774	847	862	957	738
YIL151C	IX	57338	60694	-	3357	395	664	717	760	896	1051
YIL059C	IX	246550	246915	-	366	6	4	12	14	12	4
YIR030C	IX	412036	412770	-	735	110	211	202	234	244	287
YIL083C	IX	203556	204653	-	1098	306	555	627	666	622	745
YIL019W	IX	315093	316133	+	1041	557	1120	1198	1062	813	1037
YIL020C-A	IX	313713	314051	-	339	52	129	142	105	129	123
YIL099W	IX	178004	179653	+	1650	15	36	38	34	66	23
YIL093C	IX	187990	188784	-	795	211	365	442	490	619	439
YIR024C	IX	402841	403491	-	651	188	314	367	409	416	365
YIL135C	IX	95065	96375	-	1311	346	541	556	637	745	448
YIL020C	IX	314035	314820	-	786	240	529	526	467	406	480
YIL023C	IX	309386	310426	-	1041	265	453	450	540	610	452
YIL177W-A	IX	846	1328	+	483	0	0	0	0	0	0
YIL037C	IX	283029	284999	-	1971	33	87	79	81	70	107
YIL142W	IX	83302	84885	+	1584	1487	2909	2944	2963	3360	2930
YIR041W	IX	433929	434303	+	375	1	0	1	1	3	3
YIL034C	IX	289226	290089	-	864	583	1224	1203	1313	1437	1318
YIL073C	IX;IX	222937;225900	225809;225954	-;-	2928	156	269	310	325	326	336
YIL091C	IX	191030	193195	-	2166	674	1487	1377	1672	1902	2363
YIL078W	IX	212499	214703	+	2205	4882	9266	9589	8935	8603	9258
YIL052C	IX;IX	256226;257027	256554;257063	-;-	366	4922	10092	10920	8514	8097	6661
YIR017C	IX	383556	384119	-	564	0	0	0	0	0	0
YIL125W	IX	122689	125733	+	3045	660	1189	1217	1187	1624	1433
YIL154C	IX	53981	55021	-	1041	291	428	529	533	662	215
PWR1	IX	395999	396939	+	941	0	0	0	0	0	0
YIL138C	IX	89230	89715	-	486	587	1083	1156	1148	1342	1592
YIL130W	IX	102782	105676	+	2895	355	798	730	700	1231	1635
YIL071W-A	IX	228550	229026	+	477	23	31	41	38	45	26
YIL043C	IX	274072	274926	-	855	1789	3168	3486	3230	3419	2323
YIR013C	IX	380019	380384	-	366	4	1	3	3	3	3
YIL055C	IX	252042	253925	-	1884	72	116	131	124	163	171
YIL014C-A	IX	325212	325526	-	315	0	0	0	0	0	0
YIL049W	IX	260158	260919	+	762	139	223	219	182	233	267
YIL162W	IX	37385	38983	+	1599	360	666	651	747	951	911
YIL104C	IX	169982	171505	-	1524	274	550	574	670	691	872
YIL077C	IX	214991	215953	-	963	201	316	337	326	314	210
YIR032C	IX	415030	415617	-	588	96	176	179	182	188	109
YIL007C	IX	342994	343656	-	663	139	220	256	256	300	243
YIL021W	IX	312905	313861	+	957	341	572	641	614	686	757
YIR020C	IX	394255	394557	-	303	0	0	0	0	0	0
YIL038C	IX	280142	282652	-	2511	642	1218	1290	1382	1660	1801
YIR011C	IX	377287	378246	-	960	447	849	918	899	1019	996
YIL046W	IX	268651	270573	+	1923	255	428	425	492	566	382
YIL157C	IX	46949	47542	-	594	175	335	389	409	470	352
YIL171W-A	IX	18260	18712	+	453	0	0	0	0	0	0
YIL121W	IX	132244	133872	+	1629	125	190	205	237	274	281
YIL170W	IX	19847	21220	+	1374	26	27	30	34	55	28
YIR038C	IX	423809	424513	-	705	171	300	294	364	473	477
YIR027C	IX	406260	407642	-	1383	18	30	42	44	63	55
YIL088C	IX	197931	199403	-	1473	531	1102	1086	1105	1197	1243
YIR028W	IX	408468	410375	+	1908	46	91	115	136	140	123
YIL001W	IX	353940	355481	+	1542	133	275	264	371	351	391
tK(CUU)I	IX	300228	300300	-	73	0	0	0	0	0	0
YIL173W	IX	11492	16141	+	4650	6	9	12	6	8	11
tE(UUC)I	IX	370417	370488	+	72	0	0	0	0	0	0
YIL177C	IX;IX	483;4987	4598;6147	-;-	5277	0	0	0	0	1	0
YIL054W	IX	254543	254860	+	318	0	6	2	1	4	1
YIL148W	IX;IX	68708;69150	68715;69528	+;+	387	6933	11674	13973	11563	11116	13108
YIR017W-A	IX	383566	384165	+	600	0	0	0	0	1	0
YIL145C	IX	76354	77283	-	930	586	1059	1044	1078	1071	952
YIR006C	IX	365466	369908	-	4443	859	1726	1624	1930	2270	1922
YIL013C	IX	328207	332442	-	4236	159	321	311	399	440	448
YIL114C	IX	149143	149988	-	846	258	481	468	472	398	399
YIR035C	IX	421026	421790	-	765	673	1211	1379	1071	890	358
YIR007W	IX	370704	372998	+	2295	107	157	195	210	260	236
YIL113W	IX	150559	151188	+	630	28	48	63	42	33	15
YIL036W	IX	285666	287429	+	1764	388	611	633	664	732	630
YIR010W	IX	375431	377161	+	1731	198	369	381	461	548	517
YIL033C	IX	290419	291669	-	1251	975	1850	1977	1843	2068	1432
YIR009W	IX	374525	374860	+	336	61	109	119	111	151	125
YIL041W	IX	276525	277505	+	981	980	1775	1918	1865	2160	1533
YIL087C	IX	199646	200119	-	474	78	154	165	170	157	82
ICR1	IX	393884	397082	-	3199	42	108	69	106	120	124
YIR036C	IX	422074	422865	-	792	99	129	177	178	195	114
YIL122W	IX	130610	131665	+	1056	154	236	297	316	322	245
tI(AAU)I2	IX	210665	210738	+	74	0	0	0	0	0	0
YIL021C-A	IX	313199	313468	-	270	0	0	0	0	0	0
YIL090W	IX	193595	195070	+	1476	414	819	811	940	1001	1237
YIL012W	IX	333011	333352	+	342	3	5	5	8	5	2
YIL024C	IX	308602	309171	-	570	41	63	60	78	84	85
YIL111W	IX	155311	155765	+	455	154	282	279	310	318	274
YIL095W	IX	183937	186369	+	2433	262	494	486	568	642	680
YIL029W-A	IX	299735	300106	+	372	0	0	0	0	0	0
YIL089W	IX	195599	196216	+	618	47	57	81	78	77	91
YIL166C	IX	30938	32566	-	1629	56	121	104	114	127	151
YIL060W	IX	246392	246826	+	435	2	6	5	7	7	5
tI(AAU)I1	IX	183440	183513	-	74	0	0	0	0	0	0
YIL009C-A	IX;IX	335666;335937	335935;336212	-;-	546	107	234	269	259	321	294
YIL061C	IX	244657	245559	-	903	120	188	228	222	254	249
YIR040C	IX	433389	433721	-	333	0	1	3	0	0	1
YIL102C	IX	174582	174887	-	306	2	3	6	3	2	0
YIL069C	IX;IX	231553;232367	231957;232369	-;-	408	3326	5875	6524	5796	5610	6080
YIR016W	IX	382628	383425	+	798	110	222	208	238	262	134
YIR021W	IX	397294	398385	+	1092	81	137	173	158	190	115
YIL172C	IX	16784	18553	-	1770	0	0	0	0	0	0
YIL072W	IX	226602	228419	+	1818	53	104	87	89	104	104
YIL058W	IX	246914	247198	+	285	21	41	34	43	37	44
YIL047C	IX	265115	267823	-	2709	753	1482	1477	1498	1652	1441
YIL015W	IX	322342	324105	+	1764	0	0	0	0	0	0
YIR005W	IX	364889	365335	+	447	70	109	132	147	142	182
YIL116W	IX	142928	144085	+	1158	669	1313	1343	1358	1344	1365
YIL003W	IX	349122	350003	+	882	190	418	387	339	344	366
YIL082W-A	IX	205635	210132	+	4498	151	265	250	250	293	244
YCR031C	III;III	177500;178214	177906;178220	-;-	414	8528	14225	16430	13231	13005	10347
YCL011C	III	102075	103358	-	1284	1378	2403	2646	2507	2907	2335
YCL040W	III	50838	52340	+	1503	770	1254	1271	1066	1256	697
YCR052W	III	214994	216445	+	1452	539	1021	1005	1169	1393	922
YCR100C	III	301271	302221	-	951	101	229	210	187	208	160
YCR107W	III	313890	314981	+	1092	71	139	142	134	155	192
YCL002C	III;III	110808;111634	111557;111675	-;-	792	281	580	599	461	484	615
YCL024W	III	79162	82275	+	3114	136	264	288	324	500	552
YCR060W	III	224399	224734	+	336	152	286	327	368	411	265
YCR071C	III	240103	240543	-	441	177	319	356	402	460	429
YCR007C	III	126011	126730	-	720	137	199	225	261	233	128
YCL012C	III;III	101317;101701	101633;101788	-;-	405	110	176	193	241	221	229
YCR081C-A	III	258415	258651	-	237	0	0	0	0	0	0
YCR036W	III	193297	194298	+	1002	267	516	520	691	737	760
YCR063W	III	228318	228791	+	474	24	29	29	40	60	40
YCL042W	III	50584	50943	+	360	2	3	6	4	3	2
YCR097W-A	III	294439	294705	+	267	0	0	0	0	0	0
YCR025C	III	163446	163856	-	411	10	15	18	22	20	19
tK(CUU)C	III	151284	151356	-	73	0	0	0	0	0	0
YCR069W	III	239055	240011	+	957	424	797	724	788	946	764
YCR041W	III	200911	201243	+	333	0	0	0	0	0	0
YCR102W-A	III	306735	306932	+	198	1	5	7	5	8	6
YCR020C-A	III	154830	155096	-	267	145	220	287	230	208	211
YCL075W	III	2126	2566	+	441	0	0	0	0	1	0
YCR092C	III	276764	279820	-	3057	242	396	423	512	558	742
YCR005C	III	120946	122328	-	1383	983	1473	1719	1159	1473	614
YCR038W-A	III	199293	199418	+	126	0	0	0	0	0	0
YCL034W	III	61658	62722	+	1065	293	399	472	474	606	372
YCL026C-B	III	73405	73986	-	582	18	32	26	44	49	64
YCR020W-B	III	155320	155556	+	237	93	163	232	190	217	379
YCR094W	III	286762	287937	+	1176	240	472	478	557	617	714
YCL028W	III	70150	71367	+	1218	731	1346	1450	1481	1678	1307
YCL029C	III	68599	69921	-	1323	292	526	591	586	661	518
YCL074W	III	2824	3750	+	927	0	0	0	0	0	0
tQ(UUG)C	III	168301	168372	-	72	0	0	2	0	0	0
YCR086W	III	263392	263964	+	573	97	157	174	197	220	217
YCR006C	III	122530	123003	-	474	16	34	43	28	34	25
YCR083W	III	259578	259961	+	384	136	210	245	290	317	294
YCL039W	III	52645	54882	+	2238	308	531	563	590	605	516
YCL037C	III	57374	58678	-	1305	36	98	83	110	148	101
tE(UUC)C	III	82462	82533	-	72	0	0	0	0	0	0
YCL004W	III	109105	110670	+	1566	170	350	389	329	385	402
YCL076W	III	1392	2135	+	744	0	0	0	0	0	0
YCR011C	III	133724	136873	-	3150	486	905	979	1002	1129	1227
YCL054W-A	III	30910	30996	+	87	79	151	160	88	163	206
YCR020C	III	154012	154659	-	648	59	80	94	66	87	88
YCL065W	III	13751	14119	+	369	0	0	0	0	0	0
YCL057W	III	24768	26906	+	2139	610	1204	1217	1571	2030	1850
YCL069W	III	9706	11082	+	1377	1	5	5	9	10	8
YCR045W-A	III	208751	209101	+	351	0	0	0	0	0	0
YCL048W	III	42165	43556	+	1392	5	21	37	26	17	19
YCR002C	III	117380	118348	-	969	698	1320	1454	1398	1540	1746
YCR035C	III	191834	193018	-	1185	553	1033	1125	1170	1214	1395
YCR066W	III	231500	232963	+	1464	174	324	340	361	350	382
YCR032W	III	179520	186023	+	6504	251	489	518	568	603	647
YCL059C	III	22429	23379	-	951	1220	2439	2631	2138	1716	2105
YCR079W	III	252845	254173	+	1329	137	241	289	264	315	205
YCR021C	III	156109	157107	-	999	2892	4696	5100	2852	1007	165
YCL026C-A	III	74704	75285	-	582	18	20	25	21	29	27
YCL046W	III	46640	46963	+	324	2	6	2	4	7	2
YCR104W	III	307801	308175	+	375	2	3	1	2	2	2
YCL001W	III	111916	112482	+	567	543	955	1033	935	1079	1317
YCR054C	III	218376	220067	-	1692	171	381	394	436	497	623
YCR046C	III	209914	210423	-	510	194	332	322	435	565	263
YCR064C	III	228095	228505	-	411	1	1	2	2	3	1
YCL001W-B	III	113770	114024	+	255	5	20	21	18	15	18
YCR017C	III	144773	147634	-	2862	1052	1919	1976	2036	2126	2248
YCR097W	III;III;III	293835;293994;294292	293939;294239;294321	+;+;+	381	206	408	494	422	397	667
YCL041C	III	50133	50627	-	495	0	4	1	0	6	5
YCR043C	III	206261	206644	-	384	410	759	806	728	824	956
YCR095W-A	III	289639	289797	+	159	8	18	18	17	15	11
YCL009C	III	104619	105548	-	930	1238	2472	2582	2675	2821	1572
tP(AGG)C	III	123577	123648	-	72	1	0	0	0	1	2
YCR014C	III	139185	140933	-	1749	146	297	252	297	318	352
YCL036W	III	59026	60726	+	1701	264	476	489	542	839	855
YCR051W	III	214071	214739	+	669	530	981	1018	940	893	485
YCL045C	III	44623	46905	-	2283	1084	2158	2247	2184	2516	2642
YCL005W	III	108021	108791	+	771	150	247	277	314	329	265
snR43	III	107504	107712	-	209	93	164	179	155	160	146
YCR088W	III	265068	266846	+	1779	585	1037	1077	1304	1729	1131
YCR037C	III	194414	197185	-	2772	530	954	951	929	1185	1058
YCR077C	III	250238	252628	-	2391	1176	2289	2227	2310	2688	2370
YCR009C	III	130745	131542	-	798	1114	2021	2174	2149	2252	1936
YCR098C	III	297049	298605	-	1557	117	204	283	164	205	257
YCR047W-A	III	211301	211507	+	207	0	0	0	0	0	0
YCR073W-A	III	246963	247910	+	948	191	314	364	377	467	258
YCR039C	III	199546	200178	-	633	0	0	0	0	0	0
YCL032W	III	63441	64481	+	1041	261	460	489	555	580	394
YCR049C	III	211871	212317	-	447	2	1	0	0	0	0
YCR076C	III	249293	250045	-	753	93	126	161	201	236	162
YCL057C-A	III	24032	24325	-	294	237	376	444	475	634	421
YCR053W	III	216697	218241	+	1545	2652	5169	5080	5070	5342	5115
YCL008C	III	105696	106853	-	1158	153	237	273	275	288	177
YCR072C	III	240805	242352	-	1548	394	790	722	792	936	1224
YCR057C	III	220457	223228	-	2772	1194	2479	2491	2498	2866	3165
YCL044C	III	47111	48364	-	1254	142	218	254	313	461	349
YCL033C	III	62776	63282	-	507	128	186	248	272	316	148
YCL030C	III	65934	68333	-	2400	1888	3690	3844	3387	3717	3036
YCL068C	III	11503	12285	-	783	8	7	7	7	15	7
YCL035C	III	60841	61173	-	333	498	824	931	1065	1220	885
YCR008W	III	128470	130281	+	1812	716	1435	1412	1364	1703	1679
tS(CGA)C	III;III	227942;227998	227978;228042	+;+	82	1	1	1	1	2	0
YCR091W	III	274404	276566	+	2163	89	144	150	123	147	149
YCR108C	III	315997	316188	-	192	0	0	0	0	0	0
YCR042C	III	201174	205397	-	4224	400	745	770	789	981	1024
snR65	III	177183	177282	+	100	1	4	8	2	3	5
YCL055W	III	27929	28936	+	1008	257	508	501	486	575	668
YCR003W	III	118620	119171	+	552	158	316	335	404	439	428
YCR022C	III	157421	157765	-	345	6	12	9	8	10	6
YCR089W	III	267434	272263	+	4830	196	369	379	406	554	492
tG(GCC)C	III	142701	142771	-	71	0	0	0	0	0	0
YCL016C	III	94621	95763	-	1143	119	244	243	257	315	252
YCL031C	III	64675	65568	-	894	683	1299	1307	1222	1447	1896
YCL048W-A	III	41488	41727	+	240	4	1	1	2	1	4
YCR018C	III	148238	148903	-	666	186	411	441	484	472	472
YCL022C	III	81570	82085	-	516	0	0	0	0	0	0
YCR087C-A	III	264006	264467	-	462	0	0	0	0	0	0
tT(AGU)C	III	295484	295556	+	73	0	0	0	0	0	0
YCL023C	III	78949	79296	-	348	1	0	0	0	0	1
YCL010C	III	103571	104350	-	780	184	299	322	365	410	318
YCR001W	III	115685	115999	+	315	18	27	39	33	33	52
tM(CAU)C	III	149920	149991	+	72	0	0	0	0	0	0
YCL018W	III	91324	92418	+	1095	2206	4654	4784	5147	4884	3410
YCR073C	III	242588	246583	-	3996	274	521	503	547	573	613
YCR048W	III	211929	213761	+	1833	160	311	309	320	420	227
YCL005W-A	III;III;III	107023;107111;107288	107033;107191;107417	+;+;+	222	125	258	281	273	264	145
YCR033W	III	186489	190169	+	3681	454	1054	1002	969	1265	1178
YCL007C	III	106974	107366	-	393	3	2	5	3	1	6
YCR019W	III	152837	153928	+	1092	154	261	303	349	326	320
YCR102C	III	304361	305467	-	1107	54	82	96	121	134	92
YCR075W-A	III	248975	249202	+	228	55	87	121	142	127	116
YCL058W-A	III	23584	23925	+	342	0	0	0	0	0	0
YCL047C	III	43661	44437	-	777	143	269	310	329	386	361
YCR106W	III	310958	313456	+	2499	134	278	248	307	326	405
YCR040W	III	200442	200969	+	528	0	0	0	0	0	0
YCR061W	III	225563	227458	+	1896	104	170	137	207	264	132
YCR045C	III	208135	209610	-	1476	77	133	155	121	191	125
YCR085W	III	262916	263269	+	354	8	1	11	12	6	15
YCR024C-B	III	162599	162865	-	267	3998	7255	7448	5768	6497	7180
YCR101C	III	302482	303030	-	549	56	93	103	90	121	105
YCL049C	III	39786	40724	-	939	285	522	512	549	514	350
YCR015C	III	141217	142170	-	954	96	186	183	197	207	310
snR33	III	142364	142546	-	183	84	129	188	172	170	257
YCR038C	III	197621	199549	-	1929	115	188	211	196	192	159
YCL063W	III	17290	18561	+	1272	244	462	471	465	613	629
YCR024C	III	160744	162222	-	1479	113	226	237	289	396	433
YCR065W	III	229310	231004	+	1695	125	268	260	269	439	456
YCR087W	III	263976	264491	+	516	0	0	0	1	0	0
YCR034W	III	190592	191635	+	1044	1701	3255	3316	2974	3037	3487
YCL052C	III	34143	35393	-	1251	490	872	965	953	1025	1007
YCR004C	III	119575	120318	-	744	389	709	730	885	1130	945
YCR059C	III	223454	224230	-	777	373	583	555	655	626	368
tL(CAA)C	III;III	90859;90929	90896;90972	+;+	82	1	0	0	0	1	0
YCR096C	III	293179	293538	-	360	0	0	0	0	0	0
YCR028C-A	III;III	172950;173199	173115;173440	-;-	408	660	1222	1400	1375	1448	1594
tN(GUU)C	III	127716	127789	+	74	0	0	0	0	0	0
YCL021W-A	III	83620	83997	+	378	35	77	66	76	68	85
YCL064C	III	15798	16880	-	1083	718	1191	1449	590	1115	744
YCR028C	III	170886	172424	-	1539	260	508	490	562	616	657
YCR082W	III	258883	259269	+	387	324	598	593	750	902	965
YCL061C	III	18816	22106	-	3291	248	509	515	656	879	939
YCL073C	III	6479	8326	-	1848	0	0	0	1	1	1
YCR013C	III	138402	139049	-	648	828	1391	1447	1362	1562	1461
YCR090C	III	272315	272863	-	549	323	594	652	608	617	746
YCR084C	III	260311	262452	-	2142	1213	2369	2270	2703	3507	2798
YCR050C	III	213464	213772	-	309	1	6	6	9	10	2
YCR099C	III	300832	301299	-	468	73	139	123	92	90	107
YCL066W	III	13282	13809	+	528	0	0	0	0	0	0
snR189	III	178610	178798	-	189	2	1	4	4	3	4
YCR095C	III	288170	289258	-	1089	217	467	432	482	465	608
YCR068W	III	237214	238776	+	1563	103	157	175	221	329	209
YCL017C	III	92777	94270	-	1494	544	1011	1078	1208	1255	1214
YCL058C	III	23523	23981	-	459	37	71	91	98	92	80
YCL014W	III	96281	101191	+	4911	266	576	581	693	864	910
YCL050C	III	37836	38801	-	966	1897	3730	4001	4327	4864	4635
YCR067C	III	233125	236322	-	3198	515	977	913	1128	1415	1259
YCR047C	III	210718	211545	-	828	248	447	496	552	502	379
YCR044C	III	206877	207950	-	1074	314	592	695	616	775	713
YCR026C	III	164111	166339	-	2229	360	648	615	653	836	797
YCR093W	III	280117	286443	+	6327	799	1561	1469	1700	2148	2518
YCR012W	III	137746	138996	+	1251	16333	27828	29170	29231	32845	22906
YCR075C	III	248033	248815	-	783	85	119	138	157	206	165
YCL043C	III	48653	50221	-	1569	3844	7169	7056	9879	11386	6571
YCL025C	III	76018	77919	-	1902	1233	1978	2012	1854	2616	1824
YCL067C	III	12386	13018	-	633	0	0	0	0	0	0
YCR023C	III	158538	160373	-	1836	324	685	721	663	753	779
YCR010C	III	132273	133124	-	852	11	15	26	31	34	26
YCL056C	III	26925	27359	-	435	160	288	304	250	292	346
YCR081W	III	254371	258654	+	4284	176	356	325	441	512	612
YCR018C-A	III	151608	151862	-	255	4	15	15	15	19	21
YCR030C	III	173826	176438	-	2613	492	955	914	990	1213	1099
YCL027W	III	71803	73341	+	1539	176	285	322	217	306	310
YCL051W	III	35865	37616	+	1752	361	632	635	652	670	529
YCL038C	III	54941	56527	-	1587	178	342	313	304	318	304
YCR027C	III	167370	167999	-	630	155	265	292	292	357	333
YCL001W-A	III	113080	113541	+	462	9	11	18	22	23	30
YCR016W	III	143634	144506	+	873	744	1357	1522	1390	1360	1693
YCL054W	III	31449	33974	+	2526	1382	2880	2846	2975	3168	3802
YCR105W	III	309070	310155	+	1086	80	136	139	162	207	166
YCR024C-A	III	162945	163067	-	123	2378	4764	4777	3767	4264	6036
YCL020W	III	85102	86418	+	1317	0	0	0	0	0	0
YCL019W	III	85102	90415	+	5314	20	50	42	40	48	57
RUF22	VI	199299	199813	-	515	0	0	0	1	0	0
YFL031C-A	VI	76014	76115	-	102	92	166	173	212	192	175
YFL026W	VI	82580	83875	+	1296	3409	6345	6758	4747	5452	6623
YFR027W	VI	207452	208297	+	846	33	69	83	85	102	111
YFR052W	VI	252505	253329	+	825	637	1179	1285	1467	1821	1901
YFL064C	VI	3322	3846	-	525	4	7	9	5	9	11
YFL015C	VI	106469	106963	-	495	0	2	2	2	2	0
YFL011W	VI	112345	113985	+	1641	3	12	6	9	16	8
YFR017C	VI	182274	182861	-	588	23	56	53	44	35	21
YFL018C	VI	101628	103127	-	1500	1213	2262	2336	2461	3130	2526
YFL032W	VI	74872	75192	+	321	0	2	1	0	1	4
YFR036W	VI	226963	227337	+	375	45	91	84	105	128	66
YFR006W	VI	156145	157752	+	1608	651	1278	1421	1408	1853	1908
YFR021W	VI	194812	196314	+	1503	205	323	378	387	452	360
tK(CUU)F	VI	226688	226760	-	73	0	0	0	0	0	0
YFL034W	VI	65477	68698	+	3222	246	482	407	513	592	644
YFL012W-A	VI	109810	110184	+	375	0	0	0	0	0	0
YFL024C	VI	87847	90345	-	2499	298	553	574	548	706	843
YFL013C	VI	107852	109930	-	2079	278	493	551	600	654	627
RUF23	VI	221714	221967	+	254	5	8	8	3	13	6
YFL046W	VI	42815	43438	+	624	179	341	359	423	435	532
YFR014C	VI	172537	173877	-	1341	267	438	503	424	475	457
YFL056C	VI	14305	15431	-	1127	72	149	169	158	202	175
YFL041W-A	VI	48734	48925	+	192	25	32	30	37	28	27
YFR055W	VI	264204	265226	+	1023	1226	2386	2392	3129	2930	2225
YFR013W	VI	169922	172285	+	2364	419	867	875	929	1110	1118
YFR049W	VI	248523	248894	+	372	96	188	241	251	288	254
YFL050C	VI	33272	35848	-	2577	171	377	341	356	372	376
YFR044C	VI	239992	241437	-	1446	1804	3415	3510	3356	3455	3363
YFR032C-B	VI	223710	223973	-	264	6	4	6	3	4	15
YFR034W-A	VI	226022	226309	+	288	1	5	8	5	9	8
tP(UGG)F	VI;VI	101376;101443	101411;101478	+;+	72	0	0	0	0	0	0
YFR009W	VI	162488	164746	+	2259	883	1806	1817	1763	1801	1898
tA(AGC)F	VI	204924	204996	-	73	0	0	0	0	0	0
YFL045C	VI	43628	44392	-	765	3946	7283	7743	6865	7062	8413
YFL068W	VI	53	535	+	483	0	0	0	0	0	0
YFR018C	VI	183131	184222	-	1092	152	334	331	380	406	243
YFR034C	VI	225020	225958	-	939	136	345	290	376	439	267
YFR029W	VI	210937	212973	+	2037	112	208	199	245	324	268
YFL003C	VI	134521	137157	-	2637	44	79	91	71	53	95
YFR041C	VI	237368	238255	-	888	322	649	676	773	859	986
YFL059W	VI	11363	12259	+	897	4	17	13	20	13	11
YFL062W	VI	6426	7565	+	1140	8	16	13	15	13	11
YFR026C	VI	205748	206257	-	510	29	38	46	41	63	36
YFL014W	VI	107256	107585	+	330	42	37	75	80	109	81
YFL066C	VI	1437	2615	-	1179	6	17	9	12	15	11
YFL047W	VI	40421	42565	+	2145	312	595	639	772	946	1069
YFR032C-A	VI	223258	223437	-	180	3590	6095	7556	5670	5556	7114
YFR056C	VI	263957	264325	-	369	5	24	21	17	23	27
RUF20	VI	131061	131503	-	443	104	249	222	253	251	281
YFL044C	VI	44655	45560	-	906	218	447	439	503	584	414
YFR011C	VI	166746	167258	-	513	118	216	215	261	306	392
YFR022W	VI	196833	199034	+	2202	179	350	294	282	266	191
YFR047C	VI	244279	245166	-	888	347	608	663	700	682	570
tF(GAA)F	VI;VI	157916;157971	157951;158007	-;-	73	2	0	0	1	1	2
YFL051C	VI	30058	30540	-	483	4	14	11	10	12	13
YFL054C	VI	20847	22787	-	1941	50	99	95	90	142	122
YFR036W-A	VI	227451	228101	+	651	12	22	28	16	11	12
YFR024C-A	VI;VI	201960;203387	203292;203433	-;-	1380	477	831	866	1065	1340	983
YFR045W	VI;VI	241998;242082	242009;242999	+;+	930	129	220	245	288	329	253
YFR002W	VI	150016	152535	+	2520	676	1361	1322	1378	1611	1850
YFL012W	VI	110647	111093	+	447	7	14	19	14	12	16
YFL033C	VI	69115	74427	-	5313	295	519	487	559	678	636
YFL021W	VI	95966	97498	+	1533	453	873	832	968	1193	809
YFL008W	VI	119429	123106	+	3678	313	673	647	769	1020	1127
YFL019C	VI	100252	100605	-	354	2	5	6	12	5	2
YFR005C	VI	154527	155873	-	1347	301	558	564	598	584	786
YFL022C	VI	93499	95010	-	1512	2133	4336	4296	4170	4486	3640
YFL028C	VI	79344	80213	-	870	353	668	729	659	651	623
YFL052W	VI	28232	29629	+	1398	16	11	23	20	16	16
YFR008W	VI	160535	161200	+	666	70	123	147	136	146	155
YFL002C	VI	145114	146934	-	1821	630	1085	1200	1114	1171	1287
YFL055W	VI	17004	18680	+	1677	48	76	83	90	108	87
YFL034C-B	VI;VI	63016;63974	63859;63993	-;-	864	202	436	413	461	569	536
YFR023W	VI	199874	201709	+	1836	8	27	15	26	18	30
YFR001W	VI	149110	149724	+	615	1020	2039	2092	1851	1573	1832
YFL023W	VI	90986	93376	+	2391	343	671	660	811	887	1031
YFL020C	VI	99231	99599	-	369	2	4	5	8	10	5
tY(GUA)F2	VI;VI	210619;210669	210654;210707	-;-	75	0	0	0	0	0	0
YFL067W	VI	836	1363	+	528	50	77	69	58	88	36
YFR031C-A	VI;VI	220507;221415	221267;221418	-;-	765	8092	15005	16621	13564	13721	8525
YFL010C	VI	115108	115743	-	636	269	473	575	552	695	368
tN(GUU)F	VI	137486	137559	-	74	0	0	0	0	0	0
YFL053W	VI	23423	25198	+	1776	25	48	42	54	58	43
YFR030W	VI	213312	216419	+	3108	405	864	795	1055	1507	1579
YFR003C	VI	152657	153124	-	468	193	308	324	352	469	346
YFL039C	VI;VI	53260;54687	54377;54696	-;-	1128	10110	18599	18472	18723	21298	18127
YFL029C	VI	78055	79161	-	1107	182	303	358	387	429	379
YFL030W	VI	76831	77988	+	1158	39	66	71	73	109	88
YFL058W	VI	12929	13951	+	1023	1	0	1	3	3	4
YFL016C	VI	104701	106236	-	1536	602	909	1046	1106	1764	977
YFR040W	VI	234242	237250	+	3009	713	1257	1264	1325	1649	1617
YFL041W	VI	49139	51007	+	1869	353	661	677	695	883	765
tS(GCU)F	VI;VI	191513;191577	191557;191613	-;-	82	2	0	1	0	0	2
tG(GCC)F1	VI	162228	162298	+	71	0	0	0	0	0	0
YFL036W	VI	58782	62837	+	4056	394	762	751	750	1074	1144
YFR053C	VI	253592	255049	-	1458	189	382	364	475	1722	1272
YFL048C	VI	38843	40180	-	1338	552	1145	1218	1260	1355	1449
YFL015W-A	VI	106415	106732	+	318	0	0	0	0	0	0
YFR057W	VI	269061	269516	+	456	0	0	0	2	0	1
YFR046C	VI	243074	244159	-	1086	135	233	263	254	316	261
YFL037W	VI	56336	57709	+	1374	1933	3625	3775	3772	4136	3443
YFL061W	VI	9545	10222	+	678	4	2	4	2	4	4
YFL017C	VI	103983	104462	-	480	172	325	381	387	469	397
YFR012W	VI	167888	168496	+	609	3	12	13	17	14	10
YFL034C-A	VI;VI	64243;64921	64599;64932	-;-	369	812	1623	1777	1800	1862	2200
YFR010W	VI	165067	166566	+	1500	857	1603	1699	1826	2016	2132
YFL040W	VI	51350	52972	+	1623	29	59	58	51	63	70
YFR020W	VI	192737	193435	+	699	71	162	184	139	135	163
YFR038W	VI	229380	231941	+	2562	313	608	660	666	896	1038
YFR012W-A	VI	169224	169310	+	87	1	2	4	4	6	5
YFL031W	VI;VI	75179;76092	75839;76147	+;+	717	1382	2648	3013	3114	3615	1916
YFL017W-A	VI	103699	103932	+	234	146	197	211	221	263	247
YFL005W	VI	130334	130981	+	648	872	1618	1800	1746	1857	1658
YFR019W	VI	184502	191338	+	6837	276	499	475	589	780	784
YFL042C	VI	45720	47744	-	2025	214	385	388	393	474	321
YFR042W	VI	238458	239060	+	603	108	206	205	238	306	404
YFR050C	VI	249066	249866	-	801	1014	1825	2101	2574	2992	2575
YFR007W	VI	159299	160360	+	1062	104	201	255	237	282	265
YFL065C	VI	3030	3338	-	309	5	8	11	8	15	5
YFL038C	VI	55366	55986	-	621	1401	2490	2702	2946	3311	2473
YFR015C	VI	174265	176391	-	2127	188	466	389	195	242	200
tG(GCC)F2	VI	180974	181044	-	71	0	0	1	0	1	2
YFR009W-A	VI	163875	164132	+	258	0	0	0	0	0	0
YFL060C	VI	10301	10969	-	669	5	11	9	12	21	18
YFR043C	VI	239114	239827	-	714	132	260	284	285	299	361
YFL049W	VI	36803	38674	+	1872	305	502	545	577	626	670
YFR052C-A	VI	253429	253734	-	306	22	37	44	44	100	101
RUF21	VI	57815	58521	-	707	80	206	173	206	171	217
YFR028C	VI	208413	210068	-	1656	432	895	847	996	1210	1212
YFR010W-A	VI	166728	166916	+	189	0	0	3	1	3	0
YFR051C	VI	250163	251803	-	1641	847	1564	1644	1827	2134	1750
YFR016C	VI	177042	180743	-	3702	606	1069	1092	1255	1492	1491
YFR032C	VI	222090	222959	-	870	22	47	29	20	18	17
YFL001W	VI	147131	148459	+	1329	313	640	686	703	796	906
YFR037C	VI	227513	229186	-	1674	724	1358	1466	1468	1727	1337
YFL013W-A	VI	107799	108602	+	804	2	15	22	13	9	23
YFL063W	VI	5066	5521	+	456	0	2	0	0	0	1
YFR025C	VI	203743	204750	-	1008	260	515	612	726	783	620
YFL025C	VI	84145	87234	-	3090	280	591	527	594	718	833
YFR054C	VI	258855	259433	-	579	5	7	10	10	14	11
YFR033C	VI	224326	224769	-	444	1000	1604	1752	1814	2902	1638
YFR031C	VI	216594	220106	-	3513	336	693	705	861	981	1093
YFL021C-A	VI	95761	96615	-	855	2	4	2	1	3	0
YFL010W-A	VI	114990	115274	+	285	89	174	167	224	243	243
YFR039C	VI	232012	233544	-	1533	325	651	637	658	819	861
YFL027C	VI	80419	81912	-	1494	336	557	637	555	580	655
YFL007W	VI	123479	129910	+	6432	578	1438	1308	1472	1589	1725
YFL004W	VI	131810	134296	+	2487	1436	2955	3004	2706	2895	3318
YFR048W	VI	246146	248134	+	1989	287	483	447	537	601	633
YFR035C	VI	226121	226465	-	345	23	46	56	53	46	53
tY(GUA)F1	VI;VI	167437;167490	167475;167525	+;+	75	0	0	0	0	3	4
YFL009W	VI	116145	118484	+	2340	331	638	707	749	847	905
YFR004W	VI	153393	154313	+	921	806	1533	1635	1845	2108	1625
YFL002W-B	VI	138204	139520	+	1317	0	0	0	0	0	0
YFL002W-A	VI	138204	143517	+	5314	0	0	0	0	0	0
YAL037W	I	74020	74823	+	804	48	77	123	94	94	68
YAL016W	I	124879	126786	+	1908	932	1806	1878	1851	1941	1962
YAL003W	I;I	142174;142620	142253;143160	+;+	621	10275	18550	20868	18853	19669	15899
YAL053W	I	45899	48250	+	2352	1476	2739	2756	3347	3199	2715
YAL031W-A	I	84669	84977	+	309	1	7	15	8	13	6
YAL019W	I	114919	118314	+	3396	688	1389	1345	1557	1717	1573
YAL024C	I	101565	105872	-	4308	148	315	285	381	495	603
YAL034W-A	I	79718	80587	+	870	77	146	144	165	222	243
YAL064W-B	I	12046	12426	+	381	3	9	11	6	6	5
YAL018C	I	118564	119541	-	978	4	6	9	8	9	13
YAL037C-A	I	73426	73518	-	93	21	40	29	20	21	21
YAL056C-A	I	38696	39046	-	351	3	0	2	3	4	3
tL(CAA)A	I;I	181141;181211	181178;181254	+;+	82	1	0	1	0	1	1
YAL048C	I	52801	54789	-	1989	129	244	240	315	363	308
YAL025C	I	100225	101145	-	921	1021	1966	2132	1966	2036	1951
YAR064W	I	220198	220497	+	300	3	11	10	11	13	8
YAL031C	I	84749	87031	-	2283	225	326	353	343	426	443
YAR075W	I	228844	229317	+	474	0	0	1	0	0	0
YAL063C-A	I	22395	22685	-	291	14	21	21	14	19	24
tP(UGG)A	I;I	139152;139219	139187;139254	+;+	72	0	0	0	0	0	1
tA(UGC)A	I	166267	166339	+	73	0	0	0	0	1	1
YAL023C	I	106272	108551	-	2280	1755	3309	3323	3201	3991	3351
YAL062W	I	31567	32940	+	1374	52	99	126	150	160	107
YAR061W	I	218140	219145	+	1006	0	0	0	0	0	0
YAL026C	I	95630	99697	-	4068	397	799	814	800	959	1138
YAL014C	I	128252	129019	-	768	232	414	514	465	603	422
YAL034C-B	I	79489	79842	-	354	17	54	48	33	37	46
YAR035W	I	190193	192256	+	2064	25	39	34	53	63	25
YAL010C	I	134184	135665	-	1482	190	373	406	430	425	535
YAL042W	I	61316	62563	+	1248	868	1740	1856	1858	2159	1457
YAL038W	I	71786	73288	+	1503	13162	23043	24202	22080	23301	18111
YAR003W	I	155005	156285	+	1281	214	422	445	477	512	550
YAL045C	I	57488	57796	-	309	2	1	0	2	0	1
YAR007C	I	156754	158619	-	1866	441	819	888	1031	1299	1437
YAL030W	I;I	87286;87501	87387;87752	+;+	354	194	335	379	396	524	402
YAR027W	I	183770	184477	+	708	573	950	1037	1014	949	741
YAL055W	I	42177	42719	+	543	77	138	158	178	170	152
YAL060W	I	35155	36303	+	1149	502	961	1104	999	1296	982
YAL017W	I	120225	124295	+	4071	301	570	562	580	704	624
YAR018C	I	170396	171703	-	1308	216	409	415	477	593	635
YAL069W	I	335	649	+	315	0	0	0	0	0	0
YAL063C	I	24000	27968	-	3969	68	115	119	108	161	117
YAL046C	I	57029	57385	-	357	118	180	188	232	279	202
YAR020C	I	176856	177023	-	168	5	14	4	8	9	10
snR18	I	142367	142468	+	102	60	36	61	49	55	76
YAR050W	I	203403	208016	+	4614	12	28	38	31	38	20
YAL016C-B	I	124307	124492	-	186	2	7	4	6	7	12
YAR019C	I	172211	175135	-	2925	182	264	269	337	332	339
YAR029W	I	186321	186545	+	225	26	49	33	33	31	32
YAR002W	I	152257	153876	+	1620	478	1133	1129	1201	1315	1314
YAL039C	I	68716	69525	-	810	227	414	462	510	694	333
YAR030C	I	186512	186853	-	342	24	57	54	35	25	44
YAR047C	I	201467	201787	-	321	0	0	0	0	0	0
YAL022C	I	108877	110430	-	1554	391	626	635	612	755	566
YAL011W	I	132199	134076	+	1878	174	328	296	376	390	393
YAL001C	I;I	147594;151097	151006;151166	-;-	3483	256	462	479	544	710	729
YAL056W	I	39259	41901	+	2643	534	958	938	937	1051	1021
YAL066W	I	10091	10399	+	309	0	0	3	1	0	0
YAL013W	I	129270	130487	+	1218	308	521	580	582	700	373
YAL047W-A	I	54584	54913	+	330	2	1	3	2	0	2
YAL016C-A	I	124755	125069	-	315	1	1	4	2	1	1
YAL064W	I	21566	21850	+	285	1	3	3	2	2	0
YAR071W	I	225460	226863	+	1404	233	534	470	215	163	148
YAR033W	I	188107	188811	+	705	44	106	95	85	92	89
YAR069C	I	224011	224304	-	294	0	0	0	0	0	0
YAR019W-A	I	174998	175330	+	333	0	3	7	7	0	1
YAR070C	I	224563	224862	-	300	0	0	0	1	1	0
YAL054C	I	42881	45022	-	2142	63	103	128	135	159	154
YAL067C	I	7235	9016	-	1782	27	79	79	127	138	261
YAL059W	I	36509	37147	+	639	270	555	641	496	386	401
YAL005C	I	139503	141431	-	1929	1122	1545	1574	2898	5559	4088
YAL068W-A	I	538	792	+	255	0	0	1	0	0	0
YAL035W	I	76427	79435	+	3009	3141	6027	6087	6179	6298	6051
YAL008W	I	136914	137510	+	597	134	201	230	282	295	256
YAL020C	I	113614	114615	-	1002	86	166	165	182	235	109
YAL032C	I	83335	84474	-	1140	127	203	269	220	284	203
YAL015C	I	126903	128102	-	1200	177	339	350	436	472	392
YAL028W	I	92900	94486	+	1587	71	123	149	113	124	90
YAL042C-A	I	61231	61608	-	378	0	0	0	0	1	0
YAL065C	I	11565	11951	-	387	3	5	8	4	6	6
YAL009W	I	135854	136633	+	780	156	264	298	269	340	333
YAR014C	I	166742	168871	-	2130	447	905	938	959	1189	1156
YAL037C-B	I	72326	73300	-	975	16	40	34	28	26	27
YAR053W	I	208367	208663	+	297	0	1	4	4	2	1
YAL036C	I	75043	76152	-	1110	700	1563	1567	1635	1492	1638
YAL059C-A	I	36496	36918	-	423	0	0	0	0	0	0
YAL002W	I	143707	147531	+	3825	243	431	434	484	602	678
YAL021C	I	110846	113359	-	2514	705	1283	1328	1431	1754	1334
tS(AGA)A	I	182522	182603	-	82	1	0	0	0	0	0
YAL061W	I	33448	34701	+	1254	131	213	210	199	198	116
YAR023C	I	179281	179820	-	540	48	65	90	92	56	52
YAL034C	I	80710	81951	-	1242	178	258	242	263	289	241
YAL026C-A	I	95386	95823	-	438	19	38	25	28	35	39
YAR002C-A	I	154065	154724	-	660	1339	2456	2579	2441	2759	2706
YAL004W	I	140760	141407	+	648	0	0	0	0	0	0
YAR008W	I	158966	159793	+	828	157	274	299	314	400	399
YAL067W-A	I	2480	2707	+	228	0	0	0	0	1	0
YAL049C	I	51855	52595	-	741	296	508	598	629	683	593
YAR060C	I	217157	217492	-	336	0	0	0	0	0	0
YAL047C	I	54989	56857	-	1869	144	301	292	350	379	478
YAL029C	I	87855	92270	-	4416	655	1383	1377	1491	1727	1969
YAR031W	I	186836	187732	+	897	55	118	112	96	77	102
YAL027W	I	94687	95472	+	786	103	196	240	268	315	237
YAR073W	I	227742	228953	+	1212	4	6	4	4	5	8
YAL033W	I	82706	83227	+	522	201	404	440	417	382	306
YAR015W	I	169375	170295	+	921	1651	3108	3212	2711	2103	2031
YAL044W-A	I	57518	57850	+	333	38	52	80	91	66	66
YAL041W	I	62840	65404	+	2565	439	768	702	870	1097	1024
YAL019W-A	I	114250	114819	+	570	0	0	4	1	0	0
YAR035C-A	I	192337	192417	-	81	2	2	1	1	4	5
YAL068C	I	1807	2169	-	363	0	1	3	3	5	4
YAR042W	I	192619	196185	+	3567	514	944	1025	1142	1404	1051
YAL051W	I	48564	51707	+	3144	297	528	474	638	677	734
YAL043C	I	58695	61052	-	2358	356	599	603	718	941	696
YAR066W	I	221049	221660	+	612	0	0	0	0	0	0
YAL044C	I	57950	58462	-	513	419	812	921	1066	1099	776
YAR068W	I	222406	222891	+	486	2	4	4	4	6	3
YAL058W	I	37464	38972	+	1509	164	274	262	327	337	333
YAL012W	I	130799	131983	+	1185	2198	4221	4440	5199	6342	3922
YAL064C-A	I	13363	13743	-	381	6	23	17	28	42	27
YAR028W	I	184892	185596	+	705	296	541	583	442	354	296
HRA1	I	99305	99868	+	564	0	0	0	1	1	0
YAL007C	I	137698	138345	-	648	815	1566	1585	1679	1701	2067
YAL040C	I	65778	67520	-	1743	781	1385	1331	1501	2057	2217
YAR010C	I	164544	165866	-	1323	0	0	0	0	0	0
YAR009C	I	160597	164187	-	3591	51	109	133	124	114	152
tD(GUC)Q	Mito	68322	68396	+	75	0	0	0	0	0	0
Q0065	Mito;Mito;Mito;Mito	13818;16435;18954;20508	13986;16470;18991;21935	+;+;+;+	1671	0	0	1	0	0	0
Q0080	Mito	27666	27812	+	147	0	0	0	0	0	0
Q0160	Mito	61022	61729	+	708	0	0	0	0	0	0
Q0070	Mito;Mito;Mito;Mito;Mito	13818;16435;18954;20508;21995	13986;16470;18991;20984;23167	+;+;+;+;+	1893	0	0	0	0	0	0
Q0142	Mito	51052	51228	+	177	0	0	0	0	0	0
Q0275	Mito	79213	80022	+	810	0	0	0	3	0	4
tR(ACG)Q2	Mito	69289	69362	+	74	0	0	0	0	0	0
tK(UUU)Q	Mito	67061	67134	+	74	0	0	0	0	0	0
Q0010	Mito	3952	4338	+	387	0	0	0	0	0	0
Q0255	Mito;Mito;Mito	74495;75663;75904	75622;75872;75984	+;+;+	1419	0	0	0	0	0	0
tN(GUU)Q	Mito	71433	71503	+	71	0	0	0	0	0	0
Q0020	Mito	6546	8194	+	1649	3	13	11	8	20	15
tE(UUC)Q	Mito	35373	35444	+	72	0	0	0	0	0	0
Q0140	Mito	48901	50097	+	1197	0	0	0	0	0	0
Q0075	Mito;Mito	24156;24906	24870;25255	+;+	1065	0	0	0	0	0	2
Q0250	Mito	73758	74513	+	756	0	2	0	1	2	1
Q0017	Mito	4254	4415	+	162	0	0	0	0	0	0
tC(GCA)Q	Mito	64415	64490	+	76	0	0	0	0	0	0
Q0144	Mito	54109	54438	+	330	0	0	0	0	0	0
tG(UCC)Q	Mito	67468	67542	+	75	0	0	0	0	0	0
Q0105	Mito;Mito;Mito;Mito;Mito;Mito	36540;37723;39141;40841;42508;43297	36954;37736;39217;41090;42558;43647	+;+;+;+;+;+	1158	0	1	0	0	0	2
tT(UGU)Q1	Mito	63862	63937	+	76	0	0	0	0	0	0
tM(CAU)Q2	Mito	85035	85112	+	78	0	0	0	0	0	0
Q0285	Mito	85295	85777	+	483	0	0	0	0	0	0
Q0143	Mito	51277	51429	+	153	0	0	0	0	0	0
Q0055	Mito;Mito	13818;16435	13986;18830	+;+	2565	1	7	2	6	6	8
Q0032	Mito	11667	11957	+	291	0	0	0	0	0	0
tY(GUA)Q	Mito	70824	70907	+	84	0	0	0	0	0	0
Q0115	Mito;Mito;Mito	36540;37723;39141	36954;37736;40265	+;+;+	1554	0	0	0	0	0	0
Q0297	Mito	85554	85709	+	156	0	0	0	0	0	0
Q0130	Mito	46723	46953	+	231	1	1	0	2	2	1
tL(UAA)Q	Mito	66095	66179	+	85	0	0	0	0	0	0
tF(GAA)Q	Mito	77431	77505	+	75	0	0	0	0	0	0
Q0092	Mito	30874	31014	+	141	0	0	0	0	0	0
tW(UCA)Q	Mito	9374	9447	+	74	0	0	0	0	0	0
tT(UAG)Q2	Mito	78089	78162	-	74	0	0	0	0	0	0
tS(UGA)Q2	Mito	48201	48290	+	90	0	0	0	0	0	0
Q0110	Mito;Mito	36540;37723	36954;38579	+;+	1272	0	0	0	1	1	0
Q0120	Mito;Mito;Mito;Mito	36540;37723;39141;40841	36954;37736;39217;42251	+;+;+;+	1917	1	1	1	0	0	0
tH(GUG)Q	Mito	64596	64670	+	75	0	0	0	0	0	0
Q0050	Mito	13818	16322	+	2505	4	9	5	7	5	5
tA(UGC)Q	Mito	69846	69921	+	76	0	0	0	0	0	0
Q0085	Mito	28487	29266	+	780	0	0	0	0	0	1
Q0182	Mito	65770	66174	+	405	0	1	0	0	0	0
tM(CAU)Q1	Mito	72630	72705	+	76	0	0	0	0	0	0
tS(GCU)Q1	Mito	69203	69288	+	86	0	0	0	0	0	0
tV(UAC)Q	Mito	78533	78608	+	76	0	0	0	0	0	0
tQ(UUG)Q	Mito	66210	66285	+	76	0	0	0	0	0	0
tR(UCU)Q1	Mito	67309	67381	+	73	0	0	0	0	0	0
Q0060	Mito;Mito;Mito	13818;16435;18954	13986;16470;19996	+;+;+	1248	0	1	0	0	1	0
Q0045	Mito;Mito;Mito;Mito;Mito;Mito;Mito;Mito	13818;16435;18954;20508;21995;23612;25318;26229	13986;16470;18991;20984;22246;23746;25342;26701	+;+;+;+;+;+;+;+	1605	0	1	2	3	2	1
tP(UGG)Q	Mito	731	802	+	72	0	0	0	0	0	0
tI(GAU)Q	Mito	70162	70237	+	76	0	0	0	0	0	0
Q0158	Mito;Mito	58009;61868	60724;62447	+;+	3296	15	42	28	46	62	96
