gene_id	WT_1	WT_2	WT_3	sec66del_1	sec66del_2	sec66del_3
YDL246C	9	3	4	7	7	8
YDL243C	23	62	57	59	70	60
YDR387C	229	463	503	462	485	387
YDL094C	4	6	12	8	4	2
YDR438W	93	187	165	185	204	173
YDR523C	30	41	50	42	38	37
YDR542W	0	0	0	0	0	0
YDR492W	800	1670	1649	1583	1906	2268
YDR018C	10	24	20	25	25	23
YDL189W	427	872	885	932	1028	1124
YDR508C	1054	2135	2076	2298	3351	3689
YDR462W	112	190	199	260	298	223
YDR175C	259	456	477	541	695	736
YDR186C	513	1037	994	1076	1561	1408
YDR150W	439	838	752	878	1147	1190
YDR243C	181	332	371	386	392	471
YDL182W	328	599	612	596	618	530
YDR362C	239	407	434	481	583	580
YDR232W	914	1657	1666	1637	1829	1411
YDR158W	2983	6201	6335	6105	6180	5549
YDR439W	178	320	338	357	377	438
YDL206W	191	350	387	380	347	401
YDR125C	56	114	127	143	117	144
YDR338C	181	288	296	354	359	363
YDR526C	0	1	0	1	1	1
YDR533C	232	395	478	307	320	241
YDR272W	395	815	901	809	817	841
YDR197W	189	398	441	448	501	576
YDR512C	101	197	200	241	279	333
YDR489W	122	197	203	193	210	308
YDR299W	574	1227	1205	1194	1541	2318
YDL015C	1458	3021	3188	2882	2922	4111
YDR304C	1226	2200	2405	2402	2626	2111
YDR271C	1	2	1	2	5	1
YDL181W	109	178	236	172	449	232
YDR367W	401	816	797	792	720	1046
YDR085C	256	491	506	441	476	460
YDL097C	1189	2250	2336	2773	3370	2666
YDL139C	73	128	128	155	169	123
YDR200C	244	444	497	503	546	610
YDR191W	77	157	115	141	162	171
YDR451C	85	171	178	212	322	303
YDR469W	245	498	502	509	596	627
YDR470C	173	286	303	330	388	469
YDR105C	334	623	667	680	785	753
YDR483W	1865	3650	3702	3489	3358	3484
YDL123W	89	168	161	163	211	123
YDL199C	64	85	90	85	110	68
YDR505C	486	884	951	900	1055	1019
YDL045W-A	175	287	333	336	448	424
YDL045C	249	485	516	500	576	524
YDR361C	797	1471	1608	1387	1121	1635
YDR406W-A	0	2	3	2	4	2
YDR199W	1	1	0	0	0	1
YDR266C	450	967	983	893	1132	1281
YDL242W	2	3	4	4	2	4
YDR002W	2593	4770	5002	4452	4019	4139
YDR214W	656	1239	1299	2587	4243	3153
YDR130C	76	175	187	213	227	205
YDL176W	177	348	327	329	409	415
YDR358W	221	342	407	380	413	314
YDR544C	0	0	0	0	0	0
YDR460W	212	323	321	383	475	466
snR84	46	78	115	86	100	127
YDR034W-B	11	24	31	41	17	10
YDL028C	207	360	404	456	550	616
YDR061W	264	469	521	653	725	709
YDR060W	2358	4898	4933	4850	4806	5742
YDR169C-A	0	3	3	3	0	4
YDR363W	205	400	411	483	489	549
YDR422C	229	444	481	541	604	634
YDR119W	979	2029	2053	1905	2184	2398
tR(ACG)D	1	0	1	1	0	3
YDR097C	349	775	792	890	1062	1292
YDR042C	28	51	49	56	35	56
YDL160C	290	522	606	546	608	680
YDR425W	180	303	349	329	367	386
snR13	5	3	20	12	8	10
YDR228C	278	445	439	496	553	698
YDR319C	215	385	439	456	465	491
YDR471W	4604	8908	9614	8322	7984	6890
YDR089W	265	554	525	552	752	872
tD(GUC)D	1	0	1	1	1	2
YDR275W	182	301	314	272	284	248
YDR043C	279	612	656	465	414	278
YDR129C	2258	4133	4392	4260	4101	3289
YDR136C	1	5	1	3	1	3
YDL066W	564	1061	1122	1168	1554	1180
YDR302W	196	410	424	462	510	701
YDR239C	248	506	490	579	654	575
YDR539W	476	924	898	977	1129	1010
tK(CUU)D1	0	0	0	0	0	0
YDL125C	916	1538	1777	1632	1606	1274
YDR493W	89	163	199	224	232	227
YDR101C	1647	3276	3362	3044	2870	4137
YDR182W-A	12	24	21	18	19	31
YDR212W	1085	2239	2401	2413	2551	2753
YDR476C	193	280	327	413	465	259
YDL131W	628	1084	1119	1072	1315	1224
YDR458C	526	1027	1055	1169	1255	1463
YDR081C	397	714	759	809	940	1120
YDL071C	2	4	1	4	13	8
YDR113C	126	241	259	293	376	385
YDR168W	795	1552	1710	1909	2087	2374
YDR520C	148	290	285	291	353	407
YDR307W	200	420	459	459	515	633
YDR265W	170	291	287	294	291	275
YDL076C	235	460	470	457	552	534
YDL006W	216	389	421	374	436	472
YDL086W	744	1231	1362	1431	1573	993
YDR238C	1441	2710	2767	3184	3548	3651
YDR077W	9806	14823	15109	23264	29935	19153
YDR381C-A	98	189	197	193	189	239
YDL023C	0	1	2	2	0	2
YDL083C	7167	13866	15224	12421	11579	9852
YDR036C	248	442	514	576	644	659
YDR057W	245	473	516	453	553	587
YDR513W	413	719	803	766	914	893
YDR487C	997	1877	2101	1996	2079	1402
YDR066C	57	94	95	115	99	115
YDR352W	370	675	776	699	673	758
YDR278C	0	1	1	0	0	0
YDR079C-A	40	103	107	75	76	108
YDR204W	146	255	338	312	379	264
YDL247W-A	0	0	0	0	0	0
YDL024C	9	32	33	27	32	22
tA(AGC)D	0	0	0	0	0	0
YDR109C	161	281	325	364	490	485
YDR466W	293	487	526	569	783	789
YDR427W	942	1870	2026	2270	2498	3003
YDL044C	109	195	258	229	282	301
YDL079C	21	29	34	44	54	51
YDR193W	0	0	0	1	0	1
YDR305C	155	268	334	300	358	334
YDR377W	429	750	852	719	990	996
YDR219C	267	492	493	519	563	625
YDR416W	256	521	511	612	637	748
YDR365C	1599	3262	3370	2924	2583	3278
YDL233W	167	256	308	306	265	204
YDR287W	148	260	286	324	371	333
YDR448W	111	215	229	249	300	306
YDR180W	179	369	364	398	481	653
tF(GAA)D	0	0	0	0	0	0
tT(AGU)D	0	0	0	0	0	0
YDR294C	722	1393	1496	1482	1596	1270
YDR198C	245	535	499	555	623	760
YDL163W	0	0	0	1	0	0
YDL119C	153	231	276	292	344	357
YDR501W	39	77	69	90	136	167
YDL214C	22	32	32	44	38	31
YDR264C	789	1341	1489	1674	2155	2140
YDR343C	18	38	33	21	13	18
YDR373W	379	745	774	872	901	969
YDR354W	420	754	756	905	1098	975
YDR246W	138	289	327	362	469	279
YDR428C	321	509	651	610	546	732
YDR157W	40	74	71	70	92	46
YDR316W	258	580	557	643	794	855
YDL142C	111	158	218	205	219	240
YDR253C	27	42	47	58	85	107
YDL112W	1017	1854	1933	1969	1897	2361
YDR545W	0	0	0	0	0	0
YDL187C	9	12	24	16	12	15
YDL138W	192	343	324	354	471	472
YDR528W	87	192	156	163	277	365
YDR284C	363	793	804	799	812	837
YDR050C	18617	33960	36260	29453	25862	21947
YDL010W	307	497	568	541	562	517
YDL065C	342	616	656	799	921	933
YDR349C	846	1522	1531	1592	1625	1500
YDL098C	91	183	182	199	234	214
YDL234C	1707	2911	3190	3401	2422	968
YDR118W	91	197	222	232	244	341
YDR118W-A	0	4	3	4	5	5
YDR159W	375	752	796	835	1065	1067
YDR111C	225	335	410	307	338	340
YDR128W	300	631	568	741	862	967
YDL034W	1	0	0	0	0	0
YDR065W	111	232	238	262	364	410
YDL004W	745	1307	1546	1313	1892	1626
YDR024W	49	105	108	92	89	117
YDL171C	1796	3418	3297	2603	2810	2875
YDR083W	883	1861	1939	1734	1559	1968
YDR457W	753	1499	1520	1530	1667	1600
YDR014W	127	226	274	266	310	311
YDR206W	660	1442	1511	1535	1555	1731
YDR478W	98	229	209	227	240	217
YDR169C	370	603	644	674	804	670
YDR115W	166	335	312	401	364	398
YDL159W-A	0	1	0	0	0	0
YDL232W	57	104	131	105	174	210
YDL240C-A	0	0	0	0	0	0
tE(CUC)D	0	0	0	0	0	0
YDL152W	0	2	1	1	1	5
YDR432W	1420	2379	2549	2486	2888	2074
YDL022C-A	0	0	0	2	0	0
YDL114W-A	2	2	3	1	6	7
YDR410C	238	507	478	477	451	603
YDR464C-A	0	0	0	0	0	0
YDL072C	764	1518	1634	1745	1848	1424
YDR053W	1	0	1	0	1	1
YDL012C	237	383	426	427	480	278
YDR482C	145	222	254	237	268	144
YDL070W	1222	2355	2523	2750	3101	2842
YDR064W	10351	17569	19617	15751	15232	16629
YDL135C	455	863	913	942	1001	1306
YDL077C	263	518	547	609	670	703
YDR354C-A	0	0	0	1	1	0
YDL033C	69	179	168	184	246	175
YDL031W	1253	2569	2692	2617	2346	2757
YDR398W	1364	2764	2832	2930	2945	3160
YDR326C	599	1195	1144	1088	1279	1541
YDL052C	502	1007	1049	1182	1340	1161
YDR536W	2	5	7	1	1	6
YDR397C	450	774	950	873	939	872
YDL116W	465	908	919	957	1027	1259
YDR028C	801	1444	1541	1544	1805	1678
YDL007W	1381	2714	2942	3293	3815	3572
YDR236C	163	281	320	303	361	360
YDR011W	962	1882	1926	2290	2989	3327
YDR155C	2395	4176	4132	6098	7806	6784
YDR414C	155	323	318	343	375	457
YDR026C	388	729	803	845	936	938
YDL073W	426	830	832	895	1015	1338
tY(GUA)D	1	1	0	1	2	4
YDL115C	277	497	560	602	656	600
YDL145C	2184	4279	4273	4322	4888	4944
YDR203W	0	0	0	1	0	3
YDL104C	91	173	222	225	276	278
YDL149W	105	129	163	184	197	172
YDR231C	53	105	105	100	159	145
YDR045C	342	625	653	564	537	678
YDL075W	9577	17237	19458	15969	14805	13963
YDR415C	256	444	476	461	494	559
YDR339C	592	1093	1267	1077	1133	1399
YDL213C	1096	1850	2216	1857	1677	1507
YDR096W	348	506	564	492	598	550
YDL019C	532	994	964	801	1035	1030
YDL022W	715	1291	1352	953	1154	802
YDR413C	2	5	8	6	3	3
YDR391C	362	585	678	651	542	336
YDR091C	1687	3522	3455	3378	3336	4377
YDR240C	181	282	346	330	414	502
YDL244W	5	4	15	12	10	8
YDR179C	50	102	118	144	149	262
YDL165W	211	366	466	418	478	422
YDL140C	1418	2942	2726	3032	3800	3321
YDR120C	1034	2266	2322	2224	2106	2148
YDR003W	196	292	333	325	345	289
YDR499W	139	288	290	321	410	437
YDR166C	368	673	750	802	921	1124
YDL092W	451	892	1039	984	998	1167
YDL041W	2	3	3	3	4	4
YDL241W	231	417	485	398	256	223
YDL082W	5535	10308	11477	9683	9468	8443
YDR277C	53	62	72	41	133	84
YDR291W	278	489	538	552	611	709
YDR475C	474	679	700	723	725	400
YDR244W	214	358	389	422	477	508
YDR407C	331	657	640	833	958	1186
YDR382W	8569	16909	18468	15013	14555	10228
YDR102C	3	4	4	4	8	4
YDL188C	351	635	662	580	748	718
YDR405W	220	357	367	439	541	356
YDR443C	145	319	282	339	524	480
YDR059C	83	119	141	167	199	140
YDR144C	793	1793	1742	1653	2013	2004
YDL157C	255	452	492	457	483	566
YDL058W	422	922	944	987	1185	1339
YDL096C	1	1	0	0	1	1
YDL155W	226	386	413	435	530	595
YDR147W	194	370	421	437	461	544
YDL191W	677	1285	1398	1111	891	1039
YDL128W	798	1521	1642	1442	1557	1459
YDR310C	602	1279	1224	1464	1727	1582
YDL160C-A	55	95	130	120	114	115
YDR127W	1283	2588	2613	2548	2765	2462
YDR497C	2865	5629	5591	4925	4792	3741
YDL162C	0	0	1	0	1	0
tS(AGA)D3	0	0	1	0	0	1
YDR201W	101	190	219	232	244	260
YDR163W	156	217	280	299	318	287
YDL146W	144	291	259	285	287	290
YDR363W-A	388	853	908	1006	1268	1207
YDL221W	0	1	2	1	2	1
YDL089W	240	435	477	431	433	519
YDR385W	1377	2493	2493	2029	1927	1769
YDR331W	460	826	784	790	846	991
YDR196C	261	534	579	627	584	727
YDR116C	260	480	509	605	648	670
YDR001C	600	1156	1097	1135	1220	1106
YDL230W	87	177	184	184	242	181
YDR160W	345	592	551	629	665	619
YDR123C	345	596	646	786	693	316
YDR322W	360	644	717	748	944	972
YDR040C	34	63	53	94	158	195
YDR025W	6046	10846	11419	10409	10613	8718
YDR046C	1177	2110	2248	1908	2457	1844
YDL057W	58	138	125	154	176	142
YDL248W	64	137	158	128	114	141
YDR008C	2	2	3	8	9	4
YDR029W	1	0	0	0	0	0
YDR485C	431	684	725	850	1014	931
YDR408C	406	801	851	781	802	473
YDR038C	66	141	130	125	149	112
YDL204W	118	286	222	150	130	91
YDR019C	220	455	390	538	640	667
YDR477W	526	960	1054	1015	1177	1163
YDR254W	80	136	146	179	230	250
YDR514C	262	476	478	516	569	648
YDR296W	220	439	479	479	589	458
YDL216C	87	147	156	163	166	132
YDL100C	1305	2582	2737	3164	3595	3284
YDL068W	2	7	3	5	2	6
YDL026W	3	7	3	5	5	4
YDL124W	1335	2367	2568	2637	2804	1836
YDL227C	303	536	572	759	1130	1133
YDL111C	450	863	993	933	1002	1086
YDR324C	1322	2867	2886	2882	2938	3889
YDL170W	180	323	325	298	377	536
YDR317W	39	70	61	68	66	136
YDR436W	198	345	366	351	438	279
YDR208W	380	822	799	912	1146	1316
YDR386W	118	205	201	246	272	301
YDR504C	28	41	44	46	48	53
YDL220C	96	226	212	258	310	272
YDR396W	5	9	8	2	4	7
YDR258C	970	1213	1391	1680	2207	1793
YDR176W	358	657	685	752	905	834
YDL099W	554	1047	1113	1221	1298	1342
YDR380W	272	502	593	473	1438	977
YDL110C	166	238	264	278	395	268
YDR148C	549	1072	1164	978	1257	1036
YDL201W	589	1166	1308	1245	1106	1313
YDL107W	115	182	243	244	275	325
YDR515W	119	264	276	379	467	531
YDR133C	1197	1942	2132	1686	2353	1775
YDR378C	283	568	587	567	605	624
YDR473C	236	448	522	473	501	465
YDR403W	29	54	60	60	70	75
YDR268W	115	205	269	263	314	292
YDR409W	158	304	304	358	446	439
YDR173C	96	147	164	146	183	171
YDR187C	0	1	0	0	0	0
YDR389W	353	622	631	644	815	915
YDR417C	0	7	4	4	1	3
YDR165W	914	1732	1888	1861	1748	2630
YDL113C	296	414	502	533	533	500
YDR426C	1	0	2	2	1	2
YDR521W	0	1	0	1	0	0
YDR086C	1179	2231	2393	2070	2186	2645
YDL021W	17	26	19	43	45	38
YDR023W	3955	8200	8830	7839	7481	8940
YDR394W	1078	1947	2190	2397	3008	2314
YDR320C-A	146	237	292	259	332	356
YDR003W-A	49	70	78	72	69	90
YDR183W	144	264	271	298	371	431
YDR245W	1125	2047	2312	2043	2140	2589
YDR431W	0	1	0	2	0	1
YDL154W	145	227	304	258	253	286
YDL184C	357	556	659	554	441	820
YDR153C	476	850	895	840	1051	1129
YDR014W-A	5	5	9	12	11	17
YDR434W	391	896	927	876	963	1073
YDL002C	280	614	661	590	618	708
YDR225W	3571	6216	6654	6320	6030	5159
YDR418W	6433	11852	13664	11581	11390	11402
YDR224C	4838	9129	9892	9021	9596	8788
YDR502C	1709	3474	3269	3767	3920	3793
YDR447C	4789	9284	10179	8311	7612	9243
YDL039C	1579	2406	2778	1675	1500	1309
YDL225W	601	1190	1288	1339	1469	1534
YDR259C	61	121	124	143	220	165
YDR495C	208	420	398	484	548	670
YDL151C	4	1	0	1	0	1
YDR357C	100	222	253	283	358	399
YDR370C	224	447	466	487	507	673
YDR298C	888	1460	1679	1474	2077	2002
YDR276C	1307	2708	2652	2523	2641	2580
YDL185C-A	0	0	1	1	2	0
YDR545C-A	0	0	0	0	0	0
tM(CAU)D	0	0	0	0	0	0
YDL247W	0	0	0	0	0	0
YDR406W	131	214	176	303	290	329
YDR273W	66	88	85	79	69	69
YDR269C	0	1	0	1	1	0
YDR453C	57	110	122	102	71	73
YDR383C	110	184	218	203	235	208
YDR375C	254	465	469	534	649	653
YDL161W	570	1148	1166	1206	1417	1169
YDL051W	1843	3409	3686	3112	2662	2902
YDR084C	195	395	424	418	501	528
YDL056W	306	513	596	659	843	917
YDR344C	8	15	22	16	21	18
YDR320C	328	570	521	706	783	826
YDR221W	247	489	531	516	604	573
tI(AAU)D	0	0	0	0	0	0
YDL032W	0	0	1	0	2	0
YDR456W	463	839	856	814	942	1075
YDL036C	316	663	679	688	686	704
tL(CAA)D	0	0	0	0	0	0
YDL217C	205	372	333	415	447	537
snR63	41	69	77	72	61	80
YDR334W	367	724	734	836	1167	1091
YDL049C	89	154	192	145	151	90
YDL164C	280	511	520	628	790	934
YDR384C	387	652	706	652	577	586
YDR149C	0	0	0	0	0	0
YDR093W	602	1182	1192	1270	1432	1273
YDR071C	1237	2376	2618	2533	2667	3077
YDL143W	1890	3530	3813	3597	3842	3838
YDR032C	457	798	837	921	1114	902
tR(UCU)D	0	0	0	0	0	0
YDR063W	414	683	725	711	805	773
YDL166C	346	632	641	677	676	647
YDR004W	229	477	482	513	559	565
YDR151C	547	797	906	809	986	781
YDR037W	6361	13106	13264	12744	13411	13573
YDL175C	168	290	315	291	346	352
YDR286C	49	89	95	110	119	154
YDR172W	2270	4342	4374	4430	4985	5137
YDL174C	497	815	846	981	1369	877
YDR080W	284	507	600	692	693	776
YDR503C	82	145	156	204	228	252
YDR069C	161	272	275	290	356	338
YDR047W	959	1733	1777	1672	1840	1307
YDR215C	0	1	0	0	0	0
YDR267C	496	811	882	781	827	720
YDR142C	189	364	345	334	424	419
YDL212W	1280	2332	2651	2366	2397	2655
YDR249C	214	299	309	259	285	334
YDL209C	83	147	196	188	226	325
YDR044W	687	1294	1369	1004	935	669
tK(UUU)D	1	2	3	1	2	2
YDR311W	295	563	579	564	668	663
YDL159C-B	1	0	0	0	0	0
YDR222W	319	536	665	629	812	587
YDR510C-A	0	0	0	0	0	0
YDR401W	10	13	10	11	15	19
YDR207C	260	519	547	531	596	494
YDL005C	301	489	568	554	705	625
YDR295C	237	493	536	571	588	595
YDR543C	0	0	0	0	0	0
YDL208W	2166	4220	4645	3629	3239	2576
YDR135C	930	1866	1904	2208	2594	2662
YDL114W	3	4	4	4	4	8
YDR247W	315	545	600	488	423	218
YDL197C	178	324	319	359	481	343
YDR229W	319	471	515	513	536	465
YDR095C	0	1	0	0	1	0
YDR027C	285	539	588	611	723	719
YDL106C	270	461	449	464	560	530
YDR404C	514	928	1010	968	990	1050
YDR256C	53	83	71	61	65	40
YDR518W	296	575	550	553	617	698
YDR055W	2050	4145	4265	4480	4566	3508
YDL087C	88	167	171	194	168	162
YDR177W	538	1000	1155	1093	1171	1150
YDL014W	4395	8476	8894	8341	7772	7284
YDR289C	189	407	441	479	495	513
YDL159W	182	288	323	357	409	458
YDR532C	194	304	324	330	389	479
YDR137W	369	664	658	693	750	829
YDL153C	1452	3110	3215	2924	2430	2918
YDR393W	178	315	390	393	489	488
YDR506C	33	82	99	115	117	138
YDL219W	240	517	531	516	569	718
YDL090C	210	319	372	348	408	389
YDR033W	7269	13072	13611	11418	12438	11768
YDR035W	1407	2709	2959	2546	2507	2085
YDR332W	174	336	346	379	404	447
YDR510W	631	1377	1424	1413	1609	1391
YDL055C	11369	21843	22765	23315	24048	22221
YDR480W	71	152	140	156	246	197
YDL103C	398	723	721	781	965	901
YDL085C-A	149	248	272	271	294	292
YDR350C	316	571	572	629	723	649
YDR342C	84	130	157	81	149	101
YDR087C	886	1593	1663	1483	1246	1658
YDL236W	953	1773	1754	1622	1797	1663
YDR012W	4837	8131	8297	7560	8633	6398
YDL121C	469	942	991	968	937	1060
YDR525W-A	43	73	76	59	84	72
tG(GCC)D2	0	3	6	2	5	5
YDL190C	572	1055	1059	1135	1290	1379
YDL047W	720	1280	1376	1366	1497	1234
YDR099W	1811	3466	3751	4185	4744	4610
YDR092W	305	594	644	669	809	728
YDR164C	423	876	882	1013	1087	1190
YDR058C	43	76	82	121	127	116
YDL020C	594	880	939	1106	1385	1130
YDL025C	258	431	413	391	448	339
YDR374C	3	5	10	5	4	9
YDL207W	422	649	747	764	846	786
YDR270W	143	216	222	297	525	506
YDR152W	770	1530	1660	1642	1724	1608
YDL148C	978	2127	2114	2114	1985	2637
tI(UAU)D	0	0	1	1	0	1
YDR379C-A	14	35	37	73	95	88
YDR218C	5	16	13	9	13	12
YDL018C	126	225	255	243	356	348
YDR507C	489	1171	1054	1494	1885	2171
YDL003W	273	587	565	753	1108	1278
YDR524C-B	7018	10590	12141	11240	12023	8092
YDR371W	227	420	434	460	529	697
YDR359C	242	528	515	700	794	745
YDL180W	313	430	492	422	557	546
YDL133W	247	438	457	432	542	506
YDR335W	578	1141	1122	1235	1447	1541
YDR351W	363	632	646	775	919	1014
YDL150W	672	1285	1376	1262	1420	1463
YDL177C	73	168	162	158	187	127
YDR171W	1807	2307	3014	1756	1290	323
YDR364C	226	447	498	484	598	663
YDR309C	445	842	839	1008	1357	1374
YDL239C	114	179	153	151	156	195
YDL228C	1	2	0	2	0	0
YDL156W	68	173	136	149	272	219
YDL016C	150	289	321	282	239	230
tX(XXX)D	0	0	2	0	0	0
YDR524W-C	0	2	0	0	0	0
YDL085W	3	6	14	12	15	17
YDR300C	485	998	1022	1065	1169	1264
YDL168W	418	795	946	959	1067	1048
YDR360W	0	0	0	2	0	0
YDR195W	295	465	502	524	509	668
YDR321W	944	1836	1858	1687	1496	1718
YDR237W	231	441	482	526	646	751
YDL127W	100	217	210	204	348	388
YDR107C	68	115	97	114	144	134
YDR472W	328	617	714	595	770	700
YDL030W	210	451	450	473	496	633
YDR468C	269	544	601	666	742	763
YDL084W	3161	6181	6294	6130	6160	6503
YDL203C	242	464	485	518	606	704
YDL025W-A	0	0	1	0	0	1
YDR285W	179	283	318	308	306	338
YDL229W	14405	28053	28640	24176	23059	19903
YDR329C	301	581	625	616	693	622
YDR034C	317	650	665	671	797	860
YDR009W	24	61	53	71	73	69
tS(AGA)D2	0	0	0	0	1	0
YDR488C	76	140	140	177	224	155
YDR103W	353	719	666	758	867	1012
YDR336W	164	362	384	360	363	417
YDL101C	173	331	334	409	452	579
YDR162C	204	380	414	460	541	487
YDR312W	322	715	726	862	877	1160
YDL061C	3971	7850	8123	6691	6760	6652
YDL040C	1108	2242	2288	2279	2456	2553
YDR145W	633	1077	1179	1187	1450	1446
YDR124W	81	198	157	139	117	72
YDL231C	501	948	905	956	1181	1235
YDR190C	1301	2527	2652	2549	2672	2518
YDL064W	286	572	626	615	701	838
YDR463W	386	645	678	679	921	876
YDR491C	1	0	1	0	2	0
YDR449C	503	1015	1014	1110	1147	1990
YDL035C	386	680	729	740	898	1034
YDR074W	1628	2847	2854	2179	1342	1135
YDR525W	4	1	0	2	2	0
YDR257C	363	750	783	791	866	988
YDR402C	9	14	15	19	12	7
YDR450W	8697	15958	17784	14803	13824	12730
YDR376W	245	439	456	530	652	642
YDR161W	967	1895	2034	1735	1516	1854
YDR090C	203	388	378	410	475	493
YDR189W	605	1183	1232	1346	1638	1674
YDR524C	441	787	853	879	948	1085
YDL237W	397	702	750	771	871	890
YDR188W	1464	2645	2788	2847	3171	2282
YDL133C-A	1879	2742	3585	2923	2925	4184
YDR531W	547	1042	995	1094	1182	1374
tG(GCC)D1	0	0	0	0	0	0
YDR226W	3131	5661	6420	5584	5717	4820
YDL054C	199	416	421	431	489	445
YDL205C	380	725	719	693	856	919
YDR537C	0	1	2	1	5	0
YDR496C	1688	3608	3622	3551	3348	4810
YDR313C	146	187	263	212	285	236
YDL108W	203	396	491	490	503	457
tV(CAC)D	0	0	0	0	1	1
YDR340W	0	1	1	1	0	1
YDL147W	1201	2258	2412	2695	3247	3688
YDL081C	8283	13568	16045	12666	12422	11866
YDR283C	270	583	566	621	685	714
YDR261C	476	1054	1016	969	1128	1065
YDL211C	78	125	119	112	145	171
YDL074C	694	1398	1445	1425	1760	2150
YDL091C	179	344	377	334	456	404
YDR346C	1964	3765	3934	3908	3604	4087
YDR072C	859	1356	1495	1588	1887	1799
YDR242W	155	243	290	309	345	240
YDR323C	84	141	176	173	148	181
YDR486C	324	567	714	682	763	781
YDR420W	555	909	773	1096	1347	1185
YDL122W	887	1866	1956	2031	2174	2562
YDR390C	505	947	1004	993	1207	1227
YDR481C	1027	1903	2053	1673	1999	1493
YDR318W	154	247	287	240	294	287
YDL105W	57	122	139	122	179	234
YDL141W	242	479	498	568	778	691
YDR400W	299	561	569	616	728	762
YDR522C	1	3	1	4	1	2
YDL173W	535	1060	1189	1350	1637	1099
YDR279W	217	415	475	475	490	657
YDR281C	183	291	335	254	299	334
YDR213W	221	429	493	364	397	254
YDR179W-A	127	270	275	315	346	504
YDR330W	221	389	426	450	544	467
YDR106W	12	22	28	21	11	26
YDL178W	568	1143	1332	1332	1368	1429
YDR484W	203	414	442	478	475	644
YDR308C	282	505	542	548	524	601
YDL192W	3176	5831	6291	5624	5409	6169
YDL202W	218	400	432	496	633	693
YDR146C	351	774	747	766	1125	1183
YDR241W	12	24	22	29	29	45
YDL158C	64	122	115	102	103	161
YDL185W	3316	6351	6303	6154	6705	6560
YDR251W	793	1336	1374	1458	1592	1529
tL(UAA)D	0	0	1	0	0	0
YDR192C	135	230	265	309	402	344
YDR368W	338	582	698	729	799	740
YDR494W	412	685	809	848	980	1177
YDR399W	3380	6224	7032	5624	4824	5303
YDR070C	26	44	63	62	36	32
YDR138W	328	588	659	682	691	875
YDR031W	56	117	124	117	143	166
YDR255C	88	161	225	223	189	185
YDL060W	1306	2627	2743	2658	2645	2978
YDR048C	1	3	3	5	2	2
YDR067C	285	435	495	456	473	551
YDR126W	93	183	184	180	164	151
YDR315C	63	103	137	117	184	183
YDL126C	2765	5157	5304	6129	7525	6173
YDR262W	366	592	661	627	606	649
tQ(UUG)D3	0	0	0	0	0	0
YDR345C	4740	8579	8849	6314	7717	6952
YDR079W	107	209	219	234	241	253
YDR433W	0	0	2	1	2	1
YDL144C	224	425	462	496	706	391
YDR306C	220	397	441	428	489	488
YDR292C	1000	1970	2135	2185	2275	2526
YDL009C	3	5	7	8	2	2
YDR290W	0	0	0	0	0	0
YDR282C	147	228	251	281	319	304
YDR170C	902	1760	1741	1832	1924	1861
YDR174W	1033	2098	2147	2015	2325	1885
YDL218W	8	31	25	14	25	23
YDL062W	0	0	0	1	0	1
YDL048C	1388	2420	2586	2011	1991	607
YDR500C	4103	7850	9442	7629	7825	6704
YDR112W	0	1	1	2	0	1
YDR538W	176	389	391	382	441	425
YDL011C	1	0	0	1	0	0
YDR355C	0	0	0	0	0	0
YDR301W	325	556	594	596	687	758
YDR412W	697	1278	1449	1259	1147	1336
YDR530C	139	242	304	276	263	169
YDR227W	333	724	667	759	997	1076
YDR041W	233	451	486	555	625	651
YDR015C	0	0	0	0	0	0
YDL008W	228	398	456	431	484	341
YDR234W	677	1200	1265	1223	1298	1174
YDR511W	88	194	229	263	265	253
YDR519W	348	668	707	721	702	715
YDL086C-A	4	7	15	13	16	12
YDR250C	2	2	3	2	2	1
YDR465C	1164	2227	2412	2151	1743	2007
YDL001W	218	321	377	424	508	544
YDR454C	1678	2957	3248	2808	2717	2772
YDR013W	150	287	290	303	286	339
YDR076W	35	110	93	123	138	134
YDL095W	1237	2526	2572	2667	3294	3006
YDL007C-A	0	1	0	0	0	0
YDL130W	5820	9930	11254	8579	7972	5886
YDR100W	113	231	264	285	355	374
YDR479C	168	311	331	350	372	347
tS(AGA)D1	0	0	0	0	0	0
YDL117W	572	1033	1130	1124	1446	1500
YDR140W	191	345	374	449	493	521
YDR381W	1719	3071	3295	3259	3337	2982
tQ(UUG)D2	0	0	0	0	0	0
YDR327W	0	1	0	0	0	0
YDR062W	1356	2818	2902	2895	2863	2926
YDR143C	409	819	830	872	1018	843
YDL172C	3	5	4	4	4	7
YDL053C	299	524	588	551	652	654
YDR223W	21	25	18	26	14	16
YDL037C	619	1033	1082	706	578	486
YDL167C	612	1245	1291	1384	1774	2062
YDR246W-A	8	6	8	7	15	9
YDR371C-A	1	3	1	0	1	1
YDR517W	311	578	698	633	945	589
YDL226C	601	1175	1235	1425	1566	1423
YDR467C	16	28	20	16	11	23
YDL134C	644	1287	1373	1239	1316	1259
YDR117C	318	615	645	691	757	873
YDR314C	107	183	209	200	224	270
YDR440W	236	548	514	559	718	837
YDR303C	396	835	843	885	963	1305
YDL078C	695	1234	1332	1451	1575	1354
YDL238C	76	136	153	150	134	95
YDR529C	818	1532	1642	1477	2208	1821
YDR437W	22	39	62	53	42	44
snR47	18	20	21	16	15	27
YDL196W	0	0	1	0	4	2
YDR452W	663	1356	1387	1375	1713	1773
YDR445C	0	1	0	1	0	0
YDR347W	417	846	794	946	1161	1094
tQ(UUG)D1	0	0	0	0	0	0
YDR490C	122	197	262	282	383	312
YDR516C	529	906	904	776	1094	830
YDR509W	0	0	1	1	0	0
YDL193W	277	578	557	560	584	696
YDL137W	1070	2118	2246	2627	3003	2749
YDL118W	1	1	0	0	0	1
YDR235W	340	677	692	712	660	849
YDR233C	4267	7878	8188	7801	8547	8061
YDR388W	775	1287	1479	1616	1800	1570
YDR209C	1	4	1	0	0	0
YDR049W	324	616	625	716	837	868
YDL194W	106	150	154	148	160	155
YDR021W	234	472	515	513	527	721
YDR353W	1686	3043	3188	3281	3759	3053
YDR051C	341	627	687	657	752	744
YDR288W	164	392	436	383	419	473
YDR141C	516	1044	1032	1102	1261	1383
YDR194C	1118	2375	2373	2730	3189	3785
YDR424C	203	329	395	403	454	410
YDR054C	670	1281	1352	1344	1556	1304
YDR122W	376	653	624	675	760	612
YDR184C	344	768	826	809	882	1186
YDR183C-A	59	136	113	117	95	198
YDL240W	240	456	419	437	586	724
YDR056C	475	898	968	950	963	1004
YDR541C	186	417	442	372	433	442
YDL042C	230	484	457	373	563	549
YDR185C	88	150	153	128	101	76
YDR328C	848	1350	1624	1500	1810	1107
YDR280W	575	1065	1197	1179	1149	1260
tV(UAC)D	0	0	1	0	1	1
YDR098C	558	1029	1187	1247	1365	1344
YDR005C	371	792	817	771	866	894
YDR423C	168	349	401	418	463	368
YDR017C	576	1213	1133	1174	1362	1496
YDR419W	176	376	333	405	447	452
YDR444W	248	500	470	556	587	592
YDR341C	2919	5756	6215	5373	5189	5833
YDR154C	127	250	257	320	315	386
YDR464W	387	789	796	927	1175	1170
YDR132C	133	268	278	329	354	366
YDL210W	39	74	80	73	70	88
YDR395W	1241	2843	2766	2825	3201	3784
YDL222C	7	30	16	22	23	26
YDR372C	969	2029	2002	1941	1909	2023
YDR325W	217	422	442	587	726	766
YDR216W	52	96	102	129	305	317
YDR082W	128	231	290	264	347	373
YDL224C	324	698	618	731	963	964
YDR498C	205	410	442	411	535	464
YDR010C	1	3	1	0	0	1
YDR006C	509	988	899	1004	1359	1625
YDR182W	459	851	882	849	962	983
YDL102W	271	483	489	625	680	733
YDL179W	378	701	708	790	1136	1094
YDL067C	302	552	662	574	794	557
YDR030C	53	126	127	155	165	198
YDR020C	178	310	330	332	314	474
YDR527W	485	984	1037	1056	1145	1295
YDR333C	448	766	871	860	1021	1086
YDL093W	220	479	415	488	494	568
YDL043C	207	417	434	383	512	514
YDR139C	288	568	653	637	675	764
YDR322C-A	282	497	599	581	759	760
YDL130W-A	45	91	108	172	230	177
YDR210W	509	829	1022	912	959	787
YDR260C	109	183	193	216	242	219
YDL017W	176	312	334	359	348	389
YDR073W	188	310	328	334	353	300
YDL069C	101	159	176	178	202	228
YDR455C	1	0	1	0	0	0
YDR461W	402	679	856	521	575	681
YDR435C	213	344	413	351	372	337
YDL063C	710	1564	1686	1682	1651	2514
YDR121W	233	429	516	465	508	501
YDR178W	271	473	546	477	715	537
YDL013W	272	492	484	522	633	559
YDR534C	9	27	23	35	46	33
YDR392W	233	402	410	460	471	434
YDR034C-A	0	1	0	1	1	1
YDL132W	566	1007	1104	1238	1446	1509
YDR535C	2	0	3	5	4	2
YDR202C	241	457	508	525	518	481
YDL050C	4	0	1	0	0	1
YDR524C-A	2	0	0	0	0	1
YDL109C	112	194	175	209	232	211
YDR211W	869	1817	1743	1929	1972	2446
YDR110W	243	537	565	633	710	842
tG(CCC)D	0	0	0	0	0	0
YDR274C	0	0	0	0	0	0
YDR167W	323	622	760	722	725	606
YDR156W	213	377	377	404	450	296
YDL223C	95	183	201	240	295	256
YDR075W	297	537	542	487	608	795
YDR039C	0	0	0	0	0	0
YDL088C	472	818	873	897	1013	1115
YDL129W	178	270	328	270	270	301
YDL215C	526	975	935	966	1040	1213
YDR297W	1017	1782	1855	1606	1500	1331
YDR131C	147	276	298	309	296	370
YDR230W	0	0	0	0	0	0
YDR348C	586	1140	1200	1135	1390	1285
YDL169C	32	40	53	47	73	64
YDR007W	61	109	117	89	125	108
YDL195W	1499	2969	2765	3255	3921	3627
YDR263C	45	83	78	93	137	159
YDR220C	1	2	2	1	0	3
YDR429C	2639	4724	5232	4768	4673	4722
YDR119W-A	16	19	40	15	15	10
YDR421W	198	338	359	361	432	411
YDL186W	0	4	1	6	10	4
YDL198C	610	1294	1415	1550	1865	1625
YDL120W	273	430	535	512	647	665
YDR379W	312	581	507	636	664	672
YDL029W	837	1492	1596	1800	1983	1682
YDR205W	252	420	420	437	573	647
YDR094W	1	0	0	0	0	0
YDR369C	129	274	293	335	329	399
YDR088C	236	416	435	467	507	524
YDR411C	236	476	541	652	828	629
YDR441C	448	734	751	723	894	882
YDR446W	3	6	6	5	6	7
YDL183C	62	86	111	108	106	108
YDR194W-A	0	0	1	0	0	0
YDR114C	1	0	1	0	3	1
YDR442W	0	1	0	1	1	0
tK(CUU)D2	0	0	0	0	0	0
YDL059C	45	72	81	108	123	96
YDR016C	94	150	170	153	160	222
YDR430C	311	575	595	817	1009	1082
YDR366C	0	3	2	3	1	3
YDR374W-A	56	98	95	106	126	157
YDR293C	1884	3408	3335	3526	3239	2735
YDR459C	147	296	308	310	343	432
YDR022C	39	81	102	116	133	151
YDR217C	342	788	776	889	1018	1184
YDR052C	414	798	838	885	1086	1310
YDL027C	188	383	402	406	433	497
YDR104C	133	246	237	270	327	331
YDL136W	549	956	1008	810	661	684
YDR248C	146	341	344	413	426	349
YDR078C	69	116	119	124	100	158
YDR068W	378	663	758	763	861	897
YDL080C	258	492	470	506	517	517
YDR461C-A	14	15	22	27	54	27
YDR252W	53	70	76	71	91	103
YDL046W	932	1712	1695	1802	2149	2030
YDR540C	53	136	170	159	133	198
YDR181C	212	396	404	448	508	547
YDL200C	88	193	180	247	259	292
YDR108W	176	335	336	365	414	512
YDR337W	312	609	593	671	801	861
YDR356W	194	360	368	471	515	661
YDL235C	474	829	909	994	1152	1492
YDR320W-B	3	8	5	4	9	9
YDL245C	0	0	0	0	0	0
YDR170W-A	22	50	65	76	72	92
YDR210W-B	11	15	15	26	26	23
YDR210C-D	16	28	38	40	46	56
YDR316W-B	0	0	0	0	0	0
YDR261C-D	74	122	117	121	131	173
YDR210C-C	0	0	0	0	0	0
YDR261C-C	0	0	0	0	0	0
YDR261W-B	14	49	45	77	63	72
YDR365W-A	0	0	0	0	0	0
YDR316W-A	0	0	0	0	0	0
YDR261W-A	0	0	0	0	0	0
YDR365W-B	0	0	0	0	0	0
YDR098C-B	2	0	2	1	1	4
YDR098C-A	0	0	0	0	0	0
YDR210W-A	0	0	0	0	0	0
YDR034C-D	34	107	72	106	135	127
YDR034C-C	0	0	0	0	0	0
YOR185C	89	186	179	227	289	235
YOR237W	14	27	23	23	15	24
YOL048C	120	272	302	288	313	337
tG(GCC)O1	0	0	0	0	0	0
YOL144W	396	808	786	809	803	1020
snR8	11	24	30	36	14	15
YOR082C	0	0	1	1	1	0
YOL072W	146	249	280	326	356	345
YOR114W	50	66	99	90	142	132
YOL085C	2	2	0	0	0	0
YOR385W	2119	3813	4087	4958	4559	2340
YOR214C	1	4	6	3	3	2
YOL119C	225	555	532	695	837	794
YOR019W	86	118	136	155	123	86
YOR206W	1708	3659	3816	3488	3397	4648
YOR345C	0	2	0	0	0	0
YOR341W	2770	5637	5624	5665	5137	5828
YOL088C	260	469	560	461	543	600
YOR392W	0	0	0	0	0	0
YOR160W	448	928	979	971	1091	1282
YOR084W	57	131	147	115	194	106
YOR039W	606	1237	1249	1205	1343	1587
YOR264W	408	792	925	840	1092	1139
YOR281C	481	906	1034	929	1089	1174
tK(UUU)O	0	1	0	1	1	2
YOR230W	1478	3027	3070	3742	4411	3523
YOR144C	154	277	299	321	472	583
YOL081W	550	1037	1087	1072	1006	943
YOL052C	633	1227	1290	1299	1517	1081
YOR285W	241	424	506	637	795	619
YOR058C	245	525	529	630	673	854
YOR270C	3645	7670	7364	7032	7345	8185
YOL154W	46	84	82	73	57	60
YOR115C	424	824	852	857	944	1141
YOL003C	158	294	296	329	360	396
YOR258W	74	139	145	131	130	155
tN(GUU)O2	0	0	0	0	0	0
YOL103W	559	1036	1108	1077	1294	1208
YOR215C	298	600	592	659	741	639
YOL095C	88	199	186	258	326	399
YOL063C	258	485	462	509	613	603
YOL079W	2	2	0	1	2	3
YOR389W	58	74	95	93	104	100
YOR231W	319	525	573	578	683	621
YOR021C	1088	1892	2105	1816	1532	1880
YOR139C	1	0	1	0	0	1
YOR120W	231	425	443	377	272	198
YOL038W	982	1721	1990	2316	2785	2134
YOR023C	302	458	530	563	690	504
YOL124C	616	1338	1291	1313	1243	1558
YOR212W	941	1797	1920	1698	1692	1914
YOL013W-A	8	39	44	22	42	38
YOL120C	9449	16869	18512	15235	14796	16385
YOR181W	301	456	438	543	597	376
YOR333C	1	4	2	2	3	2
YOR335C	2966	5686	5975	5580	5878	6547
YOL046C	0	0	1	0	0	0
YOL029C	202	375	406	410	451	492
YOL155W-A	0	0	0	0	0	0
YOR072W	5	3	2	3	3	1
YOL161C	0	0	0	1	0	0
snR58	0	0	0	0	1	1
YOL122C	294	540	544	618	767	725
YOR252W	654	1163	1236	1123	889	1136
YOR157C	623	1189	1123	1458	1700	1549
YOL107W	170	274	308	266	242	289
YOR274W	378	634	685	723	743	578
YOL013W-B	2	6	3	4	2	3
YOR343C	5	8	12	9	12	4
YOR093C	228	461	504	619	686	760
YOR381W-A	2	5	2	3	4	7
YOL065C	148	268	312	269	315	306
YOR092W	450	715	812	723	676	539
YOR207C	1053	2078	2150	2072	1925	2281
YOR365C	8	8	11	13	9	7
YOL005C	214	400	424	436	495	397
YOL020W	605	1031	1039	1036	1578	1309
YOL053W	160	254	270	309	325	258
YOL117W	106	207	246	259	253	263
YOR038C	205	385	377	469	543	659
YOR303W	784	1748	1674	2104	2396	2232
YOR137C	381	592	647	627	554	463
YOL034W	135	319	298	348	454	574
YOR052C	629	1138	1254	1593	1916	1350
YOR190W	20	25	34	32	32	35
YOL039W	5517	9491	10614	8572	8399	6910
YOR349W	107	215	208	221	250	314
YOL090W	327	676	630	747	947	1182
YOR271C	1363	2717	2800	2745	2778	2215
YOR173W	56	100	97	81	82	67
YOR106W	242	407	472	460	522	536
YOR108W	1470	2755	2782	2844	2855	2965
YOR059C	230	543	557	615	689	615
YOL149W	363	705	790	777	790	1115
YOR121C	25	74	48	51	53	56
YOL106W	8	10	19	15	14	16
snR9	23	29	45	39	28	30
YOR295W	105	207	254	235	258	313
YOR203W	4	3	6	2	4	3
YOR132W	443	721	784	801	969	845
YOR216C	396	844	869	937	1133	1103
YOR099W	1321	2408	2683	2518	2606	2767
YOR001W	825	1714	1749	1778	1746	2089
YOR009W	87	131	95	102	97	54
YOR204W	2012	3480	3678	3554	4094	3509
YOR209C	2181	4106	4355	4242	4262	4225
YOR284W	40	83	95	102	119	140
YOR036W	505	886	982	1044	981	624
YOR154W	308	649	659	680	759	946
YOR048C	798	1579	1556	1680	1739	1923
YOL073C	176	283	308	335	395	290
YOL152W	121	232	206	429	561	409
YOL101C	158	336	281	332	290	327
YOR085W	785	1453	1414	1518	1745	1686
YOR227W	246	452	422	530	655	733
YOR159C	187	359	397	360	450	438
YOR146W	14	15	11	14	9	11
YOR372C	283	475	496	585	831	905
YOR112W	333	664	680	742	837	891
YOR387C	3	2	3	2	4	3
YOR229W	112	211	251	218	247	201
YOR068C	0	0	1	0	1	1
YOR376W-A	21	38	40	39	47	27
YOL050C	0	0	0	0	0	1
YOR342C	840	1447	1551	1568	1858	2015
YOL035C	0	0	0	1	2	2
YOR251C	401	796	799	747	677	709
YOR041C	2	2	2	4	4	4
YOR130C	154	262	351	316	366	282
YOR119C	449	973	936	941	903	1214
YOL166C	0	0	2	0	0	0
YOR008C	924	1524	1630	1474	1632	1261
YOL011W	569	997	903	1025	1152	1028
YOR248W	3	3	3	9	4	3
YOR202W	72	116	137	138	152	98
YOR266W	160	344	400	378	409	483
YOR140W	206	399	344	427	636	490
YOR004W	595	1201	1252	1086	945	1065
YOR308C	143	324	333	395	466	477
YOR032C	192	316	371	332	445	214
YOR311C	434	809	879	878	906	921
YOL019W	619	1170	1124	1611	1983	1814
YOL138C	220	413	394	426	543	542
YOL151W	261	460	500	583	644	514
YOR330C	322	635	622	673	803	869
YOR379C	3	5	6	9	17	8
YOR142W	681	1280	1356	1450	1891	1698
YOR268C	0	1	0	0	1	1
snR81	6	8	5	7	6	6
YOR017W	215	405	384	382	554	639
YOR394W	0	0	0	0	0	0
YOL134C	0	1	0	0	1	1
YOR002W	691	1164	1268	1163	1302	1462
YOR194C	519	1005	1018	1118	1312	1333
YOR298C-A	1969	3013	3771	4320	5596	3169
YOL069W	98	206	190	225	292	308
YOR014W	939	1750	1756	1894	1974	2163
YOR346W	539	1117	1155	1135	1185	1450
YOR044W	113	198	214	213	187	163
YOR275C	330	556	595	590	681	660
YOR174W	303	544	616	588	640	654
YOR336W	214	458	478	509	673	728
YOL094C	222	431	465	495	568	594
YOR122C	1348	2475	2761	2575	2711	2471
YOR256C	427	700	778	855	893	883
YOL137W	279	533	499	511	574	668
YOR350C	134	279	346	323	412	450
YOR196C	496	1069	1065	1000	1039	923
YOR380W	80	133	129	134	184	126
YOR314W-A	0	2	0	0	0	0
tA(UGC)O	0	0	0	0	0	0
YOL097W-A	14	31	24	29	25	27
YOR376W	0	0	0	0	0	0
YOR369C	18247	30465	35867	26865	24459	24539
YOL132W	9	13	15	6	6	20
YOR296W	181	292	308	310	423	489
YOR260W	969	2156	2248	2297	2475	2683
YOR373W	144	292	259	350	486	429
YOR163W	251	377	449	500	571	522
YOR029W	0	0	0	0	1	1
YOL042W	288	480	518	542	562	657
YOR316C	306	636	656	699	881	963
YOR326W	1481	3102	3135	3543	4145	4408
YOR293C-A	0	1	0	0	0	0
YOL036W	502	958	935	1059	1311	1053
YOR072W-B	0	0	0	0	0	0
YOR332W	2540	4739	4946	4902	4993	4364
YOL002C	531	991	1031	985	907	1074
YOR193W	167	305	302	335	309	400
YOR243C	1218	2391	2356	2222	2011	2238
YOR126C	89	186	187	233	225	266
YOR070C	243	362	366	411	471	485
YOR328W	176	329	316	362	366	400
YOL056W	275	549	556	520	566	539
YOR098C	641	1331	1274	1381	1942	1912
YOL110W	51	118	116	151	143	103
YOR213C	143	255	299	310	310	348
YOR253W	328	564	643	671	620	725
YOR008C-A	0	1	2	0	0	0
YOL113W	351	631	607	802	707	519
YOR060C	184	274	295	311	339	300
YOL076W	342	697	709	664	814	1082
YOR186C-A	0	1	1	1	1	0
YOR381W	147	195	249	203	270	216
YOR113W	178	237	259	278	313	301
YOR273C	1022	1370	1518	1193	710	240
tN(GUU)O1	0	0	0	0	0	0
YOR161W-A	1	1	11	9	10	9
YOL147C	156	265	278	287	332	320
YOR338W	152	349	379	612	867	992
YOR178C	58	70	84	36	20	10
YOR188W	274	636	608	726	940	1028
YOL159C	137	230	265	267	231	250
YOR382W	50	78	82	121	140	99
YOL071W	131	223	265	263	296	279
YOR363C	194	364	328	361	425	448
YOR069W	430	824	858	956	1063	1036
YOR075W	176	304	325	377	440	565
YOR124C	444	830	883	984	1165	1213
YOR008W-B	14	14	16	15	11	15
snR31	54	124	143	114	100	83
YOL025W	137	268	287	292	380	388
YOR057W	297	568	622	654	735	812
YOR265W	168	348	367	430	438	548
YOL127W	11819	20876	23162	19340	17999	17931
YOR107W	288	539	492	363	485	318
YOL142W	374	735	815	817	777	892
YOR239W	1491	2926	2806	3063	3289	3216
YOL091W	35	49	57	40	39	66
YOR317W	1198	2218	2165	1952	2064	1664
YOR370C	960	1825	2017	2174	2551	2491
tM(CAU)O1	0	1	0	0	2	3
YOR211C	305	552	573	626	745	916
YOR191W	403	787	757	972	974	1003
YOL064C	740	1463	1590	1452	1600	1479
tT(AGU)O1	0	0	1	0	0	0
YOL049W	824	1569	1657	1867	2213	2174
YOL043C	139	288	329	325	376	335
YOR043W	734	1271	1369	1309	1595	1664
YOR331C	3	6	4	4	4	2
YOR309C	163	297	390	263	254	335
YOR104W	93	194	193	227	213	271
YOL114C	17	31	40	28	21	33
YOR300W	3	5	5	4	1	4
YOR220W	656	1262	1492	1524	1399	848
YOR378W	24	45	50	38	55	52
YOL059W	1585	2540	2826	2629	2537	1928
YOR386W	174	306	392	355	294	291
YOL027C	739	1496	1546	1702	1953	1644
snR62	2	4	5	8	12	17
snR17a	8	17	13	16	24	24
YOL155C	42	89	90	101	143	70
YOR375C	4340	8858	8990	9357	12598	9969
snR35	11	16	17	23	14	15
YOR100C	4	8	9	6	10	6
YOL026C	67	128	131	155	162	111
YOL012C	402	725	746	691	756	910
YOR026W	191	372	358	354	441	482
YOR359W	385	642	608	710	1054	1237
YOR250C	247	418	421	463	569	520
YOL013C	315	555	564	612	657	682
YOR272W	845	1721	1780	1729	1719	1842
tG(GCC)O2	0	1	0	0	0	0
YOL164W-A	0	0	0	1	1	0
YOL082W	284	511	508	529	607	564
snR36	11	14	19	19	15	16
YOR035C	346	640	624	783	623	565
YOL016C	4397	7962	8797	8422	6559	2716
YOR007C	2236	3915	4305	5719	6469	5820
YOR325W	0	0	0	1	0	0
YOL085W-A	1	8	6	8	11	3
YOL160W	5	2	17	13	15	14
YOR361C	2987	5752	5982	5508	5840	7030
YOL158C	601	979	998	1082	1123	1034
YOR315W	759	1353	1467	1562	2092	2254
YOR010C	29	67	56	52	55	39
YOR384W	3	9	11	17	12	12
YOR234C	3023	5931	6768	5513	5325	5438
YOR283W	478	845	974	957	987	1065
YOR020W-A	115	192	229	206	241	204
YOL045W	415	849	798	872	855	1055
YOR102W	3	7	6	9	5	8
YOL128C	158	300	345	343	356	356
YOR360C	531	974	992	1029	1500	2417
YOL097C	2176	4217	4498	4116	3976	3680
YOR164C	477	1017	1123	1087	1101	1363
YOR175C	724	1458	1464	1638	1596	1825
tP(UGG)O1	0	0	0	0	0	0
YOR086C	708	1432	1455	1366	1579	1619
YOR242C	18	37	26	22	36	39
YOR155C	390	642	740	704	812	693
YOL019W-A	0	0	0	0	0	0
YOL030W	1416	2809	2679	2867	3271	3133
YOR323C	1222	2284	2311	2307	2347	2201
YOL017W	93	173	162	202	284	341
YOR233W	289	606	600	735	910	957
YOL037C	0	1	2	0	0	0
YOR083W	46	82	96	95	157	79
YOL010W	481	870	872	1041	1254	1625
YOR118W	341	638	645	732	809	976
YOR128C	1244	2394	2176	2248	1948	2254
YOL125W	385	704	728	714	762	733
YOL004W	710	1410	1316	1584	1789	1748
YOR177C	15	32	44	55	65	59
YOR166C	301	511	534	592	633	852
YOR006C	363	700	775	699	791	822
YOR324C	160	284	283	326	422	412
YOL024W	6	12	8	7	8	6
YOR033C	222	433	416	455	609	644
YOL033W	163	291	305	320	436	429
YOL070C	564	1042	1112	1153	1357	1058
YOR116C	913	1928	1896	1824	1892	2166
YOL067C	126	201	229	274	319	183
YOR145C	1349	2649	2854	2671	2453	2655
YOR304C-A	68	125	140	153	195	225
YOR192C	48	57	44	55	58	56
YOL109W	5725	11521	12577	12331	13433	12558
YOR078W	415	920	1040	1035	1181	1543
YOR134W	185	339	344	433	210	79
YOR131C	294	554	583	603	688	566
YOR368W	106	172	194	232	276	285
YOL111C	308	519	540	554	591	436
YOR168W	2411	5141	4893	4650	4889	6066
YOR226C	169	361	392	403	488	288
YOL162W	19	22	33	50	45	40
YOR334W	115	206	197	238	325	331
YOR241W	529	1161	1170	1190	1170	1276
tP(UGG)O2	0	0	0	0	0	0
YOR245C	280	495	507	518	648	672
YOL009C	149	216	243	295	228	243
YOR153W	4479	8618	8349	13972	12657	15988
YOR358W	74	136	156	192	200	131
YOR335W-A	1	1	0	0	0	0
YOR170W	2	3	0	1	2	1
YOR267C	1306	2138	2375	2099	2102	1459
YOR081C	288	523	503	614	789	645
YOL145C	844	1892	1897	1972	2076	2357
YOL156W	0	1	3	3	1	5
YOR322C	434	858	855	919	1186	1069
YOL044W	187	275	293	325	307	336
YOR054C	152	256	303	266	344	237
YOL031C	397	748	758	880	1005	1238
YOR034C-A	30	42	37	33	33	60
YOR306C	858	1504	1518	1867	1775	2101
YOR261C	1067	2149	2382	2637	2748	3228
YOR293W	9045	16139	18360	15324	15370	16148
YOR062C	73	117	151	121	171	111
YOR339C	12	28	17	22	13	18
YOR067C	548	1028	1114	1084	1068	1236
YOR312C	8886	15861	17979	14914	14734	15223
YOR094W	169	320	319	355	343	427
YOL135C	92	170	196	222	277	192
YOL105C	232	373	353	351	398	399
YOR329W-A	2	3	3	1	1	1
YOR197W	1055	1862	2019	2017	2133	1743
YOL104C	76	201	181	273	256	282
YOR262W	276	613	630	561	602	661
YOR167C	4965	9160	10748	8253	8355	7710
YOL015W	101	210	199	162	87	109
YOR161C	157	301	275	144	141	132
YOR393W	0	0	0	0	0	0
YOR105W	16	16	17	21	19	16
YOR210W	463	852	1004	888	855	1118
YOR364W	3	8	6	9	9	12
YOL087C	517	839	833	759	886	757
YOR127W	460	978	918	1066	1272	1299
YOR184W	1163	2218	2393	2261	2331	2533
YOR150W	319	560	631	644	714	674
YOR179C	145	245	267	289	298	244
YOR340C	774	1619	1672	1665	1554	1850
YOR354C	425	811	826	947	1237	1319
YOR217W	675	1309	1318	1471	1680	1745
YOR298W	36	73	79	76	54	63
YOL006C	481	839	890	984	1295	1438
YOR259C	1078	2032	2256	2690	3154	3118
YOR318C	8	15	18	18	20	16
YOR320C	379	737	781	827	955	1126
YOR222W	329	592	720	650	669	597
YOL165C	7	8	14	20	12	14
YOL007C	274	444	474	689	915	1119
YOR307C	318	645	624	726	827	956
YOL051W	713	1375	1357	1414	1682	1540
YOR091W	831	1584	1677	1877	2003	1763
YOR079C	287	516	554	529	584	629
YOL022C	793	1391	1545	1524	1307	1532
YOR278W	149	235	251	269	287	352
YOR024W	0	0	0	4	2	0
YOL148C	254	486	514	515	639	580
YOL078W	207	388	369	412	512	451
tP(UGG)O3	4	4	2	2	1	12
YOR089C	627	1183	1279	1223	1470	1094
YOL098C	1059	2084	2080	2218	2535	2869
YOR171C	590	1026	1101	1035	1133	1293
YOL089C	195	397	363	384	461	552
YOL150C	2	1	0	2	2	5
YOR095C	888	1727	1839	1562	1416	1897
YOL146W	118	239	236	223	274	298
YOR224C	1536	2597	2879	2569	2763	2432
YOR302W	58	97	95	108	158	212
YOR286W	361	622	739	750	931	794
YOR046C	1176	2518	2632	2490	2579	3152
tG(CCC)O	0	0	0	0	0	0
YOR388C	1	0	2	1	0	0
YOR228C	123	180	217	188	199	178
YOL112W	272	569	559	636	745	677
YOR141C	385	763	751	838	1054	1059
YOL131W	0	0	1	0	2	1
YOR049C	16	25	27	52	33	32
YOL143C	348	654	674	727	784	590
YOR172W	261	417	479	451	503	477
YOR149C	222	431	458	475	477	595
YOL164W	122	197	241	224	360	232
YOR011W	192	364	331	324	357	450
YOR071C	217	388	391	400	414	422
YOR022C	133	247	262	296	331	352
YOR125C	197	328	395	371	409	357
YOL141W	116	230	224	252	276	336
YOR101W	677	1346	1453	1386	1322	1453
YOR263C	1	0	0	0	0	1
YOR383C	92	139	162	179	189	141
YOR056C	896	1833	1895	1868	1789	1732
YOL075C	147	356	337	360	398	449
YOR073W-A	0	0	0	0	0	0
YOR246C	513	904	984	999	1075	857
YOR042W	419	749	819	926	1131	921
YOR236W	228	460	455	443	458	485
YOR183W	0	0	1	0	3	0
YOR176W	527	977	1038	916	1101	917
YOR238W	204	334	398	454	443	461
YOR367W	115	259	206	255	314	377
YOR297C	153	290	298	326	441	465
YOR310C	3463	6488	7099	6490	5737	7128
YOR063W	23994	43651	46826	40789	40644	34255
YOR189W	152	269	314	365	441	367
YOL129W	570	943	1052	1123	1280	1126
YOR280C	192	312	331	381	344	414
YOR037W	210	419	437	462	491	495
YOR090C	413	744	797	797	988	889
YOR313C	32	106	95	64	103	125
YOL032W	224	347	473	401	364	314
YOR158W	315	579	646	763	921	964
YOR162C	139	251	252	311	343	356
YOL092W	1140	2135	2185	1711	1647	1741
YOL061W	1267	2269	2489	2303	2331	2262
YOR232W	1190	2321	2462	2545	2593	2882
YOR219C	492	823	894	836	804	765
YOR182C	2466	4219	5161	3875	3617	4711
YOL099C	3	12	18	7	11	11
YOR294W	1009	1878	2063	1969	1554	1561
YOR288C	201	441	474	527	576	576
YOR110W	322	482	583	552	606	615
YOR040W	81	140	147	165	191	187
YOL083W	57	82	91	87	114	130
YOL136C	684	1395	1411	1276	1723	1816
YOL130W	1102	2139	2125	1872	2083	2037
YOL021C	934	1745	1793	1913	2027	2032
YOR282W	1	0	0	0	0	1
YOL077W-A	259	575	610	527	824	884
YOR319W	147	268	302	283	283	339
YOR030W	208	404	404	449	531	607
YOR291W	308	551	607	598	667	808
YOL077C	1791	3688	4097	3385	2961	3872
YOR390W	34	52	61	57	56	88
YOL052C-A	14	31	23	30	18	21
YOR123C	897	1712	1816	1805	2002	1694
YOR013W	23	46	40	46	45	32
YOR249C	212	402	480	455	504	580
YOR362C	861	1525	1738	1985	2346	1687
YOL058W	219	537	574	549	799	214
YOR143C	328	641	715	675	690	918
YOR347C	112	184	218	205	238	157
YOL157C	19	28	44	40	35	32
YOL057W	685	1289	1350	1481	1642	1714
YOR321W	210	410	437	436	517	546
YOR015W	170	273	300	280	288	326
YOR111W	117	194	253	266	271	310
YOL008W	173	289	299	321	327	322
YOR279C	146	243	265	244	289	312
YOR394C-A	0	1	4	1	1	0
YOR180C	36	77	79	70	106	98
YOL055C	142	284	323	305	373	387
snR5	14	31	42	40	30	30
YOL139C	3493	6912	7184	6678	6548	7013
YOR287C	188	435	453	402	427	657
YOR198C	2462	5027	5170	5645	5951	6354
YOR053W	3	7	12	5	3	3
YOL054W	195	332	391	464	499	436
YOR012W	5	14	21	26	28	38
YOL118C	3	4	6	2	2	6
YOR034C	312	551	603	571	605	676
YOR374W	146	248	256	330	694	588
YOR018W	292	465	469	496	494	496
YOL084W	77	107	115	82	66	38
YOR314W	0	0	1	0	0	0
YOR050C	3	5	5	2	7	4
YOR391C	0	0	0	0	0	0
YOR327C	399	868	929	889	914	845
YOR352W	130	282	302	306	303	306
YOR348C	75	110	123	112	226	69
YOL115W	411	725	770	750	835	969
YOR066W	322	495	520	474	736	636
YOR072W-A	1	6	8	6	11	2
YOL096C	161	292	311	313	323	265
tM(CAU)O2	0	0	0	2	0	0
YOR020C	914	1718	2032	2952	3901	3291
YOR133W	927	1623	1568	1357	1216	1083
YOR356W	348	701	735	843	1176	1068
YOR208W	470	885	813	868	728	671
YOR357C	174	308	358	353	439	423
YOR277C	4	4	2	3	5	3
YOR276W	1311	2616	2957	2443	2218	2429
YOR247W	989	1711	1625	2370	3342	2462
snR50	16	17	19	15	18	12
YOL047C	7	12	18	12	13	12
YOR221C	370	715	725	841	892	914
YOR344C	1123	1932	2089	1979	2242	1983
YOR269W	152	242	241	239	311	286
YOR152C	140	178	184	229	215	248
YOR103C	445	824	830	900	957	1115
YOR377W	401	811	824	784	625	720
YOR129C	138	286	267	307	374	532
YOL038C-A	3	8	7	17	23	29
YOR156C	133	216	250	247	366	309
YOR329C	374	633	612	705	858	800
YOR351C	2	4	3	2	4	2
YOL040C	12006	22218	23457	20532	22041	20561
YOL159C-A	31	63	53	51	78	103
YOR051C	1590	3146	3295	2779	2626	2733
YOR003W	69	140	157	173	212	148
YOR064C	106	170	211	185	240	229
YOR073W	124	267	237	315	434	427
YOR201C	290	537	491	605	821	615
YOR065W	666	1197	1270	1164	2205	1532
YOR186W	0	5	8	6	3	5
YOR045W	263	486	595	520	500	504
YOL018C	225	461	495	540	538	543
YOL133W	156	274	308	357	364	394
YOR087W	256	462	493	531	669	764
YOL028C	138	321	335	327	412	344
YOL086C	34481	61570	61750	54738	54918	39589
YOL108C	171	317	298	292	306	253
YOL023W	171	302	342	380	504	522
YOR011W-A	0	0	0	0	0	0
YOR165W	912	1845	1909	1990	2092	2322
YOL068C	541	1072	1116	1248	1378	1531
YOR138C	285	482	539	539	616	495
YOR016C	364	645	712	661	752	847
YOL121C	3954	6449	7200	6140	6074	5225
YOL126C	197	318	364	323	482	227
YOR235W	0	0	0	0	1	0
YOR080W	246	533	496	564	587	681
YOR169C	4	10	7	5	5	5
YOR028C	87	161	172	140	147	156
YOR225W	0	1	1	0	1	1
YOR108C-A	1	2	1	0	3	0
YOR109W	452	817	882	980	1159	1242
YOL093W	391	822	893	912	958	850
YOR147W	322	593	628	534	592	801
YOR218C	2	1	0	0	1	0
YOR254C	1647	3180	3331	3206	3407	4062
YOL080C	509	961	1103	962	793	1031
YOR161W-B	14	11	14	26	38	20
tY(GUA)O	1	0	0	0	0	0
YOR136W	978	1571	1768	3008	4047	2899
tR(ACG)O	0	0	0	0	0	0
YOR192C-C	4	9	11	13	7	12
YOR205C	206	445	480	525	772	792
YOR200W	0	1	0	0	1	0
YOR305W	193	346	415	447	557	607
YOR195W	287	630	626	780	935	1222
YOL123W	1560	3014	3213	2953	2969	3092
YOR097C	94	151	189	206	293	233
YOL083C-A	1	2	0	2	0	1
YOL086W-A	71	140	173	172	222	167
YOR337W	313	576	525	682	882	918
YOL100W	253	513	535	557	648	640
YOR289W	45	74	112	93	101	71
YOR255W	2	4	3	3	1	1
YOR304W	530	1129	1072	1183	1314	1485
YOL163W	17	44	52	59	57	50
YOR077W	47	91	87	102	118	94
YOR074C	164	309	334	417	522	492
YOR117W	882	1868	1916	2263	2657	2552
YOR055W	1	1	0	1	0	0
YOL166W-A	0	0	0	0	0	0
YOL066C	191	408	406	492	569	555
YOR396W	0	0	0	0	0	0
YOR161C-C	2	2	3	5	7	3
tV(AAC)O	1	0	1	0	0	0
YOR151C	1441	2979	2957	3262	3701	3715
YOR187W	1291	2640	2820	2805	3954	3624
YOL001W	168	346	337	332	343	391
YOR005C	177	293	310	345	352	345
YOR199W	0	3	0	2	1	2
YOR355W	850	1659	1704	1686	2219	2606
YOR290C	483	1023	983	1152	1432	1292
YOR396C-A	0	0	0	0	0	0
YOR047C	542	913	904	908	1109	1101
YOL014W	534	1164	1310	1038	731	315
YOR244W	261	439	489	511	585	606
YOL102C	217	310	362	365	426	425
YOL060C	315	561	551	675	1024	820
YOL041C	1355	2706	2676	2743	2621	3632
YOL116W	187	398	400	423	481	405
YOR353C	209	449	402	467	529	637
YOR299W	559	820	942	968	928	736
YOR366W	11	8	17	13	12	11
tD(GUC)O	0	2	1	0	2	3
YOR096W	9270	18154	18614	15010	13342	15774
YOR148C	138	239	265	276	289	296
YOR301W	156	307	299	420	496	330
YOR257W	305	501	540	538	552	603
YOR135C	1	1	1	0	0	1
YOR032W-A	2	9	10	9	6	6
YOR223W	80	178	190	226	221	162
YOR076C	229	440	445	464	585	703
YOR231C-A	0	1	1	2	1	0
YOR316C-A	2	8	4	3	8	7
tS(GCU)O	0	0	0	2	1	0
YOR061W	1092	2081	2154	2096	2284	2326
YOR025W	122	327	307	350	454	393
YOR371C	181	377	370	412	512	470
YOL140W	217	473	477	407	425	448
YOL062C	613	1131	1261	1249	1314	1311
YOR292C	139	232	243	212	243	230
tG(UCC)O	0	0	0	0	0	0
YOR027W	1638	2527	2928	4570	7416	5764
tT(AGU)O2	0	0	1	0	1	0
YOR142W-B	0	0	0	0	0	0
YOR192C-A	0	0	0	0	0	0
YOL103W-B	7	10	21	12	19	6
YOR142W-A	0	0	0	0	0	0
YOR192C-B	27	51	63	58	64	72
YOR343W-B	57	118	149	159	170	143
YOR343W-A	0	0	0	0	0	0
YOL103W-A	0	0	0	0	0	0
YGL087C	148	300	309	388	459	385
YGL156W	81	155	147	199	271	302
YGL015C	4	9	5	4	15	12
RME2	416	639	636	615	781	719
YGR251W	250	434	501	460	453	421
YGR162W	3182	6376	6450	6165	6661	6970
tK(UUU)G2	0	0	0	0	1	0
YGR005C	526	1030	1126	1129	1160	1056
YGL160W	379	713	733	775	973	1028
snR46	16	24	36	21	16	37
tD(GUC)G1	0	2	1	0	0	2
YGL211W	384	749	823	832	821	740
YGR141W	164	309	342	317	337	259
YGL239C	0	0	0	0	0	0
YGL097W	705	1517	1585	1619	1678	1452
YGR030C	90	188	212	215	228	403
YGR224W	5	4	6	9	7	4
YGR142W	2032	2247	3161	1822	1744	922
YGR186W	769	1466	1443	1514	1636	1692
YGR181W	193	388	415	446	482	515
YGL081W	12	32	39	29	34	46
YGR082W	523	981	1089	1173	1309	1244
YGL028C	1227	2278	1997	2218	3303	3313
YGL021W	350	793	696	938	1167	1370
YGL110C	307	524	532	572	624	665
YGR167W	830	1558	1579	1757	2075	1878
YGL017W	238	386	404	434	430	415
tA(UGC)G	0	0	0	0	0	0
YGR156W	119	237	245	295	312	322
YGR291C	0	0	0	0	0	0
YGR197C	136	202	204	202	209	208
YGR041W	277	519	487	483	605	598
YGL079W	113	201	227	262	329	255
YGL107C	261	550	548	551	725	893
YGL168W	15	17	21	22	16	31
YGL228W	675	1430	1444	1423	1660	1434
YGR183C	262	508	568	469	752	845
YGL050W	300	520	569	616	603	631
YGR273C	1	1	2	1	0	2
YGR086C	1932	3759	4131	3991	5420	4666
YGR228W	8	15	4	6	5	10
YGL145W	341	716	760	848	893	1225
YGR098C	164	402	357	467	663	742
YGR074W	182	361	399	389	432	398
YGL098W	171	340	362	385	404	442
snR7-S	0	0	0	0	0	0
YGL096W	75	158	182	116	75	36
YGR240C-A	3	8	10	11	6	4
YGR172C	335	609	660	650	719	818
YGR194C	176	269	273	283	365	301
YGL026C	947	1858	1840	1842	2084	1826
YGL213C	414	751	817	780	929	1096
YGL248W	349	620	682	634	638	492
YGL075C	70	122	135	136	180	159
YGL256W	389	776	826	746	833	842
YGL012W	1188	2230	2424	2332	2789	2784
YGL082W	443	781	872	797	880	852
YGR161C	426	501	618	681	733	370
tW(CCA)G1	2	1	2	3	1	5
YGR274C	401	783	755	852	1039	1147
YGR031C-A	1	0	1	2	0	0
YGL037C	1119	1761	1945	1525	1678	991
YGL252C	685	1269	1359	1349	1383	1418
YGL250W	70	103	117	127	156	115
YGR260W	1621	2674	2760	2281	2412	2401
YGR159C	4371	7993	8020	7175	6732	7198
YGR006W	60	98	99	121	171	125
YGL121C	17	42	49	39	23	23
YGL040C	597	1153	1213	1341	1536	1313
YGR130C	772	1370	1394	1281	1516	1308
YGR021W	203	319	340	409	516	294
YGR097W	609	1283	1277	1440	1471	1282
YGL170C	10	12	14	10	17	19
YGL166W	133	277	280	274	322	180
YGL104C	135	226	228	255	279	255
YGR149W	390	828	856	747	669	583
YGR195W	447	837	950	914	952	888
tG(GCC)G2	0	0	1	0	0	0
YGR250C	1600	2449	2691	2304	2216	1365
YGL155W	356	604	720	705	819	797
YGL216W	154	344	281	359	515	470
YGR029W	182	374	416	450	495	365
YGL125W	250	419	455	536	580	483
YGR038W	240	419	411	445	561	537
YGR008C	818	1377	1604	1067	743	351
YGR248W	34	80	92	58	36	27
YGL094C	420	852	898	1000	1246	1306
YGR131W	102	186	215	191	167	103
YGR163W	352	642	675	719	733	818
YGR125W	381	734	697	836	879	1020
YGR279C	2087	3530	3469	3641	4200	3626
YGL022W	1198	2334	2368	2456	2966	2353
tD(GUC)G2	0	2	0	1	0	0
YGR271W	358	694	721	735	903	937
YGL025C	157	245	265	343	377	284
YGL176C	219	338	353	332	437	466
YGR031W	132	215	257	258	331	247
YGL102C	17	11	10	5	4	7
YGR182C	193	411	410	382	571	575
YGR025W	4	13	7	7	12	34
YGL113W	164	358	361	415	498	522
YGR188C	80	156	130	184	216	270
YGL162W	65	204	166	198	205	214
YGL084C	386	739	834	824	999	1123
snR10	14	18	21	27	23	12
YGL196W	655	1230	1393	1174	1082	784
RME3	62	101	105	96	75	114
YGR230W	50	111	145	112	123	117
YGR084C	237	502	521	604	807	825
YGL222C	68	123	147	165	172	120
YGR166W	332	669	610	706	719	778
YGR122C-A	1	2	5	3	2	2
YGR152C	263	446	545	555	667	736
YGL210W	221	387	396	427	532	464
YGR265W	0	0	0	0	0	0
YGR157W	1539	2779	2712	2992	3287	3942
YGL240W	44	76	57	89	92	65
YGR085C	2418	4286	4953	4363	4327	4452
YGR237C	494	765	797	767	594	514
YGL146C	8	17	19	19	37	41
YGL153W	149	281	285	324	380	342
YGR075C	54	140	123	113	158	209
tT(UGU)G2	0	0	0	0	0	0
YGL169W	402	939	937	1004	1028	1066
YGR187C	806	1526	1675	1550	1585	2151
YGL167C	898	1801	1835	1817	1879	2066
YGR050C	22	33	43	29	32	50
YGR035W-A	0	0	0	0	0	0
YGR217W	254	566	573	632	687	782
YGR068C	98	182	203	226	313	270
YGR296W	0	0	0	0	0	0
YGR177C	314	663	599	624	676	744
YGL068W	559	995	1095	1267	1361	1110
tN(GUU)G	0	2	1	0	0	0
YGL018C	86	186	203	209	228	191
YGL188C	111	199	211	171	265	262
YGR126W	110	187	159	158	183	150
YGL065C	305	574	558	666	723	850
YGL014W	872	1675	1654	1608	1993	2225
YGL100W	498	1075	1123	1169	1247	1165
YGR288W	77	112	144	152	126	122
YGL174W	97	175	158	235	226	246
YGR211W	1876	3019	3438	3300	3733	3377
YGL204C	21	64	57	39	76	69
YGR270W	596	1288	1195	1358	1570	1522
YGR204W	2132	3848	3860	4115	4980	3110
YGR266W	306	568	550	715	795	915
YGL070C	299	552	661	596	635	722
YGL225W	1884	3569	3549	3193	3405	3525
YGL120C	1716	3330	3459	3601	3305	3724
tE(UUC)G1	1	0	1	1	0	2
YGR252W	272	538	566	562	622	609
YGL106W	777	1358	1541	1480	1605	1030
YGR284C	714	1385	1384	1689	2099	2520
YGR032W	417	680	686	1168	1306	1469
YGR174C	94	156	169	186	200	153
YGR208W	585	1104	1166	1182	1124	1140
YGL016W	409	820	738	859	889	1137
YGR255C	271	484	592	605	705	725
YGR146C-A	4	5	2	2	3	5
YGL194C	102	176	204	217	217	225
YGL138C	3	0	7	6	2	2
YGR091W	194	389	406	436	564	573
YGR200C	931	2074	2080	2073	2110	2603
YGR191W	1208	2175	2204	2180	2341	2620
YGR270C-A	0	1	0	0	0	0
YGL227W	240	356	376	430	435	383
YGR081C	348	702	738	742	845	1099
YGL243W	197	376	406	402	458	468
YGL194C-A	47	71	129	109	121	146
YGR148C	7431	13711	15009	12538	12507	12313
YGL136C	156	283	300	325	365	311
YGR276C	501	1030	975	1074	1123	1186
YGL129C	308	603	672	699	943	1005
tR(UCU)G2	5	3	4	5	3	14
YGR053C	31	84	74	75	53	50
YGR069W	2	0	1	1	0	4
YGL224C	323	696	726	649	700	843
YGL193C	0	0	0	0	0	0
YGL020C	502	836	1016	965	1008	1059
YGL177W	8	11	8	24	16	9
YGL189C	10910	19271	22629	17693	17778	15993
YGR122W	183	358	363	378	376	378
YGL003C	241	356	368	385	521	405
YGR210C	811	1343	1530	1446	1769	1414
tG(GCC)G1	0	0	1	0	1	1
YGR079W	204	411	326	413	691	826
YGL115W	590	1092	1215	1149	1204	1244
YGL105W	3369	6761	6927	6804	7090	6109
YGR026W	613	1178	1299	1344	1460	1702
YGR087C	7	10	14	12	10	5
YGR278W	128	329	320	349	426	442
YGR042W	171	297	327	361	382	332
YGR043C	23	43	62	56	47	45
YGL165C	2	4	5	0	3	5
YGR110W	57	101	112	123	193	149
YGR089W	653	1246	1229	1267	1459	1725
YGL158W	12	30	24	17	14	31
YGR262C	316	578	647	708	744	622
YGL200C	1188	2155	2404	2421	2797	2122
YGL117W	102	229	251	206	316	257
YGL186C	613	977	1031	1029	1162	1182
YGR010W	137	302	310	342	418	401
YGR198W	533	1046	1022	1171	1380	1688
YGR137W	93	190	183	191	218	225
YGL058W	402	707	765	773	883	673
YGL226W	64	132	135	147	182	148
YGL055W	6326	13857	13328	14389	14758	12071
YGL184C	37	124	106	199	200	205
YGL024W	3	2	3	1	1	0
tV(AAC)G3	2	3	1	0	0	3
YGL151W	470	841	935	908	1007	1173
YGR101W	193	359	378	449	554	511
YGL230C	6	10	7	5	14	15
YGR103W	4325	8580	8957	7476	5657	6944
YGR096W	63	99	109	98	121	87
YGR112W	184	335	350	405	447	316
tI(AAU)G	0	0	1	2	0	1
YGL013C	338	673	689	831	1126	1086
YGL076C	6009	10577	11456	9643	9850	9031
YGR067C	26	48	46	56	88	67
YGR094W	5453	10570	10814	10122	9968	9934
YGL226C-A	382	703	695	714	795	963
YGR045C	1	3	5	3	4	3
YGR175C	4869	9345	9679	8734	9068	8342
YGL008C	35675	65847	62528	54417	59832	56292
YGR115C	2	1	0	2	0	1
YGR108W	327	713	742	672	888	987
YGR218W	1046	2172	2184	2151	2479	2946
YGR205W	71	127	143	94	122	139
YGL073W	354	613	666	838	1022	1004
YGL009C	7470	16835	15423	18351	16631	16512
YGL095C	376	690	722	762	879	973
YGL137W	1321	2686	2621	2813	3100	3001
YGL214W	2	5	3	1	1	4
YGR105W	314	647	641	604	613	655
YGR001C	635	1158	1208	1199	1146	1290
tK(UUU)G1	0	0	0	0	0	0
YGL217C	0	0	0	1	1	0
YGL173C	1109	2409	2349	2816	3357	3417
YGL086W	335	757	661	785	874	1122
YGR223C	194	298	352	351	389	354
tS(AGA)G	1	0	0	1	0	0
YGR077C	270	515	491	577	702	771
YGL052W	12	12	11	9	12	12
YGR285C	4104	8128	8434	7516	7689	6557
YGL080W	172	322	348	367	403	531
YGL207W	1045	2158	2107	2335	2882	3209
YGR261C	457	903	1030	1019	1102	1291
YGR226C	0	0	0	0	0	0
YGL140C	549	1053	982	1072	1127	1262
YGL078C	2063	3933	4164	3904	3328	4191
YGL199C	4	7	3	7	6	3
YGR164W	2	7	13	9	10	7
YGR150C	365	691	708	813	953	1212
YGL006W-A	0	1	0	2	0	1
YGR196C	217	331	413	461	447	466
YGL197W	421	830	787	868	870	781
YGR136W	528	903	983	1084	1196	1169
YGR153W	62	89	89	126	149	181
YGL159W	210	389	472	413	438	585
YGR286C	309	501	551	521	672	517
YGL254W	126	186	229	238	287	303
tH(GUG)G1	0	1	1	0	0	1
YGR023W	370	497	515	426	386	198
snR48	4	6	11	9	5	13
YGL063W	81	138	160	145	215	97
YGL154C	67	143	135	144	138	151
YGL035C	276	511	535	427	775	729
YGR009C	394	640	780	782	911	865
YGR034W	7456	13670	15479	12535	11386	11153
YGL064C	143	290	270	356	415	490
YGR118W	6787	12151	13681	11261	10361	9383
YGR277C	251	484	537	638	715	557
YGR232W	206	334	326	370	442	416
YGR227W	317	582	649	683	806	937
YGL142C	377	692	717	721	737	857
YGL143C	191	356	384	433	480	402
YGR222W	138	263	251	262	335	410
YGL045W	301	429	471	384	389	262
YGL253W	5997	10700	11734	11456	13161	11611
YGR257C	310	555	595	654	855	768
YGL131C	219	420	454	518	616	634
YGR064W	9	20	29	19	19	10
YGR263C	116	199	228	233	304	280
YGL049C	693	1288	1318	1374	1547	1455
YGR296C-B	0	0	0	0	0	0
YGL202W	1855	3654	3656	3597	3864	3701
YGL258W-A	5	7	4	4	5	6
YGR133W	54	129	124	145	150	130
YGR109C	13	33	26	41	54	137
YGR037C	908	1436	1514	1759	1830	1873
YGL077C	1154	2451	2339	2097	2061	2199
YGR111W	383	647	706	722	698	780
YGR016W	30	78	109	94	95	100
YGR245C	1479	3003	3193	2868	2556	2831
YGR287C	43	68	79	75	110	77
YGL244W	833	1501	1681	1663	1938	1848
YGL057C	85	179	178	177	216	228
YGL187C	694	1198	1426	1152	1870	1713
YGR180C	2283	4098	4815	4132	4601	3981
YGR116W	1459	2839	2747	3013	3283	3706
YGL181W	365	591	712	727	889	721
YGR202C	493	923	998	906	1053	852
YGL127C	126	223	191	227	312	242
YGR203W	64	96	109	103	142	61
YGL150C	781	1500	1475	1522	1758	1704
YGR134W	204	387	418	445	538	503
YGR095C	542	893	1056	975	918	976
YGR214W	8129	15213	16629	14299	14177	10770
YGR269W	0	5	5	4	3	8
YGR176W	0	1	0	1	0	0
YGL263W	0	0	0	0	0	0
YGR057C	144	402	401	428	418	526
YGL074C	0	0	0	0	0	0
YGR007W	477	811	908	915	1062	998
YGR241C	356	631	621	670	821	861
YGR127W	169	245	240	231	204	219
YGL219C	357	637	734	716	1053	785
YGL061C	98	253	258	319	317	402
YGR083C	761	1619	1765	1821	2026	2272
YGL038C	401	637	697	624	809	726
YGL047W	80	143	181	217	270	234
YGR244C	459	723	820	1195	1740	1413
YGR289C	80	112	132	128	111	105
YGL089C	0	2	4	0	1	2
YGL180W	112	150	156	216	234	212
YGR146C	362	573	619	547	625	644
YGL149W	0	0	5	0	3	1
YGL242C	212	437	458	578	712	630
YGR106C	1715	3275	3693	3361	3601	4077
YGR004W	126	249	297	286	309	317
YGR209C	586	1005	1091	1394	1469	1194
YGR052W	66	147	153	64	58	38
YGR158C	463	921	961	983	952	852
YGR003W	228	472	463	485	584	708
YGR219W	2	1	0	1	0	0
YGL247W	110	192	203	198	189	225
YGR170W	320	634	691	798	876	931
YGR246C	281	493	535	518	579	513
YGL183C	15	16	19	21	18	17
YGR160W	7	7	5	5	4	1
YGR204C-A	1	1	2	3	4	3
YGR039W	18	38	38	31	33	46
YGL059W	183	283	359	310	284	254
YGL123W	23183	43994	47376	38744	38171	32827
YGL099W	753	1563	1619	1531	1421	1849
YGR102C	116	219	219	240	243	266
YGL233W	345	628	702	729	830	950
YGL072C	15	33	33	32	36	18
YGL056C	473	957	922	1029	1464	1384
YGR104C	143	302	288	305	381	398
YGR240C	8163	15110	15494	13932	13995	12138
YGR243W	14	21	33	17	30	26
YGR275W	221	431	503	497	585	514
YGL088W	1	0	0	0	1	1
YGR020C	1217	2532	2585	2503	2613	2736
YGR100W	425	714	751	848	990	897
YGR231C	485	885	879	1144	1326	1207
YGR215W	201	329	397	452	518	494
YGR018C	5	5	5	8	3	4
YGL152C	2	1	6	7	1	0
YGL212W	71	149	144	173	164	137
YGL066W	269	454	464	511	607	506
YGL060W	230	417	438	484	496	569
YGL185C	140	226	230	268	307	288
YGR145W	1149	2518	2606	2316	1986	2389
YGL011C	1071	1837	2168	2381	2786	2589
YGR147C	385	682	749	752	781	663
YGR036C	144	246	304	250	322	394
YGL122C	629	1120	1285	1387	1569	1421
YGL261C	4	11	10	12	7	6
YGL041C	4	2	5	7	3	1
YGR099W	135	319	277	359	457	483
YGR046W	331	624	607	593	631	747
YGL188C-A	5	7	10	8	11	39
YGR216C	293	556	535	584	643	815
tG(UCC)G	0	0	0	0	0	0
YGR047C	224	446	432	533	573	638
YGR238C	125	218	235	228	268	277
YGR282C	5772	10269	10594	11402	11741	10511
YGL132W	1	0	3	1	0	1
tA(AGC)G	0	0	0	0	0	0
YGR169C	152	352	346	365	405	419
YGR063C	265	449	546	496	518	369
YGR256W	31	64	70	88	101	97
YGL036W	413	756	789	833	894	1055
YGR192C	55692	93109	95649	96255	107079	75843
YGL191W	698	1139	1315	1170	1512	1566
YGR051C	0	1	0	0	0	0
YGR013W	347	562	554	615	677	579
YGR123C	721	1410	1411	1384	1140	1428
YGL209W	208	289	296	216	353	346
YGL163C	233	486	456	470	581	557
YGR296C-A	0	0	0	0	0	0
YGL178W	507	870	864	1000	1056	1177
YGL092W	802	1672	1719	1803	2229	2510
YGR132C	819	1442	1501	1606	1781	1474
YGL208W	94	162	185	249	220	141
tL(GAG)G	0	0	0	0	0	0
YGR059W	12	14	14	20	9	9
YGR114C	0	0	0	0	0	0
YGR128C	1044	2401	2358	2354	2243	3054
YGL246C	436	845	880	862	802	1009
YGL190C	469	794	857	847	978	1256
YGR033C	381	726	812	850	999	963
YGL112C	522	971	1015	1032	1157	1314
YGL001C	843	1482	1670	1604	1677	1479
YGR168C	157	334	335	354	351	446
YGL093W	230	385	369	433	571	550
YGR120C	226	396	467	479	538	607
YGR027C	7808	13779	15840	12453	12227	12885
YGL259W	3	7	6	3	2	1
YGR294W	1	6	3	4	2	1
YGR124W	3046	5713	5910	6132	6805	5678
YGL103W	11538	20227	22748	18414	16391	16241
YGL062W	327	579	564	999	1735	1525
YGR049W	258	524	603	610	759	665
snR39	14	33	38	30	33	62
YGR076C	152	278	303	401	431	500
YGL161C	474	830	915	942	1110	837
YGR062C	133	218	229	253	308	254
tV(AAC)G1	1	0	0	0	0	0
YGL237C	101	187	187	202	263	197
YGR024C	381	714	753	717	731	894
YGR184C	485	1031	1024	1251	1417	1476
YGR292W	5	5	9	15	13	6
YGR151C	0	0	2	1	0	0
YGL034C	0	2	0	1	1	1
YGL067W	404	735	750	760	805	836
YGR072W	432	734	775	776	806	923
YGL229C	86	168	165	164	200	223
YGR055W	817	1750	1655	1770	2718	3119
YGL044C	235	421	472	463	478	476
YGL054C	764	1443	1517	1540	1659	2280
YGL119W	257	529	507	563	693	743
YGR068W-A	0	0	0	0	0	0
YGR206W	54	142	204	187	161	194
YGR121W-A	8	10	16	17	12	8
YGL130W	347	598	640	694	792	812
YGL042C	0	2	0	0	1	0
YGR090W	1135	2507	2391	2688	3167	4229
YGR221C	84	147	147	170	255	260
YGR143W	517	886	945	858	766	684
tR(UCU)G1	0	0	0	2	0	1
YGL218W	1	2	0	2	2	1
YGL198W	256	501	472	510	567	474
YGL083W	284	522	516	624	692	768
tC(GCA)G	0	0	0	0	0	0
YGR071C	274	536	608	589	627	819
YGR259C	4	11	7	2	4	8
YGR058W	178	312	334	358	372	394
YGL195W	1485	2826	2749	2613	2728	2759
YGL192W	1	0	0	2	2	1
YGL206C	864	1647	1660	1682	1931	1977
YGR060W	3994	7624	7685	6790	7722	7777
YGL257C	446	857	883	892	1007	1173
YGL236C	101	217	228	272	437	344
YGR138C	1392	2823	2786	1901	1233	234
YGR015C	110	176	218	188	209	239
YGL023C	358	750	681	916	1098	674
YGL144C	237	381	368	400	473	492
YGL071W	387	759	771	925	1305	1013
tK(CUU)G3	0	0	0	0	0	0
YGR080W	329	617	695	693	779	742
YGL116W	263	626	557	583	724	646
YGR035C	116	160	150	185	127	249
YGL201C	453	853	843	892	1040	1087
YGR212W	100	179	194	198	267	279
YGR154C	86	146	139	136	161	203
YGL241W	356	713	733	789	820	988
YGL262W	0	0	0	0	0	0
YGR247W	167	297	343	290	290	210
YGR199W	318	672	685	690	908	960
YGL260W	0	0	0	0	0	0
YGR179C	133	188	206	235	294	331
YGR011W	13	27	43	31	36	54
YGL111W	912	1862	1874	1841	1885	2018
snR39B	8	17	17	22	22	17
YGR073C	18	39	37	31	45	39
YGR155W	4680	8704	9093	9180	10019	10852
YGL114W	458	829	908	859	1024	927
YGL255W	1303	2765	2562	929	650	592
YGR066C	5	17	18	16	11	14
YGR233C	853	1642	1788	1720	1935	2303
YGR092W	315	568	578	676	839	865
YGL041W-A	211	314	384	379	390	481
YGR171C	203	354	399	439	501	553
tW(CCA)G2	0	0	0	0	0	0
YGL171W	682	1583	1546	1570	1437	1671
YGL029W	613	1081	1102	865	718	831
YGR040W	252	467	510	554	591	612
YGR220C	282	606	635	655	794	764
YGR268C	142	214	251	262	282	135
YGL147C	7874	14210	15387	11757	10294	9460
tK(CUU)G1	0	0	0	0	0	1
YGR144W	15	24	32	19	22	20
YGR178C	1205	2227	2364	2432	2730	2536
YGR113W	178	329	287	388	401	381
YGL203C	504	921	930	882	1077	1024
YGL048C	1288	2545	2649	3069	3531	3254
YGR207C	391	699	776	859	920	1095
YGR258C	207	407	394	488	588	578
YGL091C	278	531	542	575	599	584
YGR093W	398	862	877	910	876	1069
YGR119C	675	1333	1426	1511	1789	1917
YGR213C	62	130	131	237	155	120
YGR061C	2816	5666	5471	4814	4734	4982
YGL182C	1	1	2	4	1	4
YGR139W	2	2	1	1	0	1
YGR121C	335	483	540	658	803	431
YGL043W	442	819	949	976	1133	1012
YGR280C	1081	2064	2103	1922	1585	1637
YGL085W	129	276	288	309	335	357
YGL031C	8724	16385	17725	14874	13819	14752
YGR117C	232	437	414	482	491	550
YGR254W	6840	11640	12396	8297	7649	3849
YGR235C	215	463	449	494	564	554
YGL124C	260	474	539	572	561	640
YGR236C	3	14	15	19	13	8
YGL164C	286	474	550	559	565	553
YGR293C	0	0	0	1	0	0
tL(CAA)G1	0	0	0	0	0	0
YGR264C	2910	6170	6319	5979	5874	6853
YGL234W	3552	6783	6203	5657	4951	4712
YGL109W	0	0	0	3	1	1
YGL238W	960	1883	1828	2070	2352	3122
YGL041C-B	3	4	3	8	2	5
YGR056W	296	471	499	533	732	800
YGR201C	158	272	306	273	271	216
YGR239C	132	228	231	308	429	366
YGR169C-A	242	384	442	398	511	477
YGR185C	1831	3694	3943	3629	3697	4110
YGR189C	2708	4700	4701	6764	7894	5682
YGR022C	0	0	0	4	1	0
YGR290W	0	1	1	1	0	0
YGL205W	4	8	7	7	10	6
tK(CUU)G2	0	0	0	0	0	0
YGL221C	538	1020	1094	1270	1292	990
YGL108C	149	265	306	313	367	342
YGL069C	4	5	4	5	3	4
YGL135W	2799	5000	5329	4458	4227	4520
YGR253C	995	1926	1994	2305	2564	2443
YGL053W	166	271	320	338	297	256
YGL101W	288	580	608	581	674	723
YGR271C-A	712	1386	1424	1260	1033	1806
YGR267C	1062	1955	2217	1974	1963	1810
YGR234W	9316	17077	18634	15786	16068	17339
YGL251C	177	342	354	409	411	461
YGL141W	241	422	464	530	598	622
YGL245W	2681	5203	5227	5040	5103	5303
YGL007W	1	2	3	2	3	3
YGL005C	245	482	514	487	530	638
YGL215W	1349	2618	2753	2929	3220	3487
YGR173W	426	823	839	901	958	995
YGL249W	9	26	31	30	35	36
YGR161W-C	32	55	67	58	119	55
YGR229C	1436	2896	2935	2977	3484	3856
YGR070W	196	337	335	370	369	301
YGR135W	1144	2354	2477	2558	2856	2723
YGL014C-A	0	0	0	0	0	0
YGR225W	16	25	30	24	31	30
YGL258W	9	5	10	10	5	4
tT(UGU)G1	0	0	0	0	0	0
YGL139W	473	976	961	1041	1217	1291
YGL172W	387	702	774	717	811	870
YGR088W	282	543	509	293	174	131
YGL126W	168	267	340	369	451	218
YGR140W	287	472	550	603	716	806
YGR129W	59	168	175	222	220	253
YGL027C	668	1190	1234	1278	1479	1528
tL(CAA)G2	0	1	0	0	0	0
YGL231C	470	863	979	1081	1074	1078
YGL019W	577	991	1188	1112	1275	1023
tR(UCU)G3	0	0	0	0	0	0
YGR017W	643	1140	1264	1226	1267	1159
YGR107W	4	3	2	8	3	3
YGL039W	318	575	568	706	611	614
tL(CAA)G3	0	0	0	0	0	0
YGL123C-A	42	40	14	13	17	19
YGL002W	212	372	404	433	392	465
YGR044C	482	1000	1055	963	1154	860
YGR193C	520	988	1025	1030	1193	1106
YGL033W	10	12	13	13	7	33
YGR165W	314	721	696	786	930	933
YGL030W	10242	17376	19988	15175	14206	15487
YGL128C	83	138	138	178	236	156
YGL063C-A	0	0	0	1	0	0
YGL007C-A	3	8	4	10	10	4
YGL175C	24	56	37	62	97	76
YGL223C	279	504	535	569	671	677
YGR190C	3	3	1	1	0	0
YGL004C	230	368	411	399	416	433
YGL148W	2464	4634	4887	4520	4348	3091
YGR281W	513	990	956	1155	1261	1475
tH(GUG)G2	0	0	0	2	1	0
tF(GAA)G	0	0	0	0	1	0
YGR078C	310	461	582	612	711	638
YGL133W	424	774	765	887	1123	1048
tV(AAC)G2	0	0	0	0	0	0
YGR295C	531	1014	1058	1046	1177	1244
YGR048W	235	433	496	563	767	634
YGR065C	210	362	423	470	604	684
YGL051W	12	14	9	13	7	3
YGL220W	339	627	738	781	828	631
YGR019W	394	743	749	792	848	698
YGL010W	31	53	59	49	64	62
YGL090W	148	263	326	326	346	370
YGR054W	1687	3360	3337	3362	3891	3812
YGR174W-A	5	12	22	9	6	14
YGL032C	336	622	686	455	568	576
tE(UUC)G2	0	0	0	0	0	0
YGL179C	612	865	1008	757	493	297
tE(UUC)G3	0	0	0	0	0	0
YGR002C	252	450	464	514	561	556
YGL134W	149	240	335	278	363	306
YGL235W	1	0	1	1	2	1
YGL006W	1062	1903	1951	1473	1079	808
YGR028W	231	419	513	523	538	529
YGR283C	309	613	650	583	691	889
YGR249W	357	597	686	579	309	83
snR82	10	23	23	25	27	30
snR7-L	0	0	0	0	0	0
YGL232W	511	1053	1118	1072	1088	1371
YGL157W	544	961	1059	1127	1146	1075
YGL118C	0	0	0	0	2	1
YGR012W	231	484	529	619	703	577
YGR242W	0	0	0	1	0	0
YGR014W	682	1191	1164	1503	2236	2145
YGR038C-A	0	0	0	0	0	0
YGR161C-C	0	0	0	0	0	0
YGR027W-A	0	0	0	0	0	0
YGR109W-A	0	0	0	0	0	0
YGR027W-B	0	0	0	0	0	0
YGR038C-B	1	0	0	0	0	0
YGR161C-D	19	49	42	40	42	48
YGR161W-A	0	0	0	0	0	0
YGR109W-B	42	73	68	75	81	78
YGR161W-B	0	0	0	0	0	0
YLL050C	2045	3726	4091	3922	4028	4019
YLL032C	209	350	356	419	541	581
YLR466W	0	0	1	2	1	0
YLR054C	48	113	143	132	114	63
YLR437C	140	244	259	294	372	217
YLR217W	0	3	3	0	2	2
YLL056C	28	68	82	57	56	49
YLR128W	65	148	140	175	190	129
YLR279W	0	0	0	0	0	0
YLR075W	20716	35909	40208	33895	32539	29789
YLR052W	324	602	670	685	814	830
YLR159C-A	0	0	0	0	0	0
YLR025W	494	975	1070	1001	1263	1149
YLR049C	314	589	562	643	804	879
YLR308W	1	1	0	3	2	0
YLR032W	219	510	523	591	671	753
ETS2-2	0	0	0	0	0	0
YLR251W	51	90	119	116	93	64
YLR321C	324	541	580	592	792	743
YLR327C	98	128	156	137	182	61
YLR154C-H	0	0	0	0	0	0
YLR247C	383	765	749	956	1047	1098
YLR167W	27229	49580	56219	45038	41975	40025
YLR220W	421	804	843	739	852	739
YLR455W	169	296	264	365	388	504
YLR282C	0	1	0	0	1	0
YLR094C	168	283	273	267	360	286
YLR272C	226	451	456	575	640	881
YLR264C-A	0	0	0	1	0	2
YLR338W	0	2	2	1	2	1
YLR181C	240	483	505	567	606	596
YLR458W	0	1	0	0	0	1
YLR180W	2453	4449	4705	4905	5158	3985
YLR250W	559	1002	1155	1131	1162	1245
YLR222C-A	22	41	29	31	35	38
YLR424W	137	261	245	303	349	397
YLR253W	340	648	618	681	796	756
YLR390W-A	2493	3885	3573	4719	5883	3931
YLR233C	97	192	191	180	240	269
YLR347W-A	1	0	0	0	0	0
YLR117C	331	615	581	610	693	807
YLR110C	28250	46672	47813	52575	60755	33300
YLR072W	228	353	368	423	526	444
YLR069C	322	636	678	884	1119	1094
YLR403W	419	750	707	707	885	1041
YLR008C	387	763	813	882	1044	1237
YLR231C	156	302	347	365	420	366
YLR264W	1132	1934	2310	1610	1645	1661
YLR164W	28	37	40	36	53	39
YLR079W	514	944	1018	1055	1349	1001
YLR103C	121	286	260	339	406	437
YLR170C	138	244	323	330	372	307
YLR228C	233	458	418	383	458	417
YLL036C	466	874	975	939	1042	1020
YLR467C-A	0	0	0	0	0	0
YLR198C	15	13	13	12	10	15
snR61	8	7	8	8	17	24
YLR411W	35	38	62	55	60	77
YLR056W	3766	6598	7135	6084	7663	6350
YLR429W	1301	2412	2598	2739	3155	2827
YLL060C	45	97	97	139	112	110
YLR310C	550	1121	1142	1310	1536	1617
YLR342W	5739	10765	10451	10596	11070	11980
YLR017W	718	1443	1604	1439	1458	1286
tL(UAG)L2	0	0	0	0	0	0
YLR304C	2045	3700	3754	5401	7698	6457
YLL052C	32	49	74	30	29	35
YLR027C	1610	2836	2994	3409	4341	2798
YLR214W	793	1647	1554	2130	2971	3083
ITS2-2	0	0	0	0	0	1
YLL062C	87	150	152	281	451	488
YLR378C	1652	3058	2802	3356	4186	3405
YLR023C	226	392	419	428	514	615
YLR425W	197	360	364	403	491	540
YLR073C	124	291	256	306	429	534
YLL008W	1607	3174	3115	3146	2976	3335
YLL063C	55	89	80	94	112	105
YLR449W	2234	4358	4309	3926	3475	3411
YLL046C	4	6	13	5	7	13
YLR089C	750	1546	1591	1732	2223	2032
RDN18-1	0	0	0	0	0	0
YLR020C	557	1006	1136	1119	1183	1199
YLR190W	795	1582	1632	1614	1907	2092
YLR045C	324	700	718	912	1093	990
YLR285W	433	924	1028	835	914	1100
YLR322W	0	2	1	0	1	1
YLR276C	1567	3301	3402	3224	2925	3819
YLR346C	10	22	23	42	20	23
YLR156W	0	0	0	0	0	0
YLR135W	166	279	282	284	358	421
YLR261C	1	5	4	6	3	4
YLL066C	2	5	3	1	4	1
YLR077W	211	452	481	540	723	618
YLR144C	252	447	525	550	648	672
YLR414C	785	1643	1863	2116	1873	1111
YLR030W	12	19	18	33	38	24
YLR301W	619	1282	1346	1250	1307	1288
YLR252W	19	47	50	40	43	28
YLR427W	346	633	717	828	857	830
YLR200W	340	638	681	610	726	847
YLR150W	10861	20076	22245	19087	19592	13492
YLL021W	687	1435	1397	1605	1975	1928
YLR078C	229	463	484	494	524	593
YLR153C	3565	6916	6965	7193	8874	6798
YLR404W	123	241	242	266	297	281
YLR014C	204	406	371	420	462	547
YLL005C	2	9	5	6	8	2
tQ(UUG)L	0	0	0	0	0	0
YLR262C	111	222	255	206	244	367
YLR296W	1	0	3	1	0	0
YLR234W	41	71	68	113	182	99
YLR096W	532	997	1001	1015	1216	1228
YLR271W	102	213	219	204	179	162
YLR033W	371	715	726	819	938	1096
YLR278C	635	1267	1263	1235	1460	1076
YLL055W	111	194	211	177	170	173
YLR266C	194	309	333	328	345	458
YLL030C	0	1	1	0	0	0
YLR323C	121	257	289	273	328	307
YLR007W	239	371	425	440	468	482
YLR406C-A	1	0	1	2	0	0
YLL015W	665	1204	1199	1199	1200	1380
YLR343W	20	66	74	37	41	37
YLR269C	0	1	0	0	0	0
tN(GUU)L	0	0	0	0	0	0
YLR210W	120	220	232	248	308	344
YLR058C	2178	4347	4026	4280	4339	4872
YLR145W	148	272	281	283	312	357
YLR080W	61	83	104	123	127	108
YLR443W	286	565	589	602	649	646
YLR325C	6967	11662	13927	11068	11506	12927
YLL006W	151	306	309	351	374	394
YLR074C	725	1316	1532	1348	1207	1173
RDN5-5	0	0	0	0	0	0
YLR311C	3	0	0	2	3	2
YLR191W	151	295	320	303	368	393
YLR235C	0	1	1	0	0	0
YLR364C-A	0	0	0	1	0	0
ITS2-1	0	0	0	0	0	0
YLR288C	113	228	264	264	307	288
YLL001W	258	446	434	511	707	806
YLR409C	1056	2269	2266	2146	2371	2937
YLR099C	205	391	441	625	703	505
YLR131C	198	404	349	424	532	518
YLR362W	220	401	413	453	551	522
YLR256W	488	820	806	780	666	614
YLR068W	427	760	842	728	589	812
YLR101C	7	10	16	8	9	12
YLR341W	2	3	6	9	5	6
YLL054C	168	296	313	391	392	432
YLR186W	826	1678	1686	1526	1546	1482
YLR143W	344	786	778	806	915	1005
YLR368W	241	418	396	456	512	554
YLR393W	70	105	108	146	154	129
YLR176C	92	175	178	184	199	227
YLR126C	195	369	402	412	499	557
YLR099W-A	87	116	162	167	179	100
YLR423C	89	138	145	180	209	220
YLR357W	403	739	701	768	999	981
YLR197W	4327	8506	8848	7770	6917	8888
ETS1-1	0	0	0	0	0	0
YLR187W	152	282	248	299	366	344
RDN5-2	0	0	0	0	0	0
YLL034C	666	1376	1341	1429	1465	1876
YLL023C	302	558	588	520	525	504
YLR065C	439	807	888	829	813	852
YLL031C	574	1044	1055	1092	1388	1594
YLR419W	430	852	969	1026	1151	1291
YLR149C-A	1	0	0	0	0	0
YLR294C	250	468	516	432	674	749
YLR405W	278	445	527	533	598	472
YLR157C-C	0	0	0	0	0	0
YLR463C	1	5	1	1	2	1
YLR026C	261	491	519	559	667	710
YLR267W	20	43	51	56	45	44
YLR093C	301	501	606	644	704	706
YLR085C	216	440	449	424	496	486
YLR246W	165	250	266	300	375	340
YLR433C	215	431	436	436	481	405
YLR227C	102	199	230	239	221	310
YLR012C	0	0	1	2	0	0
YLR111W	3	4	4	3	2	3
YLR152C	243	432	411	363	400	271
YLR370C	514	943	1002	1071	1274	1027
YLL026W	6596	9653	10489	8967	8243	4656
YLR289W	108	168	181	228	299	307
YLL066W-B	0	0	0	0	0	0
YLR114C	509	863	962	1046	1233	1292
YLR213C	56	126	115	97	141	97
YLR146C	285	579	627	567	516	600
YLR445W	0	0	1	0	3	2
RDN18-2	0	0	0	0	0	0
YLR169W	0	0	1	0	0	1
YLR202C	10	19	21	17	22	32
YLL053C	50	106	124	83	68	49
YLR333C	2965	6350	6696	5501	5159	5479
YLR082C	138	238	244	265	281	313
YLR193C	121	217	234	257	334	285
YLL043W	579	1062	1144	1176	1506	1301
YLR337C	341	548	573	675	881	505
YLL066W-A	0	0	0	0	0	0
YLR039C	311	597	551	698	779	881
YLR457C	95	159	188	191	208	247
YLR377C	4	3	10	7	7	3
YLR104W	144	273	305	346	371	408
YLR319C	254	496	552	614	717	715
YLR184W	0	0	0	0	0	0
YLR317W	37	49	48	58	75	51
YLL003W	236	485	463	515	584	663
YLR004C	27	39	31	34	42	43
YLR407W	231	454	463	436	569	659
YLR336C	588	1184	1253	1322	1389	1810
YLR430W	790	1538	1505	1617	1632	1777
YLR436C	327	655	603	689	746	819
YLR347C	738	1392	1374	1492	1900	1924
YLR324W	199	336	366	430	574	405
tV(AAC)L	0	0	1	1	0	3
YLR460C	53	83	109	99	144	126
YLR113W	1512	2967	3019	2998	3191	3025
YLR046C	81	141	138	134	185	193
YLR125W	29	64	39	59	73	68
YLR196W	1801	3650	3834	3513	3132	3473
YLR363W-A	256	546	510	437	398	581
YLL061W	183	333	294	475	606	670
YLR119W	114	179	193	190	187	220
snR57	17	43	37	47	47	47
YLL020C	12	29	21	18	25	26
YLR163C	319	620	606	741	1012	1005
YLL014W	324	689	736	696	699	951
YLR129W	934	2084	2137	2183	2386	3066
tD(GUC)L2	0	0	0	0	0	0
YLR173W	148	254	227	274	294	276
YLR090W	290	485	523	483	623	477
YLR286W-A	1	5	6	8	3	3
snR55	7	21	26	24	30	23
YLR259C	2130	3885	4234	6498	9912	7471
YLR219W	421	660	748	771	859	666
YLR401C	708	1533	1550	1443	1572	1465
YLL058W	207	299	337	318	348	302
YLR177W	228	407	456	360	302	223
YLR415C	0	3	3	6	5	1
YLR467W	0	0	0	0	0	0
YLR302C	0	1	0	1	1	2
YLR185W	3782	7660	8416	6844	6075	6394
YLR060W	2944	5880	6160	5792	6044	5582
YLR313C	70	126	151	172	244	292
YLR303W	2294	4721	4707	7196	8720	9401
YLR154W-B	0	0	0	0	0	0
YLL029W	606	1034	1062	1222	1445	1196
YLL047W	1	0	1	2	0	2
YLR285C-A	177	427	384	293	324	380
YLR001C	155	305	298	337	378	435
snR79	4	3	7	5	4	5
YLR465C	0	1	0	1	2	1
YLR015W	177	469	461	516	522	563
YLR432W	2025	4001	4062	3255	3296	3684
YLR081W	7	5	8	8	6	7
YLR166C	414	875	890	904	977	1253
YLR383W	165	373	356	398	481	526
YLR035C	119	230	248	310	340	327
YLR044C	66861	116451	127046	123489	130093	97286
YLR293C	3550	6925	7345	7015	7062	7777
YLR399W-A	0	0	0	0	0	0
YLR192C	1356	2684	2752	2670	3094	2800
YLR300W	4966	9725	9591	10178	12770	12379
YLR098C	280	408	407	496	512	413
YLR448W	4301	7885	8322	7547	7472	6719
YLR381W	179	292	292	356	456	446
YLR280C	0	0	0	0	0	0
snR44	165	285	307	220	196	290
YLR367W	2188	4046	4266	3551	3523	3595
YLR309C	517	948	969	1112	1242	1476
YLR299W	362	601	639	750	845	552
YLR224W	383	742	768	755	951	974
YLR029C	15216	28747	32583	27058	26080	26975
YLR373C	327	585	594	665	784	795
YLR092W	38	82	71	105	146	247
YLL018C-A	87	141	171	154	185	118
RDN25-2	0	0	0	0	0	0
YLR066W	497	835	1025	907	970	1168
RDN58-1	0	0	0	0	0	0
YLR146W-A	68	120	128	122	130	165
YLR175W	4121	8548	8673	7693	7084	7319
YLR402W	7	29	23	18	36	30
YLR158C	0	0	0	0	0	0
YLL051C	386	613	678	744	944	880
YLR314C	1067	2174	2283	2367	2843	3072
YLR438C-A	395	766	855	820	929	661
YLR209C	293	546	565	620	667	604
YLR019W	356	591	647	665	828	715
YLR123C	1	6	13	6	5	6
YLR353W	181	344	364	390	537	484
YLR361C	203	368	364	371	413	391
YLL033W	54	103	118	114	133	145
YLR389C	732	1258	1284	1404	1423	1428
YLR438W	33	76	72	204	389	151
YLR290C	99	191	235	244	263	275
YLR270W	276	505	562	488	501	460
YLR194C	3546	5603	6085	6637	6189	2441
YLR006C	699	1184	1330	1258	1179	796
YLR223C	550	1093	1068	1174	1680	1909
YLR195C	450	942	983	1046	1136	1198
YLL016W	130	238	218	271	271	298
YLL067W-A	0	0	0	0	0	0
YLR398C	452	887	892	1024	1313	1262
YLR418C	400	652	732	748	821	926
YLR010C	31	43	49	69	53	67
YLR307W	7	20	25	16	20	30
YLR356W	76	174	180	180	272	208
YLR431C	149	265	281	261	273	341
YLR109W	2041	3773	4186	7805	11810	8682
tI(UAU)L	0	0	0	0	0	0
YLR364W	56	98	101	116	153	196
YLR106C	2342	4513	4372	4088	3338	3373
YLR083C	1366	2803	2841	2553	2577	3081
YLR274W	385	800	783	791	912	1014
YLR413W	2180	4340	3914	3403	4197	5288
YLR412C-A	1	1	0	1	1	1
YLR340W	14422	28038	28865	25843	26075	23550
YLR055C	169	345	356	357	530	329
YLR254C	136	241	244	212	224	210
YLL017W	4	4	3	1	4	1
YLR121C	710	1345	1421	1789	1537	573
tA(AGC)L	0	0	0	0	0	0
YLL042C	26	57	48	58	62	69
YLR157W-D	0	0	0	0	0	0
YLR211C	50	120	93	128	172	221
YLR400W	0	1	1	2	0	2
YLR105C	263	490	514	516	532	562
YLR142W	295	509	544	710	886	490
YLR376C	57	90	107	103	80	124
YLR318W	86	178	200	200	230	297
YLR239C	230	426	487	476	543	559
YLR262C-A	889	1660	1872	1469	1353	1492
tE(UUC)L	0	0	0	0	1	0
YLL037W	1	2	3	3	5	4
YLR452C	658	1481	1447	1108	1394	1701
YLR372W	3252	6459	6570	5956	5981	7026
YLR154W-C	0	0	0	0	0	0
ETS2-1	0	0	0	0	0	0
YLR363C	126	261	319	270	267	358
YLR207W	336	561	619	635	738	591
YLR312W-A	232	447	476	541	681	750
YLR188W	418	857	922	989	1173	1182
YLR011W	70	134	162	181	186	146
YLR159W	0	0	0	0	0	0
YLR328W	506	941	1017	992	1125	1047
YLR171W	3	2	3	7	2	0
YLR241W	535	956	963	1039	1062	995
YLR245C	35	77	73	55	99	79
YLR360W	163	294	352	389	415	495
snR30	76	108	147	118	108	48
YLR205C	243	393	415	484	691	308
RDN25-1	0	0	0	0	0	0
YLR161W	0	0	0	0	0	0
YLR287C	492	1026	1006	1047	1192	1575
YLR366W	0	0	0	1	3	2
YLR410W	1075	2130	2122	2249	2565	2695
YLR230W	1	3	3	4	0	2
YLR097C	216	454	484	459	461	446
YLR397C	485	994	1014	1125	1146	1073
YLR120C	1626	2503	2688	2762	2870	1653
YLR335W	979	2145	2078	2307	2660	2629
YLR399C	698	1381	1345	1391	1820	1542
YLL044W	7	10	1	2	0	1
YLR453C	58	115	133	148	139	148
YLL057C	30	52	64	66	54	53
YLR388W	3096	5351	6756	5361	5512	5840
YLR249W	36580	69026	69893	63781	60140	60000
YLR151C	34	62	88	105	134	134
YLR260W	280	468	499	623	755	618
YLL010C	161	285	321	318	398	348
YLR133W	247	426	475	479	470	384
YLR329W	11	29	14	31	19	25
snR6	0	0	0	2	1	2
YLL011W	507	967	1062	1033	1276	1777
YLR384C	1084	2201	2186	2077	2072	2299
YLR203C	402	699	761	897	1073	1013
YLR156C-A	0	0	0	0	0	0
YLR394W	139	261	252	306	360	352
YLR021W	171	362	384	366	429	376
YLR331C	0	0	2	0	1	0
YLR450W	444	807	778	768	718	754
YLR140W	1	0	0	0	1	1
YLR157W-E	0	0	0	0	0	0
YLR390W	79	122	153	156	189	120
YLR291C	705	1338	1437	1340	1494	1612
RDN5-4	0	0	0	0	0	0
YLR408C	24	57	48	43	49	57
YLR240W	216	405	444	471	537	511
YLR018C	213	426	504	523	653	574
YLR344W	3942	7827	8700	7404	7491	6315
YLR412W	335	639	670	645	691	845
YLR447C	2063	3962	4132	3703	3637	3774
YLR361C-A	41	114	141	157	146	173
YLR112W	17	38	56	35	45	41
YLR435W	642	1220	1374	1174	1056	1248
YLR084C	305	662	634	725	1086	1571
snR34	10	16	29	31	14	27
YLR091W	53	132	156	130	159	118
YLR275W	128	237	262	237	248	381
YLR102C	68	128	158	170	181	114
YLR263W	100	190	182	214	201	266
YLR379W	0	0	0	0	0	0
tL(UAG)L1	0	0	0	0	0	0
YLR459W	292	608	597	643	697	888
YLR316C	186	390	359	441	450	408
YLR277C	312	538	591	698	767	905
tP(UGG)L	0	0	0	0	0	0
YLR229C	951	1736	1870	1676	1825	1463
YLR120W-A	3	2	3	3	6	2
YLR048W	11346	21116	22509	19584	19291	16858
YLL059C	6	14	14	11	21	11
YLR238W	198	344	349	357	379	477
YLR283W	77	167	182	187	207	198
YLR298C	206	413	436	461	397	454
YLR232W	2	0	1	0	1	0
YLR086W	294	625	606	750	908	976
YLR053C	1	5	8	4	5	3
YLL041C	322	502	610	457	750	540
YLR330W	1397	2425	2629	2622	2878	2463
YLR244C	1047	2180	2274	2212	2262	2330
YLR299C-A	0	0	0	1	1	0
YLL019W-A	0	1	1	0	0	1
YLR258W	370	632	642	567	514	402
YLR174W	20	60	55	61	75	63
YLR444C	0	0	0	0	0	1
YLR315W	10	37	33	34	54	42
YLR374C	2	1	1	2	4	2
YLR154W-F	0	0	0	0	0	0
tR(ACG)L	0	1	0	0	0	1
YLR172C	1177	1951	2090	1887	1708	1608
YLR273C	44	97	109	138	166	220
tK(UUU)L	0	4	1	0	1	1
YLL012W	236	470	454	513	607	719
YLR022C	442	794	929	834	912	1034
YLR382C	219	459	451	554	789	816
YLR041W	17	16	29	12	27	21
YLR466C-A	0	0	0	0	0	0
YLR268W	471	948	1038	1141	1224	1209
YLR420W	481	1017	1114	1093	1133	1169
ITS1-1	0	0	0	0	0	0
YLR137W	80	158	166	169	231	154
YLR087C	203	407	405	477	476	502
YLL049W	111	220	238	243	293	362
tL(CAA)L	2	3	4	5	4	6
RDN37-1	0	0	0	0	0	0
YLR426W	116	191	221	246	293	257
YLL035W	308	635	627	716	784	895
YLL009C	86	170	169	238	259	264
YLR036C	111	260	225	244	267	326
YLR118C	209	362	426	427	459	481
ETS1-2	0	0	0	0	0	0
YLR406C	4309	8566	9668	7986	8298	8514
ITS1-2	0	0	0	0	0	0
YLR136C	80	78	103	160	211	153
YLR385C	12	27	29	25	41	38
YLR281C	0	1	2	3	1	3
YLR138W	995	1750	1775	1870	1734	1504
YLL019C	218	386	354	429	707	534
YLR284C	45	100	103	84	91	100
YLR295C	378	734	765	764	1160	1050
YLR307C-A	2	4	1	2	5	8
YLR349W	3	3	6	4	9	1
YLR248W	1039	1707	1877	1714	1732	1662
YLL006W-A	0	0	0	0	0	0
YLR127C	209	421	454	454	556	585
YLR002C	753	1561	1544	1595	1627	1852
YLR168C	308	581	591	654	847	813
YLR342W-A	52	120	119	79	65	94
YLR031W	20	34	30	28	34	45
RDN5-3	0	0	0	0	0	0
YLR189C	277	596	585	669	774	824
YLR358C	0	0	1	2	0	0
YLR134W	122	189	202	182	265	212
YLR051C	534	1077	1086	1000	1063	1324
YLR466C-B	0	0	0	1	0	0
YLR215C	183	366	410	428	453	497
YLR206W	608	1134	1197	1294	1596	1137
tI(AAU)L2	0	0	0	0	0	0
YLR201C	178	338	370	365	405	398
YLL018C	3031	5820	5689	5374	5760	4615
YLL025W	12	13	11	24	24	11
YLR392C	194	306	295	300	361	365
YLR063W	136	249	266	282	335	484
tA(UGC)L	0	0	0	0	0	0
YLR124W	0	1	1	3	2	1
YLR350W	941	1587	1801	1588	1639	863
YLR312C	13	22	22	20	22	20
YLR204W	202	320	364	409	475	334
YLL007C	148	243	261	272	271	281
YLR141W	49	107	96	111	163	81
tD(GUC)L1	0	0	0	0	0	0
YLL038C	101	185	202	201	250	158
YLR257W	3013	5513	6067	5935	5723	3745
YLR108C	32	104	121	142	264	222
YLR163W-A	0	1	0	0	0	0
YLR416C	0	2	1	1	1	1
YLR375W	641	1112	1163	1131	1252	727
YLR287C-A	5359	10034	11542	9619	10271	9398
YLR154W-E	0	0	0	0	0	0
YLR155C	0	0	0	0	0	0
tS(AGA)L	0	0	0	0	0	0
YLR003C	685	1242	1400	1329	1212	1642
YLR221C	950	1745	1918	1727	1592	1994
YLR355C	4934	10263	9597	11258	13982	12864
YLR464W	0	0	0	0	0	0
YLR446W	33	58	62	60	65	80
YLR237W	203	324	358	291	379	449
YLR441C	13728	26126	28849	23684	22479	21817
YLR178C	125	227	223	251	237	144
YLR028C	1428	2658	2663	3010	3693	3239
YLR043C	1129	1936	2383	2171	2201	2379
YLR218C	46	114	104	110	105	68
YLR243W	405	758	799	841	872	987
YLR148W	346	675	704	773	830	992
YLR162W-A	0	0	0	0	1	0
YLR462W	1	3	0	1	0	0
RDN37-2	0	0	0	0	0	0
YLR095C	305	562	575	660	926	821
YLR199C	308	587	597	743	923	902
YLR154W-A	0	0	0	0	0	0
YLR154C	128	222	218	242	293	277
YLL064C	0	0	0	0	0	0
YLR461W	0	0	0	0	2	0
tL(UAA)L	0	0	0	0	0	1
YLR265C	127	230	245	266	320	408
YLR428C	0	2	4	2	4	1
YLR242C	94	182	169	153	151	224
YLR351C	527	1108	1258	1196	1216	1110
YLR306W	132	203	239	217	222	220
YLR130C	925	2068	2076	1483	1649	1455
YLL028W	496	988	970	733	879	841
YLR183C	306	736	688	872	1046	1095
tR(CCG)L	0	0	0	0	0	0
YLR042C	52	89	128	155	246	210
YLR396C	148	314	327	378	420	462
YLR122C	2	1	5	6	1	3
YLR326W	83	165	181	188	218	167
YLR024C	133	306	274	405	496	540
YLR442C	318	621	590	665	756	877
YLR380W	504	921	958	1010	1201	953
YLR061W	6013	10482	12257	9946	9955	8916
YLR386W	272	586	583	616	680	750
YLR387C	416	717	808	937	1106	1031
YLR422W	300	508	564	648	727	839
YLR354C	3223	5517	5998	6477	7510	6468
YLR434C	1	1	2	0	1	4
YLL039C	965	1834	2101	3522	4268	3258
YLR149C	70	103	107	98	100	87
YLR208W	1060	2082	2255	2081	2386	2046
RDN5-6	0	0	0	0	0	0
YLR115W	300	620	604	756	879	977
YLR005W	352	550	639	690	705	655
YLR147C	209	315	398	424	389	361
YLR076C	4	6	3	0	0	1
YLR162W	0	0	0	0	0	1
YLR451W	444	835	823	973	945	1078
YLR212C	238	390	391	440	569	503
YLR454W	309	542	545	625	745	800
YLR437C-A	0	1	1	1	1	2
YLR064W	460	969	971	991	1282	1391
YLR132C	62	116	117	107	126	114
YLR182W	397	739	753	848	969	1130
YLR038C	262	535	662	548	781	785
YLR107W	272	511	607	582	550	670
YLR139C	122	193	192	226	319	293
YLR305C	671	1391	1314	1380	1497	1464
YLR339C	3	1	3	3	2	0
YLR062C	8	3	2	0	0	0
YLR334C	0	0	0	0	0	2
YLL002W	148	238	280	293	370	392
YLR070C	20	45	47	48	60	38
YLR157C	0	0	0	0	0	0
YLR226W	229	384	365	409	517	735
YLL048C	1270	2639	2627	2427	2570	2773
YLL024C	6758	12399	13086	21333	28559	22106
YLR009W	1471	2775	2904	2661	2430	3066
YLR057W	316	627	593	723	835	970
YLR348C	305	454	516	505	788	404
YLR439W	187	384	329	483	633	410
YLR236C	1	1	1	0	0	1
YLR345W	232	385	494	437	507	447
YLR050C	209	361	361	446	463	457
YLR332W	790	1291	1303	1185	1498	966
YLR369W	336	586	606	718	824	827
YLL065W	0	0	0	0	0	0
tX(XXX)L	0	0	0	0	0	0
RDN5-1	0	2	0	1	1	2
YLR417W	174	317	315	325	374	348
YLR179C	928	1854	1866	2150	2258	1539
YLR013W	0	0	1	0	0	0
YLR116W	218	412	392	479	521	483
YLR371W	392	707	696	740	856	1008
YLR222C	853	1766	1735	1749	1831	2381
YLR365W	1	5	2	0	0	2
YLR440C	242	442	479	610	639	633
YLR059C	311	616	674	680	719	493
YLR165C	87	209	204	194	219	174
YLR421C	439	906	947	992	1157	1253
YLL027W	271	569	586	706	672	522
YLR292C	453	878	1019	989	1015	1209
YLR034C	388	720	689	717	901	1051
YLR016C	152	320	340	324	382	275
YLR255C	5	2	5	5	0	1
YLR297W	179	360	364	301	375	213
YLR225C	428	824	958	812	806	830
YLR047C	119	215	197	259	317	346
YLL022C	255	482	495	572	590	474
tI(AAU)L1	0	0	0	0	0	0
YLR395C	460	746	994	775	1161	1274
YLL067C	1	4	9	5	7	1
YLR359W	3518	6984	6866	5399	4415	4906
YLR456W	41	117	125	96	103	134
YLR067C	172	322	355	404	530	596
RDN58-2	0	0	0	0	0	0
YLR040C	138	301	316	275	330	300
YLL013C	87	158	156	203	270	221
YLR320W	198	392	401	414	473	557
YLL045C	12839	24983	27405	22400	21173	18366
YLR352W	132	196	227	279	345	345
YLR160C	0	0	0	0	0	0
YLR071C	412	803	738	870	1049	1240
YLR286C	5891	11634	11857	10902	12128	11540
YLR037C	12	27	28	37	31	22
YLL004W	130	278	303	375	381	559
YLR100W	1080	2136	2243	2560	2703	2731
YLR088W	340	647	694	682	784	859
YLR216C	1258	2144	2435	4034	5454	4706
YLL040C	355	705	771	852	996	879
YLR154C-G	0	0	0	0	0	0
YLR410W-B	17	34	32	50	67	62
YLR410W-A	0	0	0	0	0	0
YLR157C-A	0	0	0	0	0	0
YLR256W-A	2	11	8	7	11	9
YLR035C-A	0	0	1	0	2	1
YLR227W-A	0	0	0	0	0	0
YLR157C-B	0	0	1	0	0	1
YLR227W-B	3	8	3	9	1	5
YPL071C	150	301	309	325	328	344
YPL208W	229	514	534	592	693	753
YPL102C	1	0	0	0	1	1
YPL217C	1441	2787	2959	2873	2665	2871
YPL197C	2	0	1	0	0	1
YPR139C	363	746	843	820	961	915
YPR169W	1132	2142	2227	2246	2173	2231
YPL257W	49	89	96	78	69	81
snR41	29	48	50	46	45	81
YPL009C	926	1767	1878	2024	2281	2458
YPL183C	900	1930	1960	2144	2345	2750
YPR065W	560	1138	1202	1677	2801	2050
YPR099C	6	16	16	11	8	11
YPR032W	297	520	547	549	641	691
tM(CAU)P	0	0	0	0	0	0
YPR194C	219	317	369	175	234	296
YPL084W	577	1159	1105	1190	1287	1420
YPR101W	195	334	355	309	396	461
YPL179W	773	1319	1354	1446	1674	2022
YPL224C	269	463	493	453	515	414
tG(GCC)P2	0	0	0	0	0	1
snR17b	14	19	32	22	23	43
YPR204W	7	9	15	20	23	12
YPR103W	1079	1942	2137	2503	2769	2274
YPR155C	188	290	312	297	409	453
YPL250W-A	11	10	2	1	3	4
YPL244C	448	774	813	879	923	961
YPR141C	110	221	245	307	388	436
YPL275W	0	0	0	0	0	0
YPR156C	1227	2256	2253	1844	1527	768
YPL240C	2688	3559	4131	4630	7316	5034
YPR188C	210	416	446	415	466	528
YPL111W	189	408	464	682	1079	931
YPR119W	365	795	746	770	961	1448
YPL192C	2	13	8	15	14	9
YPL059W	306	570	645	696	837	838
YPL218W	1554	2733	3031	2903	3042	3205
tI(AAU)P1	0	0	0	0	0	1
YPL264C	52	70	62	58	93	70
YPL198W	1404	2668	2707	2791	2991	3179
YPL006W	299	625	543	581	621	691
YPR161C	420	726	811	783	899	918
YPL145C	1783	3678	3770	3742	4108	4092
YPL092W	102	167	209	156	179	242
YPR181C	2220	3830	3749	3930	4741	4192
YPR171W	238	445	495	482	595	534
YPR122W	467	950	972	983	1085	1136
YPL091W	733	1357	1543	1423	1659	1610
YPL137C	402	722	697	809	998	1086
YPL014W	1122	2025	2014	1561	1008	306
YPL164C	144	290	316	351	334	297
YPL163C	551	813	757	1341	1682	1340
YPR069C	1440	2737	2960	2761	2732	3006
YPL038W-A	3	3	9	6	12	12
YPR072W	753	1526	1585	1578	1722	1973
YPR067W	155	296	317	330	428	414
YPL175W	299	599	639	727	649	674
YPL088W	456	816	820	1212	902	824
YPL125W	430	833	858	888	1035	1266
YPL090C	4348	8376	9067	7359	6678	5876
YPR120C	109	267	241	302	382	498
YPR198W	434	855	854	945	1044	1203
YPR053C	20	26	33	37	49	20
YPR106W	150	294	289	245	316	408
YPL250C	132	223	234	131	112	74
YPL051W	178	315	313	341	356	380
YPR013C	301	547	602	469	409	229
YPL121C	0	0	1	1	3	0
YPR068C	109	187	205	211	256	256
YPR160W-A	0	0	0	0	0	0
YPR202W	4	7	4	9	6	18
YPL270W	341	625	669	703	807	764
YPL248C	23	46	39	45	53	68
YPR058W	334	593	575	606	571	486
YPL004C	1587	2757	2997	2827	3454	2638
YPR110C	1671	3303	3720	3321	3164	3759
YPL042C	292	419	454	439	496	463
YPR149W	2345	4378	4738	3544	4225	3738
YPL172C	157	253	279	315	453	471
YPR009W	306	545	553	509	497	596
YPL039W	105	172	170	210	239	239
YPR051W	240	425	453	507	431	411
YPR134W	107	172	205	195	230	219
YPR118W	897	1907	1975	1881	1808	1999
YPR019W	507	906	868	918	1143	1073
YPL213W	135	286	296	344	380	352
YPR121W	117	225	212	213	253	200
YPL054W	10	13	19	18	35	26
YPL123C	115	259	265	246	248	224
YPL144W	77	144	148	157	223	165
YPR036W-A	957	1467	1772	1224	1704	759
YPL140C	242	492	528	530	566	541
snR70	35	55	65	52	61	75
YPL202C	247	430	479	577	685	833
YPL114W	10	25	23	34	27	16
tI(AAU)P2	0	0	0	0	0	0
YPL045W	288	526	575	631	701	822
YPL267W	82	162	183	216	278	320
YPL133C	165	219	222	270	313	273
tA(AGC)P	0	0	0	0	0	0
YPL263C	763	1484	1544	1565	1661	1592
YPL097W	149	254	289	402	485	473
YPR130C	4	8	9	17	12	7
YPR177C	2	2	5	1	2	2
YPR124W	1145	2301	2336	3489	4182	3635
YPR157W	547	1050	1064	733	544	182
YPR004C	508	1086	999	1143	1331	1228
YPR080W	6087	10652	11668	9936	9630	7699
YPL162C	144	251	273	275	295	315
YPL200W	0	0	0	2	0	2
YPR057W	225	369	398	403	498	470
YPR100W	264	548	559	614	747	811
YPR033C	2034	4049	4132	3985	3702	3956
YPR174C	97	240	234	275	319	239
YPR151C	10	10	16	18	33	28
YPR180W	303	521	637	626	687	737
YPL210C	1226	2382	2653	2655	2850	3423
tC(GCA)P1	1	0	0	0	0	0
YPL155C	180	334	340	390	522	459
YPL225W	878	1826	1980	1794	1949	2444
YPL081W	1057	2160	2275	3093	3625	3977
YPL266W	1079	2059	2106	1975	1642	1850
YPR002W	28	43	71	73	96	71
YPL127C	381	656	685	846	1141	766
YPR108W	820	1610	1779	2078	2455	2464
YPR172W	215	437	453	494	471	468
tF(GAA)P2	0	0	0	0	0	2
YPR200C	25	43	57	42	41	50
YPL058C	1107	1953	1870	1566	1450	1324
YPL073C	1	3	0	2	1	2
YPR197C	4	5	7	3	11	7
YPR088C	936	1853	1928	1899	1887	1934
YPL254W	300	605	622	639	627	732
YPR010C-A	177	286	346	322	532	602
YPL223C	1	4	10	13	13	7
YPR056W	234	480	535	497	546	616
YPR006C	124	154	220	236	270	267
YPR129W	616	1084	1180	1266	1472	1335
YPR199C	183	329	395	403	427	400
YPL062W	1	2	1	1	2	1
YPR113W	895	1589	1619	1580	1608	1461
YPL166W	63	107	112	118	114	113
YPR020W	354	676	724	591	859	967
YPL160W	3056	6447	6258	6541	6779	6681
YPL147W	129	206	240	237	255	306
YPL107W	160	250	300	313	379	337
YPL169C	702	1427	1454	1537	1745	1807
YPR169W-A	0	0	0	0	0	0
YPR170W-A	0	0	0	0	0	0
YPR014C	0	1	0	1	0	1
YPR049C	165	337	307	430	486	554
YPL087W	692	1183	1326	1128	968	704
YPR115W	354	712	694	697	837	731
YPL184C	462	902	923	1010	1052	1157
YPR111W	120	214	244	274	339	365
YPR203W	0	0	0	0	0	0
YPR189W	371	740	782	881	966	1091
YPR034W	484	853	903	1108	1406	1155
YPL189W	17	55	53	58	53	56
YPL246C	522	993	1042	1067	1208	1101
YPL020C	425	674	796	783	904	1024
YPL255W	116	197	234	252	345	319
YPL196W	185	324	339	360	361	267
YPR135W	239	466	500	523	709	781
YPR044C	4	3	2	3	0	1
YPL061W	1642	3255	3408	4522	9211	7608
YPL238C	6	3	1	1	2	2
YPL052W	210	366	425	480	452	527
YPR112C	1072	2134	2288	2151	2125	2610
YPL186C	38	53	57	64	59	46
YPR148C	905	1620	1823	1990	2185	2207
YPL276W	0	0	0	0	0	0
YPL280W	0	0	0	0	0	0
YPR143W	1094	2005	2132	1886	1536	1913
YPL261C	0	0	1	3	1	2
YPL034W	126	252	261	305	285	340
YPL116W	150	334	320	358	498	565
YPL131W	15903	28036	30340	27058	28888	24386
YPR017C	87	192	224	165	172	216
YPL012W	2548	5288	5238	5300	5047	6974
YPL017C	12	22	27	15	19	9
YPL010W	881	1611	1784	1697	1814	2071
YPR173C	769	1409	1508	1612	1870	1578
YPL233W	167	282	320	328	363	216
YPR024W	530	934	997	1130	1593	1355
YPL152W-A	0	1	0	0	0	2
YPL187W	8	4	3	0	5	4
YPR191W	984	1654	1737	1664	2968	2276
YPR170C	0	2	2	3	0	1
YPR123C	4	2	8	0	0	5
YPR142C	6	9	11	7	0	4
YPL063W	933	1966	1927	2000	2382	2209
YPR007C	11	22	25	22	17	33
YPR084W	215	364	380	417	458	480
YPL149W	302	555	629	696	652	473
YPL089C	691	1195	1210	1429	1520	1066
YPR166C	168	262	357	374	385	490
YPR167C	152	287	308	371	456	422
YPL231W	4747	9387	8762	8191	8111	7256
YPR025C	229	475	516	505	598	625
YPL098C	168	350	376	431	509	379
YPR147C	250	550	582	574	610	624
YPL129W	760	1397	1497	1437	1600	1510
YPR153W	15	57	43	71	72	65
YPR164W	239	481	506	539	713	880
YPL026C	274	515	473	470	796	656
YPR001W	18	20	25	37	37	35
YPL282C	0	0	1	0	0	0
YPR178W	191	331	421	442	466	421
YPR061C	59	75	106	77	85	79
YPL180W	240	450	480	580	695	762
YPL142C	5	3	3	1	2	2
YPL019C	4213	9201	8860	7197	6972	9658
YPL258C	66	113	109	111	138	82
YPL022W	462	771	876	871	1063	1066
YPL279C	35	80	87	70	75	86
YPL044C	0	3	1	1	1	0
YPR193C	6	30	18	25	22	18
YPL001W	226	433	451	435	486	624
YPR083W	120	240	249	212	277	302
YPR195C	17	31	27	28	21	12
YPL057C	673	1214	1243	1519	1866	1489
YPL211W	1006	1909	2060	1595	1254	1704
YPL041C	70	125	116	130	140	129
YPR003C	177	296	350	306	365	273
YPL181W	462	871	915	917	1051	887
YPR168W	53	120	137	135	149	134
YPL185W	5	11	2	9	7	5
YPL040C	159	367	374	444	553	607
YPL070W	407	683	749	715	668	659
YPR159W	1079	2009	1865	2690	3277	3436
YPL002C	117	247	281	268	300	336
snR51	16	26	30	16	22	35
YPL227C	377	795	770	869	931	1201
YPL067C	156	251	242	290	350	197
YPL236C	147	223	282	252	271	243
YPL151C	234	375	451	424	525	464
YPL234C	847	1402	1551	1353	1370	1192
YPL015C	329	639	651	606	815	660
YPR035W	8571	15773	17016	16014	16422	10313
YPR037C	233	447	448	509	498	322
YPR184W	126	231	221	245	322	337
YPL135W	470	794	857	1180	1676	1165
YPL215W	366	641	648	651	788	1021
YPL112C	293	595	650	642	805	882
tK(UUU)P	3	6	17	3	3	6
YPR146C	48	84	68	78	85	87
YPR087W	9	15	14	14	7	18
tW(CCA)P	2	1	0	1	3	4
YPL154C	1538	2759	2783	3422	4174	3615
YPL136W	1	7	5	5	5	0
YPR094W	141	227	235	258	269	294
YPR074C	5761	10540	10726	10177	12317	10283
YPL056C	18	24	13	38	35	25
YPL189C-A	83	169	158	161	134	138
YPR082C	144	242	261	263	307	318
YPR133C	800	1651	1748	1636	1826	1869
YPL047W	118	217	244	218	241	240
YPL077C	46	112	124	129	150	102
YPR016W-A	1	0	0	0	0	0
YPL272C	51	69	70	58	98	109
YPR050C	5	5	2	1	2	0
YPR108W-A	1	3	0	1	2	2
YPR070W	349	594	611	644	720	835
YPL176C	472	767	829	806	870	815
YPL220W	2331	4425	4938	3740	3380	3930
YPL065W	124	200	224	228	287	327
YPL074W	372	703	643	679	816	663
YPL032C	898	1645	1611	1858	2251	2236
YPL167C	171	338	343	383	364	461
tN(GUU)P	8	8	21	11	10	5
YPR185W	205	398	409	466	623	611
YPR160C-A	3	3	9	8	5	8
YPL038W	178	244	281	276	274	300
YPR145W	4949	10399	10452	10661	13264	9939
YPL165C	33	73	65	45	30	35
YPL193W	316	647	702	646	654	843
YPL003W	91	159	168	159	190	196
YPL178W	561	1052	1157	1073	1079	1086
YPL013C	235	357	409	486	570	458
YPR012W	5	8	5	3	6	5
YPR042C	227	404	424	444	469	448
YPL103C	168	332	363	447	567	492
YPR028W	1726	2937	3232	2966	3055	3079
YPR039W	0	0	0	0	0	0
YPR089W	506	904	897	1047	1203	1397
YPL075W	569	1172	1150	1061	1155	1070
YPR196W	70	180	136	145	175	125
YPR077C	0	0	0	0	0	0
YPL024W	66	136	170	171	225	269
YPR008W	671	1117	1219	1173	1305	1290
YPR071W	105	231	235	202	211	255
YPL182C	0	2	3	1	2	2
tC(GCA)P2	0	0	0	0	0	0
YPR062W	812	1487	1616	1455	1442	1188
YPL277C	10	29	40	33	43	36
YPR125W	533	1102	1099	1212	1534	1556
YPR131C	225	389	444	468	535	548
YPL221W	935	1418	1496	1518	1731	1420
YPR073C	343	527	667	649	742	916
YPL262W	925	1708	1633	1763	2114	1735
snR45	3	5	8	10	3	12
YPR036W	1736	3347	3544	3460	3591	2564
YPL031C	338	577	670	678	791	554
YPL237W	3103	5793	5967	5337	5039	5576
YPL053C	626	1277	1310	1398	1335	1544
YPR109W	206	365	429	405	468	499
YPR159C-A	0	0	0	0	0	0
YPL122C	245	479	496	528	533	672
YPL085W	626	1094	1058	1249	1577	1484
YPR104C	254	473	459	521	664	711
YPR186C	175	316	306	347	416	561
YPR201W	18	46	44	53	58	37
YPL138C	117	239	325	274	331	364
YPR030W	65	111	118	162	170	147
YPR190C	657	1341	1391	1383	1498	1883
YPL043W	1410	2666	2816	2555	2515	2922
YPL108W	78	152	168	140	176	193
YPL105C	1055	2009	2026	2220	2632	2551
YPL168W	172	258	309	330	381	335
YPR018W	280	495	534	569	712	807
YPR132W	7695	13516	15737	12416	11483	10904
YPL222C-A	3	5	9	8	8	3
YPR137W	822	1902	1861	1994	2278	2871
YPL219W	159	210	241	221	218	177
tS(UGA)P	0	0	1	0	1	0
YPL029W	175	379	373	476	592	661
YPL113C	20	21	33	25	45	45
YPL190C	750	1517	1476	1784	2136	1744
YPL241C	105	164	180	175	210	226
YPL281C	0	1	1	2	0	1
YPL023C	520	863	967	983	1274	1158
YPR043W	6207	9759	11255	9006	8559	7463
YPR116W	57	103	148	177	144	109
YPL252C	176	263	295	304	401	256
YPR047W	155	272	301	405	451	443
YPL119C-A	9	22	22	25	29	47
YPL194W	89	184	181	218	284	268
YPL157W	244	510	523	510	595	650
YPL177C	488	921	1022	914	1153	1119
YPR165W	2253	4013	4347	4338	4565	4307
YPL037C	3950	6918	7941	6616	6557	4803
YPR093C	88	181	202	213	226	154
tG(GCC)P1	0	0	0	0	0	1
YPR066W	51	78	81	95	109	91
YPL247C	296	494	487	441	406	227
YPL101W	451	783	794	842	848	854
YPL064C	275	557	628	522	609	584
YPL256C	572	1152	1093	1948	2456	2696
YPL099C	110	197	243	231	246	278
YPR023C	424	739	790	809	934	826
YPL093W	2601	5707	5626	5647	5647	6708
YPL134C	54	123	137	130	198	187
YPL153C	105	197	194	225	328	394
YPL222W	63	97	106	129	160	126
YPR075C	413	720	755	877	1144	871
YPL118W	481	932	994	1033	1274	1496
YPL239W	769	1481	1570	1571	1598	1516
YPR136C	5	2	2	0	0	5
YPL033C	2	7	3	5	2	1
YPR045C	220	421	470	432	425	441
YPR038W	0	0	0	0	0	0
YPR011C	168	284	327	389	394	368
YPL100W	229	439	468	452	427	454
YPL076W	126	219	227	229	219	231
YPL027W	0	4	5	9	2	6
YPL271W	355	595	684	624	1054	1104
YPL128C	213	417	384	487	628	672
YPL139C	373	779	754	788	825	834
YPL005W	125	146	185	210	206	214
YPL148C	33	55	66	95	92	89
YPL080C	0	0	0	0	3	0
YPL265W	648	1057	1159	849	1665	1186
snR59	6	8	9	6	6	17
YPR052C	169	265	261	238	234	127
YPR145C-A	91	146	182	214	113	37
YPL096W	210	377	424	412	471	415
YPR078C	4	3	5	1	5	4
YPL104W	188	348	337	410	480	504
YPR074W-A	0	0	1	0	0	0
YPL283W-B	0	0	0	0	0	0
YPR162C	198	406	406	477	557	574
YPL030W	374	724	680	794	868	1044
YPL069C	127	227	273	245	305	383
YPL188W	259	453	534	501	646	671
YPL201C	34	33	31	35	30	28
YPL207W	1260	2543	2651	2420	2245	2428
YPR021C	240	483	496	541	644	691
YPL253C	76	125	164	206	314	305
YPR040W	151	311	301	286	356	243
YPL143W	6126	11174	13221	10234	10654	8625
YPL132W	141	260	301	310	453	357
YPL171C	18	35	30	43	50	45
YPL126W	1634	3272	3477	3505	3428	4582
YPR063C	559	1083	1108	1079	1176	946
YPR187W	1748	2995	3378	2913	2720	2691
YPL007C	177	314	328	384	476	484
YPL209C	29	59	58	81	94	132
YPR182W	149	200	255	232	271	113
YPL242C	461	1035	1042	1128	1330	1564
YPL205C	0	3	4	0	1	3
YPL278C	4	10	8	18	10	7
YPR086W	589	1149	1126	1187	1212	1210
YPR117W	431	762	806	819	762	796
YPL096C-A	60	104	90	97	106	119
YPR092W	0	1	6	1	1	4
YPL086C	766	1507	1599	1548	1337	1794
YPR005C	80	95	145	98	143	132
YPR046W	71	108	131	128	148	166
tK(CUU)P	0	1	1	0	0	1
YPL269W	97	241	226	239	314	331
YPL135C-A	1	0	0	0	0	0
YPR105C	347	712	801	809	1025	1234
YPL158C	593	1180	1050	1250	1635	1773
tE(UUC)P	0	0	0	1	0	0
YPL094C	841	1603	1682	1813	1942	2042
YPR176C	257	455	509	484	574	538
YPL191C	67	157	127	148	208	169
YPR204C-A	0	0	0	0	0	0
YPR163C	4112	8093	8561	7638	7178	6891
YPL229W	79	133	142	157	178	207
YPR160W	224	450	375	167	276	294
YPL049C	735	1232	1291	1263	1559	948
YPL066W	419	827	827	895	1095	1053
YPL183W-A	140	259	289	304	371	354
YPL235W	905	1838	1842	1790	1852	2220
YPL141C	357	737	621	824	1054	1048
tF(GAA)P1	1	5	1	2	3	5
YPR144C	678	1286	1387	1377	1322	1714
YPL249C-A	6804	11551	13112	11273	11578	10649
YPR128C	224	529	520	508	564	565
YPR054W	2	3	7	6	15	7
YPL156C	182	307	374	284	282	236
YPL173W	286	540	516	635	685	703
YPR098C	122	249	220	210	274	251
YPL260W	839	1499	1549	1540	1660	1881
YPL251W	0	0	2	0	1	0
YPL016W	272	464	468	488	550	637
YPR095C	308	500	514	556	651	626
YPR079W	150	294	304	310	274	280
YPR010C	2956	6184	6106	6149	6078	6996
YPL046C	40	76	99	82	125	135
YPL021W	1	0	0	0	0	0
YPL268W	342	603	617	616	728	801
YPL283C	0	12	4	9	6	6
YPL206C	296	531	498	606	701	611
YPR055W	253	501	556	584	745	828
YPR138C	689	1207	1189	1023	1549	1216
YPL243W	1337	2492	2550	2647	2816	3426
YPR127W	278	447	552	443	507	436
YPL095C	166	322	306	290	308	269
YPR027C	2	12	6	9	6	10
YPL232W	962	1663	1849	1730	1903	1619
YPL124W	80	107	103	138	152	179
YPR041W	2270	4119	4309	4143	4487	4272
YPL083C	191	370	395	444	510	574
YPL048W	1405	2604	2843	2707	2959	1975
YPL120W	134	252	282	365	431	437
YPL117C	1379	2812	3053	2903	3340	3774
YPR126C	1	1	0	1	0	1
YPR091C	513	876	833	898	977	1132
YPR059C	5	11	10	13	6	8
YPL214C	207	348	357	364	404	407
YPL203W	280	491	551	448	543	418
YPL273W	1741	3377	3503	3011	3020	3639
YPR081C	193	352	408	461	562	451
YPL011C	215	415	457	472	565	580
YPR097W	520	996	1026	997	1171	1491
YPL274W	528	964	962	1019	1342	1282
YPR158W	519	625	834	653	801	605
YPL050C	1020	2035	2099	2082	2438	2738
YPR114W	635	1206	1222	1196	1368	1306
YPL110C	413	899	843	1002	969	977
YPL161C	211	402	414	469	564	615
YPR022C	434	767	820	882	1138	1147
tT(UGU)P	0	0	0	0	0	0
YPR175W	189	305	327	328	477	575
YPL068C	66	134	121	127	139	219
YPL055C	118	203	232	278	360	262
YPL079W	6392	11364	13377	10207	9620	7985
YPL150W	309	544	514	671	674	646
YPR192W	8	9	8	9	12	9
YPL226W	2717	5280	5261	5198	5847	6675
YPL115C	396	848	821	948	1077	1122
YPL283W-A	0	0	0	0	0	0
YPL170W	191	401	436	543	579	377
YPL245W	322	530	596	528	482	451
YPR140W	235	434	454	499	673	741
YPR048W	294	578	622	678	721	877
YPR102C	3412	6044	7101	5756	5354	5489
YPL036W	85	112	140	123	153	153
YPR015C	12	20	27	21	22	22
YPR133W-A	267	443	570	555	607	844
YPL146C	1351	2582	2691	2285	2024	2925
YPR107C	148	285	324	325	331	363
YPL035C	0	0	1	2	1	0
YPL082C	586	1133	1029	1137	1390	1449
YPR064W	2	3	1	2	8	0
YPL216W	94	223	205	249	314	291
YPL152W	116	246	268	286	281	281
YPL230W	52	139	121	122	89	72
YPL159C	246	435	463	461	543	565
YPR183W	952	1732	1706	1715	1873	1146
YPL204W	998	1795	1812	1848	2306	2560
YPL109C	96	156	180	207	209	212
YPL249C	221	397	403	444	593	490
YPR154W	314	653	701	675	712	430
YPR026W	160	245	283	280	358	254
YPR076W	3	3	7	1	2	5
YPR170W-B	129	181	229	217	176	183
YPR016C	2034	3778	4200	3190	3073	3413
YPL060W	107	192	206	211	224	173
YPR029C	680	1326	1328	1412	1708	1917
YPR002C-A	2	7	6	9	1	8
YPL106C	6283	10994	11660	15226	18333	16274
YPR085C	170	326	327	390	392	396
YPL008W	215	427	454	475	546	648
YPR152C	137	180	228	222	255	152
YPL212C	977	1751	1855	1873	1889	2076
YPL119C	40	51	42	79	72	81
YPL078C	1040	1854	1991	1958	2534	2263
YPL195W	644	1205	1319	1359	1505	1819
YPL025C	2	5	5	6	2	7
YPR060C	459	963	958	942	992	1363
YPL199C	605	1055	1165	1150	1234	1183
YPL228W	301	518	562	572	652	781
YPL018W	134	307	287	232	307	291
YPL259C	405	663	712	676	718	839
YPR150W	5	8	15	7	5	9
YPL072W	67	182	175	208	301	341
YPL130W	7	20	15	10	16	14
YPR179C	305	544	563	545	647	679
YPR096C	3	4	2	1	7	8
YPL028W	2045	3947	3995	4157	5093	4060
YPL174C	171	342	322	410	447	561
YPR031W	155	287	315	391	493	588
YPL257W-A	0	0	0	0	0	0
YPR158W-A	0	0	0	0	0	0
YPL257W-B	0	0	0	0	0	0
YPR158C-D	32	79	71	62	96	73
YPR137C-A	0	0	0	0	0	0
YPR137C-B	0	0	0	0	0	0
YPR158W-B	7	12	10	12	13	13
YPL060C-A	12	15	29	19	37	31
YPR158C-C	0	0	0	0	0	0
YMR172W	166	322	356	390	493	445
YMR027W	610	1091	1205	1304	1505	1395
YML089C	0	0	0	1	1	2
YMR290C	1818	3796	4019	3710	3135	4139
YMR139W	247	399	466	444	460	434
YMR191W	191	405	389	532	682	715
YMR244C-A	91	206	248	224	245	182
YMR091C	509	927	996	1007	1201	1232
YMR173W-A	17	26	22	41	28	20
YMR180C	94	190	214	201	200	225
YML020W	230	382	427	421	517	449
YML088W	526	999	987	1124	1219	1209
YML077W	236	500	539	529	625	690
YML125C	1001	1887	2044	2120	1962	1699
YMR318C	1109	1964	1982	2178	2499	2310
YMR115W	243	465	448	498	690	687
YMR266W	1599	3106	3077	2637	2468	2846
YML057W	456	889	811	993	1144	947
YML055W	281	497	533	614	647	821
YMR105C	164	342	331	214	285	249
YMR268C	122	244	228	291	344	374
YML133W-B	0	0	0	0	0	0
YML090W	0	0	0	0	0	0
YML101C	59	130	128	141	164	82
YMR012W	1674	3431	3363	3680	4314	4534
tY(GUA)M2	0	0	0	0	0	0
YMR202W	2253	4579	4968	4661	4876	3850
YMR083W	2099	3962	4256	4425	4590	3777
snR76	46	94	92	75	100	124
YMR017W	9	18	9	14	10	15
YML085C	1448	2733	2702	2833	3130	2936
YML013W	245	435	525	535	668	501
YMR224C	173	305	335	355	502	454
YMR059W	88	145	178	172	164	180
YMR072W	721	1340	1439	1360	1683	1769
YMR304W	270	500	528	541	640	637
YML087C	51	63	71	73	111	84
YMR195W	214	387	516	320	306	245
YMR240C	174	298	363	339	409	343
YMR308C	1627	3172	3217	3301	3641	3830
YML001W	669	1073	1216	1193	1238	1303
YML114C	271	575	563	642	837	626
YMR319C	821	1762	1779	1726	1792	1612
YML075C	1743	3586	3432	3770	4354	4082
YMR075W	285	548	594	610	670	797
YML129C	83	176	214	228	245	180
YML073C	6330	11850	12216	10576	9648	9245
YMR149W	892	1673	1840	1698	1951	1721
YMR233W	193	436	421	414	359	401
YMR048W	92	161	153	222	327	262
YML030W	233	408	439	469	520	350
YMR118C	5	8	7	1	11	4
YMR260C	3021	5313	6373	5314	5054	5445
YMR135W-A	0	1	0	1	0	0
tM(CAU)M	0	0	0	0	0	0
YML056C	3412	6547	6731	5591	5809	6466
YML064C	150	247	266	344	399	435
YML132W	0	0	0	0	1	0
YML113W	157	296	316	356	494	326
YML058W-A	7	24	31	33	38	20
YMR136W	530	919	960	893	988	525
YML091C	270	490	474	446	1044	1031
YMR199W	464	835	760	996	1362	1637
YMR286W	191	349	450	394	474	462
YMR025W	40	82	82	110	116	135
YMR112C	117	207	246	228	265	221
YML127W	412	708	706	849	999	849
YML005W	199	394	451	428	493	506
YMR160W	108	270	300	291	358	335
YMR046W-A	0	0	0	0	0	0
YMR096W	78	143	150	166	179	178
YML133C	5	9	6	8	10	6
YMR246W	2823	5987	5524	5169	5567	4690
YMR052C-A	3	0	6	2	2	4
YMR120C	1843	3720	3291	2864	2383	2577
YMR052W	47	143	118	138	142	157
YML100W-A	1	1	4	5	5	0
YML049C	320	614	633	709	915	948
YMR065W	106	196	220	183	233	238
YMR098C	249	467	509	573	676	744
YMR302C	352	706	708	866	1048	1023
YMR075C-A	3	7	10	8	9	11
YML060W	131	260	245	315	369	380
YMR080C	928	1955	2021	1975	2184	2276
YMR156C	46	84	98	94	115	98
YMR294W	170	336	346	361	423	472
YMR167W	215	372	384	491	529	464
YMR242W-A	0	0	0	0	0	0
YMR079W	859	1628	1697	1645	1644	2048
YMR275C	296	541	547	578	704	663
YMR100W	292	545	564	601	702	705
YMR030W-A	4	15	16	16	8	17
YMR161W	282	438	515	564	629	590
YMR183C	798	1490	1524	1587	1741	1616
YML021C	182	323	390	396	471	420
YML074C	2556	5065	5219	4750	4693	3869
YMR157C	138	230	245	284	328	329
YMR110C	421	768	849	813	1024	1000
YMR097C	241	436	508	504	489	611
YMR111C	132	199	213	232	291	261
YML011C	82	145	162	199	220	213
YMR064W	277	535	599	579	723	911
YML082W	308	618	663	649	772	761
YMR300C	921	1687	1660	1681	1615	1844
YMR262W	114	161	191	148	238	124
YMR031C	763	1208	1255	1191	1215	1134
YMR016C	641	1183	1278	1289	1660	1147
YMR066W	193	345	380	342	414	478
YMR007W	3	2	2	1	4	5
YMR201C	149	309	286	401	390	356
YMR232W	31	69	79	51	66	63
YMR200W	653	1062	1136	1132	1184	1222
YMR297W	2465	4458	4529	5364	6095	4458
YML026C	10328	18542	20772	17106	15980	15026
YML023C	284	557	520	552	681	727
YMR143W	6295	12429	13097	10688	10311	10989
YMR073C	117	229	217	259	261	312
YML069W	832	1578	1646	1839	1995	2047
YML050W	74	123	128	149	171	181
YML099W-A	0	0	1	0	0	1
YMR211W	235	472	536	465	517	639
tF(GAA)M	2	0	1	0	0	0
YMR283C	215	377	425	458	393	458
snR74	4	4	1	8	5	5
RNA170	1	4	4	2	2	1
YML078W	651	1088	1196	1284	1277	1153
YMR142C	9544	18006	19723	16406	15515	13872
YMR203W	1383	2594	2704	2801	3073	3104
YMR077C	156	263	298	349	345	432
YMR245W	3	8	6	2	4	0
YMR284W	256	421	477	417	472	430
YMR089C	503	883	932	1139	1445	1307
YMR134W	214	544	550	675	753	802
YMR290W-A	0	1	0	1	0	1
YMR095C	4	6	7	12	12	7
snR83	52	77	82	97	73	95
snR73	0	0	0	0	0	0
tH(GUG)M	1	1	3	1	0	3
YMR099C	774	1379	1462	1564	1663	1660
YMR132C	172	262	279	309	367	422
YML115C	713	1245	1398	1337	1488	1315
snR11	15	23	23	20	16	26
YMR086W	513	890	934	1078	1113	1108
YMR044W	371	632	686	668	750	712
YMR222C	138	277	308	321	372	269
YMR272W-A	0	0	0	0	0	0
YMR321C	24	63	54	36	38	30
YML131W	119	202	196	284	334	364
YML038C	434	743	831	839	927	1073
YML122C	5	3	5	2	8	2
YMR036C	205	317	314	349	373	440
YML012W	1063	2077	2187	2126	2208	2102
YML100W	567	1098	992	620	472	388
YMR312W	335	646	625	645	642	597
YML112W	198	301	327	341	446	380
YML099C	337	636	686	748	828	839
YML123C	7641	16180	14900	12015	15128	18763
tV(AAC)M3	0	0	0	0	0	0
YMR141C	9	10	10	4	4	12
YMR324C	0	0	0	0	0	0
YMR207C	290	552	502	580	672	714
YMR236W	378	657	698	751	813	608
YML034C-A	2	2	2	3	3	1
YMR204C	73	104	116	134	154	157
YMR011W	2272	3563	3802	3283	5620	5909
YML008C	2735	5709	5669	6128	6980	6331
YMR109W	615	1167	1197	1164	1469	1496
YMR004W	399	673	726	774	835	833
YMR158C-A	18	25	29	24	35	27
YMR216C	477	860	879	933	1308	1374
YMR159C	13	32	45	33	36	37
YMR307C-A	0	0	0	2	2	1
YMR272C	889	1452	1578	1301	1588	1202
YMR106C	107	197	182	223	297	257
YML092C	689	1290	1462	1722	2109	1613
tV(AAC)M2	0	1	0	0	1	1
YML104C	264	533	585	585	720	930
YML058W	875	1914	1977	1970	2250	2039
tW(CCA)M	0	0	0	0	0	0
YMR148W	87	184	170	222	260	228
YMR168C	131	276	293	358	363	346
YML063W	14706	27699	31192	25654	25142	27302
YMR008C	1398	2255	2407	2522	2142	1708
YMR294W-A	0	0	1	0	0	3
YMR177W	315	533	603	500	593	544
YMR213W	176	318	296	338	376	311
YMR192W	313	599	582	737	720	797
YMR326C	0	0	0	0	0	0
YMR014W	871	1662	1835	1803	1810	2173
YMR020W	292	464	520	467	420	354
snR86	339	618	691	635	562	527
YMR208W	924	1672	1841	1941	2239	1877
YML098W	168	267	301	345	420	301
YMR133W	1	0	2	1	6	1
YML028W	3185	6325	7031	8253	9963	6316
YMR285C	351	617	645	678	764	793
YMR040W	70	125	118	145	149	71
YMR094W	55	110	97	138	176	231
YMR189W	255	541	448	587	881	892
YML128C	304	547	591	461	344	278
YML022W	1636	3155	3241	2652	2467	2859
YMR299C	110	259	274	347	377	413
YMR227C	230	465	537	539	634	561
YMR119W	354	669	651	645	733	851
YMR255W	388	807	886	905	949	863
YMR024W	447	778	788	938	1097	1124
YML054C	41	84	95	88	128	105
YMR317W	23	47	40	28	27	22
YMR084W	88	184	185	134	48	23
YMR274C	120	201	232	213	222	277
YMR215W	875	1689	1715	1362	1603	1750
YMR277W	565	1080	1063	1229	1475	1309
YMR033W	671	1233	1328	1387	1438	1772
YML094C-A	0	0	3	1	0	0
YML041C	135	241	272	268	279	304
YMR305C	3614	6359	6397	7958	8871	6775
YMR315W-A	3	3	9	16	13	2
YMR237W	565	1056	1043	1183	1361	1361
YML095C	59	92	110	118	164	139
YMR018W	18	25	19	23	21	37
YMR163C	87	191	171	246	291	288
YML027W	84	181	126	200	393	400
ZOD1	0	0	0	0	0	0
tD(GUC)M	0	1	0	0	0	0
YMR162C	250	453	475	560	666	720
YMR158W	143	342	375	396	484	541
YMR210W	180	299	315	295	363	358
YMR316C-A	2	5	2	2	1	2
YMR241W	1035	1877	2068	1965	2234	2354
YMR205C	6844	12685	12751	11666	11849	9854
YMR235C	1321	2626	2682	2643	2590	2851
YMR047C	766	1670	1537	1689	2187	2067
YMR259C	561	1196	1250	1216	1329	1798
YMR175W-A	1	1	1	1	1	0
YMR281W	160	274	290	259	235	269
YMR261C	798	1411	1362	1296	1360	1411
YMR026C	208	420	471	481	536	588
YML010W	883	1691	1823	1951	2074	1850
YMR150C	146	205	263	297	326	314
YMR067C	313	569	634	696	931	838
YMR179W	132	297	292	323	508	612
YMR126C	161	286	266	274	344	360
YML032C	313	605	585	714	951	842
YML018C	850	1672	1733	1524	1672	1580
YML081W	468	909	902	952	1067	1133
YMR003W	66	126	141	173	190	239
YMR221C	632	1295	1251	1336	1360	1549
YMR257C	159	280	253	315	384	463
YML068W	180	296	343	357	343	365
YMR117C	49	99	109	114	162	242
YMR060C	163	294	346	401	494	511
YMR144W	79	150	170	186	288	307
YMR068W	50	106	112	139	146	110
YML097C	304	614	683	719	845	996
YMR182C	94	139	141	147	152	160
YMR295C	1019	1778	2206	1902	2009	1249
YMR181C	286	479	516	417	391	297
YML080W	330	657	694	702	814	865
YMR194C-B	6	25	23	18	18	28
YMR140W	255	368	407	434	485	456
YMR058W	1983	3297	3546	3352	4731	3890
YMR076C	249	529	535	624	801	994
YMR239C	476	987	1031	1012	900	1215
tG(GCC)M	0	0	0	0	0	0
YMR242C	8512	14244	15749	13072	13089	11836
YMR306C-A	1	1	6	5	2	4
YMR193C-A	0	0	2	1	0	1
YMR114C	125	219	255	208	232	257
YMR009W	537	1021	1226	1276	1161	823
YMR088C	564	1024	1071	1119	1186	1192
YMR253C	124	230	244	242	269	252
YMR103C	85	174	196	161	105	56
YMR254C	0	0	0	0	2	1
YMR303C	14	16	11	17	21	10
YMR316W	1469	2754	3164	3030	2302	1389
YML017W	184	331	345	401	472	418
YMR104C	563	1116	1121	999	561	348
YMR309C	2172	4471	4306	4424	5101	6826
YML133W-A	0	0	0	0	0	0
YMR155W	191	339	402	391	458	416
YMR313C	305	557	545	600	580	671
YMR028W	209	356	428	493	496	547
snR72	2	10	12	12	3	15
YMR154C	91	187	185	226	217	207
tY(GUA)M1	0	1	0	1	0	1
snR75	10	24	25	20	16	33
YML096W	274	634	636	697	674	767
YML016C	682	1226	1336	1473	1497	1576
YML006C	433	824	876	786	826	865
YMR178W	361	684	774	710	661	769
YML109W	152	294	291	353	487	519
YML015C	234	457	483	584	594	650
YMR197C	307	511	572	622	619	575
YML014W	248	462	517	541	493	374
YML106W	1947	3504	3824	3334	3327	3292
YML025C	234	442	490	564	756	703
tS(AGA)M	1	0	0	0	0	0
YMR172C-A	0	0	1	0	0	0
YMR193W	227	411	452	487	548	696
YML052W	739	1346	1318	1161	1615	1543
YML079W	337	597	626	718	753	671
YML101C-A	2	9	11	3	7	6
YML047C	3	4	3	5	4	8
YMR174C	6	25	29	32	39	29
YMR218C	348	574	610	676	770	939
YMR315W	588	960	986	1145	1229	847
YMR001C	386	778	745	842	1051	1267
tV(AAC)M1	0	0	0	0	0	0
tE(UUC)M	0	0	0	0	0	0
YML121W	262	513	549	643	691	753
YMR085W	176	313	326	212	128	47
YMR105W-A	0	0	0	0	2	0
YMR122C	5	2	5	0	5	0
snR78	2	5	4	7	9	16
YMR217W	5334	10037	10176	8836	8040	8881
tA(AGC)M2	0	0	0	0	0	0
YMR298W	289	547	647	597	590	587
YMR057C	1	3	1	1	2	2
YML042W	61	117	114	146	120	125
YMR320W	16	22	16	19	17	8
YMR287C	200	307	385	411	538	567
YMR289W	324	609	646	671	795	772
YML048W	1129	2193	2263	2598	3018	2945
YMR250W	358	589	582	454	306	185
YMR230W-A	9	11	11	8	11	15
YMR124W	434	873	908	1033	1005	904
YMR311C	550	1009	1104	1107	1342	972
snR77	12	17	25	24	23	53
YMR322C	0	0	0	0	0	0
YML119W	239	443	516	447	512	440
YML043C	129	302	310	323	501	829
YML046W	342	695	671	690	854	1057
YML004C	703	1216	1477	1470	1529	1344
YMR071C	388	815	783	826	948	1065
YMR229C	2457	5133	5026	4418	4113	4917
YMR063W	30	74	79	75	76	87
YMR301C	401	776	834	944	977	936
YMR276W	655	1135	1289	1844	2287	1249
YMR002W	635	1035	1207	1484	2279	1462
YML081C-A	507	962	1085	919	1173	1256
YML019W	296	603	616	650	713	770
YMR176W	261	455	499	527	623	627
YMR158W-B	1	0	0	0	0	1
YML108W	223	434	462	445	401	627
YMR198W	93	167	174	201	268	283
YML094W	364	674	759	680	731	762
YMR006C	574	1160	1064	830	858	936
YML003W	42	82	80	105	94	86
YML057C-A	1	0	5	3	1	1
YML009C-A	2	1	2	2	0	4
tQ(CUG)M	0	0	0	0	0	0
YML093W	1416	2794	2809	3036	2969	3249
YMR116C	18643	30313	33405	25587	23256	21636
YMR196W	273	444	473	458	561	449
YML053C	130	256	298	330	385	407
YMR151W	1	9	6	2	5	9
YML009C	105	172	190	236	300	237
YMR070W	228	392	398	510	656	533
YMR219W	399	785	766	895	1148	1034
YML037C	36	77	59	90	122	123
YMR280C	20	46	44	39	61	50
YMR170C	52	119	139	143	158	133
YMR123W	375	749	775	844	855	846
YML012C-A	1	0	4	2	1	1
YMR019W	258	461	484	611	714	692
YMR206W	4	3	5	6	4	4
YMR165C	276	516	534	580	595	579
YMR010W	462	858	819	847	971	1282
YMR184W	118	203	244	345	378	410
YML126C	2783	5470	5525	5910	7632	7419
YMR244W	8	12	18	12	7	6
YMR279C	2	9	11	2	5	11
YMR316C-B	27	51	49	31	55	48
YMR107W	2	4	3	3	3	2
YML054C-A	0	0	0	0	0	0
YMR043W	731	1321	1472	1206	1539	865
tA(AGC)M1	0	0	0	0	0	0
YMR270C	314	607	648	601	773	768
YMR175W	5	5	4	13	12	6
YML009W-B	16	33	31	27	27	45
YMR035W	81	149	153	161	167	177
YMR108W	3552	7074	7008	8419	9879	8105
YML002W	159	320	279	292	291	323
YML111W	322	713	719	784	1078	1265
YMR278W	249	445	483	520	595	601
YMR185W	319	685	683	733	704	982
YMR304C-A	350	714	634	810	760	1001
YML084W	1	1	1	2	1	1
YMR258C	210	448	501	472	503	593
YMR023C	142	192	295	201	258	237
YMR291W	327	466	453	481	360	244
YMR041C	102	217	219	238	282	274
YMR029C	374	677	727	782	817	871
YMR092C	649	1234	1315	1392	1599	1484
YMR138W	96	178	187	218	188	201
YMR122W-A	2912	4434	5285	6118	7495	4610
YMR053C	77	103	120	115	102	75
YMR220W	753	1555	1588	1714	2068	2012
YMR087W	70	108	107	115	139	137
YML031W	607	1136	1158	1268	1443	1345
YML118W	87	136	159	146	122	79
YML120C	571	993	1085	960	1571	878
YMR078C	160	358	357	457	628	689
tL(CAA)M	0	0	0	0	0	0
YMR042W	101	179	200	235	220	130
YMR251W	4	5	10	10	8	9
YMR223W	237	386	443	388	430	577
YML007C-A	1	2	3	4	5	8
YMR256C	217	363	419	359	462	613
YMR214W	345	626	721	768	1040	767
tP(UGG)M	1	3	2	2	1	1
YMR055C	63	111	96	125	165	103
YML117W	850	1483	1548	1629	1601	1361
YMR271C	62	98	128	84	66	55
snR24	10	16	15	19	17	43
YMR226C	1172	2051	2286	2465	2943	2208
YML110C	651	1281	1382	1629	1901	1852
YML047W-A	1	1	2	0	7	0
YML007W	618	1135	1151	1579	2119	1926
YMR190C	113	256	266	321	459	436
YMR225C	146	265	316	367	391	340
YMR264W	369	768	832	812	814	691
YMR037C	499	830	794	863	1158	1136
YML024W	7915	14712	15811	13084	12702	15914
YML083C	9	13	8	15	20	11
YMR182W-A	7	6	9	8	7	14
YMR030W	180	264	321	233	237	210
YMR187C	115	222	249	258	303	363
YMR238W	814	1408	1575	1992	1863	1622
YML061C	286	626	560	673	803	797
YMR130W	296	630	651	690	799	848
YMR005W	588	1140	1121	1244	1358	1228
YMR054W	738	1157	1247	1326	1526	1572
YMR209C	273	574	568	541	643	716
YML102W	173	341	371	404	514	371
YMR194W	1814	3258	3772	3163	2976	3228
YMR252C	70	137	131	141	175	148
YMR164C	125	233	240	264	339	331
YMR074C	420	737	910	818	730	845
YML065W	287	615	578	755	860	959
YMR243C	2110	4062	4170	3542	3588	4167
snR85	8	6	6	5	11	8
YMR145C	3815	6663	7418	7315	8989	7322
YML071C	380	768	756	868	949	1070
YMR015C	1339	2875	2726	2819	3907	4525
YML070W	574	1102	1146	1225	1325	1211
YMR125W	1005	2124	2189	2282	2596	3412
YMR325W	0	0	0	0	0	0
YMR141W-A	0	1	1	0	0	0
YML072C	1337	2740	2678	2708	3210	3071
YML105C	639	1276	1337	1253	1288	1389
YMR119W-A	12	14	24	20	19	26
YMR069W	23	21	25	28	41	25
YMR293C	126	226	235	272	289	302
YML124C	928	1770	1773	1945	2099	1723
YMR090W	111	210	217	234	210	163
YML029W	226	422	400	463	579	634
YMR171C	540	913	937	955	1157	973
YMR102C	1201	1714	1895	2030	1503	1021
YMR188C	296	528	566	722	861	924
YMR269W	358	691	702	613	587	634
YMR128W	907	2005	1925	2029	1899	2070
YMR039C	925	1655	1884	1734	1728	1490
YMR230W	4369	8212	8911	7673	7517	7807
YMR267W	344	594	645	729	872	969
YMR247C	453	862	827	892	1012	1259
YMR152W	298	575	594	632	720	782
YMR251W-A	1118	1572	2238	2309	2604	2263
YMR146C	3306	6333	6814	5952	5936	4939
YMR228W	110	240	229	323	320	401
YMR032W	225	412	449	484	563	583
YMR013C-A	0	0	0	0	0	0
YMR001C-A	9	15	11	17	21	38
YMR031W-A	0	1	1	1	0	0
YMR153W	360	684	715	835	864	993
YMR056C	31	69	74	78	85	42
YMR282C	216	409	448	500	548	588
YMR234W	196	422	446	424	429	569
YMR323W	0	0	0	0	0	0
YMR062C	368	813	786	881	935	822
YMR247W-A	0	0	0	0	0	0
YMR038C	602	1309	1363	1537	1652	1153
YMR049C	1604	3244	3302	3123	3092	3733
YMR272W-B	0	0	0	0	0	0
YMR147W	69	112	124	144	163	166
YML067C	459	948	980	962	989	1091
tK(CUU)M	0	0	1	0	2	2
tR(UCU)M1	0	0	0	0	0	0
YML107C	102	184	166	167	225	228
snR54	4	6	8	8	11	20
YMR231W	253	516	505	568	631	749
YMR081C	221	291	298	240	204	56
YML051W	396	810	754	836	1020	913
YMR314W	879	1511	1687	1910	2305	1687
YMR113W	260	440	529	537	526	554
YML031C-A	0	0	0	0	0	0
YMR263W	239	409	454	467	441	272
YML034W	485	820	784	985	1074	996
YMR131C	1842	3856	4047	3826	3707	4018
YMR310C	519	984	1037	1007	1127	960
YMR034C	96	137	160	140	118	110
YML103C	577	1298	1318	1377	1402	1847
YMR306W	39	104	89	121	142	121
YMR169C	38	63	77	57	67	57
YMR186W	9206	17666	18015	31079	41850	43244
YML059C	254	519	519	622	950	1015
YML086C	843	1505	1548	1527	1807	1951
YMR013C	215	384	445	402	436	558
YMR127C	123	207	235	275	274	384
YMR153C-A	8	18	10	18	21	18
YMR212C	700	1466	1443	1438	1534	1816
YMR296C	1087	2119	2260	2413	2857	2027
YMR101C	7	16	9	12	8	19
YMR166C	142	209	209	237	330	267
YMR061W	560	1146	1189	1179	1245	1560
YMR288W	240	449	504	497	631	642
YMR265C	193	331	376	359	395	327
YML116W	221	458	448	493	565	606
YML130C	1197	1887	2025	2437	2779	3053
YMR273C	297	594	579	620	824	643
YMR292W	243	585	590	549	566	745
YMR137C	105	202	200	230	254	298
YMR013W-A	0	0	0	0	0	0
YML076C	231	469	455	495	539	590
YMR082C	0	0	1	0	0	1
tR(UCU)M2	0	0	0	0	0	0
YMR022W	271	520	573	558	659	641
YML062C	368	643	748	711	780	815
YMR086C-A	6	15	13	12	10	14
YML035C	498	962	939	1086	1145	1582
YMR173W	111	159	190	154	142	230
YMR194C-A	6	21	14	15	22	11
YMR093W	539	1114	1053	1061	1456	1568
YML036W	177	335	380	381	379	451
YMR307W	8314	15396	15758	17040	19547	18602
YML116W-A	25	60	52	61	49	39
YMR021C	175	336	379	362	365	351
YMR135C	378	672	714	596	546	333
YMR121C	221	377	403	418	461	412
YMR129W	637	1274	1241	1279	1520	1729
YML066C	0	2	1	2	4	2
YMR045C	105	235	209	234	209	213
YMR050C	11	21	16	15	20	11
YML045W	5	14	15	16	17	8
YML040W	0	0	0	0	0	0
YML045W-A	0	0	0	0	0	0
YMR046C	0	0	0	0	0	0
YMR051C	0	0	0	0	0	0
YML039W	10	16	12	16	4	16
YBR225W	234	353	423	411	418	411
YBR182C-A	0	0	1	1	1	0
YBL055C	458	858	954	925	814	788
YBR293W	239	417	448	373	389	440
YBR223W-A	0	0	0	0	0	0
YBR115C	374	720	893	771	892	885
YBR031W	4088	7450	7317	6525	7261	6001
YBL108C-A	0	0	0	0	0	0
YBR116C	3	2	2	4	4	1
YBR241C	65	123	128	129	188	101
YBR182C	194	339	396	333	247	170
YBR134W	1	2	0	1	3	4
YBL037W	210	405	429	565	586	703
YBR019C	5	19	14	25	16	23
YBR022W	132	271	296	319	273	335
YBR121C-A	0	0	0	0	0	0
YBR119W	213	331	429	441	438	422
YBL022C	552	1216	1166	1758	2211	1990
snR161	0	2	4	5	5	7
YBR243C	242	543	572	660	731	807
YBR234C	970	1805	1858	1925	2214	2068
YBR179C	256	539	523	603	756	871
YBR247C	941	1906	1921	1975	1868	2233
YBR124W	1	2	0	4	1	0
YBL086C	309	489	508	433	423	328
YBL065W	0	2	3	1	3	0
YBR227C	409	721	788	768	888	892
YBR218C	1283	2483	2588	2282	2584	2246
YBR244W	158	251	269	341	375	337
YBR160W	416	776	848	962	1077	1065
YBL080C	95	162	183	197	253	224
YBR083W	398	827	861	721	1149	1126
YBR294W	9	12	16	36	54	43
tI(AAU)B	0	0	0	0	0	0
YBR091C	79	123	181	171	201	189
YBR284W	36	102	80	88	91	65
YBR158W	1683	3341	3164	2972	4210	5052
YBR111W-A	196	338	415	397	349	419
YBL071C	2	1	1	1	1	5
YBR126W-B	58	70	88	88	105	54
YBR229C	295	627	618	669	831	821
YBR042C	364	725	732	741	723	877
YBR150C	146	214	253	260	259	225
YBR298C	108	164	146	115	156	140
YBR143C	3666	7097	7760	6807	6566	7772
YBR014C	222	434	479	475	580	642
tS(AGA)B	0	2	0	0	1	0
YBR259W	150	312	332	369	482	541
YBR060C	319	500	547	574	685	655
YBR180W	2	5	8	8	8	7
YBL034C	186	382	348	379	507	622
YBR212W	578	1022	1001	1059	1308	1114
YBR071W	463	847	865	1186	1427	987
YBL074C	46	90	90	133	131	149
YBL107C	221	447	457	576	642	654
YBR097W	212	386	413	442	446	506
YBR136W	161	319	298	346	350	361
YBR039W	1091	1860	2123	1851	2655	2588
YBL089W	208	337	390	416	478	441
YBL067C	567	999	1040	1009	1135	1234
YBR270C	81	152	138	141	173	142
YBR087W	454	877	941	967	1013	1086
YBR121C	3948	7823	8200	7436	7315	8144
YBR026C	377	708	817	865	1073	994
YBR197C	98	177	222	209	223	186
YBR027C	11	29	23	24	34	34
YBR177C	774	1464	1523	1080	1222	1046
YBR176W	148	259	291	343	327	366
YBR230W-A	37	71	100	94	130	53
YBR090C	6	6	8	5	8	6
YBL071C-B	2	2	1	3	0	5
YBR064W	1	0	0	0	0	0
YBR044C	239	389	436	511	604	556
YBL068W	585	1112	1092	982	1006	1233
YBR216C	280	576	582	699	744	894
YBR271W	414	758	759	734	781	903
YBR084W	1821	3788	3809	3508	3586	3426
YBR065C	114	204	268	235	305	337
YBR245C	620	1280	1268	1353	1540	1653
YBR085W	81	171	152	161	153	144
YBR059C	362	725	704	763	926	887
YBR068C	3335	6333	5871	6806	6845	6432
YBR285W	8	13	11	13	17	18
YBR041W	578	1050	1076	1148	1210	1228
YBR252W	373	732	873	666	713	646
YBL082C	219	374	387	403	453	285
YBL002W	1854	3538	3807	3530	4275	4326
YBL098W	221	487	425	460	447	465
YBR117C	9	17	15	16	19	20
YBR214W	344	593	628	582	616	309
YBR169C	461	697	752	561	456	344
YBR207W	482	738	809	810	1049	988
YBR155W	641	1345	1405	1381	1313	1601
YBL106C	84	223	200	235	253	280
YBR237W	253	500	456	522	587	627
YBR193C	142	229	296	268	324	307
YBR149W	596	1048	1129	1331	1549	1063
YBR013C	0	0	0	0	0	0
YBL063W	134	272	271	376	447	508
YBL029C-A	163	279	345	257	278	230
YBR147W	10	21	24	20	12	12
YBR246W	415	761	782	782	865	852
YBR002C	298	563	632	613	721	624
YBR023C	861	1681	1630	1943	2279	2588
YBL088C	316	630	599	647	750	805
YBL064C	140	237	257	258	417	317
YBL007C	1023	1885	1889	2061	2444	2110
tL(UAA)B2	0	0	0	0	0	0
YBL093C	414	782	919	911	938	824
YBL091C	1093	2001	2065	2018	2284	1715
YBR142W	1092	2336	2418	2273	2090	2790
YBR047W	25	44	46	70	57	56
YBR238C	1031	1659	1668	1371	1613	1817
YBR067C	851	1537	1497	1155	1403	851
YBR010W	2077	3799	4149	3901	4026	4101
YBL054W	624	1140	1187	1322	1301	1455
YBR209W	0	1	0	0	0	0
YBL060W	169	329	368	373	468	569
YBR089W	4	5	6	7	5	3
YBR025C	4907	9775	10264	9753	10075	10331
YBR040W	3	7	5	5	13	6
YBR230C	146	201	238	236	350	266
YBL027W	10792	19911	22191	18719	18219	14787
YBL100C	0	0	0	1	0	0
YBR261C	305	615	678	663	764	468
YBR034C	1553	2862	3024	2872	2978	3362
YBR101C	1427	2271	2558	2456	2697	2412
YBL010C	76	135	155	179	234	280
YBR053C	155	289	332	381	502	527
YBL059C-A	89	220	238	252	299	310
YBR255C-A	60	118	174	153	208	167
YBL042C	738	1615	1717	1945	2635	2439
YBL039C	1635	3376	3608	3438	3125	3515
YBR217W	84	158	151	152	176	183
YBR200W-A	0	0	0	0	0	0
YBL003C	1988	3226	3809	2920	2938	3492
YBR069C	1082	2028	2199	2112	2519	2863
YBR056W-A	145	308	372	408	302	130
YBR009C	1790	3365	3694	3373	3873	3646
YBL038W	245	409	472	542	667	689
YBR056C-B	3	3	1	4	1	1
YBR081C	373	763	756	915	1056	1034
YBR007C	262	489	464	540	633	574
YBR146W	484	1017	1074	1157	1288	1367
YBR171W	634	1219	1363	2	1	0
YBL028C	701	1321	1452	1233	1089	1525
YBR135W	182	332	391	439	506	334
YBR264C	143	224	268	268	311	254
YBR043C	269	476	501	551	657	533
YBL059W	51	96	104	125	134	124
YBR131W	112	224	244	280	292	348
YBR233W-A	94	168	192	184	237	288
YBR092C	1614	2660	2782	2257	2413	2315
YBR126C	1417	2337	2431	2083	2006	1068
YBR057C	356	659	679	702	817	929
YBR086C	1672	3118	3117	3056	3670	3878
YBR174C	1	6	0	4	2	3
snR56	0	3	5	5	3	5
YBR281C	368	741	794	897	1085	1189
YBL103C	255	446	441	474	516	514
tG(GCC)B	0	0	0	0	0	0
YBR159W	977	1985	2160	2084	2169	2280
YBR118W	6296	10741	12086	11063	11357	8251
YBL004W	1391	3004	2779	2677	2370	2801
YBR163W	245	502	532	439	479	562
YBL013W	12	22	30	16	36	25
YBL112C	0	0	0	0	0	0
YBR231C	100	178	169	235	267	200
YBL066C	166	299	292	305	434	410
YBR008C	168	282	289	347	462	421
YBL015W	215	354	336	368	473	320
YBR038W	417	834	831	986	1155	1246
YBL018C	177	290	323	279	303	384
YBR253W	144	255	277	269	348	311
YBL068W-A	0	0	0	0	0	0
YBR058C	513	1045	1147	1121	1215	1329
YBL084C	226	383	370	413	540	514
YBR224W	2	1	2	2	0	4
YBR077C	136	245	300	309	319	343
YBL087C	4724	7803	9054	7175	7237	5456
YBR098W	74	155	133	174	192	265
YBR239C	145	271	266	258	328	292
YBR168W	129	222	278	268	285	374
YBL046W	236	400	452	418	559	419
YBR003W	336	610	660	675	834	806
YBR215W	235	524	539	623	675	831
LSR1	39	69	66	48	76	67
YBL025W	75	117	137	147	185	151
YBR105C	291	558	619	545	674	657
YBR200W	332	574	642	602	722	774
YBR190W	0	2	2	0	3	2
YBR248C	741	1369	1417	1429	1571	1519
YBR145W	234	446	491	318	255	210
YBL047C	1194	2313	2160	2343	2863	2550
YBR099C	30	35	33	40	59	59
YBL014C	293	489	473	477	605	783
YBR062C	173	272	331	351	407	393
YBL092W	11627	23072	25894	21282	20823	18712
YBR240C	22	33	54	43	46	39
YBR251W	161	314	345	382	430	432
YBR199W	838	1568	1619	1540	1768	1745
YBR128C	44	52	68	75	67	63
YBR139W	318	593	671	682	870	676
YBL070C	2	1	6	3	3	3
YBR054W	1051	1922	2132	861	531	216
YBL039W-B	51	86	83	78	71	96
YBR072W	38	63	77	87	90	55
YBR111C	736	1501	1570	1576	1469	1091
YBL001C	390	735	821	840	905	980
YBR110W	400	755	848	835	942	1029
YBL111C	1	2	1	1	2	3
YBL036C	529	1045	1113	1121	1083	1389
tR(UCU)B	0	0	0	0	0	0
YBL094C	3	6	11	7	12	8
YBR033W	21	48	40	44	42	29
YBL073W	1	1	0	0	0	0
YBR096W	487	852	894	939	1014	1295
YBL053W	1	9	5	0	5	4
YBR030W	235	478	448	462	514	466
YBL076C	4269	8520	8687	8405	8550	8867
YBR256C	450	962	1059	1089	1204	1109
YBR162W-A	452	826	877	950	944	1097
YBL077W	0	1	1	1	0	0
YBR156C	126	275	263	290	378	457
YBL012C	0	0	0	0	0	0
YBL008W-A	0	1	2	0	0	1
YBR297W	66	118	131	139	190	197
YBR189W	12364	23061	25585	21295	20503	21179
YBL096C	5	3	5	3	7	1
YBR011C	4325	8398	9048	8248	9209	7441
YBL041W	884	1722	1972	2195	2499	2137
YBL081W	519	831	822	874	1152	1024
YBR089C-A	270	480	507	459	525	407
YBR103C-A	1	0	0	2	1	1
YBR296C	646	1419	1281	1053	1074	1122
YBL040C	676	1204	1240	1356	1395	1780
YBR165W	139	246	278	262	302	296
YBL026W	378	685	791	738	811	1036
YBR082C	2224	4087	4435	4836	6440	4807
YBR280C	202	296	346	327	274	212
YBR061C	437	847	931	807	779	906
YBL016W	605	1061	1084	1084	1210	899
YBR175W	143	230	277	279	322	316
YBR029C	792	1411	1407	1424	1502	1732
YBL057C	341	646	793	763	701	617
YBR298C-A	0	0	0	0	0	0
YBR192W	284	615	634	640	778	956
tQ(UUG)B	0	0	0	0	0	0
YBR302C	49	108	99	112	109	97
YBR254C	138	235	271	289	319	337
YBR204C	203	323	388	445	477	450
YBR220C	314	569	613	601	759	642
YBR222C	391	731	722	904	998	716
YBR290W	459	796	881	834	876	876
YBR162C	6101	11021	11145	11091	11331	10573
YBR167C	129	261	311	291	314	348
YBL033C	200	411	427	511	624	369
YBR228W	93	232	249	247	285	327
YBR263W	1519	2975	3102	2796	2891	2466
YBR250W	19	27	35	42	40	57
YBR272C	236	422	415	454	572	585
YBR120C	161	247	327	302	334	425
YBR084C-A	7633	14622	15699	13718	13264	10638
YBL062W	0	1	1	0	1	1
YBR301W	1	9	6	7	6	6
YBR076W	9	7	15	11	8	7
YBR210W	165	319	349	340	319	437
YBR106W	3095	5705	6266	5756	6159	5208
YBR005W	610	926	1103	1127	1103	556
YBR153W	208	363	345	433	484	463
YBR132C	61	90	87	82	102	100
YBR166C	551	965	1034	1069	1239	1381
YBR221W-A	0	0	0	1	0	1
YBR131C-A	0	0	0	0	0	0
YBR161W	132	240	249	227	275	316
YBR109C	989	1764	1975	1875	1731	1987
YBR255W	226	385	473	459	497	455
YBR205W	529	1076	1094	1052	1137	1208
YBR296C-A	0	0	0	1	0	0
YBL043W	44	107	88	171	327	224
YBR130C	407	830	906	924	1057	1310
YBR206W	38	67	77	63	65	58
YBR122C	366	570	646	720	839	969
YBR295W	221	465	430	617	419	380
YBR004C	524	1103	1115	1063	1026	1221
YBR202W	522	1018	1056	867	1282	1354
YBR001C	162	318	303	360	471	444
YBL113C	67	112	104	149	192	121
YBR288C	412	753	803	788	779	961
YBR282W	142	212	278	369	423	400
YBL072C	5084	8800	9562	8359	8208	8399
YBR103W	205	407	475	499	578	573
YBR107C	78	124	145	130	129	110
YBL024W	1431	2974	2940	2813	2811	3370
YBR012C	0	0	0	0	0	0
YBR188C	77	181	187	265	267	254
YBL075C	116	232	239	277	345	312
YBR102C	269	556	549	635	709	817
YBR006W	273	416	468	338	272	192
YBL051C	701	1268	1352	1416	1647	1546
YBR196C	8928	17297	17970	15844	15094	13179
YBL031W	101	156	185	220	300	235
YBR141W-A	2	1	1	1	1	4
YBL006W-A	1	0	3	2	0	3
YBL100W-C	0	0	1	1	1	1
YBR236C	325	620	731	762	812	878
YBR276C	421	826	778	907	992	1051
YBR036C	1148	1946	2169	2138	2431	1874
YBR045C	62	114	119	110	168	116
YBR291C	83	103	133	142	153	166
YBR137W	182	375	390	451	524	530
YBR079C	4123	8044	7909	7679	8136	7806
YBR017C	869	1793	1830	1823	1938	2065
YBL044W	1	0	1	2	2	0
YBL023C	358	668	677	671	777	880
YBR127C	3412	5941	5962	5584	6220	5435
YBR152W	105	168	179	169	245	223
YBR035C	488	858	990	972	1067	827
YBR289W	148	343	363	429	524	461
YBL017C	901	1695	1688	1621	1775	1787
YBR157C	145	259	236	176	295	224
YBL104C	207	403	420	546	595	660
YBL109W	0	1	1	0	3	0
tL(UAA)B1	0	0	0	0	0	0
YBR072C-A	0	0	0	2	1	4
YBR300C	2	1	3	2	1	0
YBR195C	140	332	303	328	384	395
YBR233W	162	254	271	320	400	435
YBR262C	208	351	414	428	474	346
YBR020W	17	40	58	53	68	68
YBR085C-A	559	1087	1161	1087	1087	843
YBR123C	207	392	404	504	609	579
YBR221C	2140	3798	3881	4024	4417	3938
YBL029W	84	215	194	183	283	167
YBL045C	1134	2076	2252	1970	3378	2491
YBR191W-A	28	74	69	52	41	40
YBR154C	1312	2538	2830	2632	2542	3420
YBR278W	96	152	157	182	202	180
YBR273C	435	770	931	863	880	638
YBR032W	9	17	14	6	6	18
YBR048W	5715	9558	9785	9107	9872	8311
YBR104W	414	884	973	841	913	914
YBL079W	663	1387	1330	1471	1768	1963
YBR265W	441	774	868	796	978	762
YBR249C	3623	7337	7485	6297	5798	4954
YBR203W	109	212	189	264	248	251
YBR184W	32	63	64	79	97	103
YBR170C	281	453	482	683	875	893
YBR173C	441	783	882	1006	1208	860
YBR133C	409	761	704	772	945	1063
YBR275C	369	850	848	988	1161	1289
YBL108W	0	0	0	0	0	0
YBL113W-A	0	0	1	2	0	0
YBL085W	704	1176	1256	1334	1781	1717
YBL052C	255	553	496	617	823	941
YBL009W	252	613	574	697	853	996
YBR283C	2339	4465	4217	4148	4485	5382
YBR094W	301	654	633	701	707	924
YBR258C	66	132	178	157	161	210
YBR201W	166	292	332	341	369	418
YBR070C	164	316	342	308	349	415
tE(UUC)B	0	1	0	0	0	0
YBR198C	552	1107	1085	1227	1503	1375
YBL056W	1091	1877	2033	2047	2181	2091
YBL099W	2115	3707	4133	3589	4884	4559
YBR257W	134	310	298	296	339	457
YBR126W-A	6	5	5	12	9	11
YBR242W	506	1082	1182	1150	1066	1154
YBL008W	232	402	442	497	621	649
YBR181C	3140	6146	6753	5544	5653	5563
tC(GCA)B	0	0	0	0	0	0
YBR052C	400	737	778	783	865	645
YBR093C	2273	5192	4650	1737	1308	1140
YBR049C	411	770	791	894	1190	1208
YBR056W	492	807	952	913	890	727
YBL030C	1654	3061	3234	3031	4286	3682
tT(AGU)B	0	0	0	0	0	0
YBR141C	133	267	303	310	338	373
YBR226C	4	8	8	7	5	6
YBL005W	236	394	457	562	578	684
YBR151W	611	1160	1237	1274	1433	1159
YBR144C	0	0	0	2	0	0
YBR178W	2	2	1	4	7	4
YBR138C	93	185	187	201	242	302
YBL090W	215	390	460	476	556	585
YBL105C	557	1071	1019	1131	1274	1284
YBL102W	286	573	634	629	709	680
YBL011W	514	936	930	1054	1273	1187
YBR095C	250	461	441	480	567	597
YBR196C-B	4	13	13	2	12	21
YBL048W	9	20	18	12	13	5
YBR066C	187	306	345	212	199	255
YBR292C	14	13	15	18	33	33
YBR018C	14	28	28	38	23	24
YBR194W	44	113	112	145	121	159
YBR076C-A	30	52	75	69	70	53
YBR108W	240	453	451	420	516	316
YBR046C	79	132	139	195	239	202
YBR235W	241	421	395	477	572	530
YBR274W	251	457	523	535	580	629
YBL006C	225	423	480	465	509	323
YBR186W	5	4	9	15	13	6
YBR277C	1	3	2	3	1	2
YBR185C	180	288	342	348	485	459
YBL078C	86	157	204	193	160	113
YBR037C	87	175	152	186	281	251
YBR015C	1098	2030	2112	2106	2483	2213
YBR016W	240	332	401	483	551	315
YBL107W-A	0	0	0	0	0	0
YBL071W-A	121	234	264	278	330	361
YBR269C	137	207	244	255	290	202
YBR266C	0	1	0	1	0	2
YBR055C	370	772	761	849	969	1036
YBR088C	688	1213	1219	1366	1716	1775
tV(UAC)B	0	0	0	0	0	0
YBL019W	135	262	283	270	237	277
YBR112C	874	1590	1564	1736	2190	1695
YBR164C	460	965	1040	928	964	1202
YBR148W	33	74	88	87	91	100
YBL020W	512	906	939	915	1049	1169
YBR208C	429	801	784	1237	1557	1455
tD(GUC)B	0	0	0	0	0	0
YBR172C	759	1600	1643	1689	2236	2233
YBL097W	56	118	142	156	241	213
YBR050C	14	21	32	23	31	30
YBR183W	241	456	502	377	361	153
YBR213W	48	120	103	142	170	122
YBR113W	3	0	1	0	2	1
YBL091C-A	61	125	138	150	160	101
YBR196C-A	11	27	32	19	17	13
YBR286W	4550	8437	8588	9866	10787	8611
YBR268W	160	213	289	326	392	270
YBR058C-A	286	499	598	506	500	666
YBR287W	1851	3459	3532	3366	3152	2569
YBL083C	3	1	4	6	2	6
YBL061C	522	1060	1133	1202	1322	1555
YBR267W	662	1255	1303	1399	1589	1697
YBR114W	313	554	547	512	628	578
YBL032W	529	1019	1234	1233	1362	1076
YBR219C	0	0	0	0	2	0
tF(GAA)B	0	0	0	0	0	0
YBR299W	7	4	6	7	15	9
YBR191W	8108	13774	15665	12924	12560	10692
YBR125C	294	554	563	581	714	691
YBL069W	344	691	664	694	743	553
YBR223C	104	162	182	180	230	174
YBR074W	581	1127	1080	1085	1209	1340
YBR201C-A	29	54	71	55	55	46
YBR187W	1022	1777	1827	1653	1623	1847
YBL021C	74	122	143	140	188	119
YBL049W	22	54	68	29	23	10
YBL035C	187	382	347	458	576	685
YBL095W	118	211	211	225	272	198
YBR073W	480	1095	1055	1318	1647	1800
YBR109W-A	7	13	17	23	26	31
YBR260C	234	424	496	569	642	643
YBR279W	483	969	1012	1072	1228	1187
YBR211C	204	307	329	312	296	289
YBR078W	8040	14915	14808	16965	19455	19296
YBR063C	129	276	259	290	315	422
YBR028C	239	603	596	622	734	854
YBL039C-A	0	0	0	0	0	0
YBR129C	263	418	483	460	519	499
YBL050W	530	985	1012	1015	1154	1090
YBR051W	0	0	0	1	3	1
YBR080C	636	1116	1132	1201	1359	1462
YBL058W	803	1492	1571	1863	2280	1792
YBL101C	247	426	408	407	489	406
YBR140C	492	971	999	1046	1115	1160
YBR021W	292	599	564	575	724	893
YBR232C	0	1	1	1	0	1
YBR024W	123	259	263	304	298	270
YBL005W-B	134	269	258	248	255	233
YBL100W-A	0	0	0	0	0	0
YBR012W-B	0	1	4	1	6	2
YBR012W-A	0	0	0	0	0	0
YBL005W-A	0	0	0	0	0	0
YBL100W-B	44	77	76	98	102	124
YNR017W	727	1398	1424	1541	1675	1293
YNL105W	1	0	0	0	0	0
YNR069C	56	99	79	126	166	132
YNL306W	432	753	870	949	1106	978
YNL288W	611	994	1010	1039	1122	867
YNL191W	196	389	428	440	578	546
YNL150W	1	2	3	3	1	3
YNL097C	188	311	390	347	376	290
tN(GUU)N1	0	0	0	0	0	0
YNL137C	461	950	1003	1095	1338	1312
YNL331C	83	159	187	181	205	192
YNL030W	2688	4692	5530	5254	5545	4716
YNL297C	437	826	786	972	1023	1255
YNL102W	320	658	625	747	936	1080
YNR026C	272	575	619	657	730	874
YNL152W	254	428	485	508	566	513
YNL140C	2	3	4	3	4	3
YNL099C	278	637	683	661	798	673
YNL182C	842	1807	1854	1710	1691	2152
YNL180C	421	934	975	1059	1393	1327
YNR001C	793	1406	1505	1095	1632	1161
YNL091W	891	1802	1773	1996	2275	2209
YNL157W	570	932	1079	1129	1094	936
YNL315C	388	761	834	863	1018	918
YNL221C	458	896	903	989	1190	1255
YNR052C	585	1136	1224	1255	1400	1118
YNL061W	2530	5150	5229	4917	4419	4983
YNL284C	297	634	648	679	928	834
YNR040W	85	150	132	229	245	223
YNL246W	315	590	591	590	678	567
YNL097W-A	0	0	1	4	1	2
YNL121C	1393	2832	2749	3265	3815	4149
snR191	13	13	20	11	14	13
YNL043C	8	14	25	16	24	16
YNR055C	576	1138	1092	1085	1155	1097
YNL039W	427	751	801	839	1088	1001
YNR036C	335	538	583	597	795	509
YNL304W	75	158	152	176	239	171
YNL119W	487	973	1053	1033	1043	1411
YNL034W	3	6	5	2	11	5
YNL187W	88	174	160	176	235	198
YNL310C	82	182	223	232	350	205
YNL277W	41	120	110	150	267	243
YNL126W	157	273	319	365	416	608
tL(UAA)N	0	0	0	0	0	0
YNL210W	0	1	0	0	1	1
YNR041C	164	321	331	380	445	304
YNL193W	192	311	338	294	337	323
YNL301C	1654	2934	3053	2726	2787	2983
YNL263C	420	807	742	842	1019	913
YNL059C	713	1264	1258	1422	1497	1534
YNL028W	0	0	0	0	2	0
YNL044W	816	1552	1604	1568	1647	1656
YNL026W	339	623	632	771	986	891
YNL067W	2575	4687	5050	4940	4896	5160
YNL205C	1	1	1	0	0	1
YNL104C	2000	3982	4079	4324	5267	4273
YNL169C	423	882	901	745	855	874
YNL268W	1166	2057	2101	2250	2578	2632
YNL162W	3531	6767	7483	6249	5811	6090
YNL257C	285	552	558	534	624	699
YNL229C	611	1160	1294	1351	1461	1435
YNL042W-B	0	0	1	1	0	0
YNL248C	1833	3651	3755	3528	3055	3771
YNR045W	175	275	306	279	362	279
YNR051C	1585	3143	3210	3372	3793	3456
YNL190W	1974	3692	3867	3717	4385	3052
YNL194C	14	22	15	3	7	1
YNL080C	356	681	645	652	787	616
YNR005C	0	0	0	0	0	0
YNR064C	11	14	18	34	37	7
YNL145W	1325	2161	2310	1587	1906	2274
YNR068C	41	55	71	96	156	134
YNL323W	365	669	765	642	717	706
YNL003C	210	428	458	440	542	457
YNL199C	304	615	598	651	760	663
YNL048W	462	827	903	916	931	1208
YNL072W	84	144	170	203	287	220
YNL224C	303	562	541	624	699	624
YNL067W-A	0	0	0	0	0	0
YNR032W	216	353	430	399	473	337
YNL206C	282	585	622	677	772	845
YNR062C	11	16	23	13	21	21
YNL203C	16	23	33	26	27	24
YNL273W	139	300	297	363	489	559
tI(AAU)N1	0	0	0	0	0	0
YNL213C	212	405	453	493	541	653
YNL055C	2797	5716	5847	6153	7672	5282
YNL170W	18	34	23	35	48	67
YNR013C	813	1539	1503	1520	1812	1741
YNL269W	3	1	2	0	1	0
YNR020C	128	239	228	249	342	337
YNL041C	370	611	680	750	834	930
YNL234W	266	416	476	417	347	393
YNL165W	145	274	318	282	399	359
YNL116W	111	229	257	267	291	276
YNL008C	307	528	573	581	620	764
YNL309W	68	154	145	180	280	216
YNR015W	456	862	909	854	920	678
YNR075W	169	327	315	369	363	368
YNL025C	109	240	240	275	249	252
YNL058C	506	992	1041	1231	1360	1234
YNL313C	659	1390	1357	1504	1745	2186
YNL122C	148	203	225	234	302	360
YNL094W	397	654	670	790	932	801
YNL001W	505	987	983	950	906	1395
YNL317W	205	385	417	403	555	455
YNL035C	316	553	650	645	649	647
YNL007C	2243	3490	4253	4329	5898	5220
YNL162W-A	39	85	94	98	106	221
YNR039C	260	450	441	459	592	579
YNL103W-A	0	0	0	0	0	0
tL(CAA)N	0	0	0	0	0	0
YNL052W	744	1289	1482	1194	1824	1393
YNL120C	0	0	0	1	1	0
YNL002C	2056	4320	4451	3943	3253	4820
YNL311C	258	483	482	445	560	633
YNR007C	193	316	329	359	335	289
YNL291C	248	501	520	523	600	651
YNL195C	30	63	57	76	64	38
YNL087W	1474	3011	3104	2954	2663	3244
tF(GAA)N	0	0	1	1	0	0
YNL217W	1116	2135	2352	1927	1809	1417
YNL029C	160	319	342	257	244	247
YNR028W	366	663	711	640	758	815
YNL009W	36	69	82	75	75	98
YNL024C-A	248	401	472	367	373	457
YNL334C	9	14	19	14	16	20
YNL319W	12	13	24	13	13	15
YNL295W	189	305	347	381	395	451
tN(GUU)N2	0	0	0	0	0	0
YNL192W	4053	7258	7322	7792	5991	4369
YNL149C	549	1015	1167	1128	1197	1181
YNL071W	2081	3699	3845	4237	4773	3536
YNL089C	1	1	0	1	2	2
YNL308C	2269	4464	4598	4390	3771	3833
YNL239W	594	1221	1275	1368	1600	1507
YNL275W	151	345	313	311	340	433
YNR071C	0	0	0	0	0	0
YNL226W	2	2	2	3	2	0
YNL040W	512	1033	1139	1081	1200	1214
YNL117W	8	18	17	17	22	18
YNL050C	352	628	690	687	767	923
YNL086W	30	58	87	102	99	77
YNL017C	0	0	0	0	0	0
YNR070W	0	0	0	0	0	0
YNR067C	1824	3453	3294	3748	4784	4584
YNL305C	224	370	394	402	442	259
YNL015W	172	340	367	403	441	519
YNL146C-A	13	26	42	26	25	33
YNL063W	141	203	261	247	263	248
YNL294C	475	923	921	983	1062	899
YNR046W	371	777	797	741	844	514
YNL167C	508	857	844	816	1021	874
YNL280C	741	1595	1609	1376	1482	1558
YNR002C	8	19	28	20	14	7
YNL036W	208	363	415	556	910	863
YNL075W	672	1242	1382	1292	1257	1462
YNR058W	62	92	97	95	95	85
YNL054W	233	430	464	521	715	636
YNR006W	543	940	1034	1155	1114	815
YNR042W	0	1	1	1	3	0
YNL261W	199	425	437	448	534	597
YNL188W	268	531	585	612	778	868
YNL146W	12	24	24	26	26	34
YNL228W	1	4	2	6	2	4
YNL211C	64	116	117	113	113	132
YNR021W	1434	2987	2979	2812	2898	3425
YNL201C	353	769	739	853	1147	1518
YNR033W	435	805	822	1035	1209	946
YNR034W	157	283	312	292	257	208
YNL272C	336	658	675	719	906	936
YNL245C	99	152	170	162	249	254
YNR074C	0	0	0	0	0	0
YNL123W	900	1835	1775	2042	2333	2813
YNR016C	4043	8319	7911	7054	7210	6630
YNL223W	138	197	252	240	251	222
YNR032C-A	115	202	237	212	184	259
YNL133C	59	127	114	139	130	182
YNL178W	14670	29855	32878	26424	24455	24146
YNL065W	363	688	625	643	1015	1704
YNR043W	1454	2918	3002	2843	3303	2658
YNL021W	367	648	628	742	862	876
YNL124W	467	852	854	907	885	793
YNL312W	356	608	643	766	912	919
YNL143C	7	11	17	14	19	10
YNL251C	476	908	831	801	860	972
snR40	9	8	13	6	6	9
YNL299W	220	506	494	582	729	907
snR19	26	40	36	23	38	36
YNR049C	159	298	331	345	359	273
YNL163C	637	1310	1348	1526	1557	1662
YNR073C	0	0	1	2	0	1
YNL127W	210	351	375	423	454	518
YNL118C	837	1410	1552	1583	1924	2119
tT(AGU)N2	0	0	0	0	0	0
YNL189W	1563	3097	3060	3058	3358	3651
YNL290W	446	874	931	1055	1119	829
YNR025C	19	45	29	37	41	58
YNL250W	178	342	342	458	498	571
YNL314W	97	152	182	155	227	153
YNL227C	540	1013	1050	1156	1089	1350
YNL218W	104	252	265	281	316	320
YNL004W	923	1770	1940	1923	2149	1692
YNR023W	192	360	375	413	513	529
YNL092W	21	32	33	52	67	56
YNL324W	0	0	2	1	1	0
YNL233W	347	689	658	747	1015	1023
YNL155W	383	679	760	960	1208	1272
YNL020C	255	443	482	539	500	410
YNL076W	400	635	717	678	773	782
YNL200C	102	199	233	196	250	203
YNL177C	439	818	828	957	1129	1132
YNL077W	520	518	700	425	468	259
YNL293W	252	401	458	487	421	427
YNL098C	1135	2030	2220	2227	2517	1884
YNR004W	41	81	80	82	88	104
YNL049C	413	809	812	892	1058	1088
YNR019W	1037	2144	2121	2503	2620	2036
YNL031C	4625	8227	9176	8701	9356	8611
YNL019C	2	5	2	2	2	0
YNL214W	81	118	149	130	157	142
YNL006W	370	646	759	659	761	586
YNR030W	543	974	1017	1083	1395	1459
YNL038W	314	601	680	577	607	763
YNL090W	207	368	435	415	506	471
YNL151C	645	1101	1177	1166	1091	1188
YNL254C	147	272	293	304	341	418
YNR008W	338	646	653	793	831	809
YNR038W	364	814	858	955	1087	1295
YNR003W-A	0	0	1	0	0	0
YNL307C	1076	2153	2065	2078	2399	2587
YNL131W	725	1357	1494	1541	1706	1947
YNL265C	283	551	550	539	557	554
YNL175C	1495	2843	3040	2715	2268	2667
YNL042W	234	350	446	317	319	247
YNL022C	417	768	749	771	747	998
YNL056W	290	555	643	623	632	663
YNL011C	139	239	302	258	282	270
YNL329C	254	548	542	637	765	710
YNL074C	610	1075	1137	1142	1368	963
YNL093W	19	48	51	33	26	20
YNR047W	260	416	385	380	446	385
YNL183C	351	667	613	705	989	992
YNL057W	8	10	14	7	11	7
YNL238W	692	1460	1444	1522	1817	1744
YNL154C	1220	2267	2342	2340	2697	2603
YNL267W	480	1069	1156	1310	1467	1447
tP(UGG)N2	1	1	1	0	0	5
YNL014W	67	143	115	146	148	150
NME1	2	19	8	8	24	16
YNL078W	361	706	682	668	961	903
YNL209W	9678	17467	18684	16275	15688	13046
YNL253W	213	374	388	452	457	476
YNL173C	314	489	517	559	936	565
YNL066W	2260	4092	4006	3923	4280	3470
YNL321W	310	525	544	625	753	714
YNR054C	443	915	924	931	1041	1096
YNR072W	0	1	0	0	0	0
YNR076W	0	0	0	0	0	0
YNR031C	306	565	568	674	749	776
YNL110C	1160	2246	2384	2133	1845	2751
YNL232W	411	879	899	885	912	954
YNL262W	471	1039	981	1084	1464	1558
YNL142W	530	1073	951	1146	1370	811
YNL129W	197	370	417	376	400	517
YNR014W	64	99	109	64	62	21
YNL005C	618	1174	1206	1302	1374	1479
YNL174W	1	4	7	1	1	2
YNL335W	1	1	1	1	1	2
YNL240C	211	398	418	506	412	301
YNL318C	0	1	2	5	5	3
YNL256W	751	1513	1477	1500	1446	1741
YNL012W	41	98	99	98	105	99
YNR029C	233	485	497	530	590	616
YNL130C-A	3	2	4	0	4	4
YNL107W	148	275	301	320	378	398
YNR065C	175	337	333	388	486	450
YNL332W	2	3	0	7	6	2
YNL023C	393	719	781	856	891	920
YNR056C	11	20	29	27	19	16
YNL186W	931	1965	1858	2017	2668	2966
YNL153C	527	879	1075	904	926	763
YNL130C	482	899	946	1051	1367	1480
YNL088W	498	1020	1038	1172	1379	1489
YNL216W	466	802	839	894	1126	1010
YNL276C	4	6	8	24	10	20
YNL108C	242	431	512	508	562	587
YNL252C	308	607	606	745	944	956
YNL181W	339	670	753	795	832	912
YNL197C	574	1053	1064	1078	1487	1486
YNL064C	3341	6247	6815	8310	10955	10025
YNL202W	3	13	16	13	17	12
YNL283C	358	643	590	745	1000	663
YNL147W	292	647	651	639	694	904
YNL286W	241	504	574	606	561	586
YNL337W	0	0	0	0	0	0
YNL322C	503	927	956	1084	1274	764
YNL158W	128	238	250	248	288	290
YNL168C	289	589	621	637	734	570
YNL259C	118	224	216	204	249	328
YNR022C	243	411	478	576	589	577
YNR077C	0	0	0	0	0	0
YNL068C	417	767	797	748	991	851
tI(AAU)N2	0	0	0	0	0	0
YNL037C	811	1406	1515	2353	3071	2145
YNL085W	834	1615	1626	1675	1962	2369
YNL051W	186	381	446	421	456	593
YNL148C	79	187	170	177	201	130
YNR075C-A	0	0	0	0	0	0
YNL255C	2631	4466	5159	4240	4045	3708
YNL070W	232	420	490	503	597	841
tD(GUC)N	0	5	7	5	5	3
tT(AGU)N1	0	0	1	0	0	1
YNL271C	526	1069	1059	1130	1281	1250
YNL198C	0	5	2	7	6	6
YNR018W	443	849	826	803	1013	744
YNL327W	3709	7034	6996	7378	9547	8612
YNL236W	370	782	737	836	929	1052
YNR001W-A	1	0	2	2	0	1
YNL053W	234	400	384	469	609	517
YNL281W	610	1108	1232	1826	2357	1881
YNL279W	36	81	74	53	53	53
YNL156C	630	1123	1158	1240	1373	1314
YNL260C	121	265	267	280	361	423
YNL222W	86	152	190	184	195	285
YNL235C	0	0	1	2	1	0
YNR059W	211	355	354	369	314	291
YNR044W	745	1571	1411	903	983	902
YNL225C	250	400	446	414	534	679
YNL215W	344	572	722	626	741	623
YNL326C	158	309	335	335	410	433
YNL100W	347	578	669	638	726	616
YNR009W	85	139	146	175	318	297
YNR066C	64	179	165	196	229	234
YNL339W-A	0	0	0	0	0	0
snR66	5	14	8	14	4	13
YNL266W	0	8	3	6	6	6
YNL292W	512	1037	1104	1007	984	1083
YNL242W	147	220	258	285	371	359
YNR057C	48	91	123	83	92	52
tG(UCC)N	1	0	0	1	0	0
YNL067W-B	0	1	0	0	0	0
YNL166C	432	865	884	967	1185	992
YNL111C	784	1496	1669	1537	1833	2002
YNL069C	9739	17825	18848	16194	15925	14901
YNL277W-A	2	2	2	1	2	6
YNL128W	21	34	35	44	47	53
YNL300W	183	291	277	560	782	562
YNL179C	25	56	51	60	93	132
YNR050C	294	556	583	609	806	619
snR49	48	69	86	61	43	59
YNL138W	719	1516	1550	1806	2132	1872
YNR048W	201	280	299	344	388	368
YNL302C	6550	11210	12565	10505	9763	8992
YNL045W	524	908	965	1047	1186	1196
YNL125C	162	287	294	284	518	398
YNL207W	494	969	1086	989	1039	1285
YNR011C	253	508	536	612	689	745
YNL241C	747	1492	1557	2336	3502	2091
YNL112W	4314	8294	8744	6718	4750	6824
YNL249C	141	209	208	266	281	296
YNL270C	10	11	12	11	15	32
YNL115C	226	454	432	471	578	490
YNL073W	345	534	590	609	702	541
YNL082W	147	311	292	339	485	577
YNL097C-B	3	4	6	7	9	7
YNR034W-A	195	374	401	127	67	55
YNL296W	0	0	1	0	1	0
YNL138W-A	68	100	128	101	134	92
YNL196C	6	8	10	4	14	1
YNL109W	9	20	8	9	10	11
YNL101W	723	1209	1204	1291	1425	1552
YNR012W	472	1031	965	1035	927	1350
YNL114C	3	10	6	6	11	13
YNL237W	13	22	35	24	52	43
YNL084C	634	1149	1286	1254	1403	1748
YNL289W	208	312	283	472	726	720
YNL171C	1	3	1	2	2	2
YNL208W	808	1350	1471	1909	2098	1202
YNL010W	1350	2466	2855	2310	2117	2425
YNL134C	563	1025	1147	1457	2087	1326
YNR053C	1391	2880	2834	2954	3282	3939
tP(AGG)N	0	0	0	0	0	0
YNL231C	790	1704	1736	2002	2061	2382
YNL230C	118	204	198	212	262	217
YNL339W-B	0	0	0	0	0	0
YNL258C	374	738	747	812	915	992
YNL328C	22	28	35	41	45	37
YNL081C	272	526	565	588	651	582
YNR037C	94	127	185	219	294	164
YNR063W	43	94	111	130	145	172
YNL339C	0	0	0	0	0	0
YNR060W	329	602	558	425	233	372
YNL287W	1657	3015	3204	3276	3360	3948
YNL095C	230	324	375	392	441	506
YNL096C	3575	7220	7525	6707	6664	7528
YNL282W	77	138	131	122	149	130
YNL047C	258	458	477	473	615	645
YNL139C	417	796	788	822	925	1000
tP(UGG)N1	0	0	0	0	0	0
YNL298W	344	674	679	742	967	965
YNL113W	795	1471	1701	1449	1363	1622
YNR003C	504	969	1110	920	820	885
YNL316C	185	350	363	408	444	481
YNL016W	1774	3240	3392	3362	3770	3279
YNL330C	567	970	1027	988	1124	1064
YNR010W	112	228	220	228	228	204
YNL172W	173	356	303	437	534	607
YNL132W	1224	2560	2624	2521	2421	2912
YNR027W	299	546	635	586	678	595
YNL083W	170	309	322	339	393	383
YNL013C	0	0	0	0	0	0
YNL164C	168	321	363	377	451	535
YNL274C	176	257	327	336	296	258
YNL176C	501	1028	1012	1178	1459	1081
YNR061C	133	295	295	294	318	358
YNL303W	10	18	20	16	18	13
YNR035C	1003	1908	1972	2222	2445	2131
YNL160W	1024	1700	1828	2068	2559	1446
YNR024W	329	624	656	586	582	604
YNL024C	171	273	288	213	189	139
YNL018C	16	31	31	19	28	23
YNL033W	1	0	0	0	4	0
YNL141W	1246	2622	2857	2466	1948	2548
YNL320W	191	378	421	418	474	468
YNL204C	26	40	43	28	47	43
YNL106C	179	332	347	338	448	471
YNL338W	0	0	0	0	0	0
YNL161W	408	781	808	951	1131	1165
YNL247W	1928	3801	4066	3965	4047	4101
YNL285W	0	0	0	0	1	0
YNL062C	580	1091	1093	1169	1179	1618
YNL325C	190	279	283	362	345	411
YNL046W	195	310	342	334	481	365
YNL032W	324	697	754	759	773	774
YNL135C	1542	2775	3302	2920	3082	2519
YNL212W	499	920	963	1069	1206	1173
YNL243W	623	1234	1261	1411	1740	1355
YNL103W	415	772	765	860	1098	1001
YNL144W-A	0	0	0	0	0	0
YNL333W	11	20	19	11	21	23
YNL027W	1059	1981	2018	1724	1386	861
YNL278W	153	233	259	260	410	346
YNL144C	150	230	271	187	168	126
YNL159C	162	291	290	270	299	347
YNL220W	1708	3143	3328	2874	2741	3291
YNL184C	0	0	1	0	0	0
YNL336W	132	232	214	252	256	237
YNL264C	327	538	610	551	601	536
YNL136W	378	648	696	734	845	830
YNL185C	153	275	304	361	425	357
YNL219C	975	1673	1678	1584	1736	2164
YNL079C	2242	4114	4339	4701	5265	4229
YNL244C	2960	5247	5791	4773	5039	5266
YNL054W-B	340	700	647	665	661	814
YNL284C-B	29	56	42	30	46	53
YNL284C-A	0	0	0	0	0	0
YNL054W-A	0	0	0	0	0	0
YJL160C	15	22	29	23	17	20
YJL204C	221	414	430	458	497	624
YJR105W	2318	4562	4654	3898	4061	2854
YJR129C	135	290	322	331	354	286
YJL139C	262	537	590	560	594	629
YJL062W-A	91	167	191	223	279	147
YJL110C	558	901	856	873	1171	1142
YJR088C	428	812	922	950	1074	1215
YJL213W	295	542	540	445	480	304
YJR046W	406	648	666	689	899	738
YJL020C	627	1163	1095	1362	1754	1565
YJL187C	230	441	426	594	873	943
YJR131W	119	250	277	230	289	308
YJL133W	310	531	623	620	710	663
YJL086C	0	0	0	0	0	0
YJR053W	68	127	125	144	215	239
YJR044C	249	424	516	473	540	746
YJR100C	200	347	400	403	465	474
YJR012C	66	119	140	141	176	161
YJR067C	92	210	216	221	258	244
YJR146W	2	2	4	2	3	6
YJR140W-A	0	1	0	0	0	0
YJR130C	240	538	533	559	629	587
YJR069C	466	923	1066	1021	1088	998
tV(AAC)J	0	0	0	0	0	0
YJR120W	7	11	17	19	24	42
YJL186W	648	1233	1309	1338	1533	1497
YJL008C	1502	2863	3064	3037	3427	3310
YJL061W	532	995	1071	1229	1320	1507
YJR085C	381	507	682	660	737	514
YJR040W	332	587	581	665	779	782
YJL189W	5377	8930	10959	8911	8846	12761
YJR039W	132	249	267	265	269	294
YJL202C	0	0	0	0	3	0
YJL009W	0	0	0	0	0	0
YJR005W	514	886	924	1023	1109	1192
YJL006C	111	217	232	263	326	419
YJR150C	0	2	0	1	1	1
YJR098C	83	159	161	168	172	216
YJL103C	72	154	182	164	206	189
YJL156C	248	491	502	497	686	731
YJL185C	36	40	54	57	72	100
YJL135W	1	1	1	3	4	2
YJR138W	248	453	486	485	593	622
YJL108C	101	195	223	285	300	262
YJR037W	0	0	0	1	0	0
YJR079W	0	2	3	5	5	5
YJR049C	345	623	651	753	809	654
YJR008W	198	274	332	273	203	136
YJR023C	2	5	5	0	1	1
YJR002W	1132	2311	2481	2249	2111	2457
YJR145C	5755	10551	11586	9404	8782	6023
YJR048W	587	943	1141	1106	1773	1436
YJR009C	13604	24073	24487	18818	17384	11670
YJL222W-A	0	0	0	0	0	0
YJL173C	338	577	638	692	824	781
YJR014W	955	1817	2021	1914	1873	1785
YJR135W-A	263	503	530	465	479	734
YJR045C	4546	8065	8153	11080	14822	11238
YJL176C	376	748	775	849	1043	1160
YJL193W	163	345	289	294	297	455
YJR128W	1	1	0	1	3	4
YJL159W	6716	12358	12908	13708	15154	11034
YJL030W	159	293	337	373	395	414
YJL047C	246	522	527	531	596	626
YJL194W	100	196	193	199	373	357
YJL195C	0	1	4	0	1	1
YJR108W	3	11	10	12	7	2
YJL199C	14	18	22	30	24	19
YJL216C	35	67	66	82	82	87
YJL011C	174	304	313	322	348	415
YJR060W	300	555	593	684	887	776
YJR119C	54	129	134	169	159	249
YJR092W	429	854	793	933	1279	1314
YJL051W	165	313	342	343	509	545
YJR071W	2	2	0	1	1	0
YJR115W	19	33	34	32	12	16
YJL010C	776	1577	1581	1431	1499	2104
YJL084C	224	409	414	410	531	591
YJR030C	139	259	294	334	441	502
YJL119C	11	21	37	26	30	26
YJL221C	0	0	0	0	0	0
YJR140C	223	511	487	555	711	719
YJR161C	89	178	195	209	190	171
YJL136C	6192	10529	11568	9616	9869	7830
tR(ACG)J	0	0	0	0	0	0
YJL146W	149	240	259	266	293	252
YJL060W	263	454	528	606	885	881
tW(CCA)J	0	0	0	0	0	0
YJL117W	1307	2549	2648	2369	2514	2901
YJL149W	172	334	334	410	492	516
YJR063W	394	732	760	744	674	758
YJL067W	0	2	2	2	0	3
YJL164C	204	246	312	272	243	188
YJL223C	0	0	0	0	0	0
YJL079C	149	261	311	203	279	138
snR3	1	1	0	0	2	4
YJL156W-A	2	0	0	0	1	1
YJL106W	50	78	91	94	102	88
YJL171C	1481	2351	2662	2595	2138	1493
YJL058C	107	210	258	256	297	311
tL(UAG)J	0	0	0	0	0	0
YJL132W	105	150	174	185	181	213
YJL172W	440	877	885	1026	1240	1002
YJR114W	1	2	2	3	2	0
YJL093C	353	618	627	629	716	712
YJL163C	49	77	91	94	105	70
YJR153W	17	37	26	30	39	51
YJL179W	310	568	627	655	732	878
YJR080C	301	597	648	694	810	845
YJL037W	4	7	9	10	9	12
YJL104W	318	658	664	775	763	796
YJL050W	1327	2702	2790	2732	2432	3151
YJL002C	1574	3088	3330	3156	3676	4054
YJR084W	256	465	505	548	608	522
YJL220W	0	0	0	0	0	0
YJR034W	62	121	149	171	188	160
YJR019C	111	170	152	165	201	101
YJR093C	256	512	474	579	566	551
YJL201W	180	317	316	399	450	603
YJL161W	32	53	51	47	43	29
YJR021C	116	186	186	227	251	188
YJL070C	177	275	258	261	310	293
snR128	11	19	22	32	27	18
YJL029C	341	691	716	832	971	997
YJR010W	375	791	798	1357	1614	1834
YJR151W-A	0	0	0	1	0	0
tD(GUC)J3	0	0	0	0	0	0
YJR144W	354	665	772	720	900	743
YJL073W	248	482	465	467	587	690
YJL022W	0	2	2	0	2	0
YJR038C	1	1	1	1	0	0
snR37	28	33	69	79	58	78
YJR094W-A	2303	3695	4244	3411	3136	3903
YJL052W	2041	3906	4121	2337	952	182
YJR139C	2028	3774	3762	3454	3813	3993
YJR158W	0	0	0	0	0	0
YJL089W	15	23	28	34	29	28
YJL077W-B	7	18	17	25	19	18
YJL016W	525	854	928	750	668	563
YJL127W-A	0	0	0	2	0	2
YJR007W	1843	3510	3589	3567	3751	4272
tA(AGC)J	0	0	0	0	0	0
YJR096W	351	609	682	609	380	274
YJL032W	0	0	1	0	0	0
YJR065C	947	1801	1863	2025	2320	2120
YJL019W	142	307	296	287	403	454
YJR082C	199	339	399	436	414	425
YJL181W	71	142	118	127	158	205
YJR095W	1	5	3	7	5	7
YJR086W	144	296	294	293	344	406
YJL077C	0	2	2	1	1	2
tR(UCU)J2	0	0	0	0	0	0
YJR006W	237	528	560	566	710	728
YJR072C	1005	1875	1975	1910	1830	1337
YJL118W	30	69	67	86	136	86
YJL184W	119	224	204	274	359	230
YJR133W	246	397	477	463	461	501
YJR025C	245	552	555	725	717	687
YJR018W	6	10	16	9	3	8
YJL095W	218	493	431	463	643	607
YJR147W	230	392	433	421	461	337
YJL043W	2	2	0	4	3	1
YJL107C	115	269	247	368	338	302
YJL012C	3133	6429	6241	5557	6126	7281
YJR121W	4509	7738	8436	7334	10507	8618
YJL145W	629	1195	1388	1144	1278	1344
YJL153C	44	52	49	63	57	49
YJL088W	53	171	158	173	226	114
YJR064W	1666	3242	3242	3370	3492	3512
YJL137C	61	114	127	139	230	205
YJL074C	224	553	528	669	790	1017
YJL111W	1772	3534	3551	3618	3946	4316
YJL158C	2331	3774	4030	5873	6539	4893
YJR016C	3699	7260	7393	7597	8004	6434
YJR099W	225	339	389	452	462	578
YJL208C	401	737	802	823	1001	1109
YJL048C	707	1338	1405	1382	1406	761
YJL197W	483	902	930	962	1156	1256
YJR074W	178	269	338	265	299	186
YJL127C-B	117	156	215	205	183	248
tD(GUC)J4	0	0	0	0	0	0
YJL020W-A	0	1	0	0	1	0
YJL078C	595	1031	972	845	1048	632
YJL165C	1756	3090	3090	3029	2243	1368
YJR117W	1115	1944	1995	2142	2802	2780
YJR057W	206	420	433	474	551	544
YJR160C	9	12	9	15	20	8
YJL134W	414	720	751	764	937	898
YJL219W	3	3	5	10	13	4
YJL081C	547	1138	1154	1279	1344	1418
YJL054W	537	1111	1184	1243	1349	1308
YJR137C	574	1279	1129	1741	2364	2924
tK(CUU)J	0	0	0	0	0	0
YJL038C	1	14	4	1	6	3
YJR056C	194	341	373	383	431	442
YJL072C	127	239	290	267	310	360
YJR152W	89	167	198	191	208	199
YJL142C	3	11	10	8	3	1
YJL192C	619	1222	1261	1307	1580	1429
YJR001W	631	1167	1209	1336	1593	1632
YJR110W	142	290	302	286	277	390
YJL190C	7456	14068	15729	12451	12026	11619
YJL182C	0	0	0	0	0	0
YJL099W	231	412	432	495	525	536
YJL090C	227	443	433	407	495	629
YJL055W	513	1009	1116	1059	1126	824
YJL085W	205	429	404	455	559	691
YJR109C	534	1202	1195	1290	1505	1426
YJL167W	3021	6135	6359	6476	7173	5818
tM(CAU)J3	0	0	0	0	0	0
YJL127C	181	344	391	395	463	405
YJR004C	137	284	226	274	344	376
YJL036W	383	615	680	691	774	750
YJL150W	2	0	2	2	1	1
YJL168C	357	700	725	772	880	939
YJR036C	72	130	113	100	96	122
YJL162C	188	294	343	317	358	443
YJR106W	199	298	330	372	410	384
YJR043C	240	441	453	521	560	593
YJR066W	375	649	695	693	793	977
YJL001W	559	1173	1243	1467	1785	1470
YJR061W	90	152	172	206	218	223
YJL212C	351	701	653	691	841	919
YJL024C	210	383	440	451	525	572
YJR125C	488	835	911	1015	1155	956
YJR051W	364	653	765	742	742	791
YJR112W-A	94	170	203	196	234	156
YJR050W	190	286	355	326	366	346
YJR011C	131	241	252	218	207	257
YJR136C	123	231	222	221	301	314
YJL200C	481	1027	999	1043	1077	1093
YJL188C	27	24	10	4	5	8
YJL170C	54	106	104	61	75	87
YJL129C	700	1194	1243	1307	1455	1351
YJR112W	86	164	145	187	249	209
YJR103W	696	1057	1191	1025	1050	556
YJL044C	463	871	951	799	839	906
YJL157C	702	1372	1347	1169	1841	2270
YJR142W	331	632	676	739	784	802
YJL034W	3642	6074	6655	9906	13756	12365
YJL183W	640	1260	1260	1284	1371	1532
YJR031C	282	571	549	682	793	961
YJL066C	150	261	278	327	378	201
YJR077C	1508	2542	2618	2254	3295	2470
YJL064W	2	3	1	2	0	1
YJL136W-A	0	1	2	0	0	0
YJR010C-A	99	151	215	181	187	234
YJR033C	250	417	436	506	597	671
YJL068C	187	349	404	520	667	490
YJL112W	246	441	457	639	748	786
YJL039C	749	1489	1554	1614	1717	1917
YJL180C	221	335	401	441	608	630
YJL147C	91	157	178	179	200	240
YJR116W	119	211	200	202	206	115
YJL025W	77	185	165	207	308	371
YJR062C	241	459	546	509	566	597
YJR090C	348	776	723	830	937	1052
YJR035W	194	335	372	383	508	469
YJL174W	794	1527	1630	1593	1779	1503
YJL203W	139	277	293	333	368	398
YJL014W	1819	3392	3671	3680	3748	3910
YJL027C	3	2	6	9	2	1
YJR157W	1	0	0	0	1	1
YJR149W	74	123	122	94	167	197
YJR154W	65	86	83	79	109	84
YJR075W	810	1573	1761	1684	1537	1710
YJR052W	194	408	388	436	541	458
IRT1	115	208	238	245	135	91
YJL026C-A	0	0	0	0	0	0
tE(UUC)J	0	0	0	0	0	2
YJR126C	591	1048	1046	827	849	836
tL(UAA)J	0	0	0	1	1	4
tG(GCC)J1	0	0	0	0	0	0
YJL005W	363	692	720	812	1002	966
YJL206C	201	284	308	311	328	330
YJL100W	166	281	271	313	340	243
tT(AGU)J	0	0	0	0	0	0
YJL047C-A	7	9	9	9	8	12
tD(GUC)J2	0	0	0	0	2	0
YJL222W-B	0	0	0	0	0	0
YJR076C	736	1292	1343	1516	1770	1593
YJL217W	434	892	929	919	1123	844
YJR059W	612	929	946	825	918	758
YJR124C	348	699	754	714	776	863
YJL143W	522	904	1050	1101	1153	881
YJL059W	87	162	196	198	235	278
YJR078W	42	71	76	108	123	99
tM(CAU)J2	1	0	2	1	0	0
YJL207C	488	973	995	1059	1250	1471
YJL144W	223	266	368	328	254	74
YJL125C	576	1126	1179	1218	1225	1406
YJL198W	582	1097	1106	1158	1261	1444
tD(GUC)J1	0	0	0	0	0	0
YJL122W	892	1821	1920	1699	1403	1607
YJL007C	0	0	0	0	0	0
YJL225C	0	0	1	0	0	0
YJL211C	0	1	5	3	3	2
YJR073C	418	780	746	682	699	396
YJR143C	1756	3288	3251	2995	3238	3401
YJL131C	146	202	278	287	307	329
YJL177W	5179	8875	10203	8515	8245	7411
YJR032W	345	726	768	829	899	974
YJR151C	56	119	118	130	184	139
YJR024C	399	745	871	832	885	773
YJL140W	592	1243	1336	1256	1455	1349
YJR068W	533	954	1078	996	1095	1079
YJR017C	316	566	569	648	733	378
YJR058C	136	256	296	306	324	309
YJR101W	435	863	849	932	1087	1006
YJL026W	1810	3396	3618	3296	3372	2735
YJL096W	265	470	510	584	685	790
tM(CAU)J1	0	0	0	0	0	0
tR(CCU)J	0	0	1	0	0	0
YJR156C	4	9	7	17	11	12
YJL063C	266	501	567	630	817	477
YJR159W	1	1	0	0	0	2
YJR094C	51	90	96	95	79	98
tG(GCC)J2	0	0	0	0	0	0
YJL028W	0	0	0	1	0	0
YJL101C	562	1104	1150	1131	1290	1105
YJL056C	128	275	275	231	301	357
tY(GUA)J1	0	0	0	0	0	0
YJR041C	609	1447	1418	1479	1533	2035
YJL080C	2729	5353	5300	5449	5837	5906
YJR091C	643	1002	1039	1116	1001	858
YJR013W	215	394	460	433	492	492
YJL222W	4	10	14	5	11	5
YJL121C	503	889	992	1087	1171	900
YJL138C	2114	4072	4273	3699	3552	3782
YJR047C	45	145	116	117	80	50
YJL151C	446	736	906	885	1067	604
YJL057C	206	339	385	377	422	365
YJL218W	38	38	60	55	67	63
YJR087W	31	42	49	35	38	29
YJL130C	2259	4135	4041	3953	3889	3881
snR190	10	10	8	6	9	3
YJL069C	640	1289	1251	1357	1494	2019
YJL045W	8	11	15	34	17	26
YJL091C	264	565	601	584	687	964
YJL033W	1315	2558	2526	2419	2173	2893
YJR122W	98	231	250	334	426	400
YJL041W	691	1375	1547	1601	1736	1778
tR(UCU)J1	0	0	0	0	0	0
YJL065C	179	256	304	302	400	277
YJR148W	1020	1951	2080	2702	3197	2789
YJL123C	925	1619	1859	1890	2274	2082
YJL046W	205	374	395	438	536	567
YJR123W	24089	43443	48271	39897	38454	35454
YJR118C	368	725	698	780	772	966
YJL071W	174	330	353	384	479	507
YJR015W	777	1296	1415	1241	1388	1287
YJR102C	163	304	360	325	366	399
YJL004C	205	389	441	395	414	473
YJL155C	295	498	599	511	547	453
YJL154C	642	1248	1311	1532	1791	1905
YJR107W	83	130	148	149	198	213
YJL035C	130	180	229	214	157	207
YJR089W	262	446	436	529	680	687
YJL042W	324	625	602	652	866	764
YJL169W	3	3	4	3	3	3
YJL115W	250	408	507	525	754	677
YJR003C	470	939	961	946	958	1264
YJL116C	18	20	29	43	52	50
YJL053W	271	589	624	611	621	553
YJL124C	575	918	1129	1072	1184	1143
YJR104C	2240	3985	4583	4671	5250	2963
YJL105W	4	8	6	10	16	19
YJL215C	11	20	15	11	31	23
YJR070C	2381	4525	5010	4105	3866	3460
YJR097W	61	107	134	115	180	268
YJL126W	138	247	242	258	266	226
YJL214W	11	13	11	9	21	28
YJL166W	382	713	814	737	864	816
YJL023C	167	333	332	325	320	351
YJL094C	531	839	903	1005	1015	955
YJR054W	254	516	493	623	768	1145
YJR141W	228	412	448	420	426	515
YJL191W	1292	2163	2446	2185	2254	1601
YJR135C	63	136	130	121	135	175
YJL049W	167	314	332	362	368	524
YJR155W	89	150	158	159	143	141
YJL109C	1683	3494	3462	3583	3550	4415
YJL013C	173	318	412	430	491	519
YJL141C	556	903	988	819	483	340
YJL133C-A	18	31	39	23	42	27
YJL178C	569	1053	1195	1312	1374	1179
YJR022W	48	92	111	105	129	132
YJL062W	329	568	570	663	758	679
YJL197C-A	0	0	0	0	0	0
YJL082W	485	701	731	681	718	686
YJL120W	0	2	5	2	0	0
YJL098W	635	1341	1297	1429	1785	2121
YJL152W	0	2	0	1	4	1
YJR162C	0	0	0	0	0	0
YJL196C	322	634	650	665	821	857
YJL003W	38	90	85	106	101	126
YJL015C	0	0	0	2	0	1
YJL075C	0	0	0	0	0	0
YJR020W	2	5	9	9	5	5
YJL205C	51	77	105	143	156	112
YJR113C	265	419	457	521	605	370
YJR111C	177	333	341	360	405	426
YJR055W	49	84	120	114	132	162
tY(GUA)J2	0	0	0	0	0	0
YJL148W	1197	2468	2556	2232	2173	2673
tS(AGA)J	0	0	0	0	0	1
YJL097W	491	812	944	964	970	1205
YJL031C	272	576	542	678	760	869
YJR132W	551	1121	1147	1229	1300	1499
YJL092W	242	538	472	561	708	755
YJL083W	93	205	195	202	238	172
YJL175W	0	0	0	0	0	0
YJL225W-A	0	0	0	0	0	0
snR60	0	0	1	2	1	1
YJL102W	109	191	219	279	436	417
YJL077W-A	23	35	55	29	45	28
YJL052C-A	0	0	0	0	0	0
YJR083C	148	266	301	302	311	328
YJL128C	458	831	834	899	1094	938
YJR005C-A	0	0	0	0	0	1
YJR042W	719	1409	1603	1654	1715	2007
YJL209W	157	309	322	360	431	538
YJL087C	325	609	608	657	694	901
YJR127C	246	449	441	387	446	412
YJL210W	141	255	258	250	285	210
YJR134C	434	837	844	929	1023	1155
YJL076W	1071	2036	2057	2235	2507	2325
YJR027W	26	89	80	91	95	92
YJL113W	19	43	51	61	68	54
YJR026W	0	0	0	0	0	0
YJR028W	0	0	0	0	0	0
YJL114W	0	1	2	5	5	0
YJR029W	0	2	4	1	2	3
YKL103C	294	534	526	525	717	510
tL(UAA)K	0	0	0	0	0	0
YKL131W	0	3	1	4	1	1
tV(AAC)K1	0	0	0	0	0	0
tT(CGU)K	0	0	0	0	0	0
snR69	3	5	4	6	6	4
YKR004C	105	197	192	215	206	258
YKR092C	1356	2725	2785	2776	2998	2745
YKL002W	400	735	845	830	887	822
tA(AGC)K1	0	0	0	0	0	0
YKL173W	458	866	845	929	893	869
YKL061W	66	130	160	135	154	170
YKL139W	192	400	392	440	502	651
YKL180W	7588	12841	13902	12417	12183	10911
YKL004W	814	1507	1498	1496	1422	1603
YKL143W	767	1501	1651	1559	1400	1562
YKL062W	467	822	853	780	1077	764
YKL172W	2290	4481	4577	4358	3926	4162
YKR014C	579	1097	1126	1202	1271	1269
YKL149C	148	258	289	252	350	358
YKR099W	235	555	546	550	760	938
YKL110C	595	1069	1150	1124	1021	1092
YKL094W	585	1144	1253	1301	1459	1117
YKR094C	6132	9858	11711	9340	9027	9895
YKR058W	109	219	215	131	134	140
YKL183C-A	1	0	2	1	2	0
YKR052C	145	262	267	250	220	244
YKL157W	925	1611	1672	1811	2029	1909
YKL068W-A	197	312	328	300	361	539
YKR062W	243	439	492	495	564	639
YKL091C	196	310	351	347	373	285
YKR073C	11	18	9	19	14	38
YKR087C	170	276	337	300	394	419
YKL070W	3	14	9	11	4	8
YKR038C	443	844	925	907	1040	863
YKR048C	1137	2172	2290	2270	2622	1447
YKL096W-A	5507	6906	7779	9583	12018	9875
YKL014C	888	1826	1791	1783	1709	2217
YKR082W	548	1102	1111	1307	1506	1883
YKR045C	42	106	101	84	116	85
YKL018C-A	139	210	215	277	280	218
YKL126W	915	1625	1725	1731	1838	1802
YKR072C	531	1056	1049	1139	1433	1290
YKR075W-A	1	5	7	5	3	2
YKL074C	354	712	694	778	894	881
YKL087C	254	410	444	482	548	452
YKL018W	195	326	367	359	426	502
YKL135C	627	1071	1113	1258	1372	1507
YKL112W	315	570	635	813	1321	1135
YKR085C	199	310	354	428	526	437
YKR102W	72	94	98	84	133	127
YKL217W	21	26	25	47	54	50
YKR044W	255	483	509	502	576	556
YKR080W	410	896	867	877	748	846
YKL065W-A	6	8	7	18	19	22
YKL156C-A	0	2	0	0	0	1
YKR068C	425	718	832	821	916	1002
YKR027W	311	481	537	646	686	698
YKL081W	8021	15722	15860	14977	15512	15405
YKR022C	194	396	434	453	439	397
YKL083W	23	23	20	19	28	21
YKL198C	262	460	461	428	569	245
YKR007W	189	347	365	384	451	309
YKR078W	221	377	423	417	481	505
YKR001C	966	2115	2040	2265	2766	2712
YKR025W	362	706	718	678	719	685
YKL124W	86	138	132	149	160	169
YKR095W	778	1511	1573	1623	1840	1952
YKL129C	324	604	663	629	743	626
YKL100C	628	1001	1099	1060	1207	1229
YKL041W	263	486	559	536	624	676
YKL221W	8	10	23	22	17	12
YKL031W	2	4	7	8	14	4
YKR074W	438	741	792	772	713	848
YKL138C	239	445	492	574	618	604
YKL063C	291	615	607	644	738	884
tK(UUU)K	1	0	0	0	0	0
YKL024C	676	1174	1294	1117	976	816
YKL086W	1	6	6	2	2	2
YKL073W	664	1338	1318	1543	1651	1837
YKR006C	367	647	742	789	897	883
YKL034W	188	322	362	360	430	429
YKL118W	0	0	0	2	0	0
YKL104C	1883	3540	3554	4641	4969	5822
YKL191W	898	1641	1650	1642	1507	1276
YKR042W	4889	9315	9803	9093	10115	5709
YKR013W	857	1440	1438	2302	2857	1924
YKR101W	93	161	162	196	231	244
YKL039W	801	1380	1447	1652	1829	1804
YKL214C	296	620	640	552	631	574
YKL155C	233	430	450	491	774	758
YKL116C	453	826	954	883	999	992
YKR089C	329	679	652	675	793	752
YKR018C	635	1104	1196	1287	1356	1339
YKR079C	428	882	873	860	1006	1338
YKL153W	6	7	2	4	1	6
YKL027W	394	850	876	846	910	949
YKL100W-A	0	1	0	0	0	0
YKL035W	1304	2240	2271	2028	2523	2234
YKL084W	128	234	255	262	304	294
YKL207W	648	1218	1390	1237	1287	1228
YKR066C	400	755	854	782	1018	745
YKL117W	1569	2989	3327	3647	4066	3450
YKL140W	542	913	977	974	984	1092
YKL007W	536	1074	1092	1266	1312	1276
YKL051W	303	505	587	523	380	227
YKL022C	254	435	486	507	634	677
YKL021C	800	1519	1579	1444	1325	1657
YKL148C	661	995	1099	917	1536	1116
YKL038W	254	425	347	399	514	412
YKL125W	294	525	563	624	682	875
YKL048C	131	256	270	305	407	479
YKL053W	5	3	2	2	4	6
YKR093W	1395	2233	2327	2250	3010	2681
YKL201C	180	307	284	375	439	517
YKL123W	4	1	7	1	7	10
YKL224C	1	0	0	2	0	0
YKL077W	1050	1995	2126	1949	2048	2075
YKR103W	68	155	136	146	150	176
YKR104W	30	44	38	51	55	66
YKR024C	520	1130	1111	1192	1323	1632
YKR056W	698	1387	1353	1442	1502	1964
YKL203C	262	538	592	627	699	757
YKR054C	257	516	525	589	748	701
YKR057W	3544	5786	6523	4988	4635	3716
YKL133C	81	126	163	175	165	179
tH(GUG)K	0	0	0	0	0	0
YKL122C	632	1240	1382	1358	1372	1533
YKR100C	471	829	843	825	932	941
YKR083C	117	220	240	217	243	358
YKL225W	0	0	0	0	0	0
YKL189W	188	303	320	327	346	379
YKL113C	360	796	841	818	1007	1154
tV(AAC)K2	0	0	1	0	0	0
YKL213C	771	1279	1417	1432	1610	1273
YKL154W	349	657	662	722	774	876
YKR063C	174	368	345	403	438	516
YKL163W	140	269	252	176	99	64
YKL174C	614	1138	1182	1122	1034	954
YKL134C	143	270	279	316	417	517
YKR011C	160	304	282	347	493	457
YKL005C	270	448	460	429	430	477
YKL069W	129	244	289	325	314	335
YKL006W	2471	4243	5051	4054	4109	4395
YKL187C	80	124	151	180	229	183
YKL111C	1	2	2	1	0	0
YKR035W-A	457	898	1026	1080	1132	976
YKL182W	5775	11490	10773	9243	9130	8892
YKL099C	489	930	1019	940	946	1167
YKL179C	465	871	923	919	961	1087
YKL047W	299	536	550	549	536	602
YKL049C	155	300	359	373	418	347
YKL220C	54	120	108	98	129	133
YKL183W	191	358	416	418	497	298
YKL181W	1983	4041	4375	3975	3850	4024
YKL088W	444	786	758	802	896	808
YKL209C	1492	3322	3180	3086	3860	4288
tL(CAA)K	0	1	1	1	3	1
YKR019C	168	266	296	312	324	203
YKR012C	11	23	16	14	15	13
YKL166C	350	623	710	718	829	788
YKL016C	680	1210	1503	1274	1849	1602
YKR086W	248	510	465	509	621	676
tR(ACG)K	0	0	0	0	0	0
YKL141W	400	718	742	709	1061	801
YKL065C	816	1498	1615	1848	1850	1876
YKL013C	627	1154	1173	1276	1390	1343
YKL040C	466	791	930	882	957	1079
YKR061W	249	479	465	686	642	504
YKL096W	644	1157	1073	1655	2305	2210
YKR050W	206	371	343	387	467	376
YKL170W	252	460	565	548	685	599
YKR046C	655	1116	1182	1398	1720	1047
YKL210W	1495	2755	2774	3532	4203	3815
YKR002W	347	546	602	626	748	801
YKL015W	282	557	574	722	878	1000
snR87	9	17	19	18	18	32
YKL009W	2418	4867	5112	4347	3682	4514
YKL108W	115	282	276	274	355	385
YKR097W	37	70	96	107	73	71
YKL071W	20	51	33	63	37	47
YKL075C	172	331	345	337	383	431
YKL206C	280	473	493	542	634	627
tD(GUC)K	0	0	0	0	0	0
YKL195W	628	1187	1273	1505	1915	1892
YKL130C	227	408	411	444	482	507
YKL064W	783	1417	1563	1423	1325	1137
YKR026C	602	1201	1199	1343	1403	1459
YKL076C	5	11	5	10	10	19
YKL188C	177	241	244	272	262	230
YKL196C	669	1420	1509	1551	1665	1803
snR42	11	22	18	23	22	25
YKR105C	0	0	0	1	0	2
YKL109W	1400	2461	2585	2665	3690	1869
YKR071C	1628	3272	3477	4229	4568	4783
YKL168C	180	298	304	324	314	282
YKL102C	0	2	1	1	0	2
YKR090W	278	473	465	587	733	704
YKR036C	232	459	525	577	611	615
YKL202W	1	1	5	5	5	8
YKR084C	512	1037	1073	1210	1216	1220
YKL216W	1341	2451	2676	2587	2715	2597
YKR055W	100	189	205	217	225	216
YKL219W	157	334	346	384	396	434
YKL020C	503	895	889	944	1164	1146
YKL178C	6	16	18	23	22	24
YKL067W	499	907	988	918	1086	1120
YKL097C	0	4	0	1	1	0
YKL095W	143	236	257	265	288	225
YKR031C	383	781	730	876	900	1005
YKL036C	2	5	6	2	2	5
YKR088C	374	677	716	763	714	817
YKL151C	150	265	300	310	318	225
YKL105C	333	653	610	640	777	651
YKL169C	4	6	2	2	6	5
YKL150W	956	1736	1840	1690	1924	1641
YKL023C-A	127	319	322	304	343	349
YKL138C-A	109	161	164	189	270	265
YKL082C	1034	2291	2268	2237	2333	2762
YKR070W	241	436	534	499	561	524
YKR021W	298	586	648	679	796	735
YKR016W	528	932	965	1009	1276	1384
YKR033C	0	3	3	2	2	4
YKR059W	1475	3016	3133	2776	2938	3139
YKR069W	138	337	328	417	517	528
YKR053C	23	48	42	37	44	35
YKL218C	263	540	583	642	596	394
YKL167C	156	258	268	296	368	438
tE(UUC)K	0	2	1	4	0	1
YKL142W	664	1194	1414	1422	1581	1404
YKL011C	131	273	271	285	296	402
YKL160W	525	1011	1090	1061	1130	1122
YKL144C	225	447	503	400	459	548
YKL055C	17	38	39	60	54	40
YKR043C	1393	2566	2791	2658	2707	2018
YKR039W	2009	4025	3719	4829	6661	4564
YKL019W	489	756	839	888	933	554
YKL184W	521	992	930	848	973	963
YKR029C	213	369	373	341	498	572
YKL176C	663	1278	1184	1186	1337	1471
YKL033W-A	670	1334	1447	1305	1431	1554
YKL090W	133	230	218	228	245	294
YKR041W	21	29	28	46	56	29
YKL010C	525	1121	1119	1244	1523	1562
YKL032C	724	1321	1320	1215	1544	1070
YKR051W	184	298	344	330	347	403
YKR098C	96	158	192	184	256	286
YKL175W	652	1223	1205	1219	1304	1267
YKL120W	1752	3887	3801	4595	4516	5609
YKL222C	189	303	310	374	457	477
YKL092C	227	485	441	515	621	680
YKL068W	773	1745	1832	1980	2479	2676
YKR009C	142	181	220	231	204	184
tA(AGC)K2	0	0	0	0	0	0
YKR028W	720	1290	1276	1359	1616	1670
YKR076W	67	116	126	172	248	210
YKR106W	4	14	17	17	17	16
YKL197C	212	365	393	435	502	449
YKL152C	30420	53170	58476	55706	56624	45008
YKL093W	21	25	26	18	36	32
YKL080W	1819	3463	3489	3289	3629	3896
YKL185W	1116	2147	2172	2206	2902	2397
YKR081C	1251	2475	2543	2194	1884	2518
YKR035C	5	12	8	9	8	10
YKL101W	559	1268	1132	1458	1969	2046
YKR008W	369	716	736	762	861	1067
tW(CCA)K	0	0	1	2	3	1
YKL056C	9949	17969	19638	15949	14521	11647
YKL156W	2220	3963	4353	3844	4059	3919
YKL162C	60	99	114	96	72	103
YKL192C	666	1258	1348	1369	1661	1330
YKR064W	213	407	463	489	528	647
YKL017C	235	431	400	505	510	434
YKL204W	424	829	803	926	1170	1201
YKL190W	352	696	753	813	953	835
YKL211C	738	1322	1358	1306	1604	1309
YKL115C	16	22	32	23	33	42
YKL107W	8	8	17	31	23	19
YKL127W	889	1792	1751	1947	1984	1796
YKL165C-A	0	5	1	2	1	4
YKR049C	87	145	175	177	141	105
YKL052C	193	319	328	336	406	260
YKL053C-A	79	139	189	206	222	278
YKL121W	221	318	332	322	394	347
tN(GUU)K	4	4	1	4	1	7
YKL050C	61	98	93	102	120	115
YKL194C	156	287	268	346	447	415
YKR037C	96	192	219	248	301	275
YKL059C	198	335	370	448	496	426
YKL205W	660	1438	1429	1560	1727	2340
YKL137W	153	276	312	375	367	430
YKR015C	13	19	16	18	26	19
YKL146W	340	615	682	743	896	714
YKR003W	176	400	467	527	709	762
YKL028W	524	968	1057	1065	1197	1145
YKR010C	178	312	318	392	404	491
YKL193C	257	497	588	604	608	640
tK(CUU)K	0	0	0	0	0	0
YKL212W	1491	2970	3213	3096	3164	3014
YKL147C	2	3	0	1	0	1
YKL054C	1650	3082	3315	3870	4284	3839
snR38	8	8	7	7	9	24
YKR096W	326	700	575	694	781	779
YKL006C-A	143	311	357	319	317	380
YKL164C	3422	5919	6628	6676	9158	8659
YKL145W-A	0	0	0	0	0	0
YKL026C	75	154	175	132	112	95
YKL044W	36	84	71	63	115	115
YKL089W	97	186	210	233	311	353
YKR077W	117	218	213	228	334	332
YKR095W-A	136	203	286	267	304	344
YKL079W	315	563	592	730	706	749
YKL161C	157	309	290	567	679	699
YKL159C	164	277	302	351	342	189
YKR030W	248	514	548	498	517	596
YKL037W	0	1	3	1	3	0
YKL042W	178	313	327	321	424	486
YKR020W	145	251	323	286	315	267
YKL012W	363	561	639	673	729	793
YKL106W	538	1111	1118	1224	1322	1656
YKR075C	122	192	199	116	196	162
YKR065C	342	622	626	741	790	760
YKL043W	494	823	982	747	1021	696
YKL045W	262	478	539	608	746	731
YKR060W	279	624	684	701	639	956
YKL085W	646	1144	1357	1110	1628	1084
YKL165C	511	1058	933	1114	1361	1705
YKL003C	189	328	384	419	423	476
YKL072W	145	302	351	260	369	458
YKL177W	0	1	1	2	6	0
YKL186C	489	904	948	953	1190	903
snR64	4	4	17	15	12	7
YKR032W	0	0	0	0	0	0
YKL132C	138	242	278	204	186	147
YKL223W	0	0	0	0	0	0
YKL078W	482	893	901	857	778	1002
YKL001C	440	817	937	1387	1615	1688
YKR040C	0	3	4	1	2	0
YKL046C	732	1315	1431	1477	1574	1403
YKR017C	211	286	340	314	305	313
YKL058W	322	587	666	620	709	680
YKL208W	82	153	150	222	243	208
YKR005C	52	80	66	87	89	79
YKR034W	26	49	51	71	94	51
YKL060C	55189	102580	110299	89392	91197	66505
YKL030W	2	0	0	0	1	0
YKL162C-A	3	5	4	5	18	4
YKR091W	330	650	678	845	825	485
YKL096C-B	2	3	2	4	0	0
YKL171W	111	215	216	222	307	244
YKL025C	393	778	842	806	899	1017
YKL023W	112	193	225	231	283	211
tR(UCU)K	0	1	0	0	0	0
YKL215C	254	507	485	635	730	747
YKL136W	14	16	17	22	21	23
YKL033W	200	374	423	476	498	634
YKR023W	224	385	460	443	538	515
YKR067W	181	289	322	319	451	440
YKL098W	211	353	392	391	432	376
YKL114C	467	885	973	970	1030	1183
YKL145W	1111	2136	2341	2930	3305	2784
YKL057C	636	1260	1263	1363	1562	1977
YKL106C-A	0	0	2	0	0	0
YKL128C	550	1038	1128	961	1037	837
YKL008C	787	1479	1421	1418	1292	1540
YKL029C	3283	6511	6536	6307	5594	3849
YKR047W	17	26	34	45	29	58
YKL066W	87	165	175	167	226	156
YKL119C	184	375	369	420	453	531
YEL041W	34	45	44	67	87	61
YER011W	17	36	30	20	21	29
YER158W-A	2	0	2	2	2	2
snR53	0	0	1	1	0	1
YER056C-A	3688	8145	8742	7497	7509	6739
YEL067C	11	25	12	30	41	35
YEL054C	6460	12142	13668	10927	10595	8991
YEL047C	722	1311	1235	1177	1228	1058
YER146W	321	609	673	651	677	416
YER159C	486	1002	1053	994	1173	1030
YER084W	4	9	6	7	9	4
YER183C	207	314	352	373	355	367
YEL009C-A	4	5	4	3	6	3
YEL059C-A	51	69	85	86	132	69
YER172C	542	1028	1005	997	1057	1146
YER092W	136	210	291	282	330	320
YEL008C-A	3	6	11	6	3	3
YEL032W	464	870	832	838	1028	881
YEL010W	0	0	0	0	0	0
YEL040W	5476	10559	10192	10070	10793	9433
YEL059W	2	2	2	1	0	1
YER105C	635	1287	1345	1383	1722	1810
YEL053C	431	814	803	1020	1077	1307
YEL046C	2089	3863	3901	4096	4794	3840
YER137C	49	88	110	113	104	149
YER013W	223	448	428	493	648	674
YER147C-A	8	11	11	8	1	13
YEL036C	774	1603	1659	1579	1936	1496
YER094C	779	1518	1601	1845	2062	1461
YER038C	113	205	237	248	247	340
YEL034W	12812	23484	25839	25051	28527	21019
YER144C	416	749	780	941	991	887
YER069W	388	831	790	776	1020	667
YEL066W	122	201	238	222	266	199
YER161C	409	767	831	837	897	949
YER131W	6683	11964	14552	11231	11388	10388
YER027C	389	706	735	751	955	717
tH(GUG)E2	0	1	2	2	0	7
YER088C-A	31	64	77	88	100	77
YER002W	1462	2723	2972	2750	2606	2875
YEL062W	152	298	270	312	374	367
YEL074W	5	5	17	11	14	9
YER142C	59	110	133	163	223	258
YER035W	161	276	326	280	327	145
YER145C	770	1246	1243	1453	1938	1810
YER176W	501	1055	1010	1107	1410	1365
YER071C	111	194	248	223	267	259
YER150W	271	590	687	358	181	50
YER177W	4218	7550	8332	8407	10025	7121
YER123W	357	646	736	722	850	947
YEL018W	196	326	366	386	457	390
YER116C	134	224	295	250	320	239
YER043C	6819	12590	13386	12184	11071	9979
YEL004W	109	284	288	278	287	314
YER141W	542	1034	1058	1108	1414	1109
YER170W	70	110	127	154	207	155
YER047C	272	465	442	473	619	526
YER132C	312	649	604	683	859	769
YEL068C	71	154	139	161	182	191
YER080W	732	1232	1391	1484	1827	1854
YER052C	1244	2635	2708	2615	3238	3131
YER070W	959	1953	1813	2062	3084	3629
YEL007W	640	1333	1309	1621	1976	1383
tE(UUC)E2	0	1	0	0	0	0
YER068C-A	2	1	1	4	0	0
YER115C	173	345	368	375	385	389
tS(AGA)E	0	0	0	0	0	0
YER076C	105	167	195	158	186	149
YEL021W	1005	1905	2100	1820	1819	1523
YEL026W	2727	4683	4946	4020	3742	4822
YER040W	158	280	293	305	449	413
YEL016C	156	286	267	292	369	324
YER012W	953	1915	1899	2321	2740	2647
YER190W	1	4	2	5	3	2
YER185W	43	66	57	50	54	47
YER189W	0	0	0	0	0	3
YEL060C	1249	2188	2303	2898	3681	1667
YEL052W	380	630	711	666	863	716
YER149C	227	438	510	497	570	560
YER111C	190	433	428	514	700	913
YER081W	542	951	851	1298	790	953
YER010C	120	237	285	294	358	314
YER018C	36	82	84	74	106	53
YEL076C	0	0	0	0	0	0
YEL018C-A	5	8	8	10	2	10
YER072W	2487	4491	4782	3880	3919	3896
YER093C	291	499	519	628	728	684
YER178W	1999	3504	3512	3928	4123	3204
YER030W	428	722	808	837	1076	957
YER128W	75	158	156	201	260	223
YER003C	934	1681	1739	1895	2188	2432
YER163C	130	247	259	324	335	282
YEL005C	102	198	201	216	227	227
YER173W	131	244	251	311	325	351
YEL065W	175	276	275	520	676	848
YEL055C	1168	2244	2356	2272	2270	3024
YER029C	253	493	496	447	523	517
YER089C	748	1449	1431	1463	1529	1165
YER179W	19	21	25	21	20	20
YEL011W	114	183	201	124	109	91
YER166W	473	1044	951	1103	1198	1108
YER061C	246	467	500	518	479	437
YER082C	758	1591	1660	1611	1705	1915
YER118C	512	895	932	1088	1217	1072
YER152C	236	425	424	514	625	350
YER107C	495	746	800	821	811	860
YER020W	390	732	833	820	891	421
YER125W	1054	1968	2013	1972	2191	1966
YER122C	1126	2214	2225	2271	2584	2800
YER038W-A	10	12	10	12	8	4
YER057C	638	1194	1374	1234	1264	1214
YEL033W	4718	8462	9686	9171	12010	8298
YER006W	1821	3702	3809	3463	2876	3440
YER007W	108	222	234	241	251	285
YER078W-A	2	1	8	0	1	2
tA(UGC)E	0	0	0	0	0	0
YEL002C	1234	2392	2523	2461	2605	2775
YEL064C	86	152	185	192	233	270
YER103W	315	460	485	458	734	501
YER007C-A	914	1775	1908	1649	1626	1851
snR80	4	7	13	10	8	13
YER093C-A	58	101	108	129	165	121
YER120W	1255	2151	2358	2504	2869	2096
YER033C	162	270	248	322	367	335
YER054C	34	52	80	74	80	66
tV(AAC)E2	0	0	0	1	1	0
YER164W	667	1347	1327	1484	1692	1600
YER139C	83	123	185	171	201	212
snR52	1	1	1	1	3	4
YEL042W	1191	2364	2140	2349	2351	2555
YER190C-A	0	0	0	0	0	0
tS(UGA)E	0	0	1	0	0	1
YER008C	451	898	937	975	1105	1175
YER114C	430	827	848	889	1059	1033
YER034W	121	186	223	205	206	164
YEL008W	1	2	3	3	2	3
YER014W	191	444	478	474	511	507
YER143W	280	458	542	620	807	707
YER053C-A	105	163	195	157	151	124
YER028C	73	139	158	159	151	147
YER048C	756	1320	1550	1395	1452	1403
YER044C	713	1479	1525	1430	1446	1528
YEL039C	52	107	119	83	117	84
YER053C	1061	1808	1980	1623	1002	509
tQ(UUG)E1	0	0	0	1	0	1
YEL034C-A	18	9	8	11	7	3
YER155C	1252	2521	2460	2601	2685	3192
snR4	75	119	121	133	119	154
YER050C	250	508	502	577	673	762
YER031C	733	1407	1352	1560	1686	1419
YER037W	1036	2050	2206	1532	1583	977
YEL049W	3	3	7	7	8	4
tQ(UUG)E2	0	0	0	0	0	0
YEL006W	271	519	542	576	665	687
YER100W	529	1042	1080	1101	1176	1136
YER181C	0	2	1	3	0	2
YER015W	114	174	222	196	193	214
YER129W	434	890	881	942	1079	1007
YER172C-A	0	0	0	0	0	0
tR(UCU)E	0	0	0	0	0	0
YEL072W	81	151	156	176	166	162
YEL075C	0	0	0	1	0	0
YER048W-A	223	531	531	531	635	706
YER051W	130	234	231	226	255	300
YER171W	460	933	983	1046	1011	1261
YER078C	282	511	595	488	548	544
YER169W	273	548	524	616	770	938
YEL003W	332	635	701	674	699	911
YEL077W-A	0	0	1	0	0	0
YEL017C-A	754	1421	1491	1089	968	1390
YER133W	1711	3260	3463	3452	3577	4318
YER152W-A	0	3	0	0	0	0
YER060W	335	620	643	564	488	445
YER186C	252	481	545	529	521	507
YER188W	90	150	180	128	76	49
YEL045C	0	0	4	5	11	12
YER022W	250	509	563	572	618	745
YER148W-A	3	5	6	7	7	6
YER157W	460	794	784	847	928	981
YER014C-A	0	4	3	3	1	3
YEL076C-A	0	0	0	0	0	0
YEL038W	193	337	369	342	407	377
YER066W	27	31	64	42	35	41
YER098W	145	192	214	187	199	178
YEL035C	0	2	1	1	1	1
RPR1	8	23	12	14	12	15
YER063W	301	642	617	724	829	806
YER127W	358	730	782	784	983	1118
YER154W	383	819	802	942	1207	877
YER032W	219	456	483	582	807	852
YER180C-A	38	66	57	78	73	83
YEL071W	1241	2383	2525	2525	3634	3230
tK(CUU)E2	0	0	0	0	0	0
YEL057C	40	74	99	48	47	55
YEL069C	0	2	1	0	0	0
YEL043W	457	921	858	938	1113	1092
YER096W	45	94	86	77	47	75
YER017C	503	961	1007	1051	1355	1295
YEL019C	32	86	86	78	109	95
YER009W	2264	4282	4775	4131	3900	4910
YER104W	63	115	136	129	143	113
YER067W	322	696	746	318	150	96
SCR1	37	58	32	69	95	31
YER044C-A	34	44	33	59	71	69
YER101C	115	192	225	217	255	239
YER121W	10	15	17	17	14	17
YER019C-A	786	1248	1521	1311	1462	1302
tE(UUC)E1	0	0	0	0	0	0
YEL050C	355	650	652	765	999	938
YER062C	222	457	450	486	682	514
YER006C-A	2	3	4	1	2	2
YER016W	400	708	899	864	1055	912
YEL025C	333	667	670	676	872	918
YER024W	128	230	231	262	310	239
YER023W	870	1654	1784	1865	2024	1667
YER079W	215	303	323	231	229	126
YER136W	1102	2101	2191	2312	2601	2441
YER151C	734	1499	1483	1621	1969	2006
YEL029C	310	543	620	561	602	600
YER065C	111	162	175	173	221	185
YEL050W-A	0	2	0	0	0	0
YER085C	1	2	1	5	3	3
YER147C	129	229	235	247	283	270
YER064C	252	564	487	639	878	1184
YER119C	72	132	149	149	293	210
YEL020C-B	0	2	2	2	0	1
YER068W	413	799	886	855	958	1012
YER158C	364	486	490	461	489	284
YER138W-A	37	62	62	62	80	100
YER130C	985	2025	2080	2142	2145	1326
YEL015W	687	1262	1340	1453	1606	1671
tK(CUU)E1	0	0	0	0	0	0
YER153C	31	40	42	46	78	29
YER137W-A	0	0	3	0	0	0
YER113C	375	751	744	801	952	1104
YEL030W	120	201	226	268	257	250
YER083C	380	718	702	753	888	721
YER167W	621	1110	1092	1225	1538	1287
YEL032C-A	0	0	0	0	0	0
YEL073C	44	59	53	55	32	25
tV(AAC)E1	0	0	0	0	0	0
YER005W	351	649	700	722	827	793
YER102W	2822	5366	5869	4959	5045	6358
YER046W	59	107	123	111	134	141
YER023C-A	0	1	1	0	0	0
YEL031W	2016	3691	3552	3992	4578	5088
YER075C	152	282	300	358	495	601
YER073W	1748	3533	3531	4127	4672	3619
YEL027W	3627	6299	6862	6034	6118	6022
YEL024W	633	1039	1200	1068	1660	1350
YER049W	1822	3890	4078	3876	3714	3979
YER175W-A	2	7	6	1	9	14
YEL037C	878	1633	1715	1865	2258	1677
YER134C	286	517	572	592	633	590
YER088C	909	1754	1834	1703	1701	902
YER175C	114	227	210	261	274	248
tG(GCC)E	0	0	0	0	0	0
YER021W	1143	2265	2288	2607	3031	3177
YER004W	301	590	577	695	839	572
YER087C-A	9	10	16	12	14	17
YEL017W	206	387	405	457	578	426
YER106W	6	9	13	7	11	22
YER066C-A	0	2	2	0	0	3
YER117W	7880	14297	16409	12895	12537	11220
YER145C-A	1	0	0	0	4	0
YER076W-A	7	19	19	15	14	18
YER187W	22	34	46	29	37	15
snR14	0	0	1	1	2	0
YER046W-A	1	2	4	0	2	1
YER168C	377	703	746	759	811	996
YER124C	953	1819	1998	2040	2341	2658
SRG1	132	248	279	250	219	219
YER095W	238	379	398	411	572	492
YEL028W	20	45	60	70	65	35
YER045C	320	558	566	684	598	397
YER088W-B	1	3	0	0	1	0
YER086W	1676	3355	3366	3185	3283	3145
YER188C-A	4	5	10	8	7	4
YER148W	809	1892	2112	1828	1946	2370
YEL022W	564	1165	1186	1262	1401	1658
YEL001C	965	1738	1869	1978	2076	1908
YER056C	3529	6652	6702	6527	8161	9817
YER087C-B	597	1010	1071	1160	1369	1471
YEL013W	621	1069	1089	1090	1180	1542
YER074W	4916	8633	9923	8255	7899	8202
tE(UUC)E3	0	0	0	0	0	0
YER133W-A	3	2	1	3	3	3
YER119C-A	0	4	3	1	2	1
YEL063C	699	1279	1189	1285	1659	1615
YEL051W	1291	2613	2811	2538	2442	2756
YER190C-B	0	0	0	0	0	0
YEL061C	204	421	441	548	679	797
YER059W	293	570	614	578	647	571
YER091C-A	0	0	0	0	0	0
YER140W	218	373	416	418	459	552
YEL056W	302	590	623	632	674	727
YER084W-A	0	1	0	0	0	0
YER036C	3926	7341	7491	6625	7253	8002
YEL009C	6454	12986	13697	12719	14161	13339
YER079C-A	0	0	0	0	0	0
YEL053W-A	5	7	3	3	0	5
tM(CAU)E	0	0	1	1	0	0
YEL030C-A	1	6	4	2	4	1
YEL014C	0	0	0	0	0	0
YER156C	1228	2381	2553	2082	1973	1675
YER162C	143	262	270	265	297	278
YER090W	951	1994	2089	2128	2188	2193
YER074W-A	295	484	579	523	667	699
YER041W	170	262	253	265	361	362
YER165C-A	0	0	0	0	0	0
YER097W	2	2	3	4	5	5
YER112W	631	1009	1200	1157	1292	1538
YER090C-A	0	0	0	0	1	1
YER067C-A	0	1	1	3	0	1
snR67	22	37	34	32	25	39
tH(GUG)E1	1	0	0	0	1	0
YER174C	355	712	804	623	626	645
YER107W-A	0	1	0	0	1	0
YER026C	934	1695	1805	1462	1467	1545
YER099C	490	907	1022	970	838	893
YEL048C	69	142	142	138	139	227
YEL070W	2	3	6	8	3	4
YER025W	2263	4548	4562	4405	4422	4057
YEL075W-A	0	0	0	0	0	0
YER126C	1142	2159	2405	2253	2260	2775
tI(AAU)E1	0	0	0	0	0	0
YER182W	228	422	467	494	510	483
YER165W	7197	13639	13584	13266	13460	13305
YEL058W	977	1766	1908	2162	2220	1737
YER060W-A	27	34	42	39	35	37
YER184C	168	299	322	384	340	262
YEL012W	148	245	278	243	270	234
YEL020W-A	359	742	850	833	964	956
YER077C	332	604	602	673	763	917
YER039C	19	23	40	37	53	35
YER042W	451	867	937	1128	1161	1579
YER019W	212	393	410	504	600	348
YER039C-A	7	7	12	16	11	8
YER058W	50	88	93	162	199	179
YER110C	2339	4725	4730	4461	4331	5135
YER135C	1	0	1	1	0	2
YEL023C	82	155	163	193	258	235
YEL077C	67	139	138	175	193	150
tI(AAU)E2	0	0	0	0	2	0
YER001W	1485	2916	2817	2704	3077	3108
YEL020C	136	235	269	282	319	303
YEL044W	232	457	460	498	478	286
YER180C	184	367	393	388	449	451
YER087W	156	340	355	405	480	432
YER055C	2843	5341	5779	5000	5316	4965
tR(ACG)E	0	0	1	0	0	1
YER091C	3715	8441	7589	10299	12105	11763
YER138C	0	0	0	0	0	0
YER137C-A	0	0	0	0	0	0
YER159C-A	0	0	0	0	0	0
YER160C	0	0	0	0	0	0
YHR094C	1824	3619	3755	3081	3037	3322
YHL031C	247	444	515	506	653	437
YHL002W	435	845	874	895	1031	903
YHR219C-A	0	1	0	0	0	0
YHR045W	479	912	1000	889	938	1013
YHR084W	514	1118	1073	1010	1210	1410
YHR126C	0	1	1	1	0	1
tS(AGA)H	0	0	0	0	0	0
YHR125W	0	0	0	0	1	0
YHR206W	780	1499	1459	1490	1636	1503
YHR097C	585	969	1071	1045	771	404
YHR005C-A	791	1553	1711	1684	1745	2097
YHR193C-A	4	6	5	4	5	3
YHR007C	6587	13397	14123	11863	13039	13099
YHR214C-D	0	0	0	0	0	0
YHR212W-A	0	0	0	0	0	0
YHR184W	43	89	115	93	108	146
YHR132C	843	1413	1567	1415	1445	1381
YHR182C-A	0	3	1	1	0	0
YHR025W	1318	2310	2437	2449	2789	1802
YHR055C	0	0	0	0	0	0
YHR073W	718	1331	1310	1376	1682	1566
YHL015W-A	0	1	0	0	0	0
YHR064C	3844	7807	8103	7277	6696	6713
YHL041W	1	1	1	1	3	0
YHR143W	3039	5476	5167	4439	5340	4299
YHR052W-A	0	0	0	0	0	0
YHL047C	189	351	352	413	410	380
YHR175W-A	33	59	71	65	95	115
YHR003C	468	972	1047	1026	988	1125
YHL032C	187	343	357	364	496	362
YHR154W	287	707	679	815	958	1134
YHR031C	170	389	374	426	440	457
YHL042W	16	28	26	28	17	19
YHR022C-A	0	0	1	0	0	1
YHR180C-B	0	0	0	0	0	0
YHR106W	175	282	330	319	348	296
YHR186C	304	570	613	690	836	884
YHL029C	405	687	694	770	1105	1139
YHR048W	65	132	121	146	122	119
YHR039C-A	1287	2398	2654	2263	2323	2511
YHR073W-A	0	0	0	0	0	0
YHR035W	72	112	128	128	132	175
YHR165C	544	1073	1029	1148	1221	1265
YHL006C	10	33	29	33	32	24
YHL025W	354	638	655	697	792	445
YHR172W	120	200	224	259	355	456
YHR002W	117	161	247	177	199	169
YHR016C	216	333	371	378	477	346
RUF5-2	0	0	0	0	0	0
YHR079C	313	600	612	648	796	867
YHR169W	468	971	957	1033	1144	1262
YHR054C	7	4	6	4	2	0
YHR065C	720	1479	1559	1632	1535	1819
YHR088W	637	1238	1401	1316	1215	1576
tH(GUG)H	0	0	0	0	0	1
YHR093W	0	0	0	0	0	0
YHL036W	128	228	215	182	171	135
YHR100C	170	266	376	370	360	346
YHR105W	35	90	64	74	75	78
YHR056C	220	395	438	507	562	642
YHR135C	633	1357	1328	1485	1789	1399
YHR180W	27	30	41	28	27	33
YHR086W	249	425	476	518	523	514
YHR146W	1480	2986	3115	3220	2992	2613
YHR195W	335	553	620	551	622	530
YHR119W	329	669	675	783	974	1008
YHR033W	66	97	118	118	172	90
YHR024C	554	999	1025	1106	1431	1284
YHL043W	2	5	3	9	1	3
YHL039W	724	1365	1547	1474	1344	1726
YHR059W	151	278	348	381	457	458
YHL048C-A	1	1	1	1	0	0
YHR026W	1167	2107	2255	2011	2185	2223
YHR160C	0	3	3	7	4	8
YHR085W	308	595	656	696	734	895
YHR113W	424	733	802	783	902	754
YHR175W	207	357	406	437	476	578
YHR148W	356	638	726	720	681	738
YHR208W	5784	12437	11900	12499	12130	11979
YHR001W	283	559	675	632	713	774
YHR131C	414	618	596	673	742	617
YHR049C-A	1	0	1	2	1	2
YHR086W-A	0	0	0	0	0	1
YHR141C	5017	9494	10675	8520	8115	8683
YHR170W	1645	3482	3557	3349	2847	3815
YHL021C	750	1372	1456	1232	950	517
YHR078W	336	676	667	701	778	900
YHR007C-A	9	15	13	23	22	21
YHL044W	43	90	114	101	99	104
YHR214W-A	7	9	11	18	8	6
YHR161C	333	526	624	596	705	540
YHR074W	636	1102	1141	1210	1292	1331
YHR164C	199	379	365	514	564	543
YHL006W-A	0	1	3	2	1	3
YHR204W	400	783	717	676	930	942
YHL002C-A	1	6	2	6	2	1
YHL030W-A	1	0	0	1	0	0
tF(GAA)H2	0	0	0	0	0	0
YHR163W	822	1445	1562	1519	1822	1405
YHL046C	2	0	3	1	1	1
YHR056W-A	3	2	7	1	1	0
YHL004W	457	792	882	977	1128	970
YHL009C	104	219	234	255	287	272
YHR138C	252	412	549	564	506	390
YHR166C	120	221	283	251	265	307
YHR151C	218	360	338	354	460	524
YHL014C	126	192	196	241	279	266
YHR021C	6032	9854	12259	9711	9447	11255
YHR198C	137	197	253	304	399	259
YHL034C	2258	4019	4250	4228	4765	3933
YHR124W	33	58	71	78	42	42
YHR011W	107	178	185	255	360	331
YHR096C	18	14	13	23	17	27
YHR185C	2	7	6	4	6	17
YHR190W	1660	3317	3353	3505	4182	3648
YHR075C	50	125	121	126	127	136
YHR117W	484	902	897	1056	1309	1181
YHR109W	99	169	182	227	257	331
YHR207C	219	459	443	527	546	604
YHR132W-A	243	396	444	395	437	446
YHR015W	60	112	112	119	132	207
YHL015W	11788	21848	24949	19693	20083	20279
YHR090C	124	226	268	264	297	348
YHR189W	21	34	39	39	43	34
YHR001W-A	194	319	392	302	537	492
YHR070C-A	0	0	0	1	0	0
YHR108W	1168	2032	2088	2295	2741	2618
YHR006W	314	609	602	568	660	607
YHR147C	208	420	455	531	567	561
YHR180W-A	0	1	0	0	0	0
YHR092C	591	1132	1049	580	1286	1348
YHR080C	220	508	452	459	574	559
YHL045W	3	4	3	3	5	5
YHR022C	28	59	42	36	50	65
YHL027W	491	850	842	921	1026	841
YHL003C	813	1615	1622	1563	1660	2064
YHR070W	332	659	733	695	785	670
YHR150W	126	253	251	271	303	376
YHR133C	524	1043	1062	972	1025	1139
YHR215W	1008	2379	2151	1061	882	775
YHL020C	405	563	668	588	604	374
YHR101C	96	201	199	190	174	196
YHR046C	342	765	815	782	790	809
YHR095W	1	0	0	0	0	2
YHR182W	189	302	301	386	468	458
YHR098C	797	1594	1600	1760	2066	2173
YHR145C	0	0	0	0	2	2
YHR120W	278	558	510	567	660	883
YHL030W	286	631	572	825	1059	1105
tV(CAC)H	0	0	0	0	0	0
YHR051W	713	1173	1358	1184	1641	1768
YHR130C	20	49	53	42	40	45
YHR149C	364	707	786	815	1078	1210
YHR127W	165	296	328	324	425	397
YHR194W	148	210	230	257	333	216
YHR213W-A	0	0	0	0	0	0
YHR032C-A	0	0	0	0	0	0
YHR203C	4034	7389	8359	7013	6594	4684
YHR168W	114	179	215	244	294	287
YHR167W	90	168	187	180	211	236
YHR050W	343	697	735	654	896	796
YHR112C	178	357	398	538	626	413
YHR027C	1607	3003	3040	3763	4507	4284
YHR214C-E	0	0	1	1	1	2
YHR214W	0	1	0	3	1	2
YHR188C	687	1250	1242	1272	1540	1301
YHL023C	296	601	620	710	920	967
YHR099W	735	1404	1340	1499	1678	1676
YHR196W	890	1871	1981	2005	2235	3595
YHR177W	49	56	47	67	64	56
YHR174W	41262	73896	73964	71658	75077	54271
YHR199C-A	23	27	38	44	60	57
YHR034C	92	201	172	177	196	146
YHR179W	3349	6113	6197	6191	6457	6141
YHR014W	4	16	12	17	6	12
YHR171W	118	175	219	160	195	182
tF(GAA)H1	0	0	0	0	0	2
YHR121W	498	939	1030	1066	1228	1172
YHR116W	44	83	82	117	144	88
YHR087W	173	324	321	201	130	71
YHR176W	55	89	104	127	130	127
YHR173C	0	1	2	3	2	1
YHL010C	125	237	218	204	282	280
YHR102W	265	533	549	693	996	811
YHR063C	638	1204	1360	1582	1520	1777
YHR050W-A	19	52	53	53	83	118
YHR137C-A	0	0	0	0	1	0
YHL017W	400	727	760	777	701	803
YHL035C	226	481	496	571	777	836
YHR043C	205	405	433	445	657	563
YHR115C	360	641	624	687	813	697
YHL007C	701	1347	1416	1473	2065	1805
YHR018C	851	1743	1692	1722	1928	1600
YHR076W	229	475	513	534	624	584
YHL019C	230	346	394	410	407	367
YHR061C	69	140	116	130	185	210
tV(AAC)H	0	0	0	0	0	0
snR32	12	12	19	15	5	14
YHR068W	1650	3231	3517	3126	2940	2950
YHR218W-A	0	0	0	0	0	0
YHR037W	460	894	894	1120	1661	1693
YHR012W	295	624	656	677	807	654
YHR144C	231	474	478	524	590	598
YHR077C	736	1532	1491	1629	1666	1843
YHR156C	107	190	192	219	224	273
YHR217C	0	0	0	0	0	0
YHR036W	135	244	239	278	292	376
YHR091C	248	418	442	469	644	582
YHR052W	1904	3791	4086	3604	3227	4692
YHR123W	402	752	767	742	792	798
YHR009C	577	1129	1165	1144	1254	1022
YHL018W	20	34	37	40	41	27
YHL012W	3	15	11	17	12	15
YHR211W	103	151	144	136	189	159
YHR155W	242	460	480	523	574	738
RUF5-1	0	0	0	0	0	0
YHR139C	21	25	20	19	10	9
YHR032W-A	38	83	85	82	91	58
tA(AGC)H	0	0	0	0	0	0
YHR210C	74	88	105	78	106	52
YHR072W-A	1743	2979	3692	2924	2666	3528
YHR140W	16	31	27	28	23	27
YHR044C	64	118	118	89	144	97
YHL016C	55	71	68	82	102	86
tP(UGG)H	0	0	1	0	0	1
YHR202W	111	178	230	214	221	220
YHR019C	3461	6503	6682	6365	6622	5497
YHL034W-A	1	0	1	2	0	2
YHR213W-B	0	0	0	0	0	0
YHR104W	366	674	780	809	1011	804
YHR083W	288	520	571	626	725	484
YHR165W-A	0	0	0	0	0	0
YHL022C	20	47	44	55	65	50
YHR032W	428	921	887	919	1070	843
YHR008C	527	1000	1061	1023	1351	805
YHL038C	185	339	348	341	431	442
YHR071C-A	3	10	9	3	11	13
YHR081W	373	866	919	833	649	798
YHL050W-A	1	0	1	1	0	0
YHL028W	108	163	164	158	253	106
YHR073C-B	2	0	1	2	0	1
YHL033C	3205	6592	6733	6528	6751	5585
YHR066W	672	1314	1285	1319	1496	2017
YHR029C	198	407	462	529	529	476
YHR178W	85	162	144	169	242	182
YHR063W-A	1	2	1	1	0	2
YHR040W	220	441	456	473	485	428
YHR192W	226	452	449	513	561	532
YHR017W	234	485	550	482	501	579
YHR004C	242	408	435	382	394	358
YHL040C	200	374	345	401	424	484
YHR191C	78	151	170	192	201	137
YHR201C	695	1507	1520	1444	1446	1631
YHR103W	619	1109	1149	1158	1317	1364
YHR213W	0	0	0	0	0	0
YHR153C	16	17	30	44	43	62
YHR082C	609	1051	1117	1130	1439	1353
YHR069C-A	0	4	3	9	12	5
YHR020W	2758	5593	5946	5093	5103	4826
YHR057C	338	549	616	707	771	621
YHL024W	11	14	26	26	44	33
YHR128W	1689	3097	3103	3061	3335	3645
tQ(UUG)H	1	0	0	1	1	2
YHR047C	673	1348	1381	1470	1797	1989
YHL026C	110	186	199	167	195	141
YHR197W	733	1624	1580	1570	1452	1992
YHR028C	709	1393	1341	1532	1642	1688
YHR134W	176	328	339	312	399	340
YHR122W	254	412	502	471	463	500
YHR067W	108	218	251	280	302	260
YHL037C	4	2	5	9	5	1
YHR013C	530	967	1088	1010	1080	994
YHR137W	337	625	670	514	1008	832
tT(AGU)H	0	0	0	0	0	0
YHR158C	538	1000	971	1039	1199	1215
YHR038W	132	256	283	300	312	415
YHR042W	1582	2934	2948	2844	3131	2320
YHR028W-A	0	1	2	0	0	1
YHL049C	0	0	0	0	0	0
YHR041C	201	317	337	339	365	198
YHR069C	437	833	873	988	1022	1032
YHR200W	536	911	1104	1390	1640	1208
YHR053C	1	0	0	0	1	0
YHR218W	0	0	0	0	0	0
YHR021W-A	0	0	0	1	0	1
YHR114W	339	635	693	673	837	763
YHR039C	1064	2251	2288	2815	3421	3094
YHL019W-A	1	3	5	3	4	2
YHR152W	292	522	567	521	601	650
YHL046W-A	0	0	0	1	0	0
YHL011C	1154	2277	2390	2242	2173	2465
YHR129C	122	257	235	301	326	350
YHR199C	231	453	460	537	616	470
YHR159W	88	149	175	191	247	213
YHR193C	5227	9366	10042	8928	8665	7825
YHR030C	1568	3055	3323	3869	3085	2331
YHL050C	36	135	123	114	161	133
YHR162W	1490	2584	2828	2736	2763	2706
YHR089C	2683	5150	5675	4357	4069	3247
YHL005C	2	0	0	0	1	1
YHR010W	7626	13712	15305	12824	12156	11104
YHR079C-A	2	2	1	0	0	0
YHR212C	0	0	0	0	0	0
YHR005C	897	1624	1759	1452	1790	2015
YHR187W	277	528	560	589	642	664
YHR183W	4312	7682	8412	8623	10919	6961
YHR205W	625	1258	1131	1377	1929	1925
YHR139C-A	0	0	1	0	0	2
YHR111W	217	444	502	546	594	567
YHR049W	1024	1903	2022	1904	2474	2053
YHR131W-A	2	0	1	1	2	1
YHR072W	1119	2176	2155	2459	2774	2672
YHR209W	349	543	557	634	510	483
YHR107C	829	1491	1657	1680	1868	1777
YHR071W	321	686	742	742	727	761
snR71	3	3	5	4	7	15
YHR216W	522	953	1039	611	584	402
YHL013C	314	506	599	608	667	827
YHR060W	289	599	648	670	680	700
YHR143W-A	339	684	670	655	656	755
YHR142W	572	1038	1066	1229	1276	1348
YHR058C	165	317	319	325	387	388
YHL008C	23	44	53	51	84	46
YHR054W-A	0	0	0	0	0	0
YHR118C	140	292	299	349	373	457
tT(UGU)H	0	0	0	0	0	0
YHL048W	384	873	1059	988	987	905
YHR157W	17	26	29	30	39	30
YHR110W	225	441	472	487	615	633
YHR023W	417	889	885	972	1178	1329
YHR062C	342	692	751	761	773	532
YHR219W	2	1	2	3	4	0
YHR136C	389	877	843	575	541	541
YHL001W	1390	2614	3035	2485	2335	2568
YHR181W	243	417	461	489	548	730
YHR214C-B	70	156	143	140	131	167
YHL009W-B	0	0	0	0	0	0
YHR214C-C	0	0	0	0	0	0
YHL009W-A	0	0	0	0	0	0
YIR015W	72	113	123	124	160	147
YIL156W-A	0	0	3	2	0	1
YIL115W-A	0	0	0	0	0	0
YIL086C	9	6	14	12	15	21
YIL156W-B	83	194	258	214	254	252
tT(AGU)I2	0	0	0	0	0	0
YIL146C	102	144	167	166	169	172
YIL010W	178	336	382	493	597	641
YIL117C	708	1228	1401	1751	1553	1403
YIL050W	265	520	580	556	567	520
YIL107C	169	372	343	375	430	406
YIL150C	118	223	240	304	338	317
YIL165C	48	61	98	81	95	74
YIL045W	176	298	331	269	231	205
YIL126W	785	1581	1670	1683	1873	2091
YIL158W	206	463	540	547	628	566
YIR018W	66	106	121	108	174	130
YIR039C	125	209	196	203	212	170
YIL082W	0	0	0	0	0	0
YIL056W	618	964	1071	1117	1134	936
YIL161W	163	301	357	373	377	462
tS(UGA)I	0	0	0	0	0	0
YIL119C	165	296	307	184	161	248
YIL016W	0	0	0	0	0	0
YIL144W	214	346	326	438	503	610
YIL026C	237	483	510	587	826	913
tD(GUC)I1	0	0	0	0	0	0
YIL163C	3	1	7	3	2	16
YIL139C	160	311	338	304	340	401
YIL171W	0	0	0	0	0	0
YIL068C	430	749	716	790	979	1112
YIL065C	123	224	248	269	312	249
YIL098C	157	251	289	344	401	352
YIL141W	1	5	1	6	2	14
YIL009W	374	722	700	655	985	1122
YIR021W-A	1	0	0	1	0	0
YIR020C-B	0	0	4	0	1	2
YIL044C	352	738	772	810	848	848
YIR020W-A	0	1	0	0	0	1
YIR004W	630	1145	1239	1381	1482	1515
YIL092W	105	192	219	218	277	285
tD(GUC)I2	0	0	0	0	0	0
YIL136W	296	534	562	528	496	215
YIR022W	337	691	807	750	838	563
YIL002W-A	323	584	644	624	623	795
YIL066W-A	1	1	1	4	0	0
YIL133C	7375	12735	13953	11359	10253	11051
YIL123W	946	1847	1787	2764	3118	2076
YIR001C	255	469	558	551	665	565
YIL153W	229	350	387	451	522	224
YIR002C	352	697	687	803	878	996
YIL108W	342	560	618	668	760	531
YIR023C-A	4	5	4	7	6	12
YIL067C	172	333	344	320	423	431
YIR019C	56	86	64	66	107	86
YIL028W	24	19	33	28	29	23
YIL134W	83	146	174	189	215	210
YIL159W	125	301	231	335	459	570
YIL011W	76	112	126	92	88	66
YIL110W	468	912	987	974	890	1052
YIL131C	216	400	401	491	637	570
YIL128W	480	904	907	974	1091	1500
YIL064W	509	975	1038	882	771	871
YIL071C	142	251	254	242	265	315
YIL147C	476	859	921	913	1107	1080
YIL149C	821	1652	1612	1825	1946	2149
YIL106W	248	454	454	521	642	542
YIL005W	420	780	828	883	1018	1063
YIL169C	10	20	11	18	17	5
YIL004C	154	317	335	368	340	411
YIR014W	18	39	40	42	40	43
tE(CUC)I	0	0	0	0	0	0
YIR033W	583	1233	1155	1382	1541	1671
YIL105C	333	560	656	615	644	707
YIL057C	1	2	1	3	0	1
YIL017C	842	1656	1613	1691	1597	1069
YIL132C	30	62	66	72	80	66
YIL070C	230	446	427	625	790	848
YIL051C	1119	2000	2205	1906	2529	1844
YIL118W	517	948	1115	1087	1280	1210
YIL097W	161	266	291	260	277	253
YIR034C	199	379	397	360	466	343
YIL109C	1637	3043	3055	3664	4024	3424
YIL102C-A	44	59	90	78	97	100
YIL105W-A	0	0	0	1	1	0
YIL084C	190	287	314	319	406	316
YIL039W	937	1915	1935	1907	1950	2007
YIR003W	403	738	738	828	997	777
YIR031C	295	429	541	424	506	427
YIL074C	831	1756	1680	1858	2072	2235
YIL022W	835	1628	1652	1877	2336	1754
YIL030C	981	1895	1821	1968	2271	2432
YIL140W	398	718	704	953	1314	1272
YIL031W	261	476	490	516	649	778
YIL014W	354	631	594	643	744	868
YIL137C	588	1076	1141	1186	1443	1341
YIR037W	569	1098	1131	1125	1244	1080
YIL127C	880	1644	1742	1547	1346	1632
YIL143C	463	881	936	997	1151	1136
YIL079C	290	634	651	672	765	815
YIR008C	213	432	487	511	573	603
YIL040W	342	551	645	555	673	800
YIL129C	358	690	723	821	1000	1000
YIL100C-A	0	1	1	0	0	3
YIL124W	383	647	840	787	921	822
YIL042C	124	206	230	203	272	139
YIL115C	768	1479	1487	1655	1882	2007
YIL035C	761	1577	1702	1635	1880	2144
YIL176C	0	0	0	0	0	0
YIL006W	86	126	142	113	162	146
YIL048W	514	978	981	1014	1249	1464
YIL066C	29	79	74	96	104	104
YIR029W	90	143	195	188	165	145
YIR018C-A	2	6	8	3	7	4
YIL094C	577	1136	1320	1454	1632	1322
YIL103W	323	706	783	765	771	973
YIL155C	91	125	137	150	307	182
YIL152W	68	146	175	144	182	147
YIL046W-A	4	2	0	5	4	2
YIL002C	290	521	574	579	763	784
YIR030W-A	1	1	8	4	1	3
YIL047C-A	12	34	30	25	19	35
YIL156W	213	367	415	448	506	480
YIR012W	1270	2504	2472	2442	2375	2460
YIL112W	386	752	724	855	923	957
YIL025C	0	0	0	2	0	0
YIL175W	0	0	0	0	0	0
YIL100W	2	1	5	8	4	0
YIR026C	688	1384	1496	1255	988	1111
YIR025W	108	216	215	251	261	209
YIR042C	116	254	316	253	279	247
YIL075C	1899	3673	3745	4382	5128	4390
YIL068W-A	0	0	1	0	0	0
YIL063C	463	877	868	1012	1144	1108
YIL018W	11452	20783	23342	19199	18428	13064
YIL027C	244	524	562	534	492	636
YIL085C	577	1022	1200	1142	1143	1245
snR68	20	31	32	39	46	46
YIL008W	392	688	805	734	677	788
YIL030W-A	6	10	13	7	13	20
YIL076W	1079	1813	2075	2276	2273	2408
YIR036W-A	2	1	4	1	0	1
YIL029C	53	116	127	109	106	114
YIR023W	271	556	566	680	812	803
tT(AGU)I1	1	1	0	1	0	3
YIL053W	8248	14615	15712	12771	12159	9951
YIL101C	32	35	43	105	117	47
YIL120W	64	137	158	117	140	164
YIL174W	0	0	0	0	0	0
YIL032C	0	0	0	0	0	0
YIL142C-A	1	0	0	0	0	0
YIL164C	81	114	136	139	150	98
YIL096C	338	706	709	728	586	859
YIL160C	1	2	2	3	2	1
YIL134C-A	1	3	1	5	3	6
YIL062C	420	774	847	862	956	734
YIL151C	391	655	706	749	887	1034
YIL059C	81	125	170	131	152	98
YIR030C	103	198	190	220	225	270
YIL083C	303	549	623	654	619	741
YIL019W	553	1104	1192	1056	809	1028
YIL020C-A	9	11	26	13	13	19
YIL099W	10	24	28	23	47	17
YIL093C	209	363	440	488	617	438
YIR024C	188	314	364	408	416	361
YIL135C	345	539	556	635	744	448
YIL020C	230	507	507	448	387	462
YIL023C	261	449	447	539	608	450
YIL177W-A	0	0	0	0	0	0
YIL037C	7	16	18	19	20	18
YIL142W	1592	3137	3160	3165	3604	3153
YIR041W	1	0	1	1	3	3
YIL034C	539	1133	1096	1228	1329	1195
YIL073C	61	82	88	125	145	131
YIL091C	664	1466	1365	1656	1885	2347
YIL078W	4876	9257	9586	8933	8603	9253
YIL052C	4920	10091	10916	8510	8096	6661
YIR017C	14	21	31	25	68	61
YIL125W	654	1181	1213	1185	1622	1433
YIL154C	289	424	524	531	646	212
PWR1	0	0	1	1	1	1
YIL138C	583	1075	1149	1144	1339	1589
YIL130W	354	798	730	699	1231	1635
YIL071W-A	2	3	7	3	6	3
YIL043C	1786	3167	3484	3228	3417	2322
YIR013C	3	1	2	3	1	1
YIL055C	71	116	128	120	162	170
YIL014C-A	0	0	0	0	0	0
YIL049W	135	210	211	175	222	251
YIL162W	359	665	649	747	951	911
YIL104C	274	550	574	669	691	870
YIL077C	195	310	328	307	305	200
YIR032C	94	171	168	176	185	105
YIL007C	136	219	254	252	298	243
YIL021W	748	1381	1482	1483	1600	1556
YIR020C	0	0	0	0	0	0
YIL038C	642	1212	1289	1381	1659	1801
YIR011C	445	849	918	896	1017	996
YIL046W	254	427	422	489	564	381
YIL157C	252	438	536	542	654	487
YIL171W-A	0	0	0	0	0	0
YIL121W	92	140	150	179	206	202
YIL170W	0	1	5	1	2	1
YIR038C	170	300	292	364	473	477
YIR027C	8	18	25	28	37	35
YIL088C	530	1101	1084	1105	1196	1239
YIR028W	21	41	49	65	57	50
YIL001W	133	274	264	370	351	390
tK(CUU)I	0	0	0	0	0	0
YIL173W	5	9	12	6	8	11
tE(UUC)I	0	0	0	0	0	0
YIL177C	0	0	0	0	1	0
YIL054W	0	1	0	0	0	0
YIL148W	6928	11665	13970	11562	11113	13105
YIR017W-A	1	0	0	0	0	0
YIL145C	580	1041	1031	1062	1052	942
YIR006C	857	1722	1621	1926	2268	1921
YIL013C	90	184	158	211	241	259
YIL114C	256	479	467	471	397	399
YIR035C	670	1210	1377	1066	885	355
YIR007W	96	151	178	201	251	223
YIL113W	25	44	60	35	31	9
YIL036W	386	607	631	659	729	627
YIR010W	198	367	378	460	545	517
YIL033C	964	1838	1952	1825	2042	1410
YIR009W	60	109	118	110	149	123
YIL041W	980	1775	1912	1864	2157	1532
YIL087C	71	151	163	167	153	79
ICR1	68	157	122	172	210	187
YIR036C	136	165	242	255	277	169
YIL122W	153	236	297	316	322	245
tI(AAU)I2	0	0	0	0	0	0
YIL021C-A	0	0	1	1	0	0
YIL090W	413	814	810	938	1000	1234
YIL012W	3	4	3	6	4	2
YIL024C	41	63	60	78	84	85
YIL111W	129	236	232	265	256	215
YIL095W	256	470	465	556	626	657
YIL029W-A	0	0	1	0	0	0
YIL089W	26	35	52	47	37	45
YIL166C	21	43	29	46	60	79
YIL060W	1	0	0	1	0	0
tI(AAU)I1	0	0	0	0	0	0
YIL009C-A	100	220	247	240	293	267
YIL061C	119	187	227	221	254	248
YIR040C	0	0	0	0	0	0
YIL102C	0	0	0	0	0	0
YIL069C	3324	5870	6515	5795	5607	6077
YIR016W	108	219	203	232	257	131
YIR021W	185	313	351	348	420	398
YIL172C	0	0	0	0	0	0
YIL072W	24	53	46	41	51	33
YIL058W	0	0	1	0	0	0
YIL047C	752	1482	1477	1496	1651	1439
YIL015W	0	0	0	0	0	0
YIR005W	62	98	121	141	135	173
YIL116W	667	1308	1340	1355	1342	1364
YIL003W	189	417	383	338	342	365
YIL082W-A	119	223	205	199	237	198
YCR031C	8525	14223	16425	13229	13004	10344
YCL011C	1375	2403	2638	2502	2905	2334
YCL040W	770	1254	1271	1066	1253	697
YCR052W	539	1018	1005	1169	1393	921
YCR100C	101	229	210	187	208	160
YCR107W	62	116	119	118	128	160
YCL002C	254	544	558	429	436	570
YCL024W	182	369	393	445	667	696
YCR060W	144	276	315	347	396	259
YCR071C	174	314	355	399	452	424
YCR007C	115	186	200	243	212	99
YCL012C	106	173	191	239	217	227
YCR081C-A	0	0	0	0	1	0
YCR036W	267	510	514	687	734	756
YCR063W	25	44	51	65	89	72
YCL042W	2	3	7	4	3	2
YCR097W-A	0	0	0	0	0	0
YCR025C	6	7	12	13	14	10
tK(CUU)C	0	0	0	0	0	0
YCR069W	420	793	722	788	945	762
YCR041W	0	2	3	1	2	1
YCR102W-A	1	5	7	5	8	6
YCR020C-A	145	220	287	230	206	211
YCL075W	0	0	0	0	0	0
YCR092C	234	382	409	504	544	725
YCR005C	982	1473	1718	1156	1471	607
YCR038W-A	0	0	0	0	0	0
YCL034W	291	395	468	470	602	366
YCL026C-B	17	29	22	43	48	64
YCR020W-B	91	163	232	189	217	379
YCR094W	239	467	477	556	615	714
YCL028W	730	1344	1448	1477	1677	1304
YCL029C	283	518	584	574	657	517
YCL074W	0	0	0	0	0	0
tQ(UUG)C	0	0	2	0	0	0
YCR086W	94	152	171	195	213	213
YCR006C	16	34	42	28	34	25
YCR083W	136	209	244	288	317	294
YCL039W	294	502	533	568	583	490
YCL037C	36	97	81	110	148	100
tE(UUC)C	0	0	0	0	0	0
YCL004W	137	301	331	295	342	345
YCL076W	0	0	0	0	0	0
YCR011C	484	902	975	1000	1124	1226
YCL054W-A	76	144	155	87	162	201
YCR020C	58	73	87	59	84	81
YCL065W	0	0	0	0	0	0
YCL057W	606	1201	1216	1573	2028	1849
YCL069W	0	0	0	0	0	0
YCR045W-A	40	72	46	55	98	48
YCL048W	4	19	26	15	10	14
YCR002C	698	1319	1451	1395	1539	1746
YCR035C	550	1009	1116	1155	1193	1379
YCR066W	174	322	338	359	349	381
YCR032W	246	477	498	548	598	635
YCL059C	1214	2436	2630	2137	1715	2099
YCR079W	130	229	276	245	300	197
YCR021C	2869	4653	5047	2798	915	81
YCL026C-A	13	12	13	9	20	17
YCL046W	0	1	2	1	1	0
YCR104W	2	3	1	2	2	2
YCL001W	541	952	1031	933	1078	1315
YCR054C	168	378	393	432	495	623
YCR046C	192	326	317	429	554	260
YCR064C	2	3	4	5	1	2
YCL001W-B	4	9	8	5	8	9
YCR017C	1050	1918	1969	2034	2126	2247
YCR097W	205	404	493	422	395	667
YCL041C	0	2	0	0	3	1
YCR043C	409	757	805	728	824	956
YCR095W-A	8	17	16	16	14	11
YCL009C	1234	2462	2576	2672	2808	1566
tP(AGG)C	1	0	0	0	1	2
YCR014C	143	292	249	292	314	345
YCL036W	258	469	485	538	836	852
YCR051W	524	977	1011	927	883	481
YCL045C	1186	2366	2484	2425	2814	2843
YCL005W	138	235	270	300	317	259
snR43	29	42	47	28	40	30
YCR088W	576	1017	1063	1287	1712	1110
YCR037C	528	952	951	927	1180	1053
YCR077C	1175	2289	2227	2310	2688	2367
YCR009C	1111	2020	2170	2145	2249	1935
YCR098C	117	202	282	159	204	256
YCR047W-A	0	1	0	1	1	0
YCR073W-A	189	314	361	376	467	256
YCR039C	0	0	0	0	0	0
YCL032W	261	460	487	552	577	393
YCR049C	0	1	0	0	0	0
YCR076C	91	118	156	195	230	155
YCL057C-A	236	372	439	470	633	419
YCR053W	2645	5164	5073	5065	5338	5111
YCL008C	152	237	271	275	288	177
YCR072C	393	789	720	792	935	1224
YCR057C	1192	2476	2490	2496	2866	3164
YCL044C	132	216	237	306	444	341
YCL033C	127	184	248	272	315	148
YCL030C	1885	3688	3842	3385	3717	3035
YCL068C	7	6	5	7	14	6
YCL035C	491	815	926	1062	1215	883
YCR008W	702	1418	1397	1356	1690	1665
tS(CGA)C	0	0	1	0	1	0
YCR091W	87	139	150	120	147	149
YCR108C	0	0	0	0	0	0
YCR042C	386	701	725	724	902	940
snR65	0	1	3	0	1	1
YCL055W	251	496	490	474	556	660
YCR003W	157	316	332	401	438	427
YCR022C	3	6	7	7	8	6
YCR089W	187	358	364	396	541	461
tG(GCC)C	0	0	0	0	0	0
YCL016C	119	244	242	256	315	251
YCL031C	679	1292	1306	1216	1447	1892
YCL048W-A	2	1	0	1	1	0
YCR018C	169	388	415	464	451	452
YCL022C	0	0	0	2	0	0
YCR087C-A	481	805	957	798	613	577
tT(AGU)C	0	0	0	0	0	0
YCL023C	1	0	0	0	0	1
YCL010C	178	294	313	352	397	306
YCR001W	0	0	0	1	0	1
tM(CAU)C	0	0	0	0	0	0
YCL018W	2203	4646	4779	5146	4881	3406
YCR073C	184	377	382	425	408	468
YCR048W	275	497	531	552	672	380
YCL005W-A	377	724	824	694	723	584
YCR033W	446	1049	998	966	1260	1173
YCL007C	1	1	3	4	4	3
YCR019W	151	261	302	347	326	318
YCR102C	52	78	92	121	132	90
YCR075W-A	51	87	117	140	123	113
YCL058W-A	148	227	270	282	316	359
YCL047C	140	268	308	325	385	360
YCR106W	112	244	222	268	284	362
YCR040W	0	0	0	0	0	0
YCR061W	101	164	126	189	239	122
YCR045C	2	9	7	6	3	5
YCR085W	1	0	1	1	0	1
YCR024C-B	3997	7251	7445	5766	6486	7177
YCR101C	55	93	102	90	120	105
YCL049C	244	440	430	490	435	299
YCR015C	95	177	182	193	205	310
snR33	83	129	188	172	169	256
YCR038C	111	186	208	195	188	157
YCL063W	228	421	442	435	567	584
YCR024C	106	217	217	278	385	426
YCR065W	123	263	257	269	436	454
YCR087W	2	5	6	3	5	4
YCR034W	1692	3251	3306	2968	3027	3479
YCL052C	490	870	963	951	1025	1007
YCR004C	387	708	729	882	1130	941
YCR059C	352	543	528	617	599	347
tL(CAA)C	0	0	0	0	1	0
YCR096C	0	0	0	0	0	0
YCR028C-A	657	1221	1397	1374	1447	1588
tN(GUU)C	0	0	0	0	0	0
YCL021W-A	35	77	66	75	66	84
YCL064C	710	1182	1421	585	1105	737
YCR028C	258	505	486	557	611	650
YCR082W	323	596	591	750	902	964
YCL061C	247	504	512	652	877	937
YCL073C	0	0	0	1	1	1
YCR013C	4	2	1	2	4	5
YCR090C	322	593	652	606	616	746
YCR084C	1211	2364	2267	2700	3506	2796
YCR050C	0	0	0	0	1	0
YCR099C	73	139	123	92	90	106
YCL066W	0	0	0	0	0	0
snR189	2	1	4	4	3	4
YCR095C	208	451	419	470	448	596
YCR068W	102	153	173	213	329	209
YCL017C	544	1009	1075	1207	1253	1212
YCL058C	73	107	143	149	162	149
YCL014W	264	574	574	690	851	903
YCL050C	1892	3729	4000	4323	4862	4632
YCR067C	514	974	908	1126	1412	1259
YCR047C	355	630	674	756	696	583
YCR044C	284	548	663	574	718	654
YCR026C	357	642	612	650	833	795
YCR093W	797	1558	1469	1700	2147	2515
YCR012W	28402	47450	49714	48299	52135	36323
YCR075C	85	119	136	157	205	165
YCL043C	3841	7162	7053	9873	11384	6568
YCL025C	1228	1971	2003	1850	2610	1818
YCL067C	0	0	0	0	0	0
YCR023C	280	590	607	593	698	738
YCR010C	3	5	11	7	8	8
YCL056C	136	254	280	214	251	298
YCR081W	197	384	367	480	554	676
YCR018C-A	4	12	15	15	19	21
YCR030C	480	938	897	976	1193	1087
YCL027W	171	283	310	216	299	309
YCL051W	360	627	631	648	666	527
YCL038C	167	329	295	290	302	282
YCR027C	155	265	292	292	357	332
YCL001W-A	4	3	10	13	13	15
YCR016W	740	1350	1519	1386	1354	1687
YCL054W	1379	2874	2841	2974	3166	3797
YCR105W	17	21	34	35	37	47
YCR024C-A	2375	4760	4771	3763	4257	6030
YCL020W	0	0	0	0	0	0
YCL019W	20	50	42	40	47	57
RUF22	0	0	0	0	0	0
YFL031C-A	0	0	0	0	0	0
YFL026W	3407	6339	6755	4747	5451	6621
YFR027W	30	65	79	83	100	108
YFR052W	637	1179	1284	1467	1821	1901
YFL064C	3	4	7	4	8	10
YFL015C	0	0	1	0	1	0
YFL011W	3	9	5	5	10	6
YFR017C	23	56	53	44	35	21
YFL018C	1211	2257	2330	2460	3129	2526
YFL032W	0	2	0	0	1	2
YFR036W	40	82	75	97	120	63
YFR006W	651	1276	1420	1407	1850	1907
YFR021W	187	310	344	361	430	346
tK(CUU)F	0	0	0	0	0	0
YFL034W	241	479	406	512	589	644
YFL012W-A	1	0	3	2	2	1
YFL024C	176	349	372	366	509	637
YFL013C	505	891	976	1052	1155	1113
RUF23	5	8	7	3	13	6
YFL046W	176	337	355	421	431	529
YFR014C	254	406	469	399	444	439
YFL056C	69	147	168	156	201	174
YFL041W-A	25	32	29	35	28	26
YFR055W	1384	2741	2734	3620	3429	2780
YFR013W	416	864	873	927	1110	1115
YFR049W	96	187	241	251	288	254
YFL050C	170	376	339	356	370	376
YFR044C	1801	3412	3509	3356	3454	3362
YFR032C-B	3	3	5	2	4	12
YFR034W-A	14	22	28	18	20	18
tP(UGG)F	0	0	0	0	0	0
YFR009W	882	1804	1815	1763	1800	1898
tA(AGC)F	0	0	0	0	0	0
YFL045C	3942	7282	7741	6860	7062	8411
YFL068W	0	0	0	0	0	0
YFR018C	152	334	330	379	405	243
YFR034C	133	340	283	369	434	262
YFR029W	111	208	194	241	322	265
YFL003C	31	52	54	55	39	67
YFR041C	322	648	671	768	853	983
YFL059W	3	17	10	19	13	11
YFL062W	5	13	10	15	13	11
YFR026C	26	36	43	38	61	36
YFL014W	39	36	72	76	106	80
YFL066C	6	17	8	12	15	11
YFL047W	311	593	637	771	946	1068
YFR032C-A	3579	6078	7551	5669	5554	7100
YFR056C	0	0	0	0	0	1
RUF20	25	62	67	55	64	68
YFL044C	215	445	438	502	583	414
YFR011C	257	492	488	567	683	737
YFR022W	175	346	291	275	263	184
YFR047C	347	607	661	698	682	569
tF(GAA)F	2	0	0	1	1	2
YFL051C	4	12	8	6	7	6
YFL054C	49	98	94	87	141	122
YFR036W-A	3	3	7	3	0	2
YFR024C-A	475	828	857	1057	1338	977
YFR045W	120	206	232	269	310	227
YFR002W	669	1343	1309	1370	1599	1832
YFL012W	3	7	10	9	8	9
YFL033C	283	475	451	537	644	587
YFL021W	681	1345	1285	1459	1914	1129
YFL008W	312	672	642	765	1020	1126
YFL019C	0	3	3	7	3	2
YFR005C	301	557	564	598	583	784
YFL022C	2131	4327	4293	4166	4485	3638
YFL028C	353	664	727	657	651	622
YFL052W	5	3	7	9	10	11
YFR008W	70	123	147	136	146	155
YFL002C	629	1083	1200	1113	1170	1282
YFL055W	44	64	65	77	93	79
YFL034C-B	202	432	411	458	564	532
YFR023W	7	25	15	23	18	29
YFR001W	1006	2026	2081	1844	1564	1824
YFL023W	339	667	655	808	882	1019
YFL020C	1	4	5	8	10	5
tY(GUA)F2	0	0	0	0	0	0
YFL067W	0	0	0	0	0	0
YFR031C-A	8089	15003	16618	13562	13721	8524
YFL010C	447	785	898	989	1157	585
tN(GUU)F	0	0	0	0	0	0
YFL053W	5	8	8	10	2	5
YFR030W	404	862	791	1053	1502	1573
YFR003C	193	304	324	351	467	341
YFL039C	10105	18592	18464	18715	21294	18125
YFL029C	166	278	342	358	402	360
YFL030W	32	53	54	55	86	74
YFL058W	1	0	1	3	3	4
YFL016C	601	909	1046	1104	1764	975
YFR040W	710	1250	1264	1324	1647	1616
YFL041W	352	660	675	693	883	765
tS(GCU)F	2	0	1	0	0	2
tG(GCC)F1	0	0	0	0	0	0
YFL036W	394	761	751	750	1074	1143
YFR053C	184	378	363	472	1722	1272
YFL048C	551	1144	1217	1259	1354	1447
YFL015W-A	0	2	1	1	0	0
YFR057W	0	0	0	2	0	1
YFR046C	134	226	254	250	313	259
YFL037W	1932	3625	3775	3770	4136	3441
YFL061W	0	1	0	1	0	0
YFL017C	163	312	361	367	446	386
YFR012W	1	2	5	5	6	6
YFL034C-A	810	1621	1775	1798	1861	2195
YFR010W	854	1598	1695	1825	2014	2131
YFL040W	2	2	3	2	2	2
YFR020W	71	162	182	139	134	162
YFR038W	312	604	657	664	893	1033
YFR012W-A	1	2	4	4	6	5
YFL031W	1513	2862	3257	3368	3895	2176
YFL017W-A	144	187	204	212	247	239
YFL005W	863	1605	1787	1738	1848	1652
YFR019W	272	492	472	587	778	783
YFL042C	214	382	383	393	473	318
YFR042W	105	203	198	234	302	404
YFR050C	1012	1825	2097	2571	2991	2574
YFR007W	100	187	236	217	269	252
YFL065C	3	8	9	7	14	5
YFL038C	1398	2488	2698	2946	3308	2472
YFR015C	178	454	368	163	213	186
tG(GCC)F2	0	0	1	0	1	2
YFR009W-A	0	0	0	0	0	0
YFL060C	5	11	9	12	21	18
YFR043C	118	244	263	271	279	318
YFL049W	304	501	545	576	626	670
YFR052C-A	8	24	21	24	73	75
RUF21	0	0	0	0	0	1
YFR028C	432	894	847	995	1208	1211
YFR010W-A	0	1	0	1	0	1
YFR051C	846	1559	1643	1824	2133	1746
YFR016C	601	1065	1084	1249	1492	1490
YFR032C	22	46	29	20	18	17
YFL001W	312	640	686	703	794	906
YFR037C	1217	2370	2561	2529	2983	2209
YFL013W-A	3	4	3	1	2	2
YFL063W	0	2	0	0	0	1
YFR025C	259	515	607	719	781	617
YFL025C	261	564	492	576	700	819
YFR054C	4	7	7	5	7	6
YFR033C	979	1584	1728	1793	2886	1622
YFR031C	335	692	703	860	979	1092
YFL021C-A	0	4	6	3	6	3
YFL010W-A	1	4	3	9	8	3
YFR039C	323	648	635	656	811	859
YFL027C	334	557	637	554	577	654
YFL007W	567	1412	1288	1461	1573	1711
YFL004W	1432	2946	3001	2704	2893	3315
YFR048W	285	482	445	537	601	632
YFR035C	1	1	0	0	0	4
tY(GUA)F1	0	0	0	0	3	4
YFL009W	331	636	706	746	845	903
YFR004W	805	1533	1635	1844	2105	1625
YFL002W-B	0	0	0	0	0	0
YFL002W-A	0	0	0	0	0	0
YAL037W	37	70	114	80	74	58
YAL016W	1036	2018	2096	2066	2207	2184
YAL003W	10268	18546	20866	18851	19668	15897
YAL053W	1473	2735	2750	3346	3195	2715
YAL031W-A	0	0	0	0	0	1
YAL019W	686	1389	1342	1556	1715	1571
YAL024C	147	314	282	381	495	602
YAL034W-A	82	165	160	187	256	279
YAL064W-B	3	6	10	6	5	4
YAL018C	2	2	0	1	4	4
YAL037C-A	0	0	5	2	2	3
YAL056C-A	0	1	0	1	0	0
tL(CAA)A	1	0	1	0	1	1
YAL048C	140	255	244	323	377	327
YAL025C	1010	1951	2121	1959	2032	1947
YAR064W	0	0	0	0	0	0
YAL031C	261	383	400	392	517	514
YAR075W	0	0	1	0	0	0
YAL063C-A	14	21	21	13	17	21
tP(UGG)A	0	0	0	0	0	1
tA(UGC)A	0	0	0	0	1	1
YAL023C	1753	3309	3322	3200	3990	3351
YAL062W	21	58	65	67	80	42
YAR061W	0	0	0	0	0	0
YAL026C	440	894	892	875	1078	1240
YAL014C	232	414	513	465	602	422
YAL034C-B	0	0	0	0	2	3
YAR035W	15	24	16	39	39	13
YAL010C	188	367	397	423	422	526
YAL042W	1083	2185	2271	2354	2692	1715
YAL038W	45474	78198	78564	71649	74601	52723
YAR003W	214	419	445	476	510	549
YAL045C	0	1	0	0	0	0
YAR007C	434	808	878	1019	1293	1426
YAL030W	189	323	371	385	518	395
YAR027W	564	926	1014	1006	939	733
YAL055W	73	132	154	173	168	148
YAL060W	501	953	1100	993	1293	974
YAL017W	308	586	573	590	718	635
YAR018C	176	346	342	429	557	585
YAL069W	0	0	0	0	0	0
YAL063C	26	41	45	27	57	41
YAL046C	114	172	184	227	273	194
YAR020C	5	13	2	6	9	9
snR18	60	36	61	49	55	76
YAR050W	6	12	22	14	27	10
YAL016C-B	0	0	0	0	0	0
YAR019C	169	256	266	336	335	335
YAR029W	37	64	57	51	53	43
YAR002W	474	1124	1124	1195	1310	1308
YAL039C	214	405	446	504	666	322
YAR030C	4	6	16	8	8	18
YAR047C	0	0	0	0	0	0
YAL022C	389	624	629	607	751	564
YAL011W	164	320	287	362	364	370
YAL001C	251	460	475	540	704	729
YAL056W	534	958	938	937	1051	1021
YAL066W	0	0	2	0	0	0
YAL013W	299	513	571	571	686	362
YAL047W-A	1	3	5	3	3	4
YAL016C-A	2	2	3	4	1	2
YAL064W	0	3	3	2	2	0
YAR071W	231	534	470	215	163	148
YAR033W	26	92	79	62	72	72
YAR069C	0	0	0	0	0	0
YAR019W-A	0	3	8	8	0	1
YAR070C	0	0	0	0	1	0
YAL054C	45	70	87	95	107	105
YAL067C	21	67	71	111	125	247
YAL059W	565	1134	1281	988	781	997
YAL005C	1561	2117	2202	4023	7789	5944
YAL068W-A	0	0	0	0	0	0
YAL035W	3133	6003	6073	6167	6278	6029
YAL008W	130	199	226	280	292	255
YAL020C	141	251	285	286	386	206
YAL032C	126	193	258	212	277	201
YAL015C	176	338	349	436	470	391
YAL028W	68	120	134	105	120	86
YAL042C-A	0	1	0	0	1	0
YAL065C	0	1	3	1	4	0
YAL009W	152	260	293	264	336	330
YAR014C	445	903	937	957	1189	1152
YAL037C-B	12	7	8	6	2	5
YAR053W	0	0	1	1	0	0
YAL036C	697	1559	1564	1629	1489	1635
YAL059C-A	6	3	5	2	2	1
YAL002W	238	425	431	483	598	672
YAL021C	704	1279	1326	1427	1752	1330
tS(AGA)A	1	0	0	0	0	0
YAL061W	79	134	141	105	65	30
YAR023C	45	59	81	89	50	49
YAL034C	177	258	241	262	283	238
YAL026C-A	17	33	23	19	32	37
YAR002C-A	1337	2454	2578	2437	2758	2704
YAL004W	0	1	0	0	0	0
YAR008W	156	269	294	313	397	398
YAL067W-A	0	0	0	0	0	0
YAL049C	295	508	597	628	683	592
YAR060C	0	0	0	0	0	0
YAL047C	142	296	288	347	379	476
YAL029C	648	1379	1374	1486	1723	1963
YAR031W	37	77	69	62	38	66
YAL027W	126	234	291	305	354	281
YAR073W	4	6	4	3	4	8
YAL033W	200	403	440	415	381	303
YAR015W	1644	3093	3209	2701	2086	2015
YAL044W-A	138	235	267	316	323	277
YAL041W	438	766	698	867	1093	1023
YAL019W-A	3	1	4	3	1	1
YAR035C-A	0	0	0	0	0	0
YAL068C	0	1	3	3	5	4
YAR042W	511	941	1025	1141	1402	1050
YAL051W	297	525	473	635	676	732
YAL043C	355	599	603	718	941	696
YAR066W	0	0	0	0	0	0
YAL044C	416	798	908	1050	1096	764
YAR068W	1	0	0	0	0	0
YAL058W	202	363	328	404	429	417
YAL012W	2194	4216	4433	5193	6338	3919
YAL064C-A	2	2	0	5	4	3
YAR028W	295	540	580	441	354	294
HRA1	0	1	4	2	2	0
YAL007C	806	1556	1581	1670	1693	2053
YAL040C	781	1385	1331	1499	2056	2216
YAR010C	0	0	0	0	0	0
YAR009C	51	109	133	124	114	152
tD(GUC)Q	0	0	0	0	0	0
Q0065	0	0	1	0	0	0
Q0080	0	0	0	0	0	0
Q0160	0	0	0	0	0	0
Q0070	0	0	0	0	0	0
Q0142	0	0	0	0	0	0
Q0275	0	0	0	3	0	4
tR(ACG)Q2	0	0	0	0	0	0
tK(UUU)Q	0	0	0	0	0	0
Q0010	0	0	0	0	0	0
Q0255	0	0	0	0	0	0
tN(GUU)Q	0	0	0	0	0	0
Q0020	3	13	11	8	20	15
tE(UUC)Q	0	0	0	0	0	0
Q0140	0	0	0	0	0	0
Q0075	0	0	0	0	0	2
Q0250	0	2	0	1	2	1
Q0017	0	0	0	0	0	0
tC(GCA)Q	0	0	0	0	0	0
Q0144	0	0	0	0	0	0
tG(UCC)Q	0	0	0	0	0	0
Q0105	0	1	0	0	0	2
tT(UGU)Q1	0	0	0	0	0	0
tM(CAU)Q2	0	0	0	0	0	0
Q0285	0	0	0	0	0	0
Q0143	0	0	0	0	0	0
Q0055	1	7	2	6	6	8
Q0032	0	0	0	0	0	0
tY(GUA)Q	0	0	0	0	0	0
Q0115	0	0	0	0	0	0
Q0297	0	0	0	0	0	0
Q0130	1	1	0	2	2	1
tL(UAA)Q	0	0	0	0	0	0
tF(GAA)Q	0	0	0	0	0	0
Q0092	0	0	0	0	0	0
tW(UCA)Q	0	0	0	0	0	0
tT(UAG)Q2	0	0	0	0	0	0
tS(UGA)Q2	0	0	0	0	0	0
Q0110	0	0	0	1	1	0
Q0120	1	1	1	0	0	0
tH(GUG)Q	0	0	0	0	0	0
Q0050	4	9	5	7	5	5
tA(UGC)Q	0	0	0	0	0	0
Q0085	0	0	0	0	0	1
Q0182	0	1	0	0	0	0
tM(CAU)Q1	0	0	0	0	0	0
tS(GCU)Q1	0	0	0	0	0	0
tV(UAC)Q	0	0	0	0	0	0
tQ(UUG)Q	0	0	0	0	0	0
tR(UCU)Q1	0	0	0	0	0	0
Q0060	0	1	0	0	1	0
Q0045	0	1	2	3	2	1
tP(UGG)Q	0	0	0	0	0	0
tI(GAU)Q	0	0	0	0	0	0
Q0158	15	42	28	46	62	96
