gene_id	WT_1	WT_2	WT_3	sec66del_1	sec66del_2	sec66del_3
YDL243C	42.032002302526	60.8059559361319	52.8582882295106	53.2763744868465	56.2506901222807	48.9721027725268
YDR387C	418.492544664281	454.083187071437	466.451210165682	417.181101913951	389.736924418659	315.870062882798
YDR438W	169.955487571083	183.398609033172	153.010834348583	167.053038645197	163.930582642075	141.202896327452
YDR523C	54.8243508293818	40.2103902158292	46.3669194995707	37.9255547194501	30.5360889235238	30.1994633763915
YDR492W	1461.98268878351	1637.83784537646	1529.18100509584	1429.43221716403	1531.62593390096	1851.14548480151
YDR018C	18.2747836097939	23.5377893946317	18.5467677998283	22.5747349520536	20.0895321865288	18.7726393961353
YDL189W	780.333260138201	855.206348004952	820.694475142402	841.586119012559	826.081563510065	917.410725272002
YDR508C	1926.16219247228	2093.88251489745	1925.15449762218	2075.06963679277	2692.80089428232	3010.96811879752
YDR462W	204.677576429692	186.340832707501	184.540339608292	234.777243501358	239.467223663424	182.012981971225
YDR175C	473.316895493663	447.217998498003	442.340412025905	488.51726436244	558.488994785501	600.724460676328
YDR186C	937.496399182428	1017.02865009305	921.774359651466	971.616592336387	1254.39038972686	1149.21201172863
YDR150W	802.263000469953	821.861146362557	697.358469273544	792.824691516123	921.707736717943	971.280038321781
YDR243C	330.77358333727	325.606086625739	344.042542686815	348.553907659708	315.003864684772	384.431006764335
YDL182W	599.412902401241	587.463993641017	567.531094674746	538.181681256958	496.613235650993	432.586907823987
YDR362C	436.767328274075	399.161678483963	402.464861256274	434.337900477511	468.487890589852	473.396993467759
YDR232W	1670.31522193516	1625.08820945436	1544.9457577257	1478.19364466047	1469.75017476645	1151.66061686725
YDR158W	5451.36795080153	6081.57633483797	5874.68870059561	5512.75027529149	4966.13235650993	4529.10330474585
YDR439W	325.291148254332	313.837191928423	313.440375817098	322.367215115326	302.950145372855	357.496350239446
YDL206W	349.048366947064	343.259428671712	358.879956926678	343.135971271215	278.84270674902	327.296886863054
YDR125C	102.338788214846	111.804499624501	117.77197552891	129.127483925747	94.0190106329549	117.533046654064
YDR338C	330.77358333727	282.453472735581	274.492163437459	319.658246921079	288.485682198554	296.281221773787
YDR533C	423.974979747219	387.392783786647	443.267750415896	277.217745211218	257.146011987569	196.704612802983
YDR272W	721.85395258686	799.304098192702	835.531889382265	730.518423048455	656.525911855762	686.42564052825
YDR197W	345.393410225105	390.335007460976	408.956229986214	404.539250340801	402.594225018038	470.132186616257
YDR512C	184.575314458919	193.206021280935	185.467677998283	217.620444937797	224.199179201662	271.795170387524
YDR489W	222.952360039486	193.206021280935	188.249693168257	174.276953829854	168.752070366842	251.390127565637
YDR299W	1048.97257920217	1203.36948280055	1117.44275993965	1078.16934131008	1238.31876397764	1891.95557044528
YDL015C	2664.46345030795	2962.81924004927	2956.35478729263	2602.41544527274	2348.06452196149	3355.40524163096
YDR304C	2240.48847056074	2157.63069450791	2230.24882792935	2168.98053419331	2110.20446087299	1723.00181588007
YDL181W	199.195141346754	174.571938010185	218.851860037974	155.314176470129	360.807998070058	189.358797387104
YDR367W	732.818822752736	800.284839417478	739.088696823158	715.167603281058	578.57852697203	853.746991667717
YDR085C	467.834460410724	481.543941365174	469.233225335656	398.218324554226	382.504692831509	375.452787922705
YDL097C	2172.8717712045	2206.66775574672	2166.26247901995	2503.98960088179	2708.06893874409	2175.99376652594
YDL139C	133.405920351496	125.534876771369	118.699313918901	139.963356702732	135.805237580935	100.39281068368
YDR200C	445.904720078972	435.449103800687	460.887179825733	454.203667235319	438.75538295379	497.883044854022
YDR191W	140.715833795413	153.976372289882	106.643914849013	127.321505129582	130.180168568707	139.570492901701
YDR451C	155.335660683248	167.706749436751	165.066233418472	191.433752393415	258.753174562491	247.30911900126
YDR469W	447.732198439951	488.409129938608	465.52387177569	459.621603623811	478.934447326847	511.758473972905
YDR470C	316.153756449435	280.491990286028	280.983532167399	297.986501367108	311.789539534927	382.798603338584
YDR105C	610.377772567117	611.001783035648	618.534706124274	614.032790695858	630.811310657005	614.599889795211
YDR483W	3408.24714322657	3579.70547043357	3433.00671974822	3150.5300099086	2698.42596329455	2843.64676765806
YDL123W	162.645574127166	164.764525762422	149.301480788618	147.18727188739	169.555651654303	100.39281068368
YDL199C	116.958615102681	83.3630041059873	83.4604550992273	76.7540988369823	88.3939416207268	55.5017164755304
YDR505C	888.154483435985	866.975242702268	881.898808881836	812.69045827393	847.778258271517	831.70954542008
YDL045W-A	319.808713171394	281.472731510804	308.803683867141	303.4044377556	360.004416782597	346.069526259189
YDL045C	455.042111883869	475.659494016516	478.50660923557	451.494699041072	462.862821577624	427.689697546734
YDR361C	1456.50025370058	1442.67034164597	1491.1601311062	1252.44629513993	900.814623243953	1334.48980055135
YDR266C	822.365262440726	948.376764358703	911.573637361561	806.369532487355	909.654017406025	1045.55439419345
YDR002W	4738.65139001956	4678.13564218305	4638.54662673706	4020.10880026171	3229.59319430637	3378.25888959147
YDR214W	1198.82580480248	1215.13837749786	1204.61256859885	2336.03357283851	3409.59540269767	2573.48400069628
YDR130C	138.888355434434	171.629714335856	173.412278928395	192.336741791497	182.412952253682	167.321351139466
YDL176W	323.463669893352	341.29794622216	303.239653527193	297.083511969025	328.664746571612	338.72371084331
YDR358W	403.872717776446	335.413498873502	377.426724726506	343.135971271215	331.879071721456	256.28733784289
YDR460W	387.425412527631	316.779415602752	297.675623187244	345.844939465461	381.701111544048	380.349998199958
snR84	84.064004605052	76.4978155325531	106.643914849013	77.6570882350644	80.3581287461153	103.657617535182
YDR034W-B	20.1022619707733	23.5377893946317	28.7474900897339	37.0225653213679	13.6608818868396	8.16201712875446
YDL028C	378.288020722734	353.066840919476	374.644709556532	411.763165525458	441.969708103634	502.780255131275
YDR061W	482.45428729856	459.967634420095	483.143301185527	589.65207694764	582.596433409336	578.687014428691
YDR060W	4309.19397518941	4803.67051895442	4574.56027782765	4379.4985806984	3862.0116675383	4686.63023533081
YDR363W	374.633064000775	392.296489910529	381.136078286472	436.143879273676	392.951249568504	448.09474036862
YDR422C	418.492544664281	435.449103800687	446.049765585871	488.51726436244	485.363097626537	517.471885963033
YDR119W	1789.10131539883	1989.92394507116	1903.82571465237	1720.19480334649	1755.02153181516	1957.25170747532
YDR097C	637.789947981808	760.074449201649	734.452004873201	803.660564293108	853.403327283745	1054.53261303508
YDR042C	51.169394107423	50.0178024635924	45.4395811095793	50.5674062926001	28.1253450611404	45.707295921025
YDL160C	529.968724684024	511.94691933324	561.967064334797	493.032211352851	488.577422776381	555.017164755303
YDR425W	328.946104976291	297.164591107225	323.641098107004	297.083511969025	294.914332498243	315.053861169922
snR13	9.13739180489696	2.94222367432896	18.5467677998283	10.8358727769857	6.42865029968922	8.16201712875446
YDR228C	508.038984352271	436.429845025463	407.101553206231	447.882741448744	444.380451966018	569.708795587062
YDR319C	392.907847610569	377.585371538884	407.101553206231	411.763165525458	373.665298669436	400.755041021844
YDR471W	8413.71037394912	8736.44283030747	8915.43128137746	7514.6777708396	6415.79299908985	5623.62980171183
YDR089W	484.281765659539	543.330638526082	486.852654745493	498.450147741344	604.293128170787	711.727893627389
YDR275W	332.601061698249	295.203108657673	291.184254457304	245.613116278343	228.217085638967	202.418024793111
YDR043C	509.86646271325	600.213629563109	608.333983834368	419.890070108197	332.682653008917	226.904076179374
YDR129C	4126.44613909147	4053.40348200054	4072.87020884229	3846.73483582994	3295.48685987819	2684.48743364734
YDL066W	1030.69779559238	1040.56643948768	1040.47367357037	1054.69161695994	1248.76532071463	963.118021193027
YDR302W	358.185758751961	402.103902158292	393.19147735636	417.181101913951	409.826456605188	572.157400725688
YDR239C	453.214633522889	496.255059736819	454.395811095793	522.830861489562	525.542161999594	469.315984903382
YDR539W	869.879699826191	906.204891693321	832.749874212291	882.220641926255	907.243273543642	824.363730004201
YDL125C	1673.97017865712	1508.38000370598	1647.88031901474	1473.67869767006	1290.55154766261	1039.84098220332
YDR493W	162.645574127166	159.86081963854	184.540339608292	202.2696251704	186.430858690988	185.277788822726
YDR101C	3009.85686053306	3212.90825236723	3117.71166715114	2748.69972776205	2306.27829501351	3376.62648616572
YDR182W-A	21.9297403317527	23.5377893946317	19.4741061898197	16.2538091654786	15.2680444617619	25.3022530991388
YDR212W	1982.81402166264	2195.87960227418	2226.53947436939	2178.91341757221	2049.9358643134	2247.0033155461
YDR476C	352.703323669023	274.60754293737	303.239653527193	372.934621407926	373.665298669436	211.396243634741
YDL131W	1147.65641069506	1063.12348765753	1037.69165840039	968.004634744059	1056.70939301142	999.030896559546
YDR458C	961.25361787516	1007.22123784528	978.342001440943	1055.59460635803	1008.49451576375	1194.10310593678
YDR081C	725.508909308819	700.249234490293	703.849838003484	730.518423048455	755.366410213484	914.1459184205
YDR113C	230.262273483403	236.358635171093	240.180643007776	264.575893638068	302.146564085394	314.237659457047
YDR168W	1452.84529697862	1522.11038085285	1585.74864688532	1723.80676093881	1677.07414693143	1937.66286636631
YDR520C	270.46679742495	284.414955185133	264.291441147553	262.769914841904	283.664194473787	332.194097140307
YDR307W	365.495672195878	411.911314406055	425.648321006059	414.472133719704	413.844363042494	516.655684250157
YDR265W	310.671321366497	285.39569640991	266.146117927536	265.47888303615	233.842154651196	224.455471040748
YDL076C	429.457414830157	451.140963397108	435.849043295965	412.66615492354	443.576870678557	435.851714675488
YDL006W	394.735325971549	381.508336437989	390.409462186386	337.718034882722	350.361441333063	385.247208477211
YDL086W	1359.64390056867	1207.29244769965	1263.03488716831	1292.17782865555	1264.03336517639	810.488300885318
YDR238C	2633.3963181713	2657.80871914383	2565.94532510625	2875.11824349355	2851.10640791217	2979.95245370825
YDR077W	17920.2528077639	14537.5271748594	14011.1557343803	21007.145356983	24055.2058401496	15632.7114067034
YDR381C-A	179.09287937598	185.360091482725	182.685662828309	174.276953829854	151.876863330158	195.072209377232
YDL083C	13097.5374131393	13598.9578227485	14117.7996492293	11216.0313135783	9304.66772751269	8041.2192752489
YDR036C	453.214633522889	433.487621351134	476.651932455587	520.121893295315	517.506349124983	537.876928784919
YDR057W	447.732198439951	463.8905993192	478.50660923557	409.054197331211	444.380451966018	479.110405457887
YDR513W	754.748563084489	705.152940614175	744.652727163106	691.689878930923	734.473296739494	728.868129597774
YDR487C	1821.99592589645	1840.85127890516	1948.33795737196	1802.36683857196	1670.64549663174	1144.31480145138
YDR066C	104.166266575825	92.1896751289742	88.0971470491844	103.843780779447	79.5545474586542	93.8631969806763
YDR352W	676.166993562375	662.000326724017	719.614590633338	631.189589259419	540.810206461356	618.680898359588
YDR079C-A	73.0991344391757	101.016346151961	99.2252077290814	67.7242048561608	61.0721778470476	88.1497849905482
YDR204W	266.811840702991	250.089012317962	313.440375817098	281.732692201629	304.557307947777	215.477252199118
YDL024C	16.4473052488145	31.3837191928423	30.6021668697167	24.3807137482179	25.7146011987569	17.9564376832598
YDR109C	294.224016117682	275.588284162146	301.38497674721	328.688140901901	393.754830855965	395.857830744591
YDR466W	535.451159766962	477.620976466069	487.779993135484	513.80096750874	629.204148082083	643.983151458727
YDR427W	1721.48461604259	1833.98609033172	1878.78757812261	2049.78593364647	2007.34605607796	2451.05374376497
YDL044C	199.195141346754	191.244538831383	239.253304617785	206.784572160811	226.609923064045	245.676715575509
YDL079C	38.3770455805672	28.4414955185133	31.5295052597081	39.7315335156144	43.3933895229023	41.6262873566478
YDR305C	283.259145951806	262.838648240054	309.731022257133	270.896819424643	287.682100911093	272.611372100399
YDR377W	783.988216860159	735.555918582241	790.092308272686	649.249377221062	795.545474586542	812.936906023945
YDR219C	487.936722381498	482.52468258995	457.177826265768	468.651497604633	452.416264840629	510.126070547154
YDR416W	467.834460410724	510.966178108463	473.869917285613	552.629511626272	511.881280112755	610.518881230834
YDR365C	2922.13789920605	3199.17787522036	3125.13037427107	2640.34099999219	2075.65046551216	2675.50921480571
YDL233W	305.188886283559	251.069753542738	285.620224117356	276.314755813136	212.949041177206	166.505149426591
YDR287W	270.46679742495	254.992718441844	265.218779537545	292.568564978615	298.128657648088	271.795170387524
YDR448W	202.850098068713	210.859363326909	212.360491308034	224.844360122454	241.074386238346	249.757724139887
YDR180W	327.118626615311	361.893511942463	337.551173956875	359.389780436693	386.522599268815	532.979718507666
YDR294C	1319.43937662712	1366.17252611342	1387.29823142716	1338.23028795774	1282.515734788	1036.57617535182
YDR198C	447.732198439951	524.696555255332	462.741856605716	501.15911593559	500.631142088298	620.313301785339
YDL119C	279.604189229847	226.55122292333	255.94539563763	263.672904239986	276.431962886637	291.384011496534
YDR501W	71.2716560781963	75.5170743077768	63.9863489094076	81.269045827393	109.287055094717	136.3056860502
YDL214C	40.2045239415466	31.3837191928423	29.6748284797253	39.7315335156144	30.5360889235238	25.3022530991388
YDR264C	1441.88042681274	1315.17398242505	1380.80686269722	1511.60425238951	1731.71767447879	1746.67166555346
YDR343C	32.8946104976291	37.2681665415002	30.6021668697167	18.962777359725	10.446556736995	14.691630831758
YDR373W	692.61429881119	730.652212458359	717.759913853355	787.40675512763	724.026740002499	790.899459776307
YDR354W	767.540911611345	739.478883481346	701.06782283351	817.205405264341	882.332253632346	795.79667005356
YDR246W	252.192013815156	283.434213960357	303.239653527193	326.882162105736	376.879623819281	227.72027789225
YDR428C	586.620553874385	499.197283411148	603.697291884411	550.823532830108	438.75538295379	597.459653824827
YDR157W	73.0991344391757	72.5748506334478	65.8410256893905	63.2092578657501	73.9294784464261	37.5452787922705
YDR316W	471.489417132683	568.829910370266	516.527483225218	580.622182966819	638.043542244156	697.852464508507
YDL142C	202.850098068713	154.957113514659	202.159769018128	185.11282660684	175.984301953993	195.888411090107
YDR253C	49.3419157464436	41.1911314406055	43.5849043295965	52.3733850887644	68.304409434198	87.3335832776728
YDL112W	1858.54549311604	1818.2942307353	1792.5451078534	1777.98612482374	1524.39370231381	1927.05224409893
YDL187C	16.4473052488145	11.7688946973159	22.256121359794	14.4478303693143	9.64297544953384	12.2430256931317
YDL138W	350.875845308043	336.394240098278	300.457638357218	319.658246921079	378.486786394203	385.247208477211
YDR528W	158.990617405207	188.302315157054	144.664788838661	147.18727188739	222.592016626739	297.913625199538
YDR284C	663.374645035519	777.727791247623	745.580065553098	721.488529067633	652.508005418456	683.160833676749
YDR050C	34022.1646463533	33305.9719934039	33625.2900210887	26595.7467417134	20782.2192563203	17913.1789924774
YDL010W	561.035856820673	487.428388713832	526.728205515124	488.51726436244	451.612683553168	421.976285556606
YDL065C	624.997599454952	604.136594462214	608.333983834368	721.488529067633	740.098365751722	761.516198112791
YDR349C	1546.04669338857	1492.68814410956	1419.75507507686	1437.55912174677	1305.81959212437	1224.30256931317
YDL098C	166.300530849125	179.475644134067	168.775586978438	179.694890218347	188.03802126591	174.667166555346
YDL234C	3119.50556219182	2854.93770532387	2958.20946407261	3071.06694287737	1946.27387823091	790.083258063432
YDR118W	166.300530849125	193.206021280935	205.869122578094	209.493540355057	196.073834140521	278.324784090527
YDR159W	685.304385367272	737.517401031794	738.161358433166	753.996147398591	855.814071146128	870.887227638101
YDR111C	411.182631220363	328.548310300068	380.20873989648	277.217745211218	271.61047516187	277.508582377652
YDR128W	548.243508293818	618.847712833859	526.728205515124	669.115143978869	692.687069791514	789.267056350557
YDR065W	202.850098068713	227.531964148107	220.706536817957	236.583222297522	292.50358863586	334.642702278933
YDL004W	1361.47137892965	1281.82878078265	1433.66515092673	1185.62507968186	1520.3757958765	1327.14398513548
YDR024W	89.5464396879902	102.977828601514	100.152546119073	83.0750246235573	71.5187345840426	95.4956004064272
YDL171C	3282.15113631899	3352.17350628547	3057.4346718017	2350.48140320782	2258.06341776584	2346.57992451691
YDR083W	1613.6633927448	1825.15941930873	1798.10913819335	1565.78361627444	1252.78322715194	1606.28497093888
YDR457W	1376.09120581748	1470.13109593971	1409.55435278695	1381.57377906568	1339.57000619774	1305.92274060071
YDR014W	232.089751844383	221.647516799449	254.090718857648	240.19517988985	249.110199112957	253.838732704264
YDR206W	1206.1357182464	1414.22884612746	1401.20830727703	1386.08872605609	1249.56890200209	1412.8451649874
YDR478W	179.09287937598	224.589740473778	193.813723508206	204.978593364647	192.859508990677	177.115771693972
YDR169C	676.166993562375	591.386958540122	597.205923154471	608.614854307365	646.079355118767	546.855147626549
YDR115W	303.361407922579	328.548310300068	289.329577677321	362.09874863094	292.50358863586	324.848281724428
YDL232W	104.166266575825	101.997087376737	121.481329088875	94.8138867986252	139.823144018241	171.402359703844
YDR432W	2595.01927259074	2333.18337374287	2363.78555608812	2244.83164363221	2320.74275818781	1692.80235250368
YDR410C	434.939849913095	497.235800961595	443.267750415896	430.725942885183	362.41516064498	492.169632863894
YDL072C	1396.19346778826	1488.76517921046	1515.27092924597	1575.71649965334	1485.01821922821	1162.27123913464
YDL012C	433.112371552116	375.623889089331	395.046154136343	385.576472981076	385.719017981353	226.904076179374
YDR482C	264.984362342012	217.724551900343	235.543951057819	214.008487345468	215.359785039589	117.533046654064
YDL070W	2233.17855711682	2309.64558434824	2339.67475794834	2483.2208447259	2491.90557241704	2319.64526799202
YDR064W	18916.2285144977	17230.6425780952	18191.5971964616	14222.9860091919	12240.1501706083	13572.6182834058
YDL135C	831.502654245623	846.379676981965	846.659950062162	850.61601299338	804.384868748614	1065.95943701533
YDL077C	480.62680893758	508.023954434135	507.254099325304	549.920543432026	538.399462598973	573.789804151439
YDL033C	126.096006907578	175.552679234962	155.792849518558	166.150049247115	197.680996715444	142.835299753203
YDL031W	2289.83038630718	2519.52420645037	2496.39494585689	2363.12325478097	1885.20170038387	2250.26812239761
YDR398W	2492.68048437589	2710.76874528175	2626.22232045569	2645.75893638068	2366.5468915731	2579.19741268641
YDR326C	1094.65953822666	1171.9857636077	1060.87511815018	982.452465113373	1027.78046666281	1257.76683954106
YDL052C	917.394137211655	987.606413349756	972.777971100994	1067.33346853309	1076.79892519795	947.610188648393
YDR397C	822.365262440726	759.093707976873	880.971470491844	788.309744525712	754.562828926023	711.727893627389
YDL116W	849.777437855417	890.5130320969	852.22398040211	864.160853964612	825.277982222604	1027.59795651019
YDR028C	1463.81016714449	1416.19032857701	1429.02845897677	1394.21563063883	1450.46422386738	1369.586474205
YDL007W	2523.74761651254	2661.73168404294	2728.22954335474	2973.5440878845	3065.6626116643	2915.47251839109
YDR236C	297.878972839641	275.588284162146	296.748284797253	273.60578761889	290.092844773476	293.832616635161
YDR011W	1758.03418326218	1845.75498502904	1786.05373912346	2067.84572160811	2401.90446822139	2715.50309873661
YDR155C	4376.81067454564	4095.57535466592	3831.76222744453	5506.42934950492	6272.75552992176	5537.11242014703
YDR414C	283.259145951806	316.779415602752	294.89360801727	309.725363542176	301.342982797932	373.004182784079
YDR026C	709.061604060004	714.960352861938	744.652727163106	763.026041379412	752.152085063639	765.597206677169
YDL073W	778.505781777221	814.015216564347	771.545540472857	808.175511283519	815.63500677307	1092.07789182735
YDL115C	506.211505991292	487.428388713832	519.309498395192	543.599617645451	527.149324574516	489.721027725268
YDL145C	3991.21274037899	4196.59170081788	3962.51694043332	3902.72017851103	3927.90533311012	4035.30126845621
YDL104C	166.300530849125	169.668231886304	205.869122578094	203.172614568482	221.788435339278	226.904076179374
YDL149W	191.885227902836	126.515617996145	151.156157568601	166.150049247115	158.305513629847	140.386694614577
YDR231C	96.8563531319078	102.977828601514	97.3705309490986	90.2989398082144	127.769424706323	118.34924836694
YDR045C	624.997599454952	612.963265485201	605.551968664394	509.286020518329	431.523151366639	553.384761329553
YDL075W	17501.7602630996	16905.0364914695	18044.1503924529	14419.8376979738	11897.0209608624	11396.6245168799
YDR415C	467.834460410724	435.449103800687	441.413073635913	416.278112515869	396.96915600581	456.256757497375
YDR339C	1081.8671896998	1071.95015868052	1174.93774011912	972.51958173447	910.457598693486	1141.86619631275
YDL213C	2002.91628363341	1814.37126583619	2054.98187222098	1676.85131223854	1347.60581907235	1230.0159813033
YDR096W	635.962469620829	496.255059736819	523.018851955158	444.270783856415	480.54160990177	448.910942081495
YDL019C	972.218488041037	974.856777427663	893.954207951724	723.294507863798	831.706632522293	840.68776426171
YDL022W	1306.64702810027	1266.13692118623	1253.76150326839	860.548896372284	927.332805730171	654.593773726108
YDR391C	661.54716667454	573.733616494148	628.735428414179	587.846098151476	435.541057803945	274.24377552615
YDR091C	3082.95599497223	3454.1705936622	3203.95413742034	3050.29818672148	2680.74717497041	3572.51489725583
YDR240C	330.77358333727	276.569025386923	320.85908293703	297.986501367108	332.682653008917	409.733259863474
YDL244W	9.13739180489696	3.92296489910529	13.9100758498712	10.8358727769857	8.03581287461153	6.52961370300357
YDR179C	91.3739180489696	100.035604927185	109.425930018987	130.030473323829	119.733611831712	213.844848773367
YDL165W	385.597934166652	358.951288268134	432.139689735999	377.449568398336	384.111855406431	344.437122833438
YDL140C	2591.36431586878	2885.34068329194	2527.9244511166	2737.86385498506	3053.60889235238	2710.60588845936
YDR120C	1889.61262525269	2222.35961534314	2153.27974156007	2008.24842133469	1692.34219139319	1753.20127925646
YDR003W	358.185758751961	286.376437634686	308.803683867141	293.471554376697	277.235544174098	235.882295021004
YDR499W	254.019492176136	282.453472735581	268.92813309751	289.859596784368	329.468327859073	356.68014852657
YDR166C	672.512036840416	660.038844274464	695.503792493561	724.19749726188	740.098365751722	917.410725272002
YDL092W	824.192740801706	874.821172500479	963.50458720108	888.54156771283	801.974124886231	952.507398925646
YDL241W	422.14750138624	408.969090731726	449.759119145836	359.389780436693	205.716809590055	182.012981971225
YDL082W	10115.0927280209	10109.4805449943	10643.0627019315	8743.6463416294	7608.3076296822	6891.19106180739
YDR277C	96.8563531319078	60.8059559361319	66.7683640793819	37.0225653213679	106.876311232333	68.5609438815375
YDR291W	508.038984352271	479.582458915621	498.908053815381	498.450147741344	490.988166638765	578.687014428691
YDR475C	866.224743104232	665.923291623122	649.13687299399	652.86133481339	582.596433409336	326.480685150179
YDR244W	391.08036924959	351.105358469923	360.73463370666	381.061525990665	383.30827411897	414.630470140727
YDR407C	604.895337484179	644.346984678043	593.496569594506	752.190168602426	769.830873387785	968.015231470279
YDR382W	15659.6620752324	16583.3533697428	17126.0853863615	13556.5798334072	11696.1256389971	8348.11111929006
YDL188C	641.444904703767	622.770677732964	613.898014174317	523.733850887644	601.078803020943	586.032829844571
YDR405W	402.045239415466	350.124617245147	340.333189126849	396.412345758061	434.737476516484	290.567809783659
YDR443C	264.984362342012	312.856450703647	261.509425977579	306.113405949847	421.076594629644	391.776822180214
YDR059C	151.68070396129	116.708205748382	130.754712988789	150.799229479718	159.912676204769	114.268239802562
YDR144C	1449.19034025666	1758.46901602394	1615.42347536504	1492.64147502978	1617.6091316593	1635.66823260239
YDL157C	466.006982049745	443.295033598897	456.250487875776	412.66615492354	388.129761843737	461.970169487503
YDL058W	771.195868333304	904.243409243768	875.407440151896	891.250535907076	952.243825641467	1092.89409354022
YDL155W	413.010109581343	378.56611276366	382.990755066454	392.800388165733	425.898082354411	485.640019160891
YDR147W	354.530802030002	362.874253167239	390.409462186386	394.606366961897	370.450973519592	444.013731804243
YDL191W	1237.20285038305	1260.25247383757	1296.419069208	1003.22122126926	715.990927127887	848.033579677589
YDL128W	1458.32773206156	1491.70740288478	1522.6896363659	1302.11071203445	1251.17606457702	1190.83829908528
YDR310C	1100.14197330959	1254.36802648892	1135.06218934949	1321.97647879226	1387.78488344541	1291.23110976896
YDL160C-A	100.511309853867	93.1704163537505	120.553990698884	108.358727769857	91.6082667705715	93.8631969806763
YDR127W	2344.65473713656	2538.15828972112	2423.13521304757	2300.8169863133	2221.90225983009	2009.48861709935
YDR497C	5235.72550420596	5520.59235426591	5184.748938442	4447.22278555456	3850.76152951385	3053.41060786704
YDR201W	184.575314458919	186.340832707501	203.08710740812	209.493540355057	196.073834140521	212.212445347616
YDR163W	285.086624312785	212.820845776462	259.654749197596	269.993830026561	255.538849412647	234.249891595253
YDL146W	263.156883981032	285.39569640991	240.180643007776	257.351978453411	230.627829501351	236.698496733879
YDR363W-A	709.061604060004	836.572264734202	842.023258112205	908.407334470637	1018.94107250074	985.155467440664
YDL089W	438.594806635054	426.6224327777	442.340412025905	389.188430573404	347.950697470679	423.608688982357
YDR385W	2516.43770306862	2444.98787336737	2311.8546062486	1832.16548870867	1548.50114093764	1443.86083007666
YDR331W	840.64004605052	810.092251665242	727.033297753269	713.361624484894	679.829769192136	808.855897459567
YDR196C	476.971852215621	523.715814030556	536.928927805029	566.174352597504	469.291471877313	593.37864526045
YDR116C	475.144373854642	470.755787892634	472.01524050563	546.308585839697	520.720674274827	546.855147626549
YDR001C	1096.48701658764	1133.73685584143	1017.29021382058	1024.89296682323	980.369170702607	902.719094440244
YDL230W	158.990617405207	173.591196785409	170.63026375842	166.150049247115	194.466671565599	147.732510030456
YDR160W	630.48003453789	580.598805067582	510.96345288527	567.980331393669	534.381556161667	505.228860269901
YDR123C	630.48003453789	584.521769966688	599.060599934454	709.749666892565	556.881832210579	257.919741268641
YDR322W	657.892209952581	631.597348755951	664.901625623844	675.436069765444	758.580735363329	793.348064914934
YDR040C	62.1342642732993	61.7866971609083	49.148934669545	84.8810034197216	126.965843418862	159.159334010712
YDR025W	11048.9341704814	10637.119323924	10589.277075312	9399.21664463704	8528.40820382522	7115.64653284814
YDR046C	2150.94203087274	2069.36398427804	2084.6567007007	1722.90377154073	1974.39922329205	1505.07595854232
YDL057W	105.993744936805	135.342289019132	115.917298748927	139.06036730465	141.430306593163	115.900643228313
YDL248W	116.958615102681	134.361547794356	146.519465618644	115.582642954514	91.6082667705715	115.084441515438
YDR485C	787.643173582118	670.826997747004	672.320332743776	767.540988369823	814.831425485609	759.883794687041
YDR408C	741.956214557633	785.573721045834	789.164969882694	705.234719902155	644.472192543845	386.063410190086
YDR038C	120.61357182464	138.284512693461	120.553990698884	112.873674760268	119.733611831712	91.41459184205
YDL204W	215.642446595568	280.491990286028	205.869122578094	135.448409712322	104.46556736995	74.2743558716656
YDR019C	402.045239415466	446.237257273226	361.661972096652	485.808296168194	514.292023975138	544.406542487923
YDR477W	961.25361787516	941.511575785269	977.414663050951	916.534239053376	945.815175341777	949.242592074144
YDR254W	146.198268878351	133.38080656958	135.391404938747	161.635102256704	184.823696116065	204.050428218862
YDR514C	478.799330576601	466.832822993529	443.267750415896	465.942529410386	457.237752565396	528.898709943289
YDR296W	402.045239415466	430.545397676805	444.195088805888	432.531921681347	473.309378314619	373.820384496954
YDL216C	158.990617405207	144.168960042119	144.664788838661	147.18727188739	133.394493718551	107.738626099559
YDL100C	2384.85926107811	2532.27384237246	2538.1251734065	2857.0584555319	2888.87472842285	2680.40642508297
YDL124W	2439.68361190749	2321.41447904555	2381.40498549795	2381.18304274261	2253.24193004107	1498.54634483932
YDL227C	553.725943376756	525.677296480108	530.437559075089	685.368953144348	908.046854831103	924.756540687881
YDL111C	822.365262440726	846.379676981965	920.847021261475	842.489108410641	805.188450036075	886.395060182735
YDR324C	2415.92639321476	2811.78509143371	2676.29859351522	2602.41544527274	2360.92182256087	3174.20846137261
YDL170W	328.946104976291	316.779415602752	301.38497674721	269.090840628479	302.950145372855	437.484118101239
YDR317W	71.2716560781963	68.6518857343425	56.5676417894763	61.4032790695858	53.0363649724361	111.003432951061
YDR436W	361.84071547392	338.355722547831	339.405850736858	316.949278726833	351.968603907985	227.72027789225
YDR208W	694.441777172169	806.169286766136	740.94337360314	823.526331050916	920.904155430482	1074.12145414409
YDR386W	215.642446595568	201.051951079146	186.395016388274	222.135391928207	218.574110189434	245.676715575509
YDR504C	51.169394107423	40.2103902158292	40.8028891596223	41.5375123117786	38.5719017981354	43.2586907823987
YDL220C	175.437922654022	221.647516799449	196.59573867818	232.971264705193	249.110199112957	222.006865902121
YDR258C	1772.65401015001	1189.63910565368	1289.92770047806	1517.022188778	1773.50390142676	1463.44967118568
YDR176W	654.237253230622	644.346984678043	635.226797144119	679.048027357773	727.241065152344	680.712228538122
YDL099W	1012.42301198258	1026.83606234081	1032.12762806044	1102.5500550583	1043.04851112458	1095.34269867885
YDR380W	497.074114186395	492.332094837713	549.911665264909	427.113985292854	1155.54989136914	797.429073479311
YDL110C	303.361407922579	233.416411496765	244.817334957734	251.031052666836	317.414608547155	218.74205905062
YDR148C	1003.28562017769	1051.35459296022	1079.42188595001	883.123631324337	1010.10167833867	845.584974538962
YDL201W	1076.38475461686	1143.54426808919	1212.95861410877	1124.22180061227	888.760903932035	1071.67284900546
YDL107W	210.16001151263	178.494902909291	225.343228767914	220.329413132043	220.984854051817	265.26555668452
YDR515W	217.469924956548	258.915683340949	255.94539563763	342.232981873133	375.272461244359	433.403109536862
YDR133C	2187.49159809233	1904.59945851562	1977.0854474617	1522.4401251665	1890.82676939609	1448.75804035392
YDR378C	517.176376157168	557.061015672951	544.347634924961	511.994988712576	486.166678913998	509.309868834279
YDR473C	431.284893191137	439.372068699792	484.070639575519	427.113985292854	402.594225018038	379.533796487083
YDR403W	52.9968724684024	52.9600261379214	55.6403033994849	54.1793638849287	56.2506901222807	61.2151284656585
YDR268W	210.16001151263	201.051951079146	249.454026907691	237.486211695604	252.324524262802	238.33090015963
YDR409W	288.741581034744	298.145332332002	281.91087055739	323.270204513408	358.397254207674	358.312551952321
YDR173C	175.437922654022	144.168960042119	152.083495958592	131.836452119993	147.055375605391	139.570492901701
YDR389W	645.099861425726	610.021041810872	585.150524084583	581.525172364901	654.91874928084	746.824567281033
YDR165W	1670.31522193516	1698.64380131259	1750.81488030379	1680.46326983087	1404.6600904821	2146.61050486242
YDL113C	540.9335948499	406.026867057397	465.52387177569	481.293349177783	428.308826216795	408.100856437723
YDR086C	2154.5969875947	2188.03367247597	2219.12076724946	1869.18805403004	1756.62869439008	2158.85353055556
YDL021W	31.0671321366497	25.4992718441844	17.6194294098369	38.8285441175322	36.1611579357519	31.015665089267
YDR023W	7227.6769176735	8042.07804316584	8188.39798362419	7078.53389156593	6011.59161149689	7296.84331310649
YDR394W	1970.02167313578	1909.5031646395	2030.8710740812	2164.4655872029	2417.17251268315	1888.69076359378
YDR320C-A	266.811840702991	232.435670271988	270.782809877493	233.874254103275	266.788987437103	290.567809783659
YDR003W-A	89.5464396879902	68.6518857343425	72.3323944193304	65.0152366619144	55.4471088348196	73.4581541587902
YDR183W	263.156883981032	258.915683340949	251.308703687673	269.090840628479	298.128657648088	351.782938249317
YDR245W	2055.91315610182	2007.57728711713	2144.00635766015	1844.80734028182	1719.66395516687	2113.14623463453
YDL154W	264.984362342012	222.628258024225	281.91087055739	232.971264705193	203.306065727672	233.433689882378
YDL184C	652.409774869643	545.292120975635	611.115999004342	500.256126537508	354.379347770369	669.285404557866
YDR153C	869.879699826191	833.630041059873	829.967859042316	758.511094389001	844.563933121672	921.491733836379
YDR014W-A	9.13739180489696	4.90370612388161	8.34604550992273	10.8358727769857	8.83939416207268	13.8754291188826
YDR434W	714.544039142942	878.744137399584	859.642687522042	791.018712719958	773.84877982509	875.784437915354
YDL002C	511.69394107423	602.175112012661	612.970675784325	532.763744868465	496.613235650993	577.870812715816
YDR225W	6525.92522705741	6096.28745320961	6170.50964700287	5706.89299587915	4845.59516339075	4210.78463672443
YDR418W	11756.1682961804	11623.744996049	12671.1517608427	10457.5202191893	9152.79086418253	9306.33193020584
YDR224C	8841.3403104183	8953.18664098304	9173.23135379508	8145.86736009902	7711.16603447723	7172.78065274942
YDR502C	3123.16051891378	3407.09501487294	3031.46919688194	3401.56106257544	3150.03864684772	3095.85309693657
YDR447C	8751.79387073031	9105.20153082337	9439.37747172261	7504.7448874607	6116.8607601543	7544.15243210775
YDL039C	2885.58833198646	2359.66338681183	2576.14604739615	1512.50724178759	1205.37193119173	1068.40804215396
YDL225W	1098.31449494861	1167.08205748382	1194.41184630894	1209.10280403199	1180.46091128043	1252.05342755093
YDR259C	111.476180019743	118.669688197935	114.989960358935	129.127483925747	176.787883241454	134.673282624449
YDR495C	380.115499083714	411.911314406055	369.080679216583	437.046868671758	440.362545528712	546.855147626549
YDR357C	182.747836097939	217.724551900343	234.616612667828	255.545999657247	287.682100911093	325.664483437303
YDR370C	409.355152859384	438.391327475016	432.139689735999	439.755836866004	407.415712742805	549.303752765175
YDR298C	1622.8007845497	1431.88218817343	1557.00115679559	1331.00637277308	1669.03833405682	1634.03582917664
YDR276C	2388.51421780007	2655.84723669428	2459.30141025723	2278.24225136125	2122.25818018491	2105.80041921865
YDR406W	239.3996652883	209.878622102133	163.211556638489	273.60578761889	233.038573363734	268.530363536022
YDR273W	120.61357182464	86.3052277803163	78.8237631492703	71.3361624484894	55.4471088348196	56.3179181884058
YDR453C	104.166266575825	107.881534725395	113.135283578953	92.1049186043787	57.0542714097419	59.5827250399076
YDR383C	201.022619707733	180.456385358843	202.159769018128	183.306847810675	188.841602553371	169.769956278093
YDR375C	464.179503688766	456.044669520989	434.921704905974	482.196338575865	521.524255562288	532.979718507666
YDL161W	1041.66266575825	1125.89092604322	1081.27656272999	1089.00521408707	1138.67468433245	954.139802351397
YDL051W	3368.04261928502	3343.34683526248	3418.16930550836	2810.10300683163	2139.13338722159	2368.61737076455
YDR084C	356.358280390982	387.392783786647	393.19147735636	377.449568398336	402.594225018038	430.954504398236
YDL056W	559.208378459694	503.120248310253	552.693680434883	595.070013336133	677.419025329752	748.456970706784
YDR344C	14.6198268878351	14.7111183716448	20.4014445798111	14.4478303693143	16.8752070366842	14.691630831758
YDR320C	599.412902401241	559.022498122503	483.143301185527	637.510515045994	629.204148082083	674.182614835119
YDR221W	451.38715516191	479.582458915621	492.416685085441	465.942529410386	485.363097626537	467.683581477631
YDR456W	846.122481133459	822.841887587334	793.801661832651	735.033370038866	756.973572788406	877.416841341105
YDL036C	577.483162069488	650.231432026701	629.662766804171	621.256705880515	551.256763198351	574.606005864314
YDL217C	374.633064000775	364.835735616792	308.803683867141	374.74060020409	359.200835495135	438.300319814115
snR63	74.9266128001551	67.6711445095662	71.405056029339	65.0152366619144	49.0184585351303	65.2961370300357
YDR334W	670.684558479437	710.056646738057	680.666378253699	754.899136796673	937.779362467166	890.476068747112
YDL049C	162.645574127166	151.034148615554	178.048970878352	130.933462721911	121.340774406634	73.4581541587902
YDL164C	511.69394107423	501.1587658607	482.215962795536	567.077341995587	634.829217094311	762.332399825667
YDR384C	707.234125699025	639.443278554162	654.700903333939	588.749087549558	463.666402865085	478.294203745012
YDR093W	1100.14197330959	1159.23612768561	1105.38736086977	1146.79653556432	1150.72840364437	1039.02478049044
YDR071C	2260.59073253151	2330.24115006854	2427.77190499752	2287.27214534207	2143.1512936589	2511.45267051775
YDL143W	3453.93410225105	3462.01652346041	3535.94128103727	3248.05286490147	3087.35930642575	3132.58217401596
YDR032C	835.157610967582	782.631497371505	776.182232422814	831.653235633655	895.189554231725	736.213945013653
YDR063W	756.576041445468	669.846256522228	672.320332743776	642.025462036405	646.882936406228	630.92392405272
YDL166C	632.30751289887	619.828454058635	594.423907984497	611.323822501612	543.22095032374	528.082508230414
YDR004W	418.492544664281	467.813564218305	446.977103975862	463.23356121614	449.201939690785	461.153967774627
YDR151C	999.630663455728	781.650756146728	840.168581332222	730.518423048455	792.331149436697	637.453537755724
YDR037W	11624.5898541899	12853.5944919185	12300.2164048461	11507.6968891588	10776.8286461415	11078.3058488584
YDL175C	307.016364644538	284.414955185133	292.111592847296	262.769914841904	278.039125461559	287.303002932157
YDR286C	89.5464396879902	87.2859690050926	88.0971470491844	99.3288337890359	95.6261732078772	125.695063782819
YDR172W	4148.37587942322	4258.37839797879	4056.17811782245	4000.2430335039	4005.85271799385	4192.82819904117
YDL174C	908.256745406758	799.304098192702	784.528277932737	885.832599518584	1100.10278253432	715.808902191766
YDR080W	519.003854518147	497.235800961595	556.403033994849	624.868663472844	556.881832210579	633.372529191346
YDR503C	149.85322560031	142.207477592567	144.664788838661	184.209837208757	183.216533541143	205.682831644612
YDR069C	294.224016117682	266.761613139159	255.018057247639	261.866925443822	286.074938336171	275.876178951901
YDR047W	1752.55174817924	1699.62454253736	1647.88031901474	1509.79827359335	1478.58956892852	1066.77563872821
YDR267C	906.429267045779	795.381133293597	817.912459972428	705.234719902155	664.561724730374	587.665233270321
YDR142C	345.393410225105	356.989805818581	319.931744547038	301.598458959436	340.718465883529	341.988517694812
YDL212W	2339.17230205362	2287.08853617838	2458.37407186724	2136.47291586235	1926.18434604438	2167.01554768431
YDR249C	391.08036924959	293.24162620812	286.547562507347	233.874254103275	229.020666926429	272.611372100399
YDL209C	151.68070396129	144.168960042119	181.758324438317	169.762006839443	181.609370966221	265.26555668452
YDR044W	1255.47763399284	1269.07914486056	1269.52625589825	906.601355674473	751.348503776178	546.038945913674
YDR311W	539.106116488921	552.157309549069	536.928927805029	509.286020518329	536.79230002405	541.141735636421
YDR222W	582.965597152426	525.677296480108	616.680029344291	567.980331393669	652.508005418456	479.110405457887
YDR401W	18.2747836097939	12.7496359220922	9.27338389991415	9.93288337890359	12.0537193119173	15.5078325446335
YDR207C	475.144373854642	509.004695658911	507.254099325304	479.487370381619	478.934447326847	403.20364616047
YDL005C	550.070986654797	479.582458915621	526.728205515124	500.256126537508	566.524807660113	510.126070547154
YDR295C	433.112371552116	483.505423814726	497.053377035398	515.606946304904	472.505797027158	485.640019160891
YDL208W	3958.31812988136	4138.72796855608	4307.48682151012	3276.9485256401	2602.79979008667	2102.53561236715
YDR135C	1699.55487571083	1830.06312543262	1765.65229454365	1993.80059096537	2084.48985967423	2172.72895967444
YDR247W	575.655683708509	534.503967503095	556.403033994849	440.658826264086	339.914884596068	177.931973406847
YDL197C	325.291148254332	317.760156827528	295.820946407261	324.17319391149	386.522599268815	279.957187516278
YDR229W	582.965597152426	461.929116869647	477.579270845579	463.23356121614	430.719570079178	379.533796487083
YDR027C	520.831332879127	528.619520154437	545.274973314952	551.72652222819	580.989270834414	586.849031557446
YDL106C	493.419157464436	452.121704621884	416.374937106145	418.987080710115	450.005520978246	432.586907823987
YDR404C	939.323877543408	910.127856592426	936.611773891329	874.093737343516	795.545474586542	857.011798519219
YDR256C	96.8563531319078	81.4015216564347	65.8410256893905	55.0823532830108	52.232783684975	32.6480685150179
YDR518W	540.9335948499	563.926204246385	510.036114495278	499.353137139426	495.809654363531	569.708795587062
YDR055W	3746.33064000775	4065.17237669785	3955.09823331338	4045.39250340801	3669.15215854763	2863.23560876707
YDL087C	160.818095766187	163.783784537646	158.574864688532	175.179943227936	135.001656293474	132.224677485822
YDR177W	983.183358206913	980.741224776321	1071.07584044008	986.967412103784	940.99368761701	938.631969806763
YDL014W	8031.76739650443	8312.7626212041	8247.74764058364	7531.83456940317	6245.43376614808	5945.21327658475
YDR289C	345.393410225105	399.161678483963	408.956229986214	432.531921681347	397.772737293271	418.711478705104
YDL159W	332.601061698249	282.453472735581	299.530299967227	322.367215115326	328.664746571612	373.820384496954
YDR532C	354.530802030002	298.145332332002	300.457638357218	297.986501367108	312.593120822389	390.960620467339
YDR137W	674.339515201396	651.212173251477	610.188660614351	625.771652870926	602.685965595865	676.631219973745
YDL153C	2653.49858014208	3050.10520905436	2981.3929238224	2640.34099999219	1952.7025285306	2381.67659817055
YDR393W	325.291148254332	308.933485804541	361.661972096652	354.874833446283	392.951249568504	398.306435883218
YDR506C	60.3067859123199	80.4207804316584	91.8065006091501	103.843780779447	94.0190106329549	112.635836376812
YDL219W	438.594806635054	507.043213209358	492.416685085441	465.942529410386	457.237752565396	586.032829844571
YDL090C	383.770455805672	312.856450703647	344.969881076806	314.240310532586	327.861165284151	317.502466308549
YDR033W	13283.9402059592	12820.2492902761	12622.0028261731	10310.3329473019	9994.94405344182	9605.06175711825
YDR035W	2571.262053898	2656.82797791905	2743.9942959846	2299.01100751714	2014.57828766511	1701.78057134531
YDR332W	317.981234810414	329.529051524844	320.85908293703	342.232981873133	324.646840134306	364.842165655324
YDR510W	1153.138845778	1350.48066651699	1320.52986734777	1275.92401949007	1292.962291525	1135.33658260975
YDL055C	20776.6014859747	21422.3305727892	21110.8584481546	21053.1978162852	19324.5228008658	18136.8182618053
YDR480W	129.750963629537	149.072666166001	129.827374598798	140.866346100815	197.680996715444	160.791737436463
YDL103C	727.336387669798	709.07590551328	668.61097918381	705.234719902155	775.455942400013	735.397743300777
YDL085C-A	272.294275785929	243.223823744528	252.236042077665	244.710126880261	236.252898513579	238.33090015963
YDR350C	577.483162069488	560.00323934728	530.437559075089	567.980331393669	580.989270834414	529.714911656165
YDR342C	153.508182322269	127.496359220922	145.592127228652	73.1421412446537	119.733611831712	82.4363730004201
YDR087C	1619.14582782774	1562.32077106868	1542.16374255572	1339.13327735582	1001.2622841766	1353.26243994749
YDL236W	1741.58687801336	1738.85419152842	1626.55153604494	1464.64880368924	1444.03557356769	1357.34344851187
YDR012W	8839.51283205732	7974.40689865627	7694.12662175877	6826.59984950101	6937.31725465214	5222.05855897711
YDL121C	857.087351299335	923.858233739295	918.992344481492	874.093737343516	752.9556663511	865.173815647973
YDR525W-A	78.5815695221139	71.5941094086715	70.4777176393475	53.2763744868465	67.5008281467369	58.7665233270321
YDL190C	1045.31762248021	1034.68199213902	982.051355000908	1024.89296682323	1036.61986082489	1125.54216205524
YDL047W	1315.78441990516	1255.34876771369	1276.01762462819	1233.48351778021	1202.96118732935	1007.1929136883
YDR099W	3309.56331173368	3399.24908507473	3478.4463008578	3779.01063097377	3812.18962771571	3762.68989635581
YDR092W	557.380900098715	582.560287517135	597.205923154471	604.099907316955	650.097261556073	594.194846973325
YDR164C	773.023346694283	859.129312904058	817.912459972428	914.728260257212	873.492859470274	971.280038321781
YDR058C	78.5815695221139	74.5363330830004	76.041747979296	109.261717167939	102.054823507566	94.6793986935518
YDL020C	1085.52214642176	863.052277803163	870.770748201939	998.706274278852	1112.9600831337	922.307935549254
YDL025C	471.489417132683	422.699467878595	382.990755066454	353.068854650118	360.004416782597	276.692380664776
YDL207W	771.195868333304	636.501054879833	692.721777323587	689.883900134758	679.829769192136	641.534546320101
YDR270W	261.329405620053	211.840104551685	205.869122578094	268.187851230397	421.880175917105	412.998066714976
YDR152W	1407.15833795413	1500.53407390777	1539.38172738575	1482.70859165088	1385.37413958303	1312.45235430372
YDL148C	1787.27383703785	2086.03658509924	1960.39335644185	1908.91958754565	1595.10885561039	2152.32391685255
YDR379C-A	25.5846970537115	34.3259428671712	34.3115204296824	65.9182260599965	76.3402223088095	71.8257507330393
YDR218C	9.13739180489696	15.6918595964211	12.0553990698884	8.1269045827393	10.446556736995	9.79442055450536
YDL018C	230.262273483403	220.666775574672	236.471289447811	219.426423733961	286.074938336171	284.038196080655
YDR507C	893.636918518923	1148.44797421307	977.414663050951	1349.06616073472	1514.75072686427	1771.97391865259
YDL003W	498.901592547374	575.695098943701	523.946190345149	679.951016755855	890.368066506958	1043.10578905482
YDR524C-B	12825.2431373534	10386.0495703812	11258.8153928858	10149.6008344433	9661.45781914544	6604.70426058811
YDR371W	414.837587942322	411.911314406055	402.464861256274	415.375123117786	425.09450106695	568.892593874186
YDR359C	442.249763357013	517.831366681898	477.579270845579	632.092578657501	638.043542244156	608.070276092208
YDL180W	572.00072698655	421.718726653818	456.250487875776	381.061525990665	447.594777115862	445.646135229994
YDL133W	451.38715516191	429.564656452029	423.793644226077	390.091419971486	435.541057803945	412.998066714976
YDR335W	1056.28249264609	1119.02573746978	1040.47367357037	1115.19190663145	1162.78212295629	1257.76683954106
YDR351W	663.374645035519	619.828454058635	599.060599934454	699.816783513662	738.4912031768	827.628536855703
YDL150W	1228.06545857815	1260.25247383757	1276.01762462819	1139.57262037967	1141.08542819484	1194.10310593678
YDL177C	133.405920351496	164.764525762422	150.228819178609	142.672324896979	150.269700755236	103.657617535182
YDR171W	3302.25339828976	2262.57000555897	2794.99790743412	1585.64938303225	1036.61986082489	263.633153258769
YDR364C	413.010109581343	438.391327475016	461.814518215725	437.046868671758	480.54160990177	541.141735636421
YDR309C	813.22787063583	825.784111261663	778.036909202797	910.213313266801	1090.45980708478	1121.46115349086
YDL239C	208.332533151651	175.552679234962	141.882773668686	136.351399110404	125.35868084394	159.159334010712
YDL156W	124.268528546599	169.668231886304	126.118021038832	134.54542031424	218.574110189434	178.748175119723
YDL016C	274.121754146909	283.434213960357	297.675623187244	254.643010259165	192.055927703216	187.726393961353
YDL085W	5.48243508293818	5.88444734865793	12.9827374598798	10.8358727769857	12.0537193119173	13.8754291188826
YDR300C	886.327005075005	978.779742326769	947.739834571226	961.683708957484	939.386525042088	1031.67896507456
YDL168W	763.885954889386	779.689273697176	877.262116931878	865.966832760776	857.42123372105	855.379395093468
YDR195W	539.106116488921	456.044669520989	465.52387177569	473.166444595044	409.022875317727	545.222744200798
YDR321W	1725.13957276455	1800.64088868933	1722.99472860405	1523.34311456458	1202.15760604189	1402.23454272002
YDR237W	422.14750138624	432.506880126358	446.977103975862	474.972423391208	519.113511699905	612.96748636946
YDL127W	182.747836097939	212.820845776462	194.741061898197	184.209837208757	279.646288036481	316.686264595673
YDR107C	124.268528546599	112.785240849277	89.9518238291672	102.940791381364	115.715705394406	109.37102952531
YDR472W	599.412902401241	605.11733568699	662.11961045387	537.278691858876	618.757591345088	571.341199012812
YDL030W	383.770455805672	442.314292374121	417.302275496137	427.113985292854	398.576318580732	516.655684250157
YDR468C	491.591679103456	533.523226278319	557.33037238484	601.390939122708	596.257315296176	622.761906923966
YDL084W	5776.65909905586	6061.96151034244	5836.66782660597	5535.32501024354	4950.0607307607	5307.75973882903
YDL203C	442.249763357013	455.063928296213	449.759119145836	467.748508206551	486.970260201459	574.606005864314
YDR285W	327.118626615311	277.549766611699	294.89360801727	278.1207346093	245.895873963113	275.876178951901
YDL229W	26324.8257899081	27512.7335786501	26558.9714893541	21830.6716880339	18529.7809075667	16244.86269136
YDR329C	550.070986654797	569.810651595043	579.586493744634	556.241469218601	556.881832210579	507.677465408528
YDR034C	579.310640430467	637.481796104609	616.680029344291	605.905886113119	640.454286106539	701.933473072884
YDR009W	43.8594806635054	59.8252147113556	49.148934669545	64.1122472638322	58.6614339846642	56.3179181884058
YDR488C	138.888355434434	137.303771468685	129.827374598798	159.82912346054	180.002208391298	126.511265495694
YDR103W	645.099861425726	705.152940614175	617.607367734282	684.465963746265	696.70497622882	825.996133429952
YDR336W	299.70645120062	355.028323369028	356.097941756703	325.076183309572	291.700007348399	340.356114269061
YDL101C	316.153756449435	324.625345400962	309.731022257133	369.322663815597	363.218741932441	472.580791754883
YDR162C	372.805585639796	372.681665415002	383.918093456446	415.375123117786	434.737476516484	397.490234170342
YDR312W	588.448032235364	701.22997571507	673.247671133767	778.376861146808	704.740789103431	946.793986935518
YDL061C	7256.91657144917	7698.81861449412	7532.76974190026	6041.90206256763	5432.2095032374	5429.37379404747
YDL040C	2024.84602396517	2198.82182594851	2121.75023630036	2057.91283822921	1973.59564200459	2083.76297297101
YDR145W	1156.79380249996	1056.2582990841	1093.33196179988	1071.84841552351	1165.19286681867	1180.2276768179
YDR124W	148.025747239331	194.186762505712	145.592127228652	125.515526333418	94.0190106329549	58.7665233270321
YDL231C	915.566658850675	929.742681087953	839.24124294223	863.25786456653	949.029500491622	1008.00911540118
YDR190C	2377.54934763419	2478.33307500976	2459.30141025723	2301.71997571139	2147.1692000962	2055.19591302037
YDL064W	522.658811240106	560.983980572056	580.513832134626	555.338479820519	563.310482510268	683.977035389624
YDR463W	705.406647338045	632.578089980727	628.735428414179	613.129801297776	740.098365751722	714.992700478891
YDR449C	919.221615572634	995.452343147966	940.321127451295	1002.31823187118	921.707736717943	1624.24140862214
YDL035C	705.406647338045	666.904032847899	676.029686303741	668.212154580787	721.615996140115	843.952571113212
YDR074W	2975.13477167445	2792.17026693819	2646.6237650355	1967.61389842099	1078.40608777287	926.388944113632
YDR257C	663.374645035519	735.555918582241	726.105959363278	714.264613882976	695.901394941359	806.407292320941
YDR402C	16.4473052488145	13.7303771468685	13.9100758498712	17.1567985635607	9.64297544953384	5.71341199012812
YDR450W	15893.5793054378	15650.6684649805	16491.7859276073	13366.95205981	11108.707717863	10390.2478049044
YDR376W	447.732198439951	430.545397676805	422.866305836085	478.584380983537	523.934999424672	524.001499666037
YDR161W	1767.17157506707	1858.50462095113	1886.20628524254	1566.68660567252	1218.22923179111	1513.23797567108
YDR090C	370.978107278817	380.527595213213	350.533911416755	370.225653213679	381.701111544048	402.387444447595
YDR189W	1105.62440839253	1160.21686891039	1142.48089646942	1215.42372981857	1316.26614886137	1366.3216673535
YDR524C	805.917957191912	771.843343898965	791.019646662677	793.727680914205	761.795060513173	885.578858469859
YDL237W	725.508909308819	688.480339792978	695.503792493561	696.204825921333	699.919301378664	726.419524459147
YDR188W	2675.42832047383	2594.06053953337	2585.41943129606	2570.81081633987	2548.15626253932	1862.57230878177
YDL133C-A	3433.83184028028	2689.19243833667	3324.50812811922	2639.43801059411	2350.47526582387	3414.98796667087
YDR531W	999.630663455728	1021.93235621693	922.701698041458	987.870401501866	949.833081779083	1121.46115349086
YDR226W	5721.83474822648	5551.97607345876	5953.51246374488	5042.29279889069	4594.07422041541	3934.09225605965
YDL054C	363.668193834899	407.98834950695	390.409462186386	389.188430573404	392.951249568504	363.209762229574
YDL205C	694.441777172169	711.037387962833	666.756302403827	625.771652870926	687.865582066747	750.089374132535
YDR496C	3084.78347333321	3538.51433899297	3358.8196485489	3206.51535258969	2690.39015041994	3925.9302389309
YDR313C	266.811840702991	183.398609033172	243.889996567742	191.433752393415	229.020666926429	192.623604238605
YDL108W	370.978107278817	388.373525011423	455.323149485785	442.464805060251	404.20138759296	373.004182784079
YDL147W	2194.80151153625	2214.51368554493	2236.74019665929	2433.55642783138	2609.22844038636	3010.15191708465
YDL081C	15137.0032639923	13306.6969377651	14879.1444674123	11437.2637161084	9982.08675284244	9685.04952498005
YDR283C	493.419157464436	571.772134044595	524.873528735141	560.756416209012	550.45318191089	582.768022993069
YDR261C	869.879699826191	1033.70125091424	942.175804231278	874.996726741598	906.439692256181	869.25482421235
YDL211C	142.543312156393	122.59265309704	110.353268408978	101.1348125852	116.519286681867	139.570492901701
YDL074C	1268.2699825197	1371.0762322373	1340.00397353759	1286.75989226706	1414.30306593163	1754.83368268221
YDL091C	327.118626615311	337.374981323055	349.606573026763	301.598458959436	366.433067082286	329.74549200168
YDR346C	3589.16750096353	3692.49071128285	3648.14922622623	3528.88256770502	2896.10696001	3335.81640052195
YDR072C	1569.8039120813	1329.88510079669	1386.37089303717	1433.94716415445	1516.3578894392	1468.34688146293
YDR242W	283.259145951806	238.320117620646	268.92813309751	279.023724007383	277.235544174098	195.888411090107
YDR323C	153.508182322269	138.284512693461	163.211556638489	156.217165868211	118.930030544251	147.732510030456
YDR486C	592.102988957323	556.080274448174	662.11961045387	615.838769492022	613.13252233286	637.453537755724
YDR420W	1014.25049034356	891.493773321676	716.832575463364	989.67638029803	1082.42399421017	967.199029757404
YDL122W	1620.97330618872	1830.06312543262	1813.87389082321	1833.97146750484	1746.98571894055	2091.10878838689
YDR390C	922.876572294593	928.761939863176	931.047743551381	896.668472295569	969.922613965612	1001.47950169817
YDR481C	1876.82027672584	1866.35055074934	1903.82571465237	1510.70126299143	1606.35899363485	1218.58915732304
YDR318W	281.431667590826	242.243082519751	266.146117927536	216.717455539715	236.252898513579	234.249891595253
YDL105W	104.166266575825	119.650429422711	128.900036208807	110.164706566022	143.841050455546	190.991200812854
YDL141W	442.249763357013	469.775046667858	461.814518215725	512.897978110658	625.186241644777	563.995383596933
YDR400W	546.416029932838	550.195827099516	527.655543905115	556.241469218601	585.007177271719	621.94570521109
YDL173W	977.700923123975	1039.5856982629	1102.60534569979	1219.03568741089	1315.46256757391	897.005682450116
YDR279W	396.562804332528	407.007608282173	440.485735245922	428.919964089019	393.754830855965	536.244525359168
YDR281C	334.428540059229	285.39569640991	310.658360647124	229.359307112865	240.270804950885	272.611372100399
YDR213W	403.872717776446	420.737985429042	457.177826265768	328.688140901901	319.021771122078	207.315235070363
YDR179W-A	232.089751844383	264.800130689607	255.018057247639	284.441660395875	278.039125461559	411.365663289225
YDR330W	403.872717776446	381.508336437989	395.046154136343	406.345229136965	437.148220378867	381.166199912833
YDR106W	21.9297403317527	21.5763069450791	25.9654749197596	18.962777359725	8.83939416207268	21.2212445347616
YDL178W	1038.00770903629	1120.98721991934	1235.21473546856	1202.78187824542	1099.29920124686	1166.35224769901
YDR484W	370.978107278817	406.026867057397	409.883568376205	431.628932283265	381.701111544048	525.633903091787
YDR308C	515.348897796189	495.274318512042	502.617407375347	494.838190149015	421.076594629644	490.537229438143
YDL192W	5804.07127447055	5718.70208167073	5833.88581143599	5078.41237481398	4346.57118387738	5035.14836672863
YDL202W	398.390282693508	392.296489910529	400.610184476291	447.882741448744	508.66695496291	565.627787022684
YDR146C	641.444904703767	759.093707976873	692.721777323587	691.689878930923	904.028948393797	965.566626331653
YDR241W	21.9297403317527	23.5377893946317	20.4014445798111	26.1866925443822	23.3038573363734	36.7290770793951
YDL158C	116.958615102681	119.650429422711	106.643914849013	92.1049186043787	82.7688726084988	131.408475772947
YDL185W	6059.91824500767	6228.68751855442	5845.01387211589	5556.99675579752	5388.01253242703	5354.28323646293
YDR251W	1449.19034025666	1310.27027630117	1274.1629478482	1316.55854240377	1279.30140963816	1247.97241898656
YDR192C	246.709578732218	225.570481698554	245.744673347725	279.023724007383	323.039677559384	280.773389229154
YDR368W	617.687686011035	570.791392819819	647.282196214008	658.279271201883	642.061448681461	603.98926752783
YDR494W	752.92108472351	671.80773897178	750.216757503055	765.735009573658	787.50966171193	960.6694160544
YDR399W	6176.87686011035	6104.13338300782	6521.04355841963	5078.41237481398	3876.4761307126	4328.31768337849
YDR070C	47.5144373854642	43.1526138901581	58.4223185694591	55.985342681093	28.9289263486015	26.1184548120143
YDR138W	599.412902401241	576.675840168477	611.115999004342	615.838769492022	555.274669635657	714.176498766016
YDR031W	102.338788214846	114.74672329883	114.989960358935	105.649759575611	114.912124106945	135.489484337324
YDR255C	160.818095766187	157.899337188988	208.651137748068	201.366635772318	151.876863330158	150.997316881958
YDL060W	2386.68673943909	2576.4071974874	2543.68920374645	2400.14582010234	2125.47250533475	2430.64870094308
YDR067C	520.831332879127	426.6224327777	459.03250304575	411.763165525458	380.093948969125	449.727143794371
YDR126W	169.955487571083	179.475644134067	170.63026375842	162.538091654786	131.787331143629	123.246458644192
YDR315C	115.131136741702	101.016346151961	127.045359428824	105.649759575611	147.858956892852	149.364913456207
YDL126C	5052.97766810802	5057.68249617149	4918.60282051446	5534.42202084546	6046.94918814518	5038.41317358013
YDR262W	668.857080118458	580.598805067582	612.970675784325	566.174352597504	486.970260201459	529.714911656165
YDR345C	8662.24743104232	8413.77896735606	8206.01741303403	5701.47505949066	6201.23679533772	5674.2343079101
YDR079W	195.540184624795	204.974915978251	203.08710740812	211.299519151222	193.663090278138	206.499033357488
YDL144C	409.355152859384	416.815020529937	428.430336176034	447.882741448744	567.328388947574	319.1348697343
YDR306C	402.045239415466	389.3542662362	408.956229986214	386.479462379158	392.951249568504	398.306435883218
YDR292C	1827.47836097939	1932.06021280935	1979.86746263167	1973.03183480949	1828.14742897412	2061.72552672338
YDR282C	268.639319063971	223.608999249001	232.761935887845	253.740020861083	256.342430700108	248.125320714136
YDR170C	1648.38548160341	1726.10455560633	1614.49613697505	1654.27657728649	1546.09039707526	1518.95138766121
YDR174W	1887.78514689171	2057.59508958072	1990.99552331157	1819.52363713552	1868.32649334718	1538.54022877022
YDL218W	14.6198268878351	30.402977968066	23.1834597497854	12.64185157315	20.0895321865288	18.7726393961353
YDL048C	2536.5399650394	2373.3937639587	2398.0970765178	1815.91167954319	1599.93034333516	495.434439715396
YDR500C	7498.14371509845	7698.81861449412	8755.92907829894	6888.90611796868	6288.02357438352	5471.81628311699
YDR538W	321.636191532373	381.508336437989	362.589310486643	344.941950067379	354.379347770369	346.885727972065
YDR301W	593.930467318302	545.292120975635	550.8390036549	538.181681256958	552.060344485812	618.680898359588
YDR412W	1273.75241760264	1253.38728526414	1343.71332709756	1136.86365218542	921.707736717943	1090.4454884016
YDR530C	254.019492176136	237.33937639587	281.91087055739	249.225073870672	211.341878602283	137.93808947595
YDR227W	608.550294206138	710.056646738057	618.534706124274	685.368953144348	801.17054359877	878.23304305398
YDR041W	425.802458108198	442.314292374121	450.686457535828	501.15911593559	502.238304663221	531.347315081916
YDL008W	416.665066303301	390.335007460976	422.866305836085	389.188430573404	388.933343131198	278.324784090527
YDR234W	1237.20285038305	1176.88946973159	1173.08306333914	1104.35603385446	1043.04851112458	958.220810915774
YDR511W	160.818095766187	190.263797606606	212.360491308034	237.486211695604	212.949041177206	206.499033357488
YDR519W	635.962469620829	655.135138150583	655.62824172393	651.055356017226	564.11406379773	583.584224705944
YDL086C-A	7.30991344391757	6.86518857343425	13.9100758498712	11.7388621750679	12.8573005993784	9.79442055450536
YDR465C	2127.18481218001	2184.11070757687	2236.74019665929	1942.33019527469	1400.64218404479	1638.11683774102
YDL001W	398.390282693508	314.817933153199	349.606573026763	382.867504786829	408.219294030266	444.013731804243
YDR454C	3066.50868972342	2900.05180166358	3011.99509069212	2535.59422981466	2183.33035803195	2262.51114809074
YDR013W	274.121754146909	281.472731510804	268.92813309751	273.60578761889	229.82424821389	276.692380664776
YDR076W	63.9617426342787	107.881534725395	86.2424702692016	111.067695964104	110.894217669639	109.37102952531
YDL095W	2260.59073253151	2477.35233378499	2385.11433905792	2408.27272468508	2646.99676089704	2453.50234890359
YDL130W	10635.9240609001	9738.76036202887	10436.2662409634	7746.74604614672	6406.15002364031	4804.16328198488
YDR100W	206.505054790671	226.55122292333	244.817334957734	257.351978453411	285.271357048709	305.259440615417
YDR479C	307.016364644538	305.010520905436	306.949007087158	316.046289328751	298.932238935549	283.22199436778
YDL117W	1045.31762248021	1013.10568519394	1047.8923806903	1014.96008344433	1161.97854166883	1224.30256931317
YDR140W	349.048366947064	338.355722547831	346.824557856789	405.442239738883	396.165574718349	425.241092408108
YDR381W	3141.43530252358	3011.85630128808	3055.57999502171	2942.84244834971	2681.55075625787	2433.91350779458
YDR062W	2478.06065748806	2763.72877141967	2691.13600775509	2614.15430744781	2300.65322600128	2388.20621187356
YDR143C	747.438649640571	803.227063091807	769.690863692874	787.40675512763	818.045750635454	688.058043954001
YDL053C	546.416029932838	513.908401782792	545.274973314952	497.547158343262	523.934999424672	533.795920220542
YDR223W	38.3770455805672	24.518530619408	16.6920910198455	23.4777243501358	11.2501380244561	13.0592274060071
YDL037C	1131.20910544624	1013.10568519394	1003.38013797071	637.510515045994	464.469984152547	396.674032457467
YDL167C	1118.41675691939	1221.02282484652	1197.19386147892	1249.73732694569	1425.55320395609	1683.00793194917
YDR517W	568.345770264591	566.868427920714	647.282196214008	571.592288985997	759.38431665079	480.742808883638
YDL226C	1098.31449494861	1152.37093911218	1145.2629116394	1286.75989226706	1258.40829616417	1161.45503742176
YDR467C	29.2396537756703	27.460754293737	18.5467677998283	14.4478303693143	8.83939416207268	18.7726393961353
YDL134C	1176.89606447073	1262.21395628713	1273.23560945821	1118.80386422378	1057.51297429888	1027.59795651019
YDR117C	581.138118791447	603.155853237438	598.133261544463	623.965674074762	608.311034608093	712.544095340265
YDR314C	195.540184624795	179.475644134067	193.813723508206	180.597879616429	180.002208391298	220.374462476371
YDR440W	431.284893191137	537.446191177424	476.651932455587	504.771073527919	576.971364397108	683.160833676749
YDR303C	723.681430947839	818.918922688228	781.746262762763	799.145617302698	773.84877982509	1065.14323530246
YDL078C	1270.09746088068	1210.23467137398	1235.21473546856	1310.23761661719	1265.64052775132	1105.13711923335
YDL238C	138.888355434434	133.38080656958	141.882773668686	135.448409712322	107.679892519795	77.5391627231674
YDR529C	1494.87729928114	1502.49555635732	1522.6896363659	1333.71534096733	1774.30748271423	1486.30331914619
YDR437W	40.2045239415466	38.2489077662765	57.4949801794677	47.8584380983537	33.7504140733684	35.9128753665196
snR47	32.8946104976291	19.6148244955264	19.4741061898197	14.4478303693143	12.0537193119173	22.037446247637
YDR452W	1211.61815332934	1329.88510079669	1286.21834691809	1241.61042236295	1376.53474542096	1447.12563692817
YDR347W	762.058476528407	829.707076160768	736.306681653183	854.227970585709	932.957874742399	892.924673885738
YDR490C	222.952360039486	193.206021280935	242.962658177751	254.643010259165	307.771633097622	254.654934417139
YDR516C	966.736052958099	888.551549647347	838.313904552239	700.719772911744	879.117928482501	677.44742168662
YDL193W	506.211505991292	566.868427920714	516.527483225218	505.674062926001	469.291471877313	568.076392161311
YDL137W	1955.40184624795	2077.20991407625	2082.80202392072	2372.15314876179	2413.15460624584	2243.7385086946
YDR235W	621.342642732993	663.96180917357	641.718165874059	642.928451434487	530.363649724361	692.955254231254
YDR233C	7797.85016629907	7726.27936878786	7593.04673724971	7044.22029443881	6868.20926393048	6579.40200748897
YDR388W	1416.29572975903	1262.21395628713	1371.5334787973	1459.23086730075	1446.44631743008	1281.43668921445
YDR049W	592.102988957323	604.136594462214	579.586493744634	646.540409026815	672.597537604985	708.463086775887
YDL194W	193.712706263816	147.111183716448	142.810112058678	133.642430916157	128.573005993785	126.511265495694
YDR021W	427.629936469178	462.909858094424	477.579270845579	463.23356121614	423.487338492028	588.481434983197
YDR353W	3081.12851661126	2984.39554699435	2956.35478729263	2962.70821510752	3020.66205956647	2491.86382940874
YDR051C	623.170121093973	614.924747934754	637.081473924102	593.264034539969	604.293128170787	607.254074379332
YDR288W	299.70645120062	384.450560112318	404.319538036257	345.844939465461	336.700559446223	386.063410190086
YDR141C	942.978834265366	1023.89383866648	957.01321847114	995.094316686523	1013.31600348851	1128.80696890674
YDR194C	2043.12080757496	2329.26040884376	2200.57399944963	2465.16105676425	2562.62072571362	3089.32348323356
YDR424C	370.978107278817	322.66386295141	366.298664046609	363.904727427104	364.825904507364	334.642702278933
YDR054C	1224.41050185619	1256.32950893847	1253.76150326839	1213.6177510224	1250.37248328955	1064.32703358958
YDR122W	687.131863728251	640.424019778938	578.659155354643	609.517843705447	610.721778470476	499.515448279773
YDR184C	628.652556176911	753.209260628215	765.981510132909	730.518423048455	708.758695540737	968.015231470279
YDR183C-A	107.821223297784	133.38080656958	104.78923806903	105.649759575611	76.3402223088095	161.607939149338
YDL240W	438.594806635054	447.217998498003	388.554785406403	394.606366961897	470.898634452236	590.930040121823
YDR056C	868.052221465211	880.705619849137	897.66356151169	857.839928178037	773.84877982509	819.466519726948
YDR541C	339.910975142167	408.969090731726	409.883568376205	335.912056086558	347.950697470679	360.761157090947
YDL042C	420.32002302526	474.67875279174	423.793644226077	336.81504548464	452.416264840629	448.09474036862
YDR185C	160.818095766187	147.111183716448	141.882773668686	115.582642954514	81.1617100335765	62.0313301785339
YDR328C	1549.70165011052	1324.00065344803	1505.99754534606	1354.48409712322	1454.48213030469	903.535296153119
YDR280W	1050.80005756315	1044.48940438678	1110.02405281972	1064.62450033885	923.314899292865	1028.41415822306
YDR098C	1019.7329254265	1009.18272029483	1100.75066891981	1126.02777940843	1096.88845738447	1096.9751021046
YDR005C	677.994471923355	776.747050022847	757.635464622986	696.204825921333	695.901394941359	729.684331310649
YDR423C	307.016364644538	342.278687446936	371.862694386557	377.449568398336	372.058136094514	300.362230338164
YDR017C	1052.62753592413	1189.63910565368	1050.67439586027	1060.10955334844	1094.47771352209	1221.03776246167
YDR419W	321.636191532373	368.758700515897	308.803683867141	365.710706223268	359.200835495135	368.923174219702
YDR444W	453.214633522889	490.370612388161	435.849043295965	502.062105333672	471.702215739697	483.191414022264
YDR341C	5334.40933569885	5645.14648981251	5763.40809379664	4851.76203589536	4169.78330063592	4760.90459120248
YDR154C	232.089751844383	245.18530619408	238.325966227794	288.956607386286	253.128105550263	315.053861169922
YDR464W	707.234125699025	773.804826348518	738.161358433166	837.071172022148	944.208012766855	954.956004064272
YDR132C	243.054622010259	262.838648240054	257.800072417613	297.083511969025	284.467775761248	298.729826912413
YDL210W	71.2716560781963	72.5748506334478	74.1870711993132	65.9182260599965	56.2506901222807	71.8257507330393
YDR395W	2267.90064597543	2788.24730203908	2565.01798671625	2550.94504958206	2572.26370116315	3088.50728152069
YDL222C	12.7923485268557	29.4222367432896	14.8374142398626	19.8657667578072	18.4823696116065	21.2212445347616
YDR372C	1770.82653178903	1989.92394507116	1856.53145676281	1752.70242167744	1534.03667776334	1651.17606514703
YDR325W	396.562804332528	413.872796855608	409.883568376205	530.054776674219	583.400014696797	625.210512062592
YDR216W	95.0288747709284	94.1511575785269	94.5885157791243	116.485632352597	245.092292675652	258.735942981516
YDR082W	233.917230205362	226.55122292333	268.92813309751	238.389201093686	278.84270674902	304.443238902542
YDL224C	592.102988957323	684.557374893872	573.095125014694	660.085249998048	773.84877982509	786.81845121193
YDR498C	374.633064000775	402.103902158292	409.883568376205	371.128642611761	429.915988791717	378.717594774207
YDR006C	930.186485738511	968.972330079006	833.677212602282	906.601355674473	1092.06696965971	1326.3277834226
YDR182W	838.812567689541	834.61078228465	817.912459972428	766.637998971741	773.045198537629	802.326283756564
YDL102W	495.246635825415	473.698011566963	453.468472705802	564.36837380134	546.435275473584	598.275855537702
YDL179W	690.78682045021	687.499598568201	656.555580113922	713.361624484894	912.86834255587	892.924673885738
YDL067C	551.898465015776	541.369156076529	613.898014174317	518.315914499151	638.043542244156	454.624354071624
YDR030C	96.8563531319078	123.573394321817	117.77197552891	139.963356702732	132.59091243109	161.607939149338
YDR020C	325.291148254332	304.02977968066	306.021668697167	299.792480163272	252.324524262802	386.879611902962
YDR527W	886.327005075005	965.0493651799	961.649910421097	953.556804374744	920.10057414302	1056.9812181737
YDR333C	818.710305718768	751.247778178662	807.711737682522	776.570882350644	820.456494497837	886.395060182735
YDL093W	402.045239415466	469.775046667858	384.845431846437	440.658826264086	396.96915600581	463.602572913254
YDL043C	378.288020722734	408.969090731726	402.464861256274	345.844939465461	411.43361918011	419.527680417979
YDR139C	526.313767962065	557.061015672951	605.551968664394	575.204246578326	542.417369036278	623.578108636841
YDR322C-A	515.348897796189	487.428388713832	555.475695604857	524.636840285726	609.918197183015	620.313301785339
YDL130W-A	82.2365262440726	89.2474514546453	100.152546119073	155.314176470129	184.823696116065	144.467703178954
YDR210W	930.186485738511	813.03447533957	947.739834571226	823.526331050916	770.634454675246	642.350748032976
YDR260C	199.195141346754	179.475644134067	178.976309268343	195.045709985743	194.466671565599	178.748175119723
YDL017W	321.636191532373	305.991262130212	309.731022257133	324.17319391149	279.646288036481	317.502466308549
YDR073W	343.565931864126	304.02977968066	304.166991917184	301.598458959436	283.664194473787	244.860513862634
YDL069C	184.575314458919	155.937854739435	163.211556638489	160.732112858622	162.323420067153	186.093990535602
YDR461W	734.646301113716	665.923291623122	793.801661832651	470.457476400797	462.059240290163	555.833366468179
YDR435C	389.252890888611	337.374981323055	382.990755066454	316.949278726833	298.932238935549	275.059977239025
YDL063C	1297.50963629537	1533.87927555017	1563.49252552553	1518.82816757417	1326.71270559836	2051.93110616887
YDR121W	425.802458108198	420.737985429042	478.50660923557	419.890070108197	408.219294030266	408.917058150599
YDR178W	495.246635825415	463.8905993192	506.326760935313	430.725942885183	574.560620534725	438.300319814115
YDL013W	497.074114186395	482.52468258995	448.831780755845	471.360465798879	508.66695496291	456.256757497375
YDR534C	16.4473052488145	26.4800130689607	21.3287829698025	31.6046289328751	36.964739223213	26.9346565248897
YDR392W	425.802458108198	394.257972360081	380.20873989648	415.375123117786	378.486786394203	354.231543387944
YDL132W	1034.35275231434	987.606413349756	1023.78158255052	1117.90087482569	1161.97854166883	1231.64838472905
YDR202C	440.422284996034	448.198739722779	471.087902115639	474.069433993126	416.255106904877	392.59302389309
YDL109C	204.677576429692	190.263797606606	162.284218248498	188.724784199168	186.430858690988	172.218561416719
YDR211W	1588.07869569109	1782.00680541858	1616.35081375504	1741.86654890046	1584.66229887339	1996.42938969334
YDR110W	444.077241717992	526.658037704885	523.946190345149	571.592288985997	570.542714097419	687.241842241126
YDR167W	590.275510596344	610.021041810872	704.777176393475	651.958345415308	582.596433409336	494.61823800252
YDR156W	389.252890888611	369.739441740673	349.606573026763	364.807716825186	361.611579357519	241.595707011132
YDL223C	173.610444293042	179.475644134067	186.395016388274	216.717455539715	237.05647980104	208.947638496114
YDR075W	542.76107321088	526.658037704885	502.617407375347	439.755836866004	488.577422776381	648.88036173598
YDL088C	862.569786382273	802.246321867031	809.566414462505	809.981490079683	814.027844198148	910.064909856123
YDL129W	325.291148254332	264.800130689607	304.166991917184	243.807137482179	216.966947614511	245.676715575509
YDL215C	961.25361787516	956.222694156913	867.061394641973	872.287758547351	835.724538959599	990.052677717916
YDR297W	1858.54549311604	1747.6808625514	1720.21271343407	1450.20097331992	1205.37193119173	1086.36447983722
YDR131C	268.639319063971	270.684578038265	276.346840217442	279.023724007383	237.860061088501	301.994633763915
YDR348C	1070.90231953392	1118.04499624501	1112.8060679897	1024.89296682323	1116.977989571	1048.81920104495
YDL169C	58.4793075513406	39.2296489910529	49.148934669545	42.4405017098608	58.6614339846642	52.2369096240286
YDR007W	111.476180019743	106.900793500619	108.498591628996	80.3660564293108	100.447660932644	88.1497849905482
YDL195W	2739.39006310811	2911.8206963609	2564.09064832626	2939.23049075738	3150.84222813518	2960.36361259924
YDR263C	82.2365262440726	81.4015216564347	72.3323944193304	83.9780140216394	110.090636382178	129.776072347196
YDR429C	4822.71539462462	4633.02154584334	4851.83445643508	4305.45345005566	3755.13535630597	3854.10448819786
YDR119W-A	29.2396537756703	18.6340832707501	37.0935355996566	13.5448409712322	12.0537193119173	8.16201712875446
YDR421W	361.84071547392	331.490533974397	332.914482006918	325.979172707654	347.147116183218	335.458903991808
YDL198C	1114.76180019743	1269.07914486056	1312.18382183785	1399.63356702732	1498.67910111505	1326.3277834226
YDL120W	498.901592547374	421.718726653818	496.126038645407	462.330571818058	519.917092987366	542.774139062172
YDR379W	570.17324862557	569.810651595043	470.160563725647	574.301257180244	533.577974874206	548.4875510523
YDL029W	1529.59938813975	1463.26590736627	1480.0320704263	1625.38091654786	1593.50169303547	1372.8512810565
YDR205W	460.524546966807	411.911314406055	389.482123796394	394.606366961897	460.452077715241	528.082508230414
YDR369C	235.744708566342	268.723095588712	271.710148267485	302.501448357518	264.378243574719	325.664483437303
YDR088C	431.284893191137	407.98834950695	403.392199646265	421.696048904361	407.415712742805	427.689697546734
YDR411C	431.284893191137	466.832822993529	501.690068985355	588.749087549558	665.365306017835	513.390877398656
YDR441C	818.710305718768	719.86405898582	696.431130883553	652.86133481339	718.401670990271	719.889910756144
YDL183C	113.303658380722	84.3437453307636	102.934561289047	97.5228549928716	85.1796164708822	88.1497849905482
YDL059C	82.2365262440726	70.6133681838951	75.1144095893046	97.5228549928716	98.8404983577218	78.3553644360428
YDR016C	171.782965932063	147.111183716448	157.647526298541	138.157377906568	128.573005993785	181.196780258349
YDR430C	568.345770264591	563.926204246385	551.766342044892	737.742338233112	810.813519048304	883.130253331233
YDR374W-A	102.338788214846	96.1126400280795	88.0971470491844	95.7168761967073	101.251242220105	128.143668921445
YDR293C	3442.96923208518	3342.3660940377	3092.67353062137	3183.94061763764	2602.79979008667	2232.31168471435
YDR459C	268.639319063971	290.299402533791	285.620224117356	279.926713405465	275.628381599176	352.599139962193
YDR022C	71.2716560781963	79.440039206882	94.5885157791243	104.746770177529	106.876311232333	123.246458644192
YDR217C	624.997599454952	772.824085123741	719.614590633338	802.757574895026	818.045750635454	966.382828044528
YDR052C	756.576041445468	782.631497371505	777.109570812806	799.145617302698	872.689278182812	1069.22424386683
YDL027C	343.565931864126	375.623889089331	372.790032776549	366.613695621351	347.950697470679	405.652251299097
YDR104C	243.054622010259	241.262341294975	219.779198427965	243.807137482179	262.771080999797	270.162766961773
YDL136W	1003.28562017769	937.588610886163	934.757097111346	731.421412446537	531.167231011822	558.281971606805
YDR248C	266.811840702991	334.432757648726	319.004406157047	372.934621407926	342.325628458451	284.854397793531
YDR078C	126.096006907578	113.765982074053	110.353268408978	111.970685362186	80.3581287461153	128.959870634321
YDR068W	690.78682045021	650.231432026701	702.922499613493	688.980910736676	691.883488504053	732.132936449275
YDL080C	471.489417132683	482.52468258995	435.849043295965	456.912635429565	415.451525617416	421.976285556606
YDR461C-A	25.5846970537115	14.7111183716448	20.4014445798111	24.3807137482179	43.3933895229023	22.037446247637
YDR252W	96.8563531319078	68.6518857343425	70.4777176393475	64.1122472638322	73.1258971589649	84.068776426171
YDL046W	1703.20983243279	1679.02897681706	1571.83857103545	1627.18689534402	1726.89618675402	1656.88947713716
YDR540C	96.8563531319078	133.38080656958	157.647526298541	143.575314295061	106.876311232333	161.607939149338
YDR181C	387.425412527631	388.373525011423	374.644709556532	404.539250340801	408.219294030266	446.462336942869
YDL200C	160.818095766187	189.28305638183	166.920910198455	223.03838132629	208.127553452439	238.33090015963
YDR108W	321.636191532373	328.548310300068	311.585699037115	329.591130299983	332.682653008917	417.895276992229
YDR337W	570.17324862557	597.27140588878	549.911665264909	605.905886113119	643.668611256384	702.749674785759
YDR356W	354.530802030002	353.066840919476	341.260527516841	425.30800649669	413.844363042494	539.50933221067
YDL235C	866.224743104232	813.03447533957	842.950596502196	897.571461693651	925.725643155248	1217.77295561017
YDR170W-A	40.2045239415466	49.0370612388161	60.276995349442	68.627194254243	57.857852697203	75.0905575845411
YDR210W-B	20.1022619707733	14.7111183716448	13.9100758498712	23.4777243501358	20.89311347399	18.7726393961353
YDR210C-D	29.2396537756703	27.460754293737	35.2388588196738	36.1195759232858	36.964739223213	45.707295921025
YDR261C-D	135.233398712475	119.650429422711	108.498591628996	109.261717167939	105.269148657411	141.202896327452
YDR261W-B	25.5846970537115	48.0563200140397	41.7302275496137	69.5301836523251	50.6256211100526	58.7665233270321
YDR034C-D	62.1342642732993	104.939311051066	66.7683640793819	95.7168761967073	108.483473807256	103.657617535182
YOR185C	162.645574127166	182.417867808396	165.993571808463	204.978593364647	232.234992076273	191.80740252573
YOR237W	25.5846970537115	26.4800130689607	21.3287829698025	20.7687561558893	12.0537193119173	19.5888411090107
YOL048C	219.297403317527	266.761613139159	280.056193777407	260.060946647658	251.520942975341	275.059977239025
YOL144W	723.681430947839	792.438909619268	728.887974533252	730.518423048455	645.275773831306	832.525747132955
snR8	20.1022619707733	23.5377893946317	27.8201516997424	32.5076183309572	11.2501380244561	12.2430256931317
YOL072W	266.811840702991	244.204564969304	259.654749197596	294.374543774779	286.074938336171	281.589590942029
YOR114W	91.3739180489696	64.7289208352372	91.8065006091501	81.269045827393	114.108542819484	107.738626099559
YOR385W	3872.42664691533	3739.56629007211	3790.03199989491	4477.02143569127	3663.5270895354	1909.91200812854
YOL119C	411.182631220363	544.311379750858	493.344023475433	627.57763166709	672.597537604985	648.064160023104
YOR019W	157.163139044228	115.727464523606	126.118021038832	139.963356702732	98.8404983577218	70.1933473072884
YOR206W	3121.3330405528	3588.53214145656	3538.72329620724	3149.62702051052	2729.76563350554	3793.70556144507
YOR341W	5062.11505991292	5528.43828406412	5215.35110531172	5115.43494013535	4127.99707368794	4756.8235826381
YOL088C	475.144373854642	459.967634420095	519.309498395192	416.278112515869	436.344639091406	489.721027725268
YOR160W	818.710305718768	910.127856592426	907.864283801595	876.802705537762	876.707184620118	1046.37059590632
YOR084W	104.166266575825	128.477100445698	136.318743328738	103.843780779447	155.894769767464	86.5173815647973
YOR039W	1107.45188675351	1213.17689504831	1158.24564909928	1088.10222468898	1079.20966906033	1295.31211833333
YOR264W	745.611171279592	776.747050022847	857.788010742059	758.511094389001	877.510765907579	929.653750965133
YOR281C	879.017091631088	888.551549647347	958.867895251123	838.877150818312	875.100022045196	958.220810915774
YOR230W	2701.01301752754	2968.70368739793	2846.92885727364	3378.98632762338	3544.59705899115	2875.4786344602
YOR144C	281.431667590826	271.665319263041	277.274178607433	289.859596784368	379.290367681664	475.845598606385
YOL081W	1005.11309853867	1017.02865009305	1008.01682992067	968.004634744059	808.40277518592	769.678215241546
YOL052C	1156.79380249996	1203.36948280055	1196.26652308893	1172.98322810871	1219.03281307857	882.314051618357
YOR285W	440.422284996034	415.83427930516	469.233225335656	575.204246578326	638.847123531617	505.228860269901
YOR058C	447.732198439951	514.889143007569	490.562008305458	568.883320791751	540.810206461356	697.036262795631
YOR270C	6661.15862576988	7522.28519403439	6828.91990389678	6349.82144731364	5902.30455640217	6680.61101988553
YOL154W	84.064004605052	82.382262881211	76.041747979296	65.9182260599965	45.8041333852857	48.9721027725268
YOR115C	774.850825055262	808.130769215689	790.092308272686	773.861914156398	758.580735363329	931.286154390884
YOL003C	288.741581034744	288.337920084239	274.492163437459	297.083511969025	289.289263486015	323.215878298677
YOR258W	135.233398712475	136.323030243909	134.464066548755	118.291611148761	104.46556736995	126.511265495694
YOL103W	1021.56040378748	1016.04790886827	1027.49093611049	972.51958173447	1039.83418597473	985.971669153539
YOR215C	544.588551571859	588.444734865793	548.984326874918	595.070013336133	595.453734008714	521.55289452741
YOL095C	160.818095766187	195.167503730488	172.484940538403	232.971264705193	261.967499712336	325.664483437303
YOL063C	471.489417132683	475.659494016516	428.430336176034	459.621603623811	492.595329213687	492.169632863894
YOR389W	105.993744936805	72.5748506334478	88.0971470491844	83.9780140216394	83.5724538959599	81.6201712875446
YOR231W	582.965597152426	514.889143007569	531.364897465081	521.927872091479	548.846019335968	506.861263695652
YOR021C	1988.29645674558	1855.5623972768	1952.04731093193	1639.82874691717	1231.08653239049	1534.45922020584
YOR120W	422.14750138624	416.815020529937	410.810906766197	340.427003076968	218.574110189434	161.607939149338
YOL038W	1794.58375048176	1687.85564784005	1845.40339608292	2091.32344595825	2237.97388557931	1741.7744552762
YOR023C	551.898465015776	449.179480947555	491.48934669545	508.383031120247	554.471088348196	411.365663289225
YOL124C	1125.72667036331	1312.23175875072	1197.19386147892	1185.62507968186	998.851540314213	1271.64226865995
YOR212W	1719.65713768161	1762.39198092305	1780.48970878352	1533.27599794348	1359.65953838427	1562.2100784436
YOL013W-A	14.6198268878351	38.2489077662765	40.8028891596223	19.8657667578072	33.7504140733684	31.015665089267
YOL120C	17267.8430328943	16544.1237207518	17166.8882755211	13757.0434797815	11889.7887292752	13373.4650654642
YOR181W	550.070986654797	447.217998498003	406.17421481624	490.323243158604	479.738028614308	306.891844041168
YOR335C	5420.30081866488	5576.49460407816	5540.8468801987	5038.68084129837	4723.45080769666	5343.67261419555
YOL029C	369.150628917837	367.777959291121	376.499386336514	370.225653213679	362.41516064498	401.57124273472
YOL122C	537.278638127941	529.600261379214	504.47208415533	558.047448014765	616.346847482704	591.746241834699
YOR252W	1195.17084808052	1140.60204441486	1146.19025002939	1014.05709404625	714.383764552965	927.205145826507
YOR157C	1138.51901889016	1166.10131625905	1041.40101196036	1316.55854240377	1366.08818868396	1264.29645324407
YOL107W	310.671321366497	268.723095588712	285.620224117356	240.19517988985	194.466671565599	235.882295021004
YOR274W	690.78682045021	621.789936508188	635.226797144119	652.86133481339	597.060896583637	471.764590042008
YOR093C	416.665066303301	452.121704621884	467.378548555673	558.950437412847	551.256763198351	620.313301785339
YOL065C	270.46679742495	262.838648240054	289.329577677321	242.904148084097	253.128105550263	249.757724139887
YOR092W	822.365262440726	701.22997571507	752.998772673029	652.86133481339	543.22095032374	439.932723239866
YOR207C	1924.3347141113	2037.9802650852	1993.77753848154	1870.9940328262	1546.89397836272	1861.75610706889
YOL005C	391.08036924959	392.296489910529	393.19147735636	393.703377563815	397.772737293271	324.032080011552
YOL020W	1105.62440839253	1011.14420274439	963.50458720108	935.497016413102	1268.0512716137	1068.40804215396
YOL053W	292.396537756703	249.108271093186	250.381365297682	279.023724007383	261.163918424875	210.580041921865
YOL117W	193.712706263816	203.013433528699	228.125243937888	233.874254103275	203.306065727672	214.661050486242
YOR038C	374.633064000775	377.585371538884	349.606573026763	423.502027700526	436.344639091406	537.876928784919
YOR303W	1432.74303500784	1714.33566090901	1552.36446484563	1899.88969356483	1925.38076475692	1821.762223138
YOR137C	696.269255533148	580.598805067582	599.987938324445	566.174352597504	445.184033253479	377.901393061332
YOL034W	246.709578732218	312.856450703647	276.346840217442	314.240310532586	364.825904507364	468.499783190506
YOR052C	1149.48388905604	1116.08351379545	1162.88234104923	1438.46211114486	1539.66174677557	1101.87231238185
YOR190W	36.5495672195878	24.518530619408	31.5295052597081	28.8956607386286	25.7146011987569	28.5670599506406
YOL039W	10082.1981175233	9308.21496435207	9842.76967136888	7740.42512036014	6749.27923338623	5639.95383596933
YOR349W	195.540184624795	210.859363326909	192.886385118214	199.560656976154	200.895321865288	256.28733784289
YOL090W	597.585424040261	662.981067948793	584.223185694591	674.533080367362	760.991479225712	964.750424618778
YOR271C	2490.85300601491	2664.67390771727	2596.54749197596	2478.70589773549	2232.34881656708	1807.88679401911
YOR173W	102.338788214846	98.0741224776321	89.9518238291672	73.1421412446537	65.8936655718146	54.6855147626549
YOR106W	442.249763357013	399.161678483963	437.703720075948	415.375123117786	419.469432054722	437.484118101239
YOR108W	2686.39319063971	2701.94207425877	2579.85540095612	2568.10184814562	2294.22457570159	2420.0380786757
YOR059C	420.32002302526	532.542485053543	516.527483225218	555.338479820519	553.667507060734	501.964053418399
YOL149W	663.374645035519	691.422563467307	732.597328093218	701.622762309826	634.829217094311	910.064909856123
YOR121C	45.6869590244848	72.5748506334478	44.5122427195879	46.0524593021894	42.5898082354411	45.707295921025
YOL106W	14.6198268878351	9.80741224776321	17.6194294098369	13.5448409712322	11.2501380244561	13.0592274060071
snR9	42.032002302526	28.4414955185133	41.7302275496137	35.2165865252036	22.5002760489123	24.4860513862634
YOR295W	191.885227902836	203.013433528699	235.543951057819	212.202508549304	207.323972164978	255.471136130015
YOR132W	809.572913913871	707.114423063728	727.033297753269	723.294507863798	778.670267549857	689.690447379752
YOR216C	723.681430947839	827.745593711215	805.85706090254	846.101066002969	910.457598693486	900.270489301617
YOR099W	2414.09891485378	2361.62486926138	2488.04890034697	2273.72730437084	2094.13283512377	2258.43013952636
YOR001W	1507.669647808	1680.99045926662	1621.91484409498	1605.51514979005	1403.05292790717	1705.04537819681
YOR009W	158.990617405207	128.477100445698	88.0971470491844	92.1049186043787	77.9473848837319	44.0748924952741
YOR204W	3676.88646229054	3412.9794622216	3410.75059838842	3209.22432078394	3289.86179086596	2864.05181047994
YOR209C	3985.73030529605	4026.92346893158	4038.55868841261	3830.48102666446	3424.86344715943	3448.45223689876
YOR284W	73.0991344391757	81.4015216564347	88.0971470491844	92.1049186043787	95.6261732078772	114.268239802562
YOR036W	922.876572294593	868.936725151821	910.646298971569	942.720931597759	788.313242999391	509.309868834279
YOR154W	562.863335181653	636.501054879833	611.115999004342	614.032790695858	609.918197183015	772.126820380172
YOR048C	1458.32773206156	1548.59039392181	1442.93853482664	1517.022188778	1397.42785889495	1569.55589385948
YOL073C	321.636191532373	277.549766611699	285.620224117356	302.501448357518	317.414608547155	236.698496733879
YOL152W	221.124881678506	227.531964148107	191.031708338231	387.38245177724	450.809102265707	333.826500566058
YOL101C	288.741581034744	329.529051524844	260.582087587588	299.792480163272	233.038573363734	266.897960110271
YOR085W	1434.57051336882	1425.01699959999	1311.25648344786	1370.7379062887	1402.24934661971	1376.116087908
YOR227W	449.559676800931	443.295033598897	391.336800576377	478.584380983537	526.345743287055	598.275855537702
YOR159C	341.738453503146	352.086099694699	368.153340826592	325.076183309572	361.611579357519	357.496350239446
YOR146W	25.5846970537115	14.7111183716448	10.2007222899056	12.64185157315	7.23223158715038	8.97821884162991
YOR372C	517.176376157168	465.852081768753	459.959841435742	528.248797878054	667.776049880218	738.662550152279
YOR112W	608.550294206138	651.212173251477	630.590105194162	670.018133376951	672.597537604985	727.235726172023
YOR229W	204.677576429692	206.936398427804	232.761935887845	196.851688781907	198.484578002905	164.056544287965
YOR376W-A	38.3770455805672	37.2681665415002	37.0935355996566	35.2165865252036	37.7683205106742	22.037446247637
YOR342C	1535.08182322269	1419.13255225134	1438.30184287668	1415.8873761928	1493.05403210282	1644.64645144402
YOR251C	732.818822752736	780.670014921952	740.94337360314	674.533080367362	544.024531611201	578.687014428691
YOR130C	281.431667590826	256.954200891396	325.495774886987	285.344649793958	294.110751210782	230.168883030876
YOR119C	820.537784079747	954.261211707361	867.988733031964	849.713023595298	725.633902577421	990.868879430792
YOR008C	1688.59000554496	1494.64962655911	1511.56157568601	1331.00637277308	1311.4446611366	1029.23035993594
YOL011W	1039.83518739727	977.799001101993	837.386566162248	925.564133034198	925.725643155248	839.055360835959
YOR202W	131.578441990516	113.765982074053	127.045359428824	124.612536935336	122.144355694095	79.9877678617937
YOR266W	292.396537756703	337.374981323055	370.935355996566	341.329992475051	328.664746571612	394.225427318841
YOR140W	376.460542361755	391.315748685752	319.004406157047	385.576472981076	511.077698825293	399.938839308969
YOR004W	1087.34962478274	1177.87021095636	1161.02766426925	980.646486317209	759.38431665079	869.25482421235
YOR308C	261.329405620053	317.760156827528	308.803683867141	356.680812242447	374.468879956897	389.328217041588
YOR032C	350.875845308043	309.914227029318	344.042542686815	299.792480163272	357.593672920213	174.667166555346
YOR311C	793.125608665056	793.419650844044	815.130444802454	792.824691516123	728.044646439805	751.721777558286
YOL019W	1131.20910544624	1147.4672329883	1042.32835035035	1454.71592031033	1593.50169303547	1480.58990715606
YOL138C	402.045239415466	405.046125832621	365.371325656617	384.673483582993	436.344639091406	442.381328378492
YOL151W	476.971852215621	451.140963397108	463.669194995707	526.44281908189	517.506349124983	419.527680417979
YOR330C	588.448032235364	622.770677732964	576.80447857466	607.711864909283	645.275773831306	709.279288488763
YOR142W	1244.51276382697	1255.34876771369	1257.47085682836	1309.33462721911	1519.57221458904	1385.91050846251
YOR017W	392.907847610569	397.20019603441	356.097941756703	344.941950067379	445.184033253479	521.55289452741
YOR002W	1262.78754743676	1141.58278563964	1175.86507850911	1050.17666996953	1046.26283627442	1193.2869042239
YOR194C	948.461269348305	985.644930900203	944.03048101126	1009.54214705584	1054.29864914903	1087.99688326297
YOR298C-A	3598.30489276842	2954.97331025106	3496.99306865763	3900.91419971486	4496.84088463261	2586.54322810229
YOL069W	179.09287937598	202.032692303922	176.194294098369	203.172614568482	234.645735938657	251.390127565637
YOR014W	1716.00218095965	1716.29714335856	1628.40621282492	1710.26191996758	1586.26946144832	1765.44430494959
YOR346W	985.010836567892	1095.48794807515	1071.07584044008	1024.89296682323	952.243825641467	1183.4924836694
YOR044W	206.505054790671	194.186762505712	198.450415458163	192.336741791497	150.269700755236	133.040879198698
YOR275C	603.067859123199	545.292120975635	551.766342044892	532.763744868465	547.238856761045	538.693130497795
YOR174W	553.725943376756	533.523226278319	571.240448234712	530.957766072301	514.292023975138	533.795920220542
YOR336W	391.08036924959	449.179480947555	443.267750415896	459.621603623811	540.810206461356	594.194846973325
YOL094C	405.700196137425	422.699467878595	431.212351346008	446.979752050661	456.434171277935	484.823817448015
YOR122C	2463.44083060022	2427.3345313214	2560.3812947663	2325.19770006152	2178.50887030719	2016.83443251523
YOR256C	780.333260138201	686.518857343425	721.469267413321	772.055935360233	717.59808970281	720.706112469019
YOL137W	509.86646271325	522.735072805779	462.741856605716	461.427582419976	461.255659002702	545.222744200798
YOR350C	244.882100371239	273.626801712594	320.85908293703	291.665575580533	331.075490433995	367.290770793951
YOR196C	906.429267045779	1048.41236928589	987.615385340857	902.989398082144	834.920957672138	753.354180984037
YOR380W	146.198268878351	130.438582895251	119.626652308893	121.000579343007	147.858956892852	102.841415822306
YOL097W-A	25.5846970537115	30.402977968066	22.256121359794	26.1866925443822	20.0895321865288	22.037446247637
YOR369C	33345.997652791	29878.2814128106	33260.8460338221	24258.8101794768	19654.7947100123	20028.7738322506
YOL132W	16.4473052488145	12.7496359220922	13.9100758498712	5.41793638849287	4.82148772476692	16.3240342575089
YOR296W	330.77358333727	286.376437634686	285.620224117356	279.926713405465	339.914884596068	399.122637596093
YOR260W	1770.82653178903	2114.47808061775	2084.6567007007	2074.16664739469	1988.86368646635	2189.86919564482
YOR373W	263.156883981032	286.376437634686	240.180643007776	316.046289328751	390.54050570612	350.150534823566
YOR163W	458.697068605827	369.739441740673	416.374937106145	451.494699041072	458.844915140318	426.057294120983
YOL042W	526.313767962065	470.755787892634	480.361286015553	489.420253760522	451.612683553168	536.244525359168
YOR316C	559.208378459694	623.75141895774	608.333983834368	631.189589259419	707.955114253276	786.002249499055
YOR326W	2706.49545261048	3042.25927925615	2907.20585262309	3199.29143740504	3330.84443652648	3597.81715035497
YOL036W	917.394137211655	939.550093335716	867.061394641973	956.265772568991	1053.49506786157	859.460403657845
YOR332W	4641.79503688766	4647.73266421499	4586.61567689754	4426.45402939867	4012.28136829354	3561.90427498845
YOL002C	970.391009680057	971.914553753335	956.085880081149	889.444557110912	728.848227727266	876.600639628229
YOR193W	305.188886283559	299.126073556778	280.056193777407	302.501448357518	248.306617825496	326.480685150179
YOR243C	2225.8686436729	2344.95226844018	2184.80924681977	2006.44244253852	1616.00196908438	1826.65943341525
YOR126C	162.645574127166	182.417867808396	173.412278928395	210.39652975314	180.805789678759	217.109655624869
YOR070C	444.077241717992	355.028323369028	339.405850736858	371.128642611761	378.486786394203	395.857830744591
YOR328W	321.636191532373	322.66386295141	293.038931237287	326.882162105736	294.110751210782	326.480685150179
YOL056W	502.556549269333	538.4269324022	515.600144835227	469.554487002715	454.827008703013	439.932723239866
YOR098C	1171.41362938779	1305.36657017728	1181.42910884906	1247.02835875144	1560.55486024956	1560.57767501785
YOL110W	93.201396409949	115.727464523606	107.571253239004	136.351399110404	114.912124106945	84.068776426171
YOR213C	261.329405620053	250.089012317962	277.274178607433	279.926713405465	249.110199112957	284.038196080655
YOR253W	599.412902401241	553.138050773845	596.27858476448	605.905886113119	498.220398225915	591.746241834699
YOL113W	641.444904703767	618.847712833859	562.894402724789	724.19749726188	568.131970235035	423.608688982357
YOR060C	336.256018420208	268.723095588712	273.564825047467	280.829702803547	272.414056449331	244.860513862634
YOL076W	624.997599454952	683.576633669096	657.482918503913	599.584960326544	654.115167993379	883.130253331233
YOR381W	268.639319063971	191.244538831383	230.907259107862	183.306847810675	216.966947614511	176.299569981096
YOR113W	325.291148254332	232.435670271988	240.180643007776	251.031052666836	251.520942975341	245.676715575509
YOR273C	1867.68288492094	1343.61547794356	1407.69967600697	1077.266351912	570.542714097419	195.888411090107
YOL147C	285.086624312785	259.896424565725	257.800072417613	259.157957249575	266.788987437103	261.184548120143
YOR338W	277.776710868868	342.278687446936	351.461249806746	552.629511626272	696.70497622882	809.672099172443
YOR178C	105.993744936805	68.6518857343425	77.8964247592788	32.5076183309572	16.0716257492231	8.16201712875446
YOR188W	500.729070908353	623.75141895774	563.82174111478	655.570303007637	755.366410213484	839.055360835959
YOL159C	250.364535454177	225.570481698554	245.744673347725	241.098169287933	185.627277403526	204.050428218862
YOR382W	91.3739180489696	76.4978155325531	76.041747979296	109.261717167939	112.501380244561	80.8039695746692
YOL071W	239.3996652883	218.70529312512	245.744673347725	237.486211695604	237.860061088501	227.72027789225
YOR363C	354.530802030002	356.989805818581	304.166991917184	325.979172707654	341.52204717099	365.6583673682
YOR069W	785.815695221139	808.130769215689	795.656338612634	863.25786456653	854.206908571206	845.584974538962
YOR075W	321.636191532373	298.145332332002	301.38497674721	340.427003076968	353.575766482907	461.153967774627
YOR124C	811.40039227485	814.015216564347	818.839798362419	888.54156771283	936.172199892243	990.052677717916
YOR008W-B	25.5846970537115	13.7303771468685	14.8374142398626	13.5448409712322	8.83939416207268	12.2430256931317
snR31	98.6838314928872	121.611911872264	132.609389768772	102.940791381364	80.3581287461153	67.744742168662
YOL025W	250.364535454177	262.838648240054	266.146117927536	263.672904239986	305.360889235238	316.686264595673
YOR057W	542.76107321088	557.061015672951	576.80447857466	590.555066345722	590.632246283948	662.755790854862
YOR265W	307.016364644538	341.29794622216	340.333189126849	388.285441175322	351.968603907985	447.278538655745
YOL127W	21598.9667484154	20473.9538084305	21479.0117889812	17463.8149589087	14463.6595930133	14635.3129135696
YOR107W	526.313767962065	528.619520154437	456.250487875776	327.785151503818	389.736924418659	259.552144694392
YOL142W	683.476907006293	720.844800210596	755.780787843003	737.742338233112	624.382660357316	728.051927884898
YOR239W	2724.77023622027	2869.64882369552	2602.11152231591	2765.85652632561	2642.97885445973	2624.90470860744
YOL091W	63.9617426342787	48.0563200140397	52.8582882295106	36.1195759232858	31.339670210985	53.8693130497795
YOR317W	2189.31907645331	2175.28403655388	2007.68761433141	1762.63530505635	1658.59177731982	1358.15965022474
YOR370C	1754.37922654022	1789.85273521679	1870.44153261268	1963.09895143058	2049.9358643134	2033.15846677274
YOR211C	557.380900098715	541.369156076529	531.364897465081	565.271363199422	598.668059158559	747.640768993909
YOR191W	736.473779474695	771.843343898965	701.995161223501	877.705694935844	782.688173987163	818.650318014073
YOL064C	1352.33398712475	1434.82441184776	1474.46804008635	1311.14060601527	1285.73005993784	1207.16233334279
YOL049W	1505.84216944702	1538.78298167405	1536.59971221577	1685.88120621936	1778.32538915153	1774.42252379122
YOL043C	254.019492176136	282.453472735581	305.094330307175	293.471554376697	302.146564085394	273.427573813275
YOR043W	1341.36911695887	1246.5220966907	1269.52625589825	1182.01312208953	1281.71215350054	1358.15965022474
YOR309C	297.878972839641	291.280143758567	361.661972096652	237.486211695604	204.109647015133	273.427573813275
YOR104W	169.955487571083	190.263797606606	178.976309268343	204.978593364647	171.162814229226	221.190664189246
YOL114C	31.0671321366497	30.402977968066	37.0935355996566	25.2837031463	16.8752070366842	26.9346565248897
YOR220W	1198.82580480248	1237.69542566772	1383.58887786719	1376.15584267719	1124.21022115815	692.139052518379
YOR378W	43.8594806635054	44.1333551149345	46.3669194995707	34.3135971271215	44.1969708103634	42.4424890695232
YOL059W	2896.55320215234	2491.08271093186	2620.65829011574	2373.95912755796	2038.68572628895	1573.63690242386
YOR386W	317.981234810414	300.106814781554	363.516648876635	320.561236319161	236.252898513579	237.514698446755
YOL027C	1350.50650876377	1467.18887226538	1433.66515092673	1536.88795553581	1569.39425441163	1341.83561596723
snR17a	14.6198268878351	16.6726008211975	12.0553990698884	14.4478303693143	19.2859508990677	19.5888411090107
YOL155C	76.7540911611345	87.2859690050926	83.4604550992273	91.2019292062966	114.912124106945	57.1341199012812
YOR375C	7931.25608665056	8687.40576906865	8336.77212602282	8449.27179785462	10123.5170594356	8136.71487565532
snR35	20.1022619707733	15.6918595964211	15.7647526298541	20.7687561558893	11.2501380244561	12.2430256931317
YOL026C	122.441050185619	125.534876771369	121.481329088875	139.963356702732	130.180168568707	90.5983901291745
YOL012C	734.646301113716	711.037387962833	691.794438933596	623.965674074762	607.507453320632	742.743558716656
YOR026W	349.048366947064	364.835735616792	331.987143616927	319.658246921079	354.379347770369	393.409225605965
YOR359W	703.579168977066	629.635866306398	563.82174111478	641.122472638323	846.974676984055	1009.64151882693
YOR250C	451.38715516191	409.949831956502	390.409462186386	418.084091312033	457.237752565396	424.424890695232
YOL013C	575.655683708509	544.311379750858	523.018851955158	552.629511626272	527.952905861978	556.649568181054
YOR272W	1544.21921502759	1687.85564784005	1650.66233418472	1561.26866928403	1381.35623314572	1503.44355511657
YOL082W	519.003854518147	501.1587658607	471.087902115639	477.681391585454	487.77384148892	460.337766061752
snR36	20.1022619707733	13.7303771468685	17.6194294098369	17.1567985635607	12.0537193119173	13.0592274060071
YOR035C	632.30751289887	627.674383856846	578.659155354643	707.040698698319	500.631142088298	461.153967774627
YOL016C	8035.42235322639	7808.66163166907	8157.79581675448	7604.97671064782	5270.6896644577	2216.80385216971
YOR007C	4086.24161514992	3839.6018949993	3992.19176891304	5164.19636763178	5198.3673485862	4750.2939689351
YOL160W	9.13739180489696	1.96148244955264	15.7647526298541	11.7388621750679	12.0537193119173	11.4268239802562
YOR361C	5458.67786424544	5641.2235249134	5547.33824892864	4973.66560463645	4692.91471877313	5737.89804151439
YOL158C	1098.31449494861	960.145659056019	925.483713211432	977.03452872488	902.421785818875	843.952571113212
YOR315W	1387.05607598336	1326.94287712236	1360.40541811741	1410.46943980431	1681.09205336873	1839.71866082126
YOR010C	52.9968724684024	65.7096620600135	51.9309498395192	46.9554487002715	44.1969708103634	31.8318668021424
YOR384W	5.48243508293818	8.82667102298689	10.2007222899056	15.3508197673965	9.64297544953384	9.79442055450536
YOR234C	5524.4670852407	5816.77620414836	6276.2262234619	4978.18055162686	4279.07035573064	4438.50491461668
YOR283W	873.53465654815	828.726334935992	903.227591851638	864.160853964612	793.134730724158	869.25482421235
YOR020W-A	210.16001151263	188.302315157054	212.360491308034	186.015816004922	193.663090278138	166.505149426591
YOL045W	758.403519806448	832.649299835097	740.016035213149	787.40675512763	687.062000779286	861.092807083596
YOL128C	288.741581034744	294.222367432896	319.931744547038	309.725363542176	286.074938336171	290.567809783659
YOR360C	970.391009680057	955.241952932137	919.919682871484	929.176090626527	1205.37193119173	1972.75954001995
YOL097C	3976.59291349116	4135.78574488175	4171.16807818138	3716.70436250611	3195.03919894554	3003.62230338164
YOR164C	871.70717818717	997.413825597519	1041.40101196036	981.549475715291	884.74299749473	1112.48293464923
YOR175C	1323.09433334908	1429.92070572388	1357.62340294743	1479.09663405855	1282.515734788	1489.56812599769
YOR086C	1293.85467957341	1404.42143387969	1349.27735743751	1233.48351778021	1268.85485290116	1321.43057314535
YOR242C	32.8946104976291	36.2874253167239	24.1107981397768	19.8657667578072	28.9289263486015	31.8318668021424
YOR155C	712.716560781963	629.635866306398	686.230408593647	635.70453624983	652.508005418456	565.627787022684
YOL030W	2587.70935914682	2754.90210039669	2484.339546787	2588.87060430151	2628.51439128543	2557.15996643877
YOR323C	2233.17855711682	2240.01295738912	2143.07901927016	2083.19654137551	1886.00528167133	1796.45997003886
YOL017W	169.955487571083	169.668231886304	150.228819178609	182.403858412593	228.217085638967	278.324784090527
YOR233W	528.141246323044	594.329182214451	556.403033994849	663.697207590376	731.258971589649	781.105039221802
YOR083W	84.064004605052	80.4207804316584	89.0244854391758	85.7839928178037	126.162262131401	64.4799353171603
YOL010W	879.017091631088	853.2448655554	808.639076072514	940.011963403512	1007.69093447629	1326.3277834226
YOR118W	623.170121093973	625.712901407293	598.133261544463	660.98823939613	650.097261556073	796.612871766436
YOR128C	2273.38308105836	2347.89449211451	2017.88833662132	2029.92016688866	1565.37634797433	1839.71866082126
YOL125W	703.579168977066	690.44182224253	675.10234791375	644.734430230651	612.328941045399	598.275855537702
YOL004W	1297.50963629537	1382.84512693461	1220.3773212287	1430.33520656212	1437.606923268	1426.72059410628
YOR177C	27.4121754146909	31.3837191928423	40.8028891596223	49.6644168945179	52.232783684975	48.1559010596513
YOR166C	550.070986654797	501.1587658607	495.198700255416	534.569723664629	508.66695496291	695.40385936988
YOR006C	663.374645035519	686.518857343425	718.687252243347	631.189589259419	635.632798381772	670.917807983617
YOR324C	292.396537756703	278.530507836475	262.43676436757	294.374543774779	339.111303308607	336.275105704684
YOR033C	405.700196137425	424.660950328147	385.772770236429	410.860176127376	489.381004063842	525.633903091787
YOL033W	297.878972839641	285.39569640991	282.838208947382	288.956607386286	350.361441333063	350.150534823566
YOL070C	1030.69779559238	1021.93235621693	1031.20028967045	1041.14677598871	1090.45980708478	863.541412222222
YOR116C	1668.48774357419	1890.86908136875	1758.23358742372	1647.05266210183	1520.3757958765	1767.89291008822
YOL067C	230.262273483403	197.128986180041	212.360491308034	247.419095074508	256.342430700108	149.364913456207
YOR145C	2465.2683089612	2597.98350443248	2646.6237650355	2411.88468227741	1971.18489814221	2167.01554768431
YOR304C-A	124.268528546599	122.59265309704	129.827374598798	138.157377906568	156.698351054925	183.645385396975
YOR192C	87.7189613270108	55.9022498122503	40.8028891596223	49.6644168945179	46.6077146727469	45.707295921025
YOL109W	10462.313616607	11299.119650648	11663.134930922	11134.7622677509	10794.5074344657	10249.8611102899
YOR078W	758.403519806448	902.281926794216	964.431925591071	934.594027015019	949.029500491622	1259.39924296681
YOR134W	338.083496781188	332.471275199173	319.004406157047	390.994409369569	168.752070366842	64.4799353171603
YOR131C	537.278638127941	543.330638526082	540.638281364995	544.502607043533	552.863925773273	461.970169487503
YOR368W	193.712706263816	168.687490661527	179.903647658334	209.493540355057	221.788435339278	232.617488169502
YOL111C	562.863335181653	509.004695658911	500.762730595364	500.256126537508	474.916540889542	355.863946813695
YOR168W	4406.05032832131	5041.99063657507	4537.46674222799	4198.90070108197	3928.70891439758	4951.07959030246
YOR226C	308.843843005517	354.047582144252	363.516648876635	363.904727427104	392.147668281043	235.066093308129
YOL162W	34.7220888586085	21.5763069450791	30.6021668697167	45.1494699041072	36.1611579357519	32.6480685150179
YOR334W	210.16001151263	202.032692303922	182.685662828309	214.91147674355	261.163918424875	270.162766961773
YOR241W	966.736052958099	1138.64056196531	1084.98591628996	1074.55738371775	940.190106329549	1041.47338562907
YOR245C	511.69394107423	485.466906264279	470.160563725647	467.748508206551	520.720674274827	548.4875510523
YOL009C	272.294275785929	211.840104551685	225.343228767914	266.381872434233	183.216533541143	198.337016228733
YOR153W	8185.2755788267	8452.02787512234	7742.34821803832	12616.5678700037	10170.9283553958	13049.4329854526
YOR358W	135.233398712475	133.38080656958	144.664788838661	173.373964431772	160.716257492231	106.922424386683
YOR267C	2386.68673943909	2096.82473857178	2202.42867622961	1895.37474657442	1689.12786624334	1190.83829908528
YOR081C	526.313767962065	512.927660558016	466.451210165682	554.435490422437	634.02563580685	526.450104804663
YOL145C	1542.39173666661	1855.5623972768	1759.16092581371	1780.69509301799	1668.23475276935	1923.78743724743
YOR322C	793.125608665056	841.475970858084	792.87432344266	829.847256837491	953.047406928928	872.519631063852
YOL044W	341.738453503146	269.703836813488	271.710148267485	293.471554376697	246.699455250574	274.24377552615
YOR054C	277.776710868868	251.069753542738	280.983532167399	240.19517988985	276.431962886637	193.439805951481
YOL031C	725.508909308819	733.594436132688	702.922499613493	794.630670312287	807.599193898459	1010.4577205398
YOR034C-A	54.8243508293818	41.1911314406055	34.3115204296824	29.7986501367108	26.5181824862181	48.9721027725268
YOR306C	1567.97643372032	1475.03480206359	1407.69967600697	1685.88120621936	1426.35678524355	1714.83979875131
YOR261C	1949.91941116501	2107.61289204431	2208.92004495955	2381.18304274261	2208.24137794325	2634.69912916194
YOR293W	16529.5417750586	15828.1826266651	17025.9328402424	13837.4095362108	12351.0443882779	13180.0252595127
YOR062C	133.405920351496	114.74672329883	140.028096888704	109.261717167939	137.412400155857	90.5983901291745
YOR339C	21.9297403317527	27.460754293737	15.7647526298541	19.8657667578072	10.446556736995	14.691630831758
YOR067C	1001.45814181671	1008.20197907006	1033.05496645044	978.840507521045	858.224815008512	1008.82531711405
YOR312C	16238.9727156629	15555.5365661772	16672.6169136556	13467.1838829971	11839.9666894526	12425.0386751029
YOR094W	308.843843005517	313.837191928423	295.820946407261	320.561236319161	275.628381599176	348.518131397816
YOL135C	168.128009210104	166.726008211975	181.758324438317	200.463646374236	222.592016626739	156.710728872086
YOL105C	423.974979747219	365.816476841568	327.350451666969	316.949278726833	319.825352409539	325.664483437303
YOR197W	1927.98967083326	1826.14016053351	1872.29620939267	1821.32961593169	1714.03888615464	1422.6395855419
YOL104C	138.888355434434	197.128986180041	167.848248588446	246.516105676425	205.716809590055	230.168883030876
YOR262W	504.384027630312	601.194370787885	584.223185694591	506.577052324083	483.755935051614	539.50933221067
YOR167C	9073.43006226268	8983.5896189511	9967.03301562773	7452.37150237194	6713.92165673793	6292.91520626969
YOL015W	184.575314458919	205.955657203027	184.540339608292	146.284282489307	69.9115720091203	88.9659867034237
YOR161C	286.914102673765	295.203108657673	255.018057247639	130.030473323829	113.304961532023	107.738626099559
YOR105W	29.2396537756703	15.6918595964211	15.7647526298541	18.962777359725	15.2680444617619	13.0592274060071
YOR210W	846.122481133459	835.591523509426	931.047743551381	801.854585496944	687.062000779286	912.513514994749
YOL087C	944.806312626346	822.841887587334	772.472878862849	685.368953144348	711.973020690582	617.864696646713
YOR127W	840.64004605052	959.164917831242	851.296642012119	962.586698355566	1022.15539765059	1060.2460250252
YOR184W	2125.35733381903	2175.28403655388	2219.12076724946	2041.65902906373	1873.14798107195	2067.43893871351
YOR150W	582.965597152426	549.21508587474	585.150524084583	581.525172364901	573.757039247263	550.119954478051
YOR179C	264.984362342012	240.281600070199	247.599350127708	260.96393604574	239.467223663424	199.153217941609
YOR340C	1414.46825139805	1587.82004291286	1550.50978806565	1503.47734780677	1248.76532071463	1509.97316881958
YOR354C	776.678303416242	795.381133293597	765.981510132909	855.130959983791	994.030052589446	1076.57005928271
YOR217W	1233.54789366109	1283.7902632322	1222.23199800868	1328.29740457883	1350.01656293474	1424.27198896765
YOR298W	65.7892209952581	71.5941094086715	73.2597328093218	68.627194254243	43.3933895229023	51.4207079111531
YOL006C	879.017091631088	822.841887587334	825.331167092359	888.54156771283	1040.63776726219	1173.69806311489
YOR259C	1970.02167313578	1992.86616874549	2092.07540782063	2429.04148084097	2534.49538065248	2544.91694074564
YOR318C	14.6198268878351	14.7111183716448	16.6920910198455	16.2538091654786	16.0716257492231	13.0592274060071
YOR320C	692.61429881119	722.806282660149	724.251282583295	746.772232213933	767.420129525401	919.043128697753
YOR222W	601.24038076222	580.598805067582	667.683640793819	586.943108753394	537.595881311511	487.272422586641
YOL165C	12.7923485268557	7.84592979821057	12.9827374598798	18.0597879616429	9.64297544953384	11.4268239802562
YOL007C	500.729070908353	435.449103800687	439.558396855931	622.159695278597	735.276878026955	913.329716707624
YOR307C	581.138118791447	632.578089980727	578.659155354643	655.570303007637	664.561724730374	780.288837508927
YOL051W	1302.99207137831	1348.51918406744	1258.39819521835	1276.82700888815	1351.62372550966	1256.95063782819
YOR091W	1518.63451797388	1553.49410004569	1555.1464800156	1694.91110020019	1609.57331878469	1438.96361979941
YOR079C	524.486289601086	506.062471984582	513.745468055244	477.681391585454	469.291471877313	513.390877398656
YOL022C	1449.19034025666	1364.21104366386	1432.73781253674	1376.15584267719	1050.28074271173	1250.42102412518
YOR278W	272.294275785929	230.474187822436	232.761935887845	242.904148084097	230.627829501351	287.303002932157
YOL148C	464.179503688766	476.640235241292	476.651932455587	465.039540012304	513.488442687677	473.396993467759
YOL078W	378.288020722734	380.527595213213	342.187865906832	372.031632009843	411.43361918011	368.106972506826
YOR089C	1145.82893233408	1160.21686891039	1186.06580079902	1104.35603385446	1181.2644925679	892.924673885738
YOL098C	1935.29958427718	2043.86471243385	1928.86385118214	2002.8304849462	2037.07856371402	2341.68271423966
YOR171C	1078.21223297784	1006.24049662051	1020.99956738055	934.594027015019	910.457598693486	1055.34881474795
YOL089C	356.358280390982	389.3542662362	336.623835566884	346.747928863543	370.450973519592	450.543345507246
YOR095C	1622.8007845497	1693.74009518871	1705.37529919421	1410.46943980431	1137.87110304499	1548.33464932472
YOL146W	215.642446595568	234.397152721541	218.851860037974	201.366635772318	220.181272764356	243.228110436883
YOR224C	2807.00676246435	2546.98496074411	2669.80722478528	2319.77976367303	2220.29509725517	1985.00256571309
YOR302W	105.993744936805	95.1318988033032	88.0971470491844	97.5228549928716	126.965843418862	173.034763129595
YOR286W	659.719688313561	610.021041810872	685.303070203656	677.242048561608	748.134178626334	648.064160023104
YOR046C	2149.11455251177	2469.50640398678	2440.7546424574	2248.44360122454	2072.43614036231	2572.66779898341
YOR228C	224.779838400465	176.533420459738	201.232430628137	169.762006839443	159.912676204769	145.283904891829
YOL112W	497.074114186395	558.041756897727	518.382160005201	574.301257180244	598.668059158559	552.568559616677
YOR141C	703.579168977066	748.305554504333	696.431130883553	756.705115592837	846.974676984055	864.357613935098
YOR049C	29.2396537756703	24.518530619408	25.0381365297682	46.9554487002715	26.5181824862181	26.1184548120143
YOL143C	635.962469620829	641.404761003714	625.026074854214	656.473292405719	630.007729369544	481.559010596513
YOR172W	476.971852215621	408.969090731726	444.195088805888	407.248218535047	404.20138759296	389.328217041588
YOR149C	405.700196137425	422.699467878595	424.720982616068	428.919964089019	383.30827411897	485.640019160891
YOL164W	222.952360039486	193.206021280935	223.488551987931	202.2696251704	289.289263486015	189.358797387104
YOR011W	350.875845308043	356.989805818581	306.949007087158	292.568564978615	286.878519623632	367.290770793951
YOR071C	396.562804332528	380.527595213213	362.589310486643	361.195759232858	332.682653008917	344.437122833438
YOR022C	243.054622010259	242.243082519751	242.962658177751	267.284861832315	265.985406149642	287.303002932157
YOR125C	360.01323711294	321.683121726633	366.298664046609	335.009066688476	328.664746571612	291.384011496534
YOL141W	211.98748987361	225.570481698554	207.723799358077	227.5533283167	221.788435339278	274.24377552615
YOR101W	1237.20285038305	1320.07768854893	1347.42268065753	1251.54330574185	1062.33446202364	1185.94108880802
YOR383C	168.128009210104	136.323030243909	150.228819178609	161.635102256704	151.876863330158	115.084441515438
YOR056C	1637.42061143754	1797.698665015	1757.30624903373	1686.78419561745	1437.606923268	1413.66136670027
YOL075C	268.639319063971	349.14387602037	312.513037427107	325.076183309572	319.825352409539	366.474569081075
YOR246C	937.496399182428	886.590067197795	912.500975751552	902.086408684062	863.84988402074	699.484867934258
YOR042W	765.713433250365	734.575177357465	759.490141402969	836.168182624066	908.850436118564	751.721777558286
YOR236W	416.665066303301	451.140963397108	421.938967446094	400.02430335039	368.040229657208	395.857830744591
YOR176W	963.08109623614	958.184176606466	962.577248811089	827.138288643244	884.74299749473	748.456970706784
YOR238W	372.805585639796	327.567569075291	369.080679216583	409.957186729294	355.986510345291	376.268989635581
YOR367W	210.16001151263	254.011977217067	191.031708338231	230.262296510947	252.324524262802	307.708045754043
YOR297C	279.604189229847	284.414955185133	276.346840217442	294.374543774779	354.379347770369	379.533796487083
YOR310C	6328.55756407164	6363.04906634877	6583.17523054905	5860.40119355312	4610.14584616464	5817.88580937618
YOR063W	43848.5157933395	42810.3352027112	43423.547449738	36832.0345583726	32660.7578475711	27958.9896745484
YOR189W	277.776710868868	263.81938946483	291.184254457304	329.591130299983	354.379347770369	299.546028625289
YOL129W	1041.66266575825	924.838974964071	975.559986270968	1014.05709404625	1028.58404795028	919.043128697753
YOR280C	350.875845308043	305.991262130212	306.949007087158	344.038960669297	276.431962886637	337.907509130435
YOR037W	383.770455805672	410.930573181279	405.246876426248	417.181101913951	394.558412143426	404.019847873346
YOR090C	754.748563084489	729.671471233583	739.088696823158	719.682550271469	793.938312011619	725.603322746272
YOR313C	58.4793075513406	103.95856982629	88.0971470491844	57.7913214772572	82.7688726084988	102.025214109431
YOL032W	409.355152859384	340.317204997384	438.631058465939	362.09874863094	292.50358863586	256.28733784289
YOR158W	575.655683708509	567.84916914549	599.060599934454	688.980910736676	740.098365751722	786.81845121193
YOR162C	254.019492176136	246.166047418857	233.689274277837	280.829702803547	275.628381599176	290.567809783659
YOL092W	2083.32533151651	2093.88251489745	2026.23438213124	1545.01486011855	1323.49838044852	1421.00718211615
YOL061W	2315.41508336089	2225.30183901747	2308.14525268863	2079.58458378318	1873.14798107195	1846.24827452426
YOR232W	2174.69924956548	2276.30038270584	2283.10711615886	2298.10801811906	2083.68627838677	2352.29333650704
YOR219C	899.119353601861	807.150027990913	829.040520652325	754.899136796673	646.079355118767	624.394310349716
YOR182C	4506.56163817518	4137.7472273313	4785.99343074569	3499.08391756831	2906.55351674699	3845.12626935623
YOL099C	5.48243508293818	11.7688946973159	16.6920910198455	6.32092578657501	8.83939416207268	8.97821884162991
YOR294W	1843.92566622821	1841.83202012993	1913.09909855229	1777.98612482374	1248.76532071463	1274.09087379857
YOR288C	367.323150556858	432.506880126358	439.558396855931	475.87541278929	462.862821577624	470.132186616257
YOR110W	588.448032235364	472.717270342187	540.638281364995	498.450147741344	486.970260201459	501.964053418399
YOR040W	148.025747239331	137.303771468685	136.318743328738	148.993250683554	153.48402590508	152.629720307708
YOL083W	104.166266575825	80.4207804316584	84.3877934892188	78.5600776331466	91.6082667705715	106.106222673808
YOL136C	1249.9951989099	1368.13400856297	1308.47446827789	1152.21447195282	1384.57055829557	1482.22231058181
YOL130W	2013.88115379929	2097.80547979655	1970.59407873176	1690.39615320977	1673.85982178158	1662.60288912728
YOL021C	1706.86478915475	1711.39343723468	1662.71773325461	1727.41871853114	1628.85926968376	1658.52188056291
YOL077W-A	473.316895493663	563.926204246385	565.676417894763	475.87541278929	662.15098086799	721.522314181895
YOR319W	268.639319063971	262.838648240054	280.056193777407	255.545999657247	227.413504351506	276.692380664776
YOR030W	380.115499083714	396.219454809634	374.644709556532	405.442239738883	426.701663641872	495.434439715396
YOR291W	562.863335181653	540.388414851753	562.894402724789	539.987660053122	535.988718736589	659.490984003361
YOL077C	3273.01374451409	3616.97363697507	3799.30538379483	3056.61911250806	2379.40419217247	3160.33303225373
YOR390W	62.1342642732993	50.9985436883687	56.5676417894763	51.4703956906822	45.0005520978246	71.8257507330393
YOL052C-A	25.5846970537115	30.402977968066	21.3287829698025	27.0896819424643	14.4644631743008	17.1402359703844
YOR123C	1639.24808979851	1679.02897681706	1684.04651622441	1629.89586353827	1608.76973749723	1382.64570161101
YOR013W	42.032002302526	45.1140963397108	37.0935355996566	41.5375123117786	36.1611579357519	26.1184548120143
YOR249C	387.425412527631	394.257972360081	445.122427195879	410.860176127376	405.004968880421	473.396993467759
YOR362C	1573.45886880326	1495.63036778389	1611.71412180508	1792.43395519306	1885.20170038387	1376.93228962088
YOL058W	400.217761054487	526.658037704885	532.292235855072	495.741179547097	642.061448681461	174.667166555346
YOR143C	599.412902401241	628.655125081622	663.046948843862	609.517843705447	554.471088348196	749.27317241966
YOR347C	204.677576429692	180.456385358843	202.159769018128	185.11282660684	191.252346415754	128.143668921445
YOL157C	34.7220888586085	27.460754293737	40.8028891596223	36.1195759232858	28.1253450611404	26.1184548120143
YOL057W	1251.82267727088	1264.17543873668	1251.90682648841	1337.32729855966	1319.48047401121	1398.96973586852
YOR321W	383.770455805672	402.103902158292	405.246876426248	393.703377563815	415.451525617416	445.646135229994
YOR015W	310.671321366497	267.742354363936	278.201516997424	252.837031463	231.431410788812	266.081758397396
YOR111W	213.814968234589	190.263797606606	234.616612667828	240.19517988985	217.770528901973	253.022530991388
YOL008W	316.153756449435	283.434213960357	277.274178607433	289.859596784368	262.771080999797	262.816951545894
YOR279C	266.811840702991	238.320117620646	245.744673347725	220.329413132043	232.234992076273	254.654934417139
YOR180C	65.7892209952581	75.5170743077768	73.2597328093218	63.2092578657501	85.1796164708822	79.9877678617937
YOL055C	259.501927259074	278.530507836475	299.530299967227	275.411766415054	299.73582022301	315.870062882798
snR5	25.5846970537115	30.402977968066	38.9482123796394	36.1195759232858	24.1074386238346	24.4860513862634
YOL139C	6383.38191490102	6778.88334565393	6661.99899369832	6030.16320039256	5261.85027029563	5724.02261239551
YOR287C	343.565931864126	426.6224327777	420.084290666111	363.001738029022	343.129209745912	536.244525359168
YOR198C	4499.25172473126	4930.18613695057	4794.33947625562	5097.3751521737	4782.11224168132	5186.14568361059
YOL054W	356.358280390982	325.606086625739	362.589310486643	418.987080710115	400.987062443115	355.863946813695
YOR012W	9.13739180489696	13.7303771468685	19.4741061898197	23.4777243501358	22.5002760489123	31.015665089267
YOR034C	570.17324862557	540.388414851753	559.185049164823	515.606946304904	486.166678913998	551.752357903802
YOR374W	266.811840702991	243.223823744528	237.398627837802	297.986501367108	557.68541349804	479.926607170762
YOR018W	533.623681405983	456.044669520989	434.921704905974	447.882741448744	396.96915600581	404.836049586221
YOL084W	140.715833795413	104.939311051066	106.643914849013	74.0451306427358	53.0363649724361	31.015665089267
YOR327C	729.163866030778	851.283383105847	861.497364302024	802.757574895026	734.473296739494	689.690447379752
YOR352W	237.572186927321	276.569025386923	280.056193777407	276.314755813136	243.485130100729	249.757724139887
YOR348C	137.060877073454	107.881534725395	114.062621968944	101.1348125852	181.609370966221	56.3179181884058
YOL115W	751.09360636253	711.037387962833	714.050560293389	677.242048561608	670.990375030063	790.899459776307
YOR066W	588.448032235364	485.466906264279	482.215962795536	428.016974690936	591.435827571409	519.104289388784
YOL096C	294.224016117682	286.376437634686	288.40223928733	282.635681599711	259.556755849952	216.293453911993
YOR020C	1670.31522193516	1684.91342416572	1884.35160846256	2665.62470313849	3134.77060238596	2686.11983707309
YOR133W	1694.0724406279	1591.74300781197	1454.06659550654	1225.35661319747	977.154845552762	883.946455044108
YOR356W	635.962469620829	687.499598568201	681.59371664369	761.220062583248	945.011594054316	871.703429350977
YOR208W	858.914829660314	867.955983927044	753.92611106302	783.794797535301	585.007177271719	547.671349339425
YOR357C	317.981234810414	302.068297231107	331.987143616927	318.755257522997	352.772185195446	345.253324546314
YOR276W	2395.82413124398	2565.61904401486	2742.13961920461	2206.00309951468	1782.34329558884	1982.55396057446
YOR247W	1807.37609900862	1678.04823559229	1506.92488373605	2140.08487345468	2685.56866269517	2009.48861709935
snR50	29.2396537756703	16.6726008211975	17.6194294098369	13.5448409712322	14.4644631743008	9.79442055450536
YOL047C	12.7923485268557	11.7688946973159	16.6920910198455	10.8358727769857	10.446556736995	9.79442055450536
YOR221C	676.166993562375	701.22997571507	672.320332743776	759.414083787083	716.794508415349	746.008365568158
YOR344C	2052.25819937986	1894.79204626785	1937.20989669207	1787.01601880456	1801.62924648791	1618.52799663201
YOR269W	277.776710868868	237.33937639587	223.488551987931	215.814466141632	249.913780400419	233.433689882378
YOR152C	255.846970537115	174.571938010185	170.63026375842	206.784572160811	172.769976804148	202.418024793111
YOR103C	813.22787063583	808.130769215689	769.690863692874	812.69045827393	769.027292100324	910.064909856123
YOR377W	732.818822752736	795.381133293597	764.126833352926	707.943688096401	502.238304663221	587.665233270321
YOR129C	252.192013815156	280.491990286028	247.599350127708	277.217745211218	300.539401510471	434.219311249737
YOL038C-A	5.48243508293818	7.84592979821057	6.4913687299399	15.3508197673965	18.4823696116065	23.6698496733879
YOR156C	243.054622010259	211.840104551685	231.834597497854	223.03838132629	294.110751210782	252.206329278513
YOR329C	683.476907006293	620.809195283411	567.531094674746	636.607525647912	689.472744641669	652.961370300357
YOL040C	21940.7052019186	21790.1085320803	21752.5766140286	18540.1783214226	17711.7351569313	16781.9234184321
YOL159C-A	56.6518291903612	61.7866971609083	49.148934669545	46.0524593021894	62.6793404219699	84.068776426171
YOR051C	2905.69059395723	3085.41189314631	3055.57999502171	2509.40753727028	2110.20446087299	2230.67928128859
YOR003W	126.096006907578	137.303771468685	145.592127228652	156.217165868211	170.359232941764	120.797853505566
YOR064C	193.712706263816	166.726008211975	195.668400288189	167.053038645197	192.859508990677	186.910192248477
YOR073W	226.607316761445	261.857907015278	219.779198427965	284.441660395875	348.75427875814	348.518131397816
YOR201C	529.968724684024	526.658037704885	455.323149485785	546.308585839697	659.740237005607	501.964053418399
YOR065W	1217.10058841228	1173.94724605726	1177.7197552891	1051.07965936762	1771.89673885184	1250.42102412518
YOR045W	480.62680893758	476.640235241292	551.766342044892	469.554487002715	401.790643730577	411.365663289225
YOL018C	411.182631220363	452.121704621884	459.03250304575	487.614274964358	432.3267326541	443.197530091367
YOL133W	285.086624312785	268.723095588712	285.620224117356	322.367215115326	292.50358863586	321.583474872926
YOR087W	467.834460410724	453.10244584666	457.177826265768	479.487370381619	537.595881311511	623.578108636841
YOL028C	252.192013815156	314.817933153199	310.658360647124	295.277533172861	331.075490433995	280.773389229154
YOL086C	63013.2813649304	60384.2372094781	57263.1455819699	49427.8336722204	44131.0771447916	32312.609611026
YOL108C	312.498799727476	310.894968254094	276.346840217442	263.672904239986	245.895873963113	206.499033357488
YOL023W	312.498799727476	296.183849882449	317.149729377064	343.135971271215	405.004968880421	426.057294120983
YOR165W	1666.66026521321	1809.46755971231	1770.28898649361	1796.94890218347	1681.09205336873	1895.22037729679
YOL068C	988.665793289851	1051.35459296022	1034.90964323042	1126.93076880652	1107.33501412147	1249.60482241231
YOR138C	520.831332879127	472.717270342187	499.835392205373	486.711285566276	495.00607307607	404.019847873346
YOR016C	665.202123396499	632.578089980727	660.264933673887	596.875992132297	604.293128170787	691.322850805503
YOL121C	7225.84943931252	6324.8001585825	6676.83640793819	5544.35490422437	4880.95274003904	4264.65394977421
YOL126C	360.01323711294	311.87570947887	337.551173956875	291.665575580533	387.326180556276	185.277788822726
YOR080W	449.559676800931	522.735072805779	459.959841435742	509.286020518329	471.702215739697	555.833366468179
YOR028C	158.990617405207	157.899337188988	159.502203078523	126.4185157315	118.12644925679	127.32746720857
YOR109W	826.020219162685	801.265580642255	817.912459972428	884.929610120501	931.350712167476	1013.7225273913
YOL093W	714.544039142942	806.169286766136	828.113182262333	823.526331050916	769.830873387785	693.771455944129
YOR147W	588.448032235364	581.579546292359	582.368508914609	482.196338575865	475.720122177003	653.777572013233
YOR254C	3009.85686053306	3118.7570947887	3088.9641770614	2894.98401025135	2737.80144638015	3315.41135770006
YOL080C	930.186485738511	942.492317010045	1022.85424416053	868.675800955023	637.239960956694	841.503965974585
YOR161W-B	25.5846970537115	10.7881534725395	12.9827374598798	23.4777243501358	30.5360889235238	16.3240342575089
YOR136W	1787.27383703785	1540.7444641236	1639.53427350482	2716.19210943109	3252.09347035529	2366.16876562592
YOR192C-C	7.30991344391757	8.82667102298689	10.2007222899056	11.7388621750679	5.62506901222807	9.79442055450536
YOR205C	376.460542361755	436.429845025463	445.122427195879	474.069433993126	620.36475392001	646.431756597353
YOR305W	352.703323669023	339.336463772607	384.845431846437	403.636260942719	447.594777115862	495.434439715396
YOR195W	524.486289601086	617.866971609082	580.513832134626	704.331730504073	751.348503776178	997.398493133795
YOL123W	2850.86624312785	2955.95405147583	2979.53824704242	2666.52769253657	2385.83284247216	2523.69569621088
YOR097C	171.782965932063	148.091924941225	175.266955708377	186.015816004922	235.449317226118	190.174999099979
YOL086W-A	129.750963629537	137.303771468685	160.429541468515	155.314176470129	178.395045816376	136.3056860502
YOR337W	572.00072698655	564.906945471161	486.852654745493	615.838769492022	708.758695540737	749.27317241966
YOL100W	462.352025327786	503.120248310253	496.126038645407	502.965094731754	520.720674274827	522.369096240286
YOR289W	82.2365262440726	72.5748506334478	103.861899679038	83.9780140216394	81.1617100335765	57.9503216141567
YOR304W	968.563531319078	1107.25684277247	994.106754070797	1068.23645793118	1055.90581172396	1212.05954362004
YOL163W	31.0671321366497	43.1526138901581	48.2215962795536	53.2763744868465	45.8041333852857	40.8100856437723
YOR077W	85.8914829660314	89.2474514546453	80.6784399292531	92.1049186043787	94.8225919204161	76.722961010292
YOR074C	299.70645120062	303.049038455883	309.731022257133	376.546579000254	419.469432054722	401.57124273472
YOR117W	1611.83591438382	1832.02460788217	1776.78035522355	2043.46500785989	2135.11548078428	2082.94677125814
YOL066C	349.048366947064	400.142419708739	376.499386336514	444.270783856415	457.237752565396	452.991950645873
YOR151C	2633.3963181713	2921.62810860866	2742.13961920461	2945.55141654395	2974.05434489373	3032.18936333228
YOR187W	2359.2745640244	2589.15683340949	2615.09425977579	2532.88526162041	3177.3604106214	2957.91500746062
YOL001W	307.016364644538	339.336463772607	312.513037427107	299.792480163272	275.628381599176	319.1348697343
YOR005C	323.463669893352	287.357178859462	287.474900897339	311.53134233834	282.860613186326	281.589590942029
YOR355W	1553.35660683248	1627.04969190392	1580.18461654537	1522.4401251665	1783.1468768763	2127.02166375341
YOR290C	882.672048353046	1003.29827294618	911.573637361561	1040.24378659063	1150.72840364437	1054.53261303508
YOR047C	990.493271650831	895.416738220781	838.313904552239	819.914373458587	891.171647794419	898.638085875866
YOL014W	975.873444762996	1141.58278563964	1214.81329088875	937.302995209266	587.417921134103	257.103539555766
YOR244W	476.971852215621	430.545397676805	453.468472705802	461.427582419976	470.095053164775	494.61823800252
YOL102C	396.562804332528	304.02977968066	335.696497176892	329.591130299983	342.325628458451	346.885727972065
YOL060C	575.655683708509	550.195827099516	510.96345288527	609.517843705447	822.867238360221	669.285404557866
YOL041C	2476.23317912708	2653.88575424473	2481.55753161703	2476.89991893932	2106.18655443568	2964.44462116362
YOL116W	341.738453503146	390.335007460976	370.935355996566	381.964515388747	386.522599268815	330.561693714556
YOR353C	381.942977444693	440.352809924568	372.790032776549	421.696048904361	425.09450106695	519.920491101659
YOR299W	1021.56040378748	804.207804316584	873.552763371913	874.093737343516	745.72343476395	600.724460676328
YOR366W	20.1022619707733	7.84592979821057	15.7647526298541	11.7388621750679	9.64297544953384	8.97821884162991
YOR096W	16940.724406279	17804.3761945893	17261.4767913002	13553.870865213	10721.3815373067	12874.7658188973
YOR148C	252.192013815156	234.397152721541	245.744673347725	249.225073870672	232.234992076273	241.595707011132
YOR301W	285.086624312785	301.087556006331	277.274178607433	379.255547194501	398.576318580732	269.346565248897
YOR257W	557.380900098715	491.351353612937	500.762730595364	485.808296168194	443.576870678557	492.169632863894
YOR223W	146.198268878351	174.571938010185	176.194294098369	204.075603966565	177.591464528915	132.224677485822
YOR076C	418.492544664281	431.526138901581	412.66558354618	418.987080710115	470.095053164775	573.789804151439
YOR061W	1995.6063701895	2040.92248875952	1997.48689204151	1892.66577838017	1835.37966056127	1898.48518414829
YOR025W	222.952360039486	320.702380501857	284.692885727364	316.046289328751	364.825904507364	320.76727316005
YOR371C	330.77358333727	369.739441740673	343.115204296823	372.031632009843	411.43361918011	383.61480505146
YOL140W	396.562804332528	463.8905993192	442.340412025905	367.516685019433	341.52204717099	365.6583673682
YOL062C	1120.24423528037	1109.21832522202	1169.37370977917	1127.8337582046	1055.90581172396	1070.04044557971
YOR292C	254.019492176136	227.531964148107	225.343228767914	191.433752393415	195.27025285306	187.726393961353
YOR027W	2993.40955528424	2478.33307500976	2715.24680589486	4126.6615492354	5959.35882781191	4704.58667301407
YOL103W-B	12.7923485268557	9.80741224776321	19.4741061898197	10.8358727769857	15.2680444617619	4.89721027725268
YOR192C-B	49.3419157464436	50.0178024635924	58.4223185694591	52.3733850887644	51.4292023975138	58.7665233270321
YOR343W-B	104.166266575825	115.727464523606	138.173420108721	143.575314295061	136.608818868396	116.716844941189
YGL087C	270.46679742495	294.222367432896	286.547562507347	350.359886455872	368.843810944669	314.237659457047
YGL156W	148.025747239331	152.01488984033	136.318743328738	179.694890218347	217.770528901973	246.492917288385
RME2	760.230998167427	626.693642632069	589.78721603454	555.338479820519	627.596985507161	586.849031557446
YGR251W	456.869590244848	425.641691552924	464.596533385699	415.375123117786	364.022323219902	343.620921120563
YGR162W	5815.03614463643	6253.20604917383	5981.33261544463	5566.92963917642	5352.65495577874	5688.92593874186
YGR005C	961.25361787516	1010.16346151961	1044.18302713033	1019.47503043474	932.154293454938	861.909008796471
YGL160W	692.61429881119	699.268493265517	679.739039863707	699.816783513662	781.884592699702	839.055360835959
snR46	29.2396537756703	23.5377893946317	33.3841820396909	18.962777359725	12.8573005993784	30.1994633763915
YGL211W	701.751690616087	734.575177357465	763.199494962934	751.287179204344	659.740237005607	603.98926752783
YGR141W	299.70645120062	303.049038455883	317.149729377064	286.24763919204	270.806893874409	211.396243634741
YGL097W	1288.37224449047	1487.78443798568	1469.83134813639	1461.93983549499	1348.40940035981	1185.12488709515
YGR030C	164.473052488145	184.379350257948	196.59573867818	194.142720587661	183.216533541143	328.929290288805
YGR142W	3713.43602951013	2203.72553207239	2931.31665076286	1645.24668330567	1401.44576533225	752.537979271161
YGR186W	1405.33085959315	1437.76663552209	1338.14929675761	1367.12594869637	1314.65898628645	1381.01329818526
YGR181W	352.703323669023	380.527595213213	384.845431846437	402.733271544636	387.326180556276	420.343882130855
YGL081W	21.9297403317527	31.3837191928423	36.1661972096652	26.1866925443822	27.3217637736792	37.5452787922705
YGR082W	955.771182792222	962.107141505571	1009.87150670065	1059.20656395036	1051.88790528665	1015.35493081706
YGL028C	2242.31594892171	2234.12851004046	1851.89476481286	2002.8304849462	2654.22899248419	2704.07627475635
YGL021W	639.617426342787	777.727791247623	645.427519434025	847.004055401051	937.779362467166	1118.19634663936
YGL110C	561.035856820673	513.908401782792	493.344023475433	516.509935702987	501.43472337576	542.774139062172
YGR167W	1516.8070396129	1527.99482820151	1464.26731779644	1586.55237243033	1667.43117148189	1532.82681678009
YGL017W	434.939849913095	378.56611276366	374.644709556532	391.897398767651	345.539953608296	338.72371084331
YGR156W	217.469924956548	232.435670271988	227.197905547897	266.381872434233	250.71736168788	262.816951545894
YGR197C	248.537057093197	198.109727404817	189.177031558249	182.403858412593	167.948489079381	169.769956278093
YGR041W	506.211505991292	509.004695658911	451.613795925819	436.143879273676	486.166678913998	488.088624299517
YGL079W	206.505054790671	197.128986180041	210.505814528051	236.583222297522	264.378243574719	208.131436783239
YGL107C	476.971852215621	539.407673626977	508.181437715295	497.547158343262	582.596433409336	728.868129597774
YGL168W	27.4121754146909	16.6726008211975	19.4741061898197	19.8657667578072	12.8573005993784	25.3022530991388
YGL228W	1233.54789366109	1402.45995143014	1339.0766351476	1284.95391347089	1333.94493718551	1170.43325626339
YGR183C	478.799330576601	498.216542186371	526.728205515124	423.502027700526	604.293128170787	689.690447379752
YGL050W	548.243508293818	509.985436883687	527.655543905115	556.241469218601	484.559516339075	515.023280824407
YGR086C	3530.68819341219	3686.60626393419	3830.83488905453	3603.83068774584	4355.41057803945	3808.39719227683
YGL145W	623.170121093973	702.210716939846	704.777176393475	765.735009573658	717.59808970281	999.847098272422
YGR098C	299.70645120062	394.257972360081	331.059805226935	421.696048904361	532.774393586745	605.621670953581
YGR074W	332.601061698249	354.047582144252	370.008017606575	351.262875853954	347.147116183218	324.848281724428
YGL098W	312.498799727476	333.452016423949	335.696497176892	347.650918261626	324.646840134306	360.761157090947
YGL096W	137.060877073454	154.957113514659	168.775586978438	104.746770177529	60.2685965595865	29.3832616635161
YGR172C	612.205250928096	597.27140588878	612.043337394334	586.943108753394	577.774945684569	667.653001132115
YGR194C	321.636191532373	263.81938946483	253.163380467656	255.545999657247	293.307169923321	245.676715575509
YGL026C	1730.62200784748	1822.21719563441	1706.3026375842	1663.30647126731	1674.66340306904	1490.38432771057
YGL213C	756.576041445468	736.536659807017	757.635464622986	704.331730504073	746.527016051411	894.557077311489
YGL248W	637.789947981808	608.059559361319	632.444781974145	572.495278384079	512.684861400216	401.57124273472
YGL075C	127.923485268557	119.650429422711	125.190682648841	122.806558139172	144.644631743008	129.776072347196
YGL256W	710.889082420984	761.055190426425	765.981510132909	673.63009096928	669.383212455141	687.241842241126
YGL012W	2171.04429284352	2187.0529312512	2247.86825733919	2105.77127632756	2241.18821072916	2272.30556864524
YGL082W	809.572913913871	765.958896550307	808.639076072514	719.682550271469	707.151532965815	695.40385936988
YGR161C	778.505781777221	491.351353612937	573.095125014694	614.93578009394	589.025083709025	301.994633763915
YGR274C	732.818822752736	767.92037899986	700.140484443518	769.346967165987	834.920957672138	936.183364668137
YGL037C	2044.94828593594	1727.0852968311	1803.6731685333	1377.05883207527	1348.40940035981	808.855897459567
YGL252C	1251.82267727088	1244.56061424115	1260.25287199833	1218.13269801281	1111.35292055877	1157.37402885738
YGL250W	127.923485268557	101.016346151961	108.498591628996	114.679653556432	125.35868084394	93.8631969806763
YGR260W	2962.34242314759	2622.50203505188	2559.45395637631	2059.71881702537	1938.2380653563	1959.70031261395
YGR159C	7987.90791584092	7839.06460963714	7437.25388773115	6478.94893123939	5409.70922718848	5875.01992927746
YGR006W	109.648701658764	96.1126400280795	91.8065006091501	109.261717167939	137.412400155857	102.025214109431
YGL121C	31.0671321366497	41.1911314406055	45.4395811095793	35.2165865252036	18.4823696116065	18.7726393961353
YGL040C	1091.0045815047	1130.7946321671	1124.86146705959	1210.90878282816	1234.30085754033	1071.67284900546
YGR130C	1410.81329467609	1343.61547794356	1292.70971564803	1156.72941894323	1218.22923179111	1067.59184044108
YGR021W	370.978107278817	312.856450703647	315.295052597081	369.322663815597	414.647944329955	239.963303585381
YGR097W	1112.93432183645	1258.29099138802	1184.21112401904	1300.30473323829	1182.06807385536	1046.37059590632
YGL170C	18.2747836097939	11.7688946973159	12.9827374598798	9.02989398082144	13.6608818868396	15.5078325446335
YGL166W	243.054622010259	271.665319263041	259.654749197596	247.419095074508	258.753174562491	146.91630831758
YGL104C	246.709578732218	221.647516799449	211.433152918043	230.262296510947	224.199179201662	208.131436783239
YGR149W	712.716560781963	812.053734114794	793.801661832651	674.533080367362	537.595881311511	475.845598606385
YGR195W	816.882827357788	820.880405137781	880.971470491844	825.33230984708	765.009385663018	724.787121033396
YGR250C	2923.96537756703	2401.83525947721	2495.4676074669	2080.48757318126	1780.73613301392	1114.11533807498
YGL155W	650.582296508664	592.367699764898	667.683640793819	636.607525647912	658.133074430684	650.512765161731
YGL216W	281.431667590826	337.374981323055	260.582087587588	324.17319391149	413.844363042494	383.61480505146
YGR029W	332.601061698249	366.797218066344	385.772770236429	406.345229136965	397.772737293271	297.913625199538
YGL125W	456.869590244848	410.930573181279	421.938967446094	484.002317372029	466.077146727469	394.225427318841
YGR038W	438.594806635054	410.930573181279	381.136078286472	401.830282146554	450.809102265707	438.300319814115
YGR008C	1494.87729928114	1350.48066651699	1487.45077754623	963.489687753648	597.060896583637	286.486801219282
YGR248W	62.1342642732993	78.4592979821057	85.3151318792102	52.3733850887644	28.9289263486015	22.037446247637
YGL094C	767.540911611345	835.591523509426	832.749874212291	902.989398082144	1001.2622841766	1065.95943701533
YGR131W	186.402792819898	182.417867808396	199.377753848154	172.47097503369	134.198075006013	84.068776426171
YGR163W	643.272383064746	629.635866306398	625.953413244205	649.249377221062	589.025083709025	667.653001132115
YGR125W	696.269255533148	719.86405898582	646.354857824016	754.899136796673	706.347951678354	832.525747132955
YGR279C	3813.94733936399	3462.01652346041	3216.93687488022	3287.78439841709	3375.04140733684	2959.54741088637
YGL022W	2189.31907645331	2289.05001862793	2195.93730749967	2217.74196168975	2383.42209860978	1920.52263039593
YGR271W	654.237253230622	680.634409994767	668.61097918381	663.697207590376	725.633902577421	764.781004964293
YGL025C	286.914102673765	240.281600070199	245.744673347725	309.725363542176	302.950145372855	231.801286456627
YGL176C	400.217761054487	331.490533974397	327.350451666969	299.792480163272	351.165022620524	380.349998199958
YGR031W	241.22714364928	210.859363326909	238.325966227794	232.971264705193	265.985406149642	201.601823080235
YGL102C	31.0671321366497	10.7881534725395	9.27338389991415	4.51494699041072	3.21432514984461	5.71341199012812
YGR182C	352.703323669023	403.084643383068	380.20873989648	344.941950067379	458.844915140318	469.315984903382
YGR025W	7.30991344391757	12.7496359220922	6.4913687299399	6.32092578657501	9.64297544953384	27.7508582377652
YGL113W	299.70645120062	351.105358469923	334.769158786901	374.74060020409	400.183481155654	426.057294120983
YGR188C	146.198268878351	152.995631065106	120.553990698884	166.150049247115	173.573558091609	220.374462476371
YGL162W	118.78609346366	200.07120985437	153.938172738575	178.791900820265	164.734163929536	174.667166555346
YGL084C	705.406647338045	724.767765109702	773.40021725284	744.063264019687	802.777706173692	916.594523559126
snR10	25.5846970537115	17.6533420459738	19.4741061898197	24.3807137482179	18.4823696116065	9.79442055450536
YGL196W	1196.9983264415	1206.31170647488	1291.78237725804	1060.10955334844	869.474953032968	639.90214289435
RME3	113.303658380722	99.0548637024085	97.3705309490986	86.6869822158859	60.2685965595865	93.0469952678009
YGR230W	91.3739180489696	108.862275950172	134.464066548755	101.1348125852	98.8404983577218	95.4956004064272
YGR084C	433.112371552116	492.332094837713	483.143301185527	545.405596441615	648.490098981151	673.366413122243
YGL222C	124.268528546599	120.631170647488	136.318743328738	148.993250683554	138.215981443318	97.9442055450536
YGR166W	606.722815845158	656.115879375359	565.676417894763	637.510515045994	577.774945684569	635.004932617097
YGR152C	480.62680893758	437.410586250239	505.399422545321	501.15911593559	535.988718736589	600.724460676328
YGL210W	403.872717776446	379.546853988436	367.2260024366	385.576472981076	427.505244929333	378.717594774207
YGR157W	2812.48919754728	2725.4798636534	2514.94171365672	2701.74427906178	2641.37169188481	3217.46715215501
YGL240W	80.4090478830933	74.5363330830004	52.8582882295106	80.3660564293108	73.9294784464261	53.053111336904
YGR085C	4418.84267684817	4203.45688939131	4593.10704562748	3939.7427438324	3477.09623084441	3633.73002572149
YGR237C	902.77431032382	750.267036953886	739.088696823158	692.592868329005	477.327284751925	419.527680417979
YGL146C	14.6198268878351	16.6726008211975	17.6194294098369	17.1567985635607	29.7325076360627	33.4642702278933
YGL153W	272.294275785929	275.588284162146	264.291441147553	292.568564978615	305.360889235238	279.140985803403
YGR075C	98.6838314928872	137.303771468685	114.062621968944	102.037801983282	126.965843418862	170.586157990968
YGL169W	734.646301113716	920.916010064966	868.916071421956	906.601355674473	826.081563510065	870.071025925226
YGR187C	1472.94755894939	1496.61110900867	1553.29180323562	1399.63356702732	1273.67634062593	1755.64988439509
YGL167C	1641.07556815949	1766.31494582215	1701.66594563425	1640.73173631526	1509.92923913951	1686.27273880067
YGR050C	40.2045239415466	32.3644604176186	39.8755507696308	26.1866925443822	25.7146011987569	40.8100856437723
YGR217W	464.179503688766	555.099533223398	531.364897465081	570.689299587915	552.060344485812	638.269739468599
YGR068C	179.09287937598	178.494902909291	188.249693168257	204.075603966565	251.520942975341	220.374462476371
YGR177C	573.828205347529	650.231432026701	555.475695604857	563.465384403258	543.22095032374	607.254074379332
YGL068W	1021.56040378748	975.83751865244	1015.4355370406	1144.08756737008	1093.67413223463	905.983901291745
YGL018C	157.163139044228	182.417867808396	188.249693168257	188.724784199168	183.216533541143	155.89452715921
YGL188C	202.850098068713	195.167503730488	195.668400288189	154.411187072047	212.949041177206	213.844848773367
YGR126W	201.022619707733	183.398609033172	147.446804008635	142.672324896979	147.055375605391	122.430256931317
YGL065C	557.380900098715	562.945463021608	517.45482161521	601.390939122708	580.989270834414	693.771455944129
YGL014W	1593.56113077403	1642.74155150034	1533.8176970458	1452.00695211609	1601.53750591008	1816.04881114787
YGL100W	910.084223767737	1054.29681663455	1041.40101196036	1055.59460635803	1002.06586546406	950.874995499895
YGR288W	140.715833795413	109.843017174948	133.536728158764	137.254388508486	101.251242220105	99.5766089708045
YGL174W	177.265401015001	171.629714335856	146.519465618644	212.202508549304	181.609370966221	200.78562136736
YGR211W	3428.34940519734	2960.85775759971	3188.18938479048	2979.86501367108	2999.76894609248	2756.31318438038
YGL204C	38.3770455805672	62.7674383856846	52.8582882295106	35.2165865252036	61.0721778470476	56.3179181884058
YGR270W	1089.17710314372	1263.1946975119	1108.16937603974	1226.25960259555	1261.62262131401	1242.25900699643
YGR204W	3896.18386560806	3773.89223293928	3579.52618536686	3715.80137310802	4001.83481155654	2538.38732704264
YGR266W	559.208378459694	557.061015672951	510.036114495278	645.637419628733	638.847123531617	746.824567281033
YGL070C	546.416029932838	541.369156076529	612.970675784325	538.181681256958	510.274117537832	589.297636696072
YGL225W	3442.96923208518	3500.26543122669	3291.12394607953	2883.24514807629	2736.19428380523	2877.11103788595
YGL120C	3135.95286744064	3265.86827850515	3207.6634909803	3251.6648224938	2655.83615505911	3039.53517874816
YGR252W	497.074114186395	527.638778929661	524.873528735141	507.480041722165	499.827560800837	497.066843141147
YGL106W	1419.95068648099	1331.84658324624	1429.02845897677	1336.42430916157	1289.74796637515	840.68776426171
YGR284C	1304.81954973929	1358.32659631521	1283.43633174812	1525.14909336074	1686.71712238096	2056.82831644612
YGR032W	762.058476528407	666.904032847899	636.154135534111	1054.69161695994	1049.47716142427	1199.00031621403
YGR174C	171.782965932063	152.995631065106	156.720187908549	167.956028043279	160.716257492231	124.878862069943
YGR208W	1069.07484117294	1082.73831215306	1081.27656272999	1067.33346853309	903.225367106336	930.469952678009
YGL016W	747.438649640571	804.207804316584	684.375731813664	775.667892952562	714.383764552965	928.021347539383
YGR255C	495.246635825415	474.67875279174	548.984326874918	546.308585839697	566.524807660113	591.746241834699
YGL194C	186.402792819898	172.610455560633	189.177031558249	195.948699383825	174.37713937907	183.645385396975
YGR091W	354.530802030002	381.508336437989	376.499386336514	393.703377563815	453.21984612809	467.683581477631
YGR200C	1701.38235407181	2034.05730018609	1928.86385118214	1871.89702222429	1695.55651654303	2124.57305861479
YGR191W	2207.59386006311	2133.1121638885	2043.85381154108	1968.51688781907	1881.18379394656	2138.44848773367
YGL227W	438.594806635054	349.14387602037	348.679234636772	388.285441175322	349.557860045602	312.605256031296
YGR081C	635.962469620829	688.480339792978	684.375731813664	670.018133376951	679.026187904674	897.005682450116
YGL243W	360.01323711294	368.758700515897	376.499386336514	363.001738029022	368.040229657208	381.982401625709
YGL194C-A	85.8914829660314	69.6326269591188	119.626652308893	98.4258443909537	97.2333357827995	119.165450079815
YGR148C	13579.9917004379	13446.9429329081	13918.4218953811	11321.6810731539	10050.3911622766	10049.8916906354
YGL136C	285.086624312785	277.549766611699	278.201516997424	293.471554376697	293.307169923321	253.838732704264
YGR276C	915.566658850675	1010.16346151961	904.154930241629	969.810613540223	902.421785818875	968.015231470279
YGL129C	562.863335181653	591.386958540122	623.171398074231	631.189589259419	757.777154075867	820.282721439824
YGR053C	56.6518291903612	82.382262881211	68.6230408593647	67.7242048561608	42.5898082354411	40.8100856437723
YGL224C	590.275510596344	682.59589244432	673.247671133767	586.040119355312	562.506901222807	688.058043954001
YGL020C	917.394137211655	819.899663913005	942.175804231278	871.384769149269	810.009937760842	864.357613935098
YGL177W	14.6198268878351	10.7881534725395	7.41870711993132	21.6717455539715	12.8573005993784	7.34581541587902
YGL189C	19937.7889182852	18899.8641426645	20984.7404271157	15976.5914202674	14286.0681284844	13053.513994017
YGR122W	334.428540059229	351.105358469923	336.623835566884	341.329992475051	302.146564085394	308.524247466919
YGL003C	440.422284996034	349.14387602037	341.260527516841	347.650918261626	418.665850767261	330.561693714556
YGR210C	1482.08495075429	1317.1354648746	1418.82773668686	1305.72266962678	1421.53529751878	1154.10922200588
YGR079W	372.805585639796	403.084643383068	302.312315137201	372.934621407926	555.274669635657	674.182614835119
YGL115W	1078.21223297784	1070.96941745574	1126.71614383957	1037.53481839638	967.511870103228	1015.35493081706
YGL105W	6156.77459813957	6630.79142071271	6423.67302747053	6143.93986455091	5697.39132809958	4986.1762639561
YGR026W	1120.24423528037	1155.31316278651	1204.61256859885	1213.6177510224	1173.22867969328	1389.17531531401
YGR087C	12.7923485268557	9.80741224776321	12.9827374598798	10.8358727769857	8.03581287461153	4.08100856437723
YGR278W	233.917230205362	322.66386295141	296.748284797253	315.143299930668	342.325628458451	360.761157090947
YGR042W	312.498799727476	291.280143758567	303.239653527193	325.979172707654	306.96805181016	270.978968674648
YGR043C	42.032002302526	42.1718726653818	57.4949801794677	50.5674062926001	37.7683205106742	36.7290770793951
YGR110W	104.166266575825	99.0548637024085	103.861899679038	111.067695964104	155.091188480003	121.614055218442
YGR089W	1193.34336971954	1222.0035660713	1139.69888129945	1144.08756737008	1172.42509840582	1407.94795471015
YGL158W	21.9297403317527	29.4222367432896	22.256121359794	15.3508197673965	11.2501380244561	25.3022530991388
YGR262C	577.483162069488	566.868427920714	599.987938324445	639.316493842158	597.864477871098	507.677465408528
YGL200C	2171.04429284352	2113.49733939297	2229.32148953936	2186.13733275687	2247.61686102885	1731.9800347217
YGL117W	186.402792819898	224.589740473778	232.761935887845	186.015816004922	253.931686837724	209.76384020899
YGL186C	1120.24423528037	958.184176606466	956.085880081149	929.176090626527	933.76145602986	964.750424618778
YGR010W	250.364535454177	296.183849882449	287.474900897339	308.822374144093	335.896978158762	327.296886863054
YGR198W	974.045966402016	1025.85532111603	947.739834571226	1057.40058515419	1108.94217669639	1377.74849133375
YGR137W	169.955487571083	186.340832707501	169.702925368429	172.47097503369	175.180720666531	183.645385396975
YGL058W	734.646301113716	693.384045916859	709.413868343432	698.010804717498	709.562276828198	549.303752765175
YGL226W	116.958615102681	129.457841670474	125.190682648841	132.739441518075	146.25179431793	120.797853505566
YGL055W	11560.6281115556	13590.1311517255	12359.5660618056	12993.114449004	11859.2526403517	9852.37087611951
YGL184C	67.6166993562375	121.611911872264	98.29786933909	179.694890218347	160.716257492231	167.321351139466
YGL151W	858.914829660314	824.803370036886	867.061394641973	819.914373458587	809.206356473381	957.404609202899
YGR101W	352.703323669023	352.086099694699	350.533911416755	405.442239738883	445.184033253479	417.079075279353
YGL230C	10.9648701658764	9.80741224776321	6.4913687299399	4.51494699041072	11.2501380244561	12.2430256931317
YGR103W	7903.84391123587	8414.75970858084	8306.1699591531	6750.74874006211	4545.85934316774	5667.7046942071
YGR096W	115.131136741702	97.0933812528558	101.079884509064	88.4929610120501	97.2333357827995	71.0095490201638
YGR112W	336.256018420208	328.548310300068	324.568436496995	365.710706223268	359.200835495135	257.919741268641
YGL013C	617.687686011035	660.038844274464	638.936150704085	750.384189806262	904.832529681258	886.395060182735
YGL076C	10981.3174711252	10373.2999344592	10623.5885957416	8707.52676570612	7915.27568149236	7371.11766897816
YGR067C	47.5144373854642	47.0755787892634	42.6575659396051	50.5674062926001	70.7151532965815	54.6855147626549
YGR094W	9965.23950242063	10366.4347458857	10028.2373493672	9140.05868738747	8010.09827341277	8108.14781570468
YGL226C-A	698.096733894128	689.461081017754	644.500181044033	644.734430230651	638.847123531617	786.002249499055
YGR175C	8897.99213960866	9165.02674553472	8975.7082767269	7886.70940284945	7286.87511469774	6808.75468880697
YGL008C	65195.2905279398	64578.8674278464	57984.6148493832	49137.974075436	48079.8755913757	45945.6268211846
YGR108W	597.585424040261	699.268493265517	688.08508537363	606.808875511201	713.580183265504	805.591090608066
YGR218W	1911.54236558444	2130.16994021417	2025.30704374125	1942.33019527469	1992.0780116162	2404.53024613106
YGR205W	129.750963629537	124.554135546593	132.609389768772	84.8810034197216	98.0369170702607	113.452038089687
YGL073W	646.927339786705	601.194370787885	617.607367734282	756.705115592837	821.260075785299	819.466519726948
YGL009C	13651.2633565161	16510.7785191094	14302.3399888376	16570.7584442054	13364.3603917664	13477.1226829994
YGL095C	687.131863728251	676.711445095662	669.538317573802	688.077921338594	706.347951678354	794.164266627809
YGL137W	2414.09891485378	2634.2709297492	2430.5539201675	2540.10917680507	2491.10199112957	2449.42134033921
YGR105W	573.828205347529	634.53957243028	594.423907984497	545.405596441615	492.595329213687	534.612121933417
YGR001C	1160.44875922191	1135.69833829098	1120.22477510963	1082.68428830049	920.904155430482	1052.90020960933
YGL173C	2026.67350232615	2362.60561048616	2178.31787808983	2542.81814499932	2697.62238200709	2788.9612528954
YGL086W	612.205250928096	742.421107155675	612.970675784325	708.846677494483	702.330045241048	915.778321846251
YGR223C	354.530802030002	292.260884983344	326.423113276978	316.949278726833	312.593120822389	288.935406357908
YGR077C	493.419157464436	505.081730759806	455.323149485785	521.024882693397	564.11406379773	629.291520626969
YGL052W	21.9297403317527	11.7688946973159	10.2007222899056	8.1269045827393	9.64297544953384	9.79442055450536
YGR285C	7499.97119345943	7971.46467498194	7821.17198118759	6786.8683159854	6178.73651928881	5351.8346313243
YGL080W	314.326278088455	315.798674377975	322.713759717012	331.397109096147	323.843258846845	433.403109536862
YGL207W	1909.71488722346	2116.4395630673	1953.90198771191	2108.48024452181	2315.92127046304	2619.19129661731
YGR261C	835.157610967582	885.609325973018	955.158541691157	920.146196645705	885.546578782191	1053.7164113222
YGL140C	1003.28562017769	1032.72050968947	910.646298971569	968.004634744059	905.63611096872	1030.04656164881
YGL078C	3770.08785870049	3857.25523704527	3861.43705592425	3525.27061011269	2674.31852467072	3420.701378661
YGR150C	667.029601757478	677.692186320438	656.555580113922	734.130380640783	765.812966950479	989.236476005041
YGR196C	396.562804332528	324.625345400962	382.990755066454	416.278112515869	359.200835495135	380.349998199958
YGL197W	769.368389972324	814.015216564347	729.815312923243	783.794797535301	699.115720091203	637.453537755724
YGR136W	964.908574597119	885.609325973018	911.573637361561	978.840507521045	961.083219803539	954.139802351397
YGR153W	113.303658380722	87.2859690050926	82.5331167092359	113.77666415835	119.733611831712	147.732510030456
YGL159W	383.770455805672	381.508336437989	437.703720075948	372.934621407926	351.968603907985	477.478002032136
YGR286C	564.690813542632	491.351353612937	510.96345288527	470.457476400797	540.006625173895	421.976285556606
YGL254W	230.262273483403	182.417867808396	212.360491308034	214.91147674355	230.627829501351	247.30911900126
YGR023W	676.166993562375	487.428388713832	477.579270845579	384.673483582993	310.182376960005	161.607939149338
YGL063W	148.025747239331	135.342289019132	148.374142398626	130.933462721911	172.769976804148	79.1715661489183
YGL154C	122.441050185619	140.245995143014	125.190682648841	130.030473323829	110.894217669639	123.246458644192
YGL035C	504.384027630312	501.1587658607	496.126038645407	385.576472981076	622.775497782394	595.0110486862
YGR009C	720.026474225881	627.674383856846	723.323944193304	706.137709300237	732.062552877111	706.014481637261
YGR034W	13625.6786594623	13406.7325426923	14354.2709386771	11318.9721049597	9149.57653903269	9103.09770369985
YGL064C	261.329405620053	284.414955185133	250.381365297682	321.464225717243	333.486234296379	399.938839308969
YGR118W	12403.0956359671	11916.9866222571	12686.9165134725	10168.563611803	8325.90571938501	7658.42067191031
YGR277C	458.697068605827	474.67875279174	497.98071542539	576.107235976408	574.560620534725	454.624354071624
YGR232W	376.460542361755	327.567569075291	302.312315137201	334.106077290393	355.18292905783	339.539912556186
YGR227W	579.310640430467	570.791392819819	601.842615104428	616.741758890105	647.686517693689	764.781004964293
YGL142C	688.959342089231	678.672927545214	664.901625623844	651.055356017226	592.23940885887	699.484867934258
YGL143C	349.048366947064	349.14387602037	356.097941756703	390.994409369569	385.719017981353	328.113088575929
YGR222W	252.192013815156	257.934942116173	232.761935887845	236.583222297522	269.199731299486	334.642702278933
YGL045W	550.070986654797	420.737985429042	436.776381685956	346.747928863543	312.593120822389	213.844848773367
YGL253W	10959.3877307934	10493.9311051066	10881.3886681593	10344.646544429	10575.9333242762	9476.91808819681
YGR257C	566.518291903612	544.311379750858	551.766342044892	590.555066345722	687.062000779286	626.842915488343
YGL131C	400.217761054487	411.911314406055	421.011629056102	467.748508206551	495.00607307607	517.471885963033
YGR064W	16.4473052488145	19.6148244955264	26.892813309751	17.1567985635607	15.2680444617619	8.16201712875446
YGR263C	211.98748987361	195.167503730488	211.433152918043	210.39652975314	244.288711388191	228.536479605125
YGL049C	1266.44250415872	1263.1946975119	1222.23199800868	1240.70743296487	1243.1402517024	1187.57349223377
YGL202W	3389.97235961677	3583.62843533268	3390.34915380861	3248.05286490147	3105.0380947499	3020.76253935203
YGR133W	98.6838314928872	126.515617996145	114.989960358935	130.933462721911	120.537193119173	106.106222673808
YGR109C	23.7572186927321	32.3644604176186	24.1107981397768	37.0225653213679	43.3933895229023	111.819634663936
YGR037C	1659.35035176929	1408.3443987788	1403.990322447	1588.35835122649	1470.55375605391	1528.74580821571
YGL077C	2108.91002857022	2403.79674192676	2169.04449418992	1893.56876777826	1656.18103345744	1794.82756661311
YGR111W	699.924212255107	634.53957243028	654.700903333939	651.958345415308	560.899738647885	636.637336042848
YGR016W	54.8243508293818	76.4978155325531	101.079884509064	84.8810034197216	76.3402223088095	81.6201712875446
YGR245C	2702.84049588852	2945.16589800329	2960.99147924259	2589.77359369959	2053.95377075071	2310.66704915039
YGR287C	78.5815695221139	66.6904032847899	73.2597328093218	67.7242048561608	88.3939416207268	62.8475318914094
YGL244W	1522.28947469583	1472.09257838926	1558.85583357557	1501.67136901061	1557.34053509971	1508.34076539382
YGL057C	155.335660683248	175.552679234962	165.066233418472	159.82912346054	173.573558091609	186.093990535602
YGL187C	1268.2699825197	1174.92798728203	1322.38454412776	1040.24378659063	1502.69700755236	1398.15353415564
YGR180C	4172.13309811595	4019.07753913337	4465.13434780866	3731.15219287542	3697.27750360877	3249.29901895715
YGR116W	2666.29092866893	2784.32433713998	2547.39855730642	2720.7070564215	2638.15736673497	3024.8435479164
YGL181W	667.029601757478	579.618063842806	660.264933673887	656.473292405719	714.383764552965	588.481434983197
YGR202C	900.94683196284	905.224150468545	925.483713211432	818.108394662423	846.171095696594	695.40385936988
YGL127C	230.262273483403	218.70529312512	177.12163248836	204.978593364647	250.71736168788	197.520814515858
YGR203W	116.958615102681	94.1511575785269	101.079884509064	93.0079080024609	114.108542819484	49.7883044854022
YGL150C	1427.26059992491	1471.11183716448	1367.82412523734	1374.34986388102	1412.69590335671	1390.80771873976
YGR134W	372.805585639796	379.546853988436	387.627447016411	401.830282146554	432.3267326541	410.54946157635
YGR095C	990.493271650831	875.801913725255	979.269339830934	880.414663130091	737.687621889339	796.612871766436
YGR214W	14855.5715964015	14920.0162525222	15420.7100871672	12911.8454031766	11392.3719123368	8790.49244766856
YGR057C	263.156883981032	394.257972360081	371.862694386557	386.479462379158	335.896978158762	429.322100972485
YGR007W	871.70717818717	795.381133293597	842.023258112205	826.235299245162	853.403327283745	814.569309449695
YGR241C	650.582296508664	618.847712833859	575.877140184669	605.002896715037	659.740237005607	702.749674785759
YGR127W	308.843843005517	240.281600070199	222.56121359794	208.590550956975	163.930582642075	178.748175119723
YGL219C	652.409774869643	624.732160182517	680.666378253699	646.540409026815	846.171095696594	640.718344607225
YGL061C	179.09287937598	248.127529868409	239.253304617785	288.053617988204	254.735268125186	328.113088575929
YGR083C	1390.71103270532	1587.82004291286	1636.75225833485	1644.34369390758	1628.0556883963	1854.41029165301
YGL038C	732.818822752736	624.732160182517	646.354857824016	563.465384403258	650.097261556073	592.562443547574
YGL047W	146.198268878351	140.245995143014	167.848248588446	195.948699383825	216.966947614511	190.991200812854
YGR244C	838.812567689541	709.07590551328	760.41747979296	1079.07233070816	1398.23144018241	1153.29302029301
YGR289C	146.198268878351	109.843017174948	122.408667478867	115.582642954514	89.197522908188	85.7011798519219
YGL180W	204.677576429692	147.111183716448	144.664788838661	195.045709985743	188.03802126591	173.034763129595
YGR146C	661.54716667454	561.964721796832	574.022463404686	493.935200750933	502.238304663221	525.633903091787
YGL242C	387.425412527631	428.583915227252	424.720982616068	521.927872091479	572.149876672341	514.207079111531
YGR106C	3134.12538907966	3211.92751114245	3424.6606742383	3034.94736695409	2893.69621614761	3327.65438339319
YGR004W	230.262273483403	244.204564969304	275.41950182745	258.254967851493	248.306617825496	258.735942981516
YGR209C	1070.90231953392	985.644930900203	1011.72618348063	1258.76722092651	1180.46091128043	974.544845173283
YGR052W	120.61357182464	144.168960042119	141.882773668686	57.7913214772572	46.6077146727469	31.015665089267
YGR158C	846.122481133459	903.262668018992	891.17219278175	887.638578314748	765.009385663018	695.40385936988
YGR003W	416.665066303301	462.909858094424	429.357674566025	437.94985806984	469.291471877313	577.870812715816
YGL247W	201.022619707733	188.302315157054	188.249693168257	178.791900820265	151.876863330158	183.645385396975
YGR170W	584.793075513405	621.789936508188	640.790827484068	720.585539669551	703.93720781597	759.883794687041
YGR246C	513.521419435209	483.505423814726	496.126038645407	467.748508206551	465.273565440008	418.711478705104
YGL183C	27.4121754146909	15.6918595964211	17.6194294098369	18.962777359725	14.4644631743008	13.8754291188826
YGR039W	32.8946104976291	37.2681665415002	35.2388588196738	27.9926713405465	26.5181824862181	37.5452787922705
YGL059W	334.428540059229	277.549766611699	332.914482006918	279.926713405465	228.217085638967	207.315235070363
YGL123W	42366.4308425853	43146.7294428095	43933.5835642333	34985.4212392946	30673.5013236797	26793.4536285623
YGL099W	1376.09120581748	1532.89853432539	1501.3608533961	1382.47676846376	1141.8890094823	1509.1569671067
YGR102C	211.98748987361	214.782328226014	203.08710740812	216.717455539715	195.27025285306	217.109655624869
YGL233W	630.48003453789	615.90548915953	650.991549773973	658.279271201883	666.972468592757	775.391627231674
YGL072C	27.4121754146909	32.3644604176186	30.6021668697167	28.8956607386286	28.9289263486015	14.691630831758
YGL056C	864.397264743253	938.56935211094	855.005995572085	929.176090626527	1176.44300484313	1129.62317061962
YGR104C	261.329405620053	296.183849882449	267.073456317527	275.411766415054	306.164470522699	324.848281724428
YGR240C	14917.7058606748	14818.9999063702	14368.181014527	12580.4482940804	11246.1201180188	9907.05639088217
YGR243W	25.5846970537115	20.5955657203028	30.6021668697167	15.3508197673965	24.1074386238346	21.2212445347616
YGR275W	403.872717776446	422.699467878595	466.451210165682	448.785730846826	470.095053164775	419.527680417979
YGR020C	2224.04116531192	2483.23678113365	2397.16973812781	2260.18246339961	2099.75790413599	2233.12788642722
YGR100W	776.678303416242	700.249234490293	696.431130883553	765.735009573658	795.545474586542	732.132936449275
YGR231C	886.327005075005	867.955983927044	815.130444802454	1033.01987140597	1065.54878717349	985.155467440664
YGR215W	367.323150556858	322.66386295141	368.153340826592	408.151207933129	416.255106904877	403.20364616047
YGL212W	129.750963629537	146.130442491672	133.536728158764	156.217165868211	131.787331143629	111.819634663936
YGL066W	491.591679103456	445.25651604845	430.285012956016	461.427582419976	487.77384148892	412.998066714976
YGL060W	420.32002302526	408.969090731726	406.17421481624	437.046868671758	398.576318580732	464.418774626129
YGL185C	255.846970537115	221.647516799449	213.287829698025	242.001158686015	246.699455250574	235.066093308129
YGR145W	2099.77263676532	2469.50640398678	2416.64384431763	2091.32344595825	1595.91243689785	1949.90589205944
YGL011C	1957.22932460893	1801.6216299141	2010.46962950139	2150.01775683359	2238.77746686677	2113.14623463453
YGR147C	703.579168977066	668.865515297451	694.57645410357	679.048027357773	627.596985507161	541.141735636421
YGR036C	263.156883981032	241.262341294975	281.91087055739	225.747349520536	258.753174562491	321.583474872926
YGL122C	1149.48388905604	1098.43017174948	1191.62983113897	1252.44629513993	1260.81904002655	1159.82263399601
YGL261C	7.30991344391757	10.7881534725395	9.27338389991415	10.8358727769857	5.62506901222807	4.89721027725268
YGR099W	246.709578732218	312.856450703647	256.872734027622	324.17319391149	367.236648369747	394.225427318841
YGR046W	604.895337484179	611.982524260425	562.894402724789	535.472713062712	507.059792387988	609.702679517958
YGL188C-A	9.13739180489696	6.86518857343425	9.27338389991415	7.22391518465716	8.83939416207268	31.8318668021424
YGR216C	535.451159766962	545.292120975635	496.126038645407	527.345808479972	516.702767837521	665.204395993489
YGR047C	409.355152859384	437.410586250239	400.610184476291	481.293349177783	460.452077715241	520.736692814535
YGR238C	228.434795122424	213.801587001238	217.924521647982	205.881582762729	215.359785039589	226.087874466499
YGR282C	10548.2050995731	10071.231637228	9824.22290356905	10295.8851169326	9434.8478960814	8579.09620403382
YGR169C	277.776710868868	345.220911121265	320.85908293703	329.591130299983	325.450421421767	341.988517694812
YGR063C	484.281765659539	440.352809924568	506.326760935313	447.882741448744	416.255106904877	301.17843205104
YGR256W	56.6518291903612	62.7674383856846	64.913687299399	79.4630670312287	81.1617100335765	79.1715661489183
YGL036W	754.748563084489	741.440365930899	731.669989703226	752.190168602426	718.401670990271	861.092807083596
YGR192C	101775.924879664	91315.8346976985	88698.9896642888	86917.2445123968	86046.6806800528	61903.1865096125
YGL191W	1275.57989596362	1117.06425502023	1219.44998283871	1056.49759575611	1215.01490664126	1278.17188236295
YGR013W	634.134991259849	551.176568324293	513.745468055244	555.338479820519	544.024531611201	472.580791754883
YGR123C	1317.61189826614	1382.84512693461	1308.47446827789	1249.73732694569	916.082667705715	1165.53604598614
YGL209W	380.115499083714	283.434213960357	274.492163437459	195.045709985743	283.664194473787	282.405792654904
YGL163C	425.802458108198	476.640235241292	422.866305836085	424.405017098608	466.88072801493	454.624354071624
YGL178W	926.531529016552	853.2448655554	801.220368952582	902.989398082144	848.581839558978	960.6694160544
YGL092W	1465.63764550547	1639.79932782601	1594.09469239524	1628.08988474211	1791.18268975091	2048.66629931737
YGR132C	1496.70477764212	1414.22884612746	1391.93492337711	1450.20097331992	1431.17827296831	1203.08132477841
YGL208W	171.782965932063	158.880078413764	171.557602148412	224.844360122454	176.787883241454	115.084441515438
YGR059W	21.9297403317527	13.7303771468685	12.9827374598798	18.0597879616429	7.23223158715038	7.34581541587902
YGR128C	1907.88740886249	2354.75968068795	2186.66392359976	2125.63704308537	1802.43282777537	2492.68003112161
YGL246C	796.780565387015	828.726334935992	816.057783192445	778.376861146808	644.472192543845	823.547528291325
YGL190C	857.087351299335	778.708532472399	794.729000222643	764.832020175576	785.902499137008	1025.14935137156
YGR033C	696.269255533148	712.018129187609	752.998772673029	767.540988369823	802.777706173692	786.002249499055
YGL112C	953.943704431243	952.299729257808	941.248465841286	931.885058820773	929.743549592554	1072.48905071834
YGL001C	1540.56425830563	1453.45849511851	1548.65511128566	1448.39499452376	1347.60581907235	1207.16233334279
YGR168C	286.914102673765	327.567569075291	310.658360647124	319.658246921079	282.057031898865	364.025963942449
YGL093W	420.32002302526	377.585371538884	342.187865906832	390.994409369569	458.844915140318	448.910942081495
YGR120C	413.010109581343	388.373525011423	433.067028125991	432.531921681347	432.3267326541	495.434439715396
YGR027C	14268.9510425271	13513.6333361929	14689.040097464	11244.9269743169	9825.38840178752	10516.7590704001
YGR124W	5566.49908754323	5602.97461714712	5480.56988484926	5537.13098903971	5468.37066117315	4634.39332570678
YGL103W	21085.4453289802	19837.4527535507	21095.0936955247	16627.6467762846	13171.5008827758	13255.9320188101
YGL062W	597.585424040261	567.84916914549	523.018851955158	902.086408684062	1394.2135337451	1244.70761213506
YGR049W	471.489417132683	513.908401782792	559.185049164823	550.823532830108	609.918197183015	542.774139062172
snR39	25.5846970537115	32.3644604176186	35.2388588196738	27.0896819424643	26.5181824862181	50.6045061982777
YGR076C	277.776710868868	272.646060487817	280.983532167399	362.09874863094	346.343534895757	408.100856437723
YGL161C	866.224743104232	814.015216564347	848.514626842145	850.61601299338	891.97522908188	683.160833676749
YGR062C	243.054622010259	213.801587001238	212.360491308034	228.456317714783	247.503036538035	207.315235070363
YGL237C	184.575314458919	183.398609033172	173.412278928395	182.403858412593	211.341878602283	160.791737436463
YGR024C	696.269255533148	700.249234490293	698.285807663535	647.443398424898	587.417921134103	729.684331310649
YGR184C	886.327005075005	1011.14420274439	949.594511351209	1129.63973700076	1138.67468433245	1204.71372820416
YGL067W	738.301257835675	720.844800210596	695.503792493561	686.27194254243	646.882936406228	682.344631963873
YGR072W	789.470651943097	719.86405898582	718.687252243347	700.719772911744	647.686517693689	753.354180984037
YGL229C	157.163139044228	164.764525762422	153.010834348583	148.090261285472	160.716257492231	182.012981971225
YGR055W	1493.04982092016	1716.29714335856	1534.74503543579	1598.2912346054	2184.13393931941	2545.73314245852
YGL044C	429.457414830157	412.892055630831	437.703720075948	418.084091312033	384.111855406431	388.512015328712
YGL054C	1396.19346778826	1415.20958735223	1406.77233761698	1390.6036730465	1333.14135589805	1860.93990535602
YGL119W	469.661938771704	518.812107906674	470.160563725647	508.383031120247	556.881832210579	606.437872666457
YGR206W	98.6838314928872	139.265253918238	189.177031558249	168.859017441361	129.376587281246	158.343132297837
YGR121W-A	14.6198268878351	9.80741224776321	14.8374142398626	15.3508197673965	9.64297544953384	6.52961370300357
YGL130W	634.134991259849	586.48325241624	593.496569594506	626.674642269008	636.436379669233	662.755790854862
YGR090W	2074.18793971161	2458.71825051424	2217.26609046947	2427.2355020448	2544.94193738947	3451.71704375026
YGR221C	153.508182322269	144.168960042119	136.318743328738	153.508197673965	204.913228302594	212.212445347616
YGR143W	944.806312626346	868.936725151821	876.334778541887	774.76490355448	615.543266195243	558.281971606805
YGL198W	467.834460410724	491.351353612937	437.703720075948	460.524593021894	455.630589990474	386.879611902962
YGL083W	519.003854518147	511.94691933324	478.50660923557	563.465384403258	556.078250923118	626.842915488343
YGR071C	500.729070908353	525.677296480108	563.82174111478	531.860755470383	503.845467238143	668.469202844991
YGR058W	325.291148254332	305.991262130212	309.731022257133	323.270204513408	298.932238935549	321.583474872926
YGL195W	2713.8053660544	2771.57470121788	2549.2532340864	2359.51129718864	2192.16975219403	2251.90052582336
YGL206C	1578.94130388619	1615.2807972066	1539.38172738575	1518.82816757417	1551.71546608749	1613.63078635476
YGR060W	7298.94857375169	7477.17109769468	7126.59552708402	6131.29801297776	6205.25470177502	6347.60072103235
YGL257C	815.055348996809	840.495229633308	818.839798362419	805.466543089273	809.206356473381	957.404609202899
YGL236C	184.575314458919	212.820845776462	211.433152918043	245.613116278343	351.165022620524	280.773389229154
YGR138C	2543.84987848331	2768.63247754356	2583.56475451608	1716.58284575416	990.815727439602	190.991200812854
YGR015C	201.022619707733	172.610455560633	202.159769018128	169.762006839443	167.948489079381	195.072209377232
YGL023C	654.237253230622	735.555918582241	631.517443584154	827.138288643244	882.332253632346	550.119954478051
YGL144C	433.112371552116	373.662406639778	341.260527516841	361.195759232858	380.093948969125	401.57124273472
YGL071W	707.234125699025	744.382589605228	714.977898683381	835.265193225983	1048.6735801368	826.812335142827
YGR080W	601.24038076222	605.11733568699	644.500181044033	625.771652870926	625.989822932238	605.621670953581
YGL116W	480.62680893758	613.944006709977	516.527483225218	526.44281908189	581.792852121875	527.266306517538
YGR035C	211.98748987361	156.918595964211	139.100758498712	167.053038645197	102.054823507566	203.234226505986
YGL201C	827.847697523665	836.572264734202	781.746262762763	805.466543089273	835.724538959599	887.21126189561
YGR212W	182.747836097939	175.552679234962	179.903647658334	178.791900820265	214.556203752128	227.72027789225
YGR154C	157.163139044228	143.188218817343	128.900036208807	122.806558139172	129.376587281246	165.688947713716
YGL241W	650.582296508664	699.268493265517	679.739039863707	712.458635086812	658.936655718146	806.407292320941
YGR247W	305.188886283559	291.280143758567	318.077067767055	261.866925443822	233.038573363734	171.402359703844
YGR199W	581.138118791447	659.058103049688	635.226797144119	623.06268467668	729.651809014727	783.553644360429
YGR179C	243.054622010259	184.379350257948	191.031708338231	212.202508549304	236.252898513579	270.162766961773
YGR011W	23.7572186927321	26.4800130689607	39.8755507696308	27.9926713405465	28.9289263486015	44.0748924952741
YGL111W	1666.66026521321	1826.14016053351	1737.83214284391	1662.40348186923	1514.75072686427	1647.09505658265
snR39B	14.6198268878351	16.6726008211975	15.7647526298541	19.8657667578072	17.6787883241454	13.8754291188826
YGR073C	32.8946104976291	38.2489077662765	34.3115204296824	27.9926713405465	36.1611579357519	31.8318668021424
YGR155W	8552.59872938356	8536.3716204531	8432.28798019194	8289.44267439409	8051.08091907329	8857.42098812434
YGL114W	836.985089328562	813.03447533957	842.023258112205	775.667892952562	822.867238360221	756.618987835539
YGL255W	2381.20430435615	2711.74948650653	2375.840955158	838.877150818312	522.32783684975	483.191414022264
YGR066C	9.13739180489696	16.6726008211975	16.6920910198455	14.4478303693143	8.83939416207268	11.4268239802562
YGR233C	1558.83904191542	1610.37709108272	1658.08104130465	1553.14176470129	1554.92979123733	1879.71254475215
YGR092W	575.655683708509	557.061015672951	536.001589415038	610.42083310353	674.204700179907	706.014481637261
YGL041W-A	385.597934166652	307.952744579765	356.097941756703	342.232981873133	313.39670210985	392.59302389309
YGR171C	370.978107278817	347.182393570818	370.008017606575	396.412345758061	402.594225018038	451.359547220122
YGL171W	1246.34024218795	1552.51335882092	1433.66515092673	1417.69335498897	1154.74631008168	1363.87306221487
YGL029W	1120.24423528037	1060.1812639832	1021.92690577054	781.085829341055	576.971364397108	678.263623399496
YGR040W	460.524546966807	458.006151970542	472.942578895622	500.256126537508	474.916540889542	499.515448279773
YGR220C	515.348897796189	594.329182214451	588.859877644548	591.458055743804	638.043542244156	623.578108636841
YGR268C	259.501927259074	209.878622102133	232.761935887845	236.583222297522	226.609923064045	110.187231238185
YGL147C	14389.5646143517	13936.3328040715	14268.9558067979	10616.4463532518	8272.06577312511	7721.26820380172
YGR144W	27.4121754146909	23.5377893946317	29.6748284797253	17.1567985635607	17.6787883241454	16.3240342575089
YGR178C	2202.11142498017	2184.11070757687	2192.22795393971	2196.07021613577	2193.77691476895	2069.88754385213
YGR113W	325.291148254332	322.66386295141	266.146117927536	350.359886455872	322.236096271922	310.972852605545
YGL203C	921.049093933614	903.262668018992	862.424702692016	796.436649108451	865.457046595662	835.790553984457
YGL048C	2353.79212894146	2495.98641705574	2456.51939508726	2771.2744627141	2837.44552602533	2655.9203736967
YGR207C	714.544039142942	685.538116118649	719.614590633338	775.667892952562	739.294784464261	893.740875598614
YGR258C	378.288020722734	399.161678483963	365.371325656617	440.658826264086	472.505797027158	471.764590042008
YGL091C	508.038984352271	520.773590356227	502.617407375347	519.218903897233	481.345191189231	476.661800319261
YGR093W	727.336387669798	845.398935757189	813.275768022471	821.720352254751	703.93720781597	872.519631063852
YGR119C	1233.54789366109	1307.32805262684	1322.38454412776	1364.41698050212	1437.606923268	1564.65868358223
YGR213C	113.303658380722	127.496359220922	121.481329088875	214.008487345468	124.555099556479	97.9442055450536
YGR061C	5146.17906451797	5556.87977958264	5073.46833164303	4346.99096236744	3804.1538148411	4066.31693354547
YGR121C	612.205250928096	473.698011566963	500.762730595364	594.167023938051	645.275773831306	351.782938249317
YGL043W	807.745435552891	803.227063091807	880.044132101853	881.317652528173	910.457598693486	825.996133429952
YGR280C	1975.50410821872	2024.24988793833	1950.19263415195	1735.54562311388	1273.67634062593	1336.12220397711
YGL085W	235.744708566342	270.684578038265	267.073456317527	279.023724007383	269.199731299486	291.384011496534
YGL031C	15942.9212211842	16069.44496796	16437.0729625978	13431.0643070738	11104.6898114257	12040.6076683386
YGR117C	423.974979747219	428.583915227252	383.918093456446	435.240889875594	394.558412143426	448.910942081495
YGR254W	12499.951989099	11415.8278563964	11495.2866823336	7492.10303588755	6146.59326779036	3141.56039285759
YGR235C	392.907847610569	454.083187071437	416.374937106145	446.076762652579	453.21984612809	452.175748932997
YGL124C	475.144373854642	464.871340543976	499.835392205373	516.509935702987	450.809102265707	522.369096240286
YGR236C	5.48243508293818	13.7303771468685	13.9100758498712	17.1567985635607	10.446556736995	6.52961370300357
YGL164C	522.658811240106	464.871340543976	510.036114495278	504.771073527919	454.023427415552	451.359547220122
YGR264C	5317.96203045003	6051.1733568699	5859.85128635575	5398.97361113314	4720.23648254681	5593.43033833543
YGL234W	6491.2031381988	6652.36772765779	5752.28003311675	5108.21102495069	3978.53095422017	3845.9424710691
YGL238W	1754.37922654022	1846.73572625381	1695.17457690431	1869.18805403004	1890.02318810863	2548.18174759714
YGR056W	540.9335948499	461.929116869647	462.741856605716	481.293349177783	588.221502421564	652.961370300357
YGR201C	288.741581034744	266.761613139159	283.765547337373	246.516105676425	217.770528901973	176.299569981096
YGR239C	241.22714364928	223.608999249001	214.215168088017	278.1207346093	344.736372320835	298.729826912413
YGR169C-A	442.249763357013	376.604630314107	409.883568376205	359.389780436693	410.630037892649	389.328217041588
YGR185C	3346.11287895327	3622.85808432373	3656.49527173615	3276.9485256401	2970.84001974388	3354.58903991808
YGR189C	4948.81140153219	4609.48375644871	4359.41777134964	6107.82028862762	6343.47068321834	4637.65813255829
YGL221C	983.183358206913	1000.35604927185	1014.50819865061	1146.79653556432	1038.22702339981	808.039695746692
YGL108C	272.294275785929	259.896424565725	283.765547337373	282.635681599711	294.914332498243	279.140985803403
YGL135W	5115.11193238132	4903.70612388161	4941.78628026425	4025.5267366502	3396.73810209829	3689.23174219702
YGR253C	1818.3409691745	1888.9075989192	1849.11274964288	2081.39056257934	2060.3824210504	1993.98078455472
YGL053W	303.361407922579	265.780871914383	296.748284797253	305.210416551765	238.663642375962	208.947638496114
YGL101W	526.313767962065	568.829910370266	563.82174111478	524.636840285726	541.613787748817	590.113838408948
YGR271C-A	1301.16459301733	1359.30733753998	1320.52986734777	1137.7666415835	830.099469947371	1474.06029345306
YGR267C	1940.78201936011	1917.34909443771	2055.90921061097	1782.50107181415	1577.43006728624	1477.32510030456
YGR234W	17024.788410884	16748.1178955052	17280.0235591	14254.5906381247	12911.9441269258	14152.1214995474
YGL251C	323.463669893352	335.413498873502	328.277790056961	369.322663815597	330.271909146534	376.268989635581
YGL141W	440.422284996034	413.872796855608	430.285012956016	478.584380983537	480.54160990177	507.677465408528
YGL245W	4899.46948578575	5102.7965925112	4847.19776448513	4551.06656633401	4100.67530991426	4328.31768337849
YGL005C	447.732198439951	472.717270342187	476.651932455587	439.755836866004	425.898082354411	520.736692814535
YGL215W	2465.2683089612	2567.58052646441	2552.96258764637	2644.8559469826	2587.53174562491	2846.09537279668
YGR173W	778.505781777221	807.150027990913	778.036909202797	813.593447672012	769.830873387785	812.120704311069
YGL249W	16.4473052488145	25.4992718441844	28.7474900897339	27.0896819424643	28.1253450611404	29.3832616635161
YGR161W-C	58.4793075513406	53.9407673626977	62.1316721294248	52.3733850887644	95.6261732078772	44.8910942081495
YGR229C	2624.25892636641	2840.22658695223	2721.7381746248	2688.19943809054	2799.67720551466	3147.27380484772
YGR070W	358.185758751961	330.50979274962	310.658360647124	334.106077290393	296.521495073166	245.676715575509
YGR135W	2090.63524496042	2308.66484312346	2297.01719200873	2309.84688029413	2295.02815698905	2222.51726415984
YGR225W	29.2396537756703	24.518530619408	27.8201516997424	21.6717455539715	24.9110199112957	24.4860513862634
YGL139W	864.397264743253	957.20343538169	891.17219278175	940.011963403512	977.958426840223	1053.7164113222
YGL172W	707.234125699025	688.480339792978	717.759913853355	647.443398424898	651.704424130995	710.095490201638
YGR088W	515.348897796189	532.542485053543	472.01524050563	264.575893638068	139.823144018241	106.922424386683
YGL126W	307.016364644538	261.857907015278	315.295052597081	333.203087892311	362.41516064498	177.931973406847
YGR140W	524.486289601086	462.909858094424	510.036114495278	544.502607043533	575.364201822186	657.85858057761
YGR129W	107.821223297784	164.764525762422	162.284218248498	200.463646374236	176.787883241454	206.499033357488
YGL027C	1220.75554513423	1167.08205748382	1144.33557324941	1154.02045074898	1188.49672415505	1247.15621727368
YGL231C	858.914829660314	846.379676981965	907.864283801595	976.131539326798	863.046302733278	879.865446479731
YGL019W	1054.45501428511	971.914553753335	1101.6780073098	1004.12421066734	1024.56614151297	834.974352271582
YGR017W	1175.06858610975	1118.04499624501	1172.15572494915	1107.06500204871	1018.13749121328	945.977785222642
YGL039W	581.138118791447	563.926204246385	526.728205515124	637.510515045994	490.988166638765	501.147851705524
YGL123C-A	76.7540911611345	39.2296489910529	12.9827374598798	11.7388621750679	13.6608818868396	15.5078325446335
YGL002W	387.425412527631	364.835735616792	374.644709556532	390.994409369569	315.003864684772	379.533796487083
YGR044C	880.844569992067	980.741224776321	978.342001440943	869.578790353105	927.332805730171	701.933473072884
YGR193C	950.288747709284	968.972330079006	950.5218497412	930.079080024609	958.672475941156	902.719094440244
YGL033W	18.2747836097939	11.7688946973159	12.0553990698884	11.7388621750679	5.62506901222807	26.9346565248897
YGR165W	573.828205347529	707.114423063728	645.427519434025	709.749666892565	747.330597338872	761.516198112791
YGL030W	18717.0333731509	17041.3595217134	18535.6397391484	13702.8641158965	11415.6757696731	12640.515927302
YGL128C	151.68070396129	135.342289019132	127.972697818815	160.732112858622	189.645183840832	127.32746720857
YGL175C	43.8594806635054	54.921508587474	34.3115204296824	55.985342681093	77.9473848837319	62.0313301785339
YGL223C	509.86646271325	494.293577287266	496.126038645407	513.80096750874	539.203043886434	552.568559616677
YGL004C	420.32002302526	360.912770717686	381.136078286472	360.292769834776	334.28981558384	353.415341675068
YGL148W	4502.90668145322	4544.75483561347	4531.90271188804	4081.51207933129	3493.97143788109	2522.879494498
YGR281W	937.496399182428	970.933812528558	886.535500831793	1042.95275478488	1013.31600348851	1203.89752649128
YGR078C	566.518291903612	452.121704621884	539.710942975003	552.629511626272	571.34629538488	520.736692814535
YGL133W	774.850825055262	759.093707976873	709.413868343432	800.951596098862	902.421785818875	855.379395093468
YGR295C	970.391009680057	994.47160192319	981.124016610917	944.526910393923	945.815175341777	1015.35493081706
YGR048W	429.457414830157	424.660950328147	459.959841435742	508.383031120247	616.346847482704	517.471885963033
YGR065C	383.770455805672	355.028323369028	392.264138966368	424.405017098608	485.363097626537	558.281971606805
YGL051W	21.9297403317527	13.7303771468685	8.34604550992273	11.7388621750679	5.62506901222807	2.44860513862634
YGL220W	619.515164372014	614.924747934754	684.375731813664	705.234719902155	665.365306017835	515.023280824407
YGR019W	720.026474225881	728.690730008807	694.57645410357	715.167603281058	681.436931767058	569.708795587062
YGL010W	56.6518291903612	51.979284913145	54.7129650094935	44.2464805060251	51.4292023975138	50.6045061982777
YGL090W	270.46679742495	257.934942116173	302.312315137201	294.374543774779	278.039125461559	301.994633763915
YGR054W	3082.95599497223	3295.29051524844	3094.52820740135	3035.85035635217	3126.73478951135	3111.3609294812
YGR174W-A	9.13739180489696	11.7688946973159	20.4014445798111	8.1269045827393	4.82148772476692	11.4268239802562
YGL032C	614.032729289076	610.021041810872	636.154135534111	410.860176127376	456.434171277935	470.132186616257
YGL179C	1118.41675691939	848.341159431518	934.757097111346	683.562974348183	396.165574718349	242.411908724008
YGR002C	460.524546966807	441.333551149345	430.285012956016	464.136550614222	450.809102265707	453.808152358748
YGL134W	272.294275785929	235.377893946317	310.658360647124	251.031052666836	291.700007348399	249.757724139887
YGL006W	1940.78201936011	1866.35055074934	1809.23719887325	1330.103383375	867.064209170584	659.490984003361
YGR028W	422.14750138624	410.930573181279	475.724594065596	472.263455196962	432.3267326541	431.770706111111
YGR283C	564.690813542632	601.194370787885	602.76995349442	526.44281908189	555.274669635657	725.603322746272
YGR249W	652.409774869643	585.502511191464	636.154135534111	522.830861489562	248.306617825496	67.744742168662
snR82	18.2747836097939	22.5570481698554	21.3287829698025	22.5747349520536	21.6966947614511	24.4860513862634
YGL232W	933.841442460469	1032.72050968947	1036.7643200104	968.004634744059	874.296440757735	1119.01254835224
YGL157W	994.148228372789	942.492317010045	982.051355000908	1017.66905163858	920.904155430482	877.416841341105
YGR012W	422.14750138624	474.67875279174	490.562008305458	558.950437412847	564.917645085191	470.948388329133
YGR014W	1246.34024218795	1168.0627987086	1079.42188595001	1357.19306531746	1796.80775876314	1750.75267411783
YGR161C-D	34.7220888586085	48.0563200140397	38.9482123796394	36.1195759232858	33.7504140733684	39.1776822180214
YGR109W-B	76.7540911611345	71.5941094086715	63.0590105194162	67.7242048561608	65.0900842843534	63.6637336042848
YLL050C	3737.19324820286	3654.24180351657	3793.74135345488	3541.52441927817	3236.82542589352	3280.31468404642
YLL032C	381.942977444693	343.259428671712	330.132466836944	378.352557796418	434.737476516484	474.213195180634
YLR054C	87.7189613270108	110.823758399724	132.609389768772	119.194600546843	91.6082667705715	51.4207079111531
YLR437C	255.846970537115	239.300858845422	240.180643007776	265.47888303615	298.932238935549	177.115771693972
YLL056C	51.169394107423	66.6904032847899	76.041747979296	51.4703956906822	45.0005520978246	39.9938839308969
YLR128W	118.78609346366	145.149701266896	129.827374598798	158.023144664375	152.680444617619	105.290020960933
YLR075W	37858.0417260491	35217.4366404929	37286.4219847748	30606.8256479943	26147.7315126985	24313.8328248467
YLR052W	592.102988957323	590.406217315346	621.316721294248	618.547737686269	654.115167993379	677.44742168662
YLR025W	902.77431032382	956.222694156913	992.252077290814	903.892387480226	1014.92316606344	937.815768093888
YLR049C	573.828205347529	577.656581393253	521.164175175175	580.622182966819	646.079355118767	717.441305617517
YLR032W	400.217761054487	500.178024635924	484.99797796551	533.666734266547	539.203043886434	614.599889795211
YLR251W	93.201396409949	88.2667102298689	110.353268408978	104.746770177529	74.7330597338872	52.2369096240286
YLR321C	592.102988957323	530.58100260399	537.856266195021	534.569723664629	636.436379669233	606.437872666457
YLR327C	179.09287937598	125.534876771369	144.664788838661	123.709547537254	146.25179431793	49.7883044854022
YLR247C	699.924212255107	750.267036953886	694.57645410357	863.25786456653	841.349607971827	896.18948073724
YLR167W	49760.4082911079	48625.14992441	52134.0369469274	40668.8365108236	33730.3245411819	32668.4735578397
YLR220W	769.368389972324	788.515944720162	781.746262762763	667.309165182705	684.651256916903	603.173065814955
YLR455W	308.843843005517	290.299402533791	244.817334957734	329.591130299983	311.789539534927	411.365663289225
YLR094C	307.016364644538	277.549766611699	253.163380467656	241.098169287933	289.289263486015	233.433689882378
YLR272C	413.010109581343	442.314292374121	422.866305836085	519.218903897233	514.292023975138	719.073709043268
YLR181C	438.594806635054	473.698011566963	468.305886945664	511.994988712576	486.970260201459	486.456220873766
YLR180W	4482.80441948245	4363.31770902985	4363.12712490961	4429.16299759292	4144.87228072463	3252.56382580865
YLR250W	1021.56040378748	982.702707225874	1071.07584044008	1021.28100923091	933.76145602986	1016.17113252993
YLR222C-A	40.2045239415466	40.2103902158292	26.892813309751	27.9926713405465	28.1253450611404	31.015665089267
YLR424W	250.364535454177	255.97345966662	227.197905547897	273.60578761889	280.449869323942	324.032080011552
YLR253W	621.342642732993	635.520313655056	573.095125014694	614.93578009394	639.650704819078	617.048494933837
YLR390W-A	4555.90355392162	3810.17965825601	3313.38006743933	4261.20696954964	4727.46871413396	3208.48893331338
YLR233C	177.265401015001	188.302315157054	177.12163248836	162.538091654786	192.859508990677	219.558260763495
YLR117C	604.895337484179	603.155853237438	538.783604585012	550.823532830108	556.881832210579	658.674782290485
YLR110C	51626.2636976678	45773.1544427605	44338.8304406595	47474.6676041687	48821.5811197024	27179.5170387524
YLR072W	416.665066303301	346.201652346041	341.260527516841	381.964515388747	422.683757204567	362.393560516698
YLR069C	588.448032235364	623.75141895774	628.735428414179	798.242627904616	899.20746066903	892.924673885738
YLR403W	765.713433250365	735.555918582241	655.62824172393	638.413504444076	711.169439403121	849.66598310334
YLR008C	707.234125699025	748.305554504333	753.92611106302	796.436649108451	838.938864109444	1009.64151882693
YLR231C	285.086624312785	296.183849882449	321.786421327021	329.591130299983	337.504140733684	298.729826912413
YLR264W	2068.70550462867	1896.75352871741	2142.15168088017	1453.81293091225	1321.8912178736	1355.71104508612
YLR164W	51.169394107423	36.2874253167239	37.0935355996566	32.5076183309572	42.5898082354411	31.8318668021424
YLR079W	939.323877543408	925.819716188847	944.03048101126	952.653814976662	1084.0311567851	817.017914588322
YLR103C	221.124881678506	280.491990286028	241.107981397768	306.113405949847	326.254002709228	356.68014852657
YLR170C	252.192013815156	239.300858845422	299.530299967227	297.986501367108	298.932238935549	250.573925852762
YLR228C	425.802458108198	449.179480947555	387.627447016411	345.844939465461	368.040229657208	340.356114269061
YLL036C	851.604916216397	857.167830454505	904.154930241629	847.907044799134	837.331701534522	832.525747132955
YLR198C	27.4121754146909	12.7496359220922	12.0553990698884	10.8358727769857	8.03581287461153	12.2430256931317
YLR411W	63.9617426342787	37.2681665415002	57.4949801794677	49.6644168945179	48.2148772476692	62.8475318914094
YLR056W	6882.28350744839	6470.93060107417	6616.55941258875	5493.78749793177	6157.84340581482	5182.88087675908
YLR429W	2377.54934763419	2365.54783416049	2409.2251371977	2473.28796134699	2535.29896193994	2307.40224229889
YLL060C	82.2365262440726	95.1318988033032	89.9518238291672	125.515526333418	90.0011041956491	89.7821884162991
YLR310C	1005.11309853867	1099.41091297426	1059.0204413702	1182.91611148761	1234.30085754033	1319.7981697196
YLR342W	10487.8983136607	10557.6792847171	9691.61351380028	9568.0756620784	8895.64485219497	9778.09652024785
YLR017W	1312.1294631832	1415.20958735223	1487.45077754623	1299.40174384021	1171.62151711836	1049.63540275782
YLR304C	3737.19324820286	3628.74253167239	3481.22831602777	4877.04573904166	6185.96875087596	5270.21446003676
YLL052C	58.4793075513406	48.0563200140397	68.6230408593647	27.0896819424643	23.3038573363734	28.5670599506406
YLR027C	2942.24016117682	2781.38211346565	2776.4511396343	3078.29085806203	3488.34636886887	2283.7323926255
YLR214W	1449.19034025666	1615.2807972066	1441.08385804666	1923.36741791497	2387.44000504709	2516.349880795
YLL062C	158.990617405207	147.111183716448	140.955435278695	253.740020861083	362.41516064498	398.306435883218
YLR378C	3018.99425233796	2999.10666536599	2598.40216875594	3030.43241996368	3363.79126931239	2779.16683234089
YLR023C	413.010109581343	384.450560112318	388.554785406403	386.479462379158	413.040781755033	501.964053418399
YLR425W	360.01323711294	353.066840919476	337.551173956875	363.904727427104	394.558412143426	440.748924952741
YLR073C	226.607316761445	285.39569640991	237.398627837802	276.314755813136	344.736372320835	435.851714675488
YLL008W	2936.75772609388	3112.87264744004	2888.65908482326	2840.80464636643	2391.45791148439	2722.03271243961
YLL063C	100.511309853867	87.2859690050926	74.1870711993132	84.8810034197216	90.0011041956491	85.7011798519219
YLR449W	4082.58665842796	4274.07025757521	3995.90112247301	3545.1363768705	2792.44497392751	2784.06404261815
YLR089C	1370.60877073454	1516.22593350419	1475.39537847634	1563.97763747827	1786.36120202614	1658.52188056291
YLR020C	1017.90544706552	986.625672124979	1053.45641103025	1010.44513645392	950.636663066544	978.62585373766
YLR190W	1452.84529697862	1551.53261759614	1513.41625246599	1457.42488850458	1532.42951518842	1707.49398333543
YLR045C	592.102988957323	686.518857343425	665.828964013836	823.526331050916	878.31434719504	808.039695746692
YLR285W	791.298130304077	906.204891693321	953.303864911175	753.996147398591	734.473296739494	897.821884162991
YLR276C	2863.65859165471	3237.42678298664	3154.80520275079	2911.23781941683	2350.47526582387	3117.07434147133
YLR346C	18.2747836097939	21.5763069450791	21.3287829698025	37.9255547194501	16.0716257492231	18.7726393961353
YLR135W	303.361407922579	273.626801712594	261.509425977579	256.448989055329	287.682100911093	343.620921120563
YLR077W	385.597934166652	443.295033598897	446.049765585871	487.614274964358	580.989270834414	504.412658557026
YLR144C	460.524546966807	438.391327475016	486.852654745493	496.644168945179	520.720674274827	548.4875510523
YLR414C	1434.57051336882	1611.3578323075	1727.63142055401	1910.72556634182	1505.10775141474	906.800103004621
YLR030W	21.9297403317527	18.6340832707501	16.6920910198455	29.7986501367108	30.5360889235238	19.5888411090107
YLR301W	1131.20910544624	1257.31025016324	1248.19747292844	1128.73674760268	1050.28074271173	1051.26780618357
YLR252W	34.7220888586085	46.0948375644871	46.3669194995707	36.1195759232858	34.5539953608296	22.8536479605125
YLR427W	632.30751289887	620.809195283411	664.901625623844	747.675221612016	688.669163354208	677.44742168662
YLR200W	621.342642732993	625.712901407293	631.517443584154	550.823532830108	583.400014696797	691.322850805503
YLR150W	19848.2424785972	19689.3608286094	20628.642485359	17235.3586411939	15743.7645839389	11012.1935101155
YLL021W	1255.47763399284	1407.36365755402	1295.49173081801	1449.29798392184	1587.07304273578	1573.63690242386
YLR078C	418.492544664281	454.083187071437	448.831780755845	446.076762652579	421.076594629644	484.00761573514
YLR153C	6514.96035689153	6782.80631055304	6458.91188629021	6495.20274040486	7130.98034493027	5548.53924412728
YLR404W	224.779838400465	236.358635171093	224.415890377922	240.19517988985	238.663642375962	229.352681318
YLR014C	372.805585639796	398.180937259187	344.042542686815	379.255547194501	371.254554807053	446.462336942869
YLR262C	202.850098068713	217.724551900343	236.471289447811	186.015816004922	196.073834140521	299.546028625289
YLR234W	74.9266128001551	69.6326269591188	63.0590105194162	102.037801983282	146.25179431793	80.8039695746692
YLR096W	972.218488041037	977.799001101993	928.265728381406	916.534239053376	977.154845552762	1002.29570341105
YLR271W	186.402792819898	208.897880877356	203.08710740812	184.209837208757	143.841050455546	132.224677485822
YLR033W	677.994471923355	701.22997571507	673.247671133767	739.548317029276	753.759247638562	894.557077311489
YLR278C	1160.44875922191	1242.5991317916	1171.22838655916	1115.19190663145	1173.22867969328	878.23304305398
YLL055W	202.850098068713	190.263797606606	195.668400288189	159.82912346054	136.608818868396	141.202896327452
YLR266C	354.530802030002	303.049038455883	308.803683867141	296.180522570943	277.235544174098	373.820384496954
YLR323C	221.124881678506	252.050494767515	268.000794707519	246.516105676425	263.574662287258	250.573925852762
YLR007W	436.767328274075	363.854994392015	394.118815746351	397.315335156144	376.07604253182	393.409225605965
YLL015W	1215.2731100513	1180.81243463069	1111.87872959971	1082.68428830049	964.297544953384	1126.35836376812
YLR343W	36.5495672195878	64.7289208352372	68.6230408593647	33.4106077290393	32.9468327859073	30.1994633763915
YLR210W	219.297403317527	215.763069450791	215.142506478008	223.941370724372	247.503036538035	280.773389229154
YLR058C	3980.24787021312	4263.28210410267	3733.46435810544	3864.79462379158	3486.73920629394	3976.53474512917
YLR145W	270.46679742495	266.761613139159	260.582087587588	255.545999657247	250.71736168788	291.384011496534
YLR080W	111.476180019743	81.4015216564347	96.4431925591071	111.067695964104	102.054823507566	88.1497849905482
YLR443W	522.658811240106	554.118791998622	546.202311704943	543.599617645451	521.524255562288	527.266306517538
YLR325C	12732.0417409434	11437.4041633415	12915.0417574104	9994.28665797317	9246.00629352803	10551.0395423409
YLL006W	275.949232507888	300.106814781554	286.547562507347	316.949278726833	300.539401510471	321.583474872926
YLR074C	1324.92181171006	1290.65545180564	1420.68241346685	1217.22970861473	969.922613965612	957.404609202899
YLR191W	275.949232507888	289.318661309015	296.748284797253	273.60578761889	295.717913785704	320.76727316005
YLR288C	206.505054790671	223.608999249001	244.817334957734	238.389201093686	246.699455250574	235.066093308129
YLL001W	471.489417132683	437.410586250239	402.464861256274	461.427582419976	568.131970235035	657.85858057761
YLR409C	1929.81714919424	2225.30183901747	2101.34879172055	1937.81524828428	1905.29123257039	2397.18443071519
YLR099C	374.633064000775	383.469818887542	408.956229986214	564.36837380134	564.917645085191	412.1818650021
YLR131C	361.84071547392	396.219454809634	323.641098107004	382.867504786829	427.505244929333	422.792487269481
YLR362W	402.045239415466	393.277231135305	382.990755066454	409.054197331211	442.773289391095	426.057294120983
YLR256W	891.809440157943	804.207804316584	747.43474233308	704.331730504073	535.185137449128	501.147851705524
YLR068W	780.333260138201	745.363330830004	780.818924372771	657.376281803801	473.309378314619	662.755790854862
YLR101C	12.7923485268557	9.80741224776321	14.8374142398626	7.22391518465716	7.23223158715038	9.79442055450536
YLL054C	307.016364644538	290.299402533791	290.256916067313	353.068854650118	315.003864684772	352.599139962193
YLR186W	1509.49712616898	1645.68377517467	1563.49252552553	1377.96182147335	1242.33667041494	1209.61093848141
YLR143W	628.652556176911	770.862602674189	721.469267413321	727.809454854208	735.276878026955	820.282721439824
YLR368W	440.422284996034	409.949831956502	367.2260024366	411.763165525458	411.43361918011	452.175748932997
YLR393W	127.923485268557	102.977828601514	100.152546119073	131.836452119993	123.751518269018	105.290020960933
YLR176C	168.128009210104	171.629714335856	165.066233418472	166.150049247115	159.912676204769	185.277788822726
YLR126C	356.358280390982	361.893511942463	372.790032776549	372.031632009843	400.987062443115	454.624354071624
YLR099W-A	158.990617405207	113.765982074053	150.228819178609	150.799229479718	143.841050455546	81.6201712875446
YLR423C	162.645574127166	135.342289019132	134.464066548755	162.538091654786	167.948489079381	179.564376832598
YLR357W	736.473779474695	724.767765109702	650.064211383982	693.495857727087	802.777706173692	800.693880330813
YLR197W	7907.49886795783	8342.18485794739	8205.09007464404	7016.22762309826	5558.3717653688	7254.40082403697
YLR187W	277.776710868868	276.569025386923	229.979920717871	269.993830026561	294.110751210782	280.773389229154
YLL034C	1217.10058841228	1349.49992529222	1243.56078097849	1290.37184985938	1177.24658613059	1531.19441335434
YLL023C	551.898465015776	547.253603425187	545.274973314952	469.554487002715	421.880175917105	411.365663289225
YLR065C	802.263000469953	791.458168394491	823.476490312376	748.578211010098	653.311586705918	695.40385936988
YLL031C	1048.97257920217	1023.89383866648	978.342001440943	986.064422705702	1115.37082699608	1301.02553032346
YLR419W	785.815695221139	835.591523509426	898.590899901681	926.46712243228	924.922061867787	1053.7164113222
YLR294C	456.869590244848	458.986893195318	478.50660923557	390.091419971486	541.613787748817	611.335082943709
YLR405W	508.038984352271	436.429845025463	488.707331525476	481.293349177783	480.54160990177	385.247208477211
YLR026C	476.971852215621	481.543941365174	481.288624405544	504.771073527919	535.988718736589	579.503216141567
YLR267W	36.5495672195878	42.1718726653818	47.2942578895622	50.5674062926001	36.1611579357519	35.9128753665196
YLR093C	550.070986654797	491.351353612937	561.967064334797	581.525172364901	565.721226372652	576.238409290065
YLR085C	394.735325971549	431.526138901581	416.374937106145	382.867504786829	398.576318580732	396.674032457467
YLR246W	301.5339295616	245.18530619408	246.672011737716	270.896819424643	301.342982797932	277.508582377652
YLR433C	392.907847610569	422.699467878595	404.319538036257	393.703377563815	386.522599268815	330.561693714556
YLR227C	186.402792819898	195.167503730488	213.287829698025	215.814466141632	177.591464528915	253.022530991388
YLR152C	444.077241717992	423.680209103371	381.136078286472	327.785151503818	321.432514984461	221.190664189246
YLR370C	939.323877543408	924.838974964071	929.193066771398	967.101645345977	1023.76256022551	838.239159123083
YLL026W	12054.0472690201	9467.09504276583	9726.85237261995	8097.10593260259	6623.92055254229	3800.23517514808
YLR289W	197.367662985774	164.764525762422	167.848248588446	205.881582762729	240.270804950885	250.573925852762
YLR114C	930.186485738511	846.379676981965	892.099531171741	944.526910393923	990.815727439602	1054.53261303508
YLR213C	102.338788214846	123.573394321817	106.643914849013	87.589971613968	113.304961532023	79.1715661489183
YLR146C	520.831332879127	567.84916914549	581.441170524617	511.994988712576	414.647944329955	489.721027725268
YLR202C	18.2747836097939	18.6340832707501	19.4741061898197	15.3508197673965	17.6787883241454	26.1184548120143
YLL053C	91.3739180489696	103.95856982629	114.989960358935	74.948120040818	54.6435275473584	39.9938839308969
YLR333C	5418.4733403039	6227.70677732964	6209.45785938251	4967.34467884988	4145.67586201209	4471.96918484457
YLR082C	252.192013815156	233.416411496765	226.270567157905	239.292190491768	225.806341776584	255.471136130015
YLR193C	221.124881678506	212.820845776462	216.997183257991	232.068275307111	268.396150012025	232.617488169502
YLL043W	1058.10997100707	1041.54718071245	1060.87511815018	1061.9155321446	1210.1934189165	1061.87842845096
YLR337C	623.170121093973	537.446191177424	531.364897465081	609.517843705447	707.955114253276	412.1818650021
YLR039C	568.345770264591	585.502511191464	510.96345288527	630.286599861337	625.989822932238	719.073709043268
YLR457C	173.610444293042	155.937854739435	174.339617318386	172.47097503369	167.14490779192	201.601823080235
YLR104W	263.156883981032	267.742354363936	282.838208947382	312.434331736422	298.128657648088	333.010298853182
YLR319C	464.179503688766	486.447647489055	511.890791275261	554.435490422437	576.167783109647	583.584224705944
YLR317W	67.6166993562375	48.0563200140397	44.5122427195879	52.3733850887644	60.2685965595865	41.6262873566478
YLL003W	431.284893191137	475.659494016516	429.357674566025	465.039540012304	469.291471877313	541.141735636421
YLR004C	49.3419157464436	38.2489077662765	28.7474900897339	30.7016395347929	33.7504140733684	35.0966736536442
YLR407W	422.14750138624	445.25651604845	429.357674566025	393.703377563815	457.237752565396	537.876928784919
YLR336C	1074.55727625588	1161.19761013516	1161.95500265924	1193.75198426459	1116.17440828354	1477.32510030456
YLR430W	1443.70790517372	1508.38000370598	1395.64427693708	1460.13385669883	1311.4446611366	1450.39044377967
YLR436C	597.585424040261	642.385502228491	559.185049164823	622.159695278597	599.47164044602	668.469202844991
YLR347C	1348.67903040279	1365.19178488864	1274.1629478482	1347.26018193856	1526.80444617619	1570.37209557236
YLR324W	363.668193834899	329.529051524844	339.405850736858	388.285441175322	461.255659002702	330.561693714556
YLR460C	96.8563531319078	81.4015216564347	101.079884509064	89.3959504101323	115.715705394406	102.841415822306
YLR113W	2763.14728180084	2909.85921391135	2799.63459938408	2707.16221545027	2564.22788828854	2469.01018144823
YLR046C	148.025747239331	138.284512693461	127.972697818815	121.000579343007	148.662538180313	157.526930584961
YLR125W	52.9968724684024	62.7674383856846	36.1661972096652	53.2763744868465	58.6614339846642	55.5017164755304
YLR196W	3291.28852812389	3579.70547043357	3555.41538722708	3172.20175546257	2516.81659232833	2834.66854881643
YLR363W-A	467.834460410724	535.484708727872	472.942578895622	394.606366961897	319.825352409539	474.213195180634
YLL061W	334.428540059229	326.586827850515	272.637486657476	428.919964089019	486.970260201459	546.855147626549
YLR119W	208.332533151651	175.552679234962	178.976309268343	171.567985635607	150.269700755236	179.564376832598
snR57	31.0671321366497	42.1718726653818	34.3115204296824	42.4405017098608	37.7683205106742	38.361480505146
YLL020C	21.9297403317527	28.4414955185133	19.4741061898197	16.2538091654786	20.0895321865288	21.2212445347616
YLR163C	582.965597152426	608.059559361319	561.967064334797	669.115143978869	813.224262910687	820.282721439824
YLL014W	592.102988957323	675.730703870885	682.521055033681	628.480621065172	561.703319935346	776.207828944549
YLR129W	1706.86478915475	2043.86471243385	1981.72213941165	1971.22585601332	1917.34495188231	2502.47445167612
YLR173W	270.46679742495	249.108271093186	210.505814528051	247.419095074508	236.252898513579	225.271672753623
YLR090W	529.968724684024	475.659494016516	484.99797796551	436.143879273676	500.631142088298	389.328217041588
snR55	12.7923485268557	20.5955657203028	24.1107981397768	21.6717455539715	24.1074386238346	18.7726393961353
YLR259C	3892.52890888611	3810.17965825601	3926.35074322365	5867.62510873777	7965.09772131495	6097.84299689246
YLR219W	769.368389972324	647.289208352372	693.649115713578	696.204825921333	690.276325929131	543.590340775047
YLR401C	1293.85467957341	1503.4762975821	1437.37450448669	1303.01370143253	1263.22978388893	1195.73550936253
YLL058W	378.288020722734	293.24162620812	312.513037427107	287.150628590122	279.646288036481	246.492917288385
YLR177W	416.665066303301	399.161678483963	422.866305836085	325.076183309572	242.681548813268	182.012981971225
YLR185W	6911.52316122406	7512.47778178662	7804.47989016775	6180.0594404742	4881.75632132651	5218.7937521256
YLR060W	5380.09629472333	5766.75840168477	5712.40448234712	5230.11459369178	4856.84530141521	4556.03796127074
YLR313C	127.923485268557	123.573394321817	140.028096888704	155.314176470129	196.073834140521	238.33090015963
YLR303W	4192.23536008673	4630.07932216901	4364.98180168959	6497.91170859911	7007.22882666126	7673.11230274207
YLL029W	1107.45188675351	1014.08642641872	984.833370170883	1103.45304445638	1161.17496038137	976.177248599034
YLR285C-A	323.463669893352	418.776502979489	356.097941756703	264.575893638068	260.360337137414	310.15665089267
YLR001C	283.259145951806	299.126073556778	276.346840217442	304.307427153683	303.753726660316	355.047745100819
YLR015W	323.463669893352	459.967634420095	427.502997786042	465.942529410386	419.469432054722	459.521564348876
YLR432W	3700.64368098327	3923.94564033006	3766.84854014513	2939.23049075738	2648.60392347196	3006.88711023314
YLR166C	756.576041445468	858.148571679281	825.331167092359	816.302415866258	785.098917849547	1022.70074623293
YLR383W	301.5339295616	365.816476841568	330.132466836944	359.389780436693	386.522599268815	429.322100972485
YLR035C	217.469924956548	225.570481698554	229.979920717871	279.926713405465	273.217637736792	266.897960110271
YLR044C	122187.030693443	114208.296366427	117814.633094849	111509.257779766	104540.300429684	79404.9998388007
YLR293C	6487.54818147684	6791.63298157603	6811.30047448694	6334.47062754624	5674.89105205066	6347.60072103235
YLR192C	2478.06065748806	2632.30944729965	2552.03524925637	2410.98169287933	2486.28050340481	2285.36479605125
YLR300W	9075.25754062366	9537.70841094973	8894.10249840766	9190.62609368006	10261.7330408789	10103.7610036852
YLR098C	511.69394107423	400.142419708739	377.426724726506	447.882741448744	411.43361918011	337.091307417559
YLR448W	7859.98443057237	7733.14455736129	7717.31008150855	6814.86098732594	6004.35937990974	5484.05930881012
YLR381W	327.118626615311	286.376437634686	270.782809877493	321.464225717243	366.433067082286	364.025963942449
snR44	301.5339295616	279.511249061252	284.692885727364	198.657667578072	157.501932342386	236.698496733879
YLR367W	3998.52265382291	3968.078995445	3956.02557170338	3206.51535258969	2831.01687572564	2934.24515778723
YLR309C	944.806312626346	929.742681087953	898.590899901681	1004.12421066734	998.047959026752	1204.71372820416
YLR299W	661.54716667454	589.425476090569	592.569231204514	677.242048561608	679.026187904674	450.543345507246
YLR224W	699.924212255107	727.709988784031	712.195883513407	681.756995552019	764.205804375557	794.980468340685
YLR029C	27806.9107406624	28193.3679886449	30215.4667610903	24433.0871333067	20957.3999769869	22017.0412048152
YLR373C	597.585424040261	573.733616494148	550.8390036549	600.487949724626	630.007729369544	648.88036173598
YLR092W	69.4441777172169	80.4207804316584	65.8410256893905	94.8138867986252	117.322867969328	201.601823080235
YLL018C-A	158.990617405207	138.284512693461	158.574864688532	139.06036730465	148.662538180313	96.3118021193027
YLR066W	908.256745406758	818.918922688228	950.5218497412	819.011384060505	779.473848837319	953.323600638521
YLR146W-A	124.268528546599	117.688946973159	118.699313918901	110.164706566022	104.46556736995	134.673282624449
YLR175W	7531.03832559608	8383.375989388	8042.80585639554	6946.69743944594	5692.56984037481	5973.78033653539
YLR402W	12.7923485268557	28.4414955185133	21.3287829698025	16.2538091654786	28.9289263486015	24.4860513862634
YLL051C	705.406647338045	601.194370787885	628.735428414179	671.824112173115	758.580735363329	718.257507330393
YLR314C	1949.91941116501	2132.13142266372	2117.1135443504	2137.37590526044	2284.58160025206	2507.37166195337
YLR438C-A	721.85395258686	751.247778178662	792.87432344266	740.451306427358	746.527016051411	539.50933221067
YLR209C	535.451159766962	535.484708727872	523.946190345149	559.853426810929	535.988718736589	492.98583457677
YLR019W	650.582296508664	579.618063842806	599.987938324445	600.487949724626	665.365306017835	583.584224705944
YLR353W	330.77358333727	337.374981323055	337.551173956875	352.165865252036	431.523151366639	395.041629031716
YLR361C	370.978107278817	360.912770717686	337.551173956875	335.009066688476	331.879071721456	319.1348697343
YLL033W	98.6838314928872	101.016346151961	109.425930018987	102.940791381364	106.876311232333	118.34924836694
YLR389C	1337.71416023692	1233.77246076861	1190.70249274898	1267.79711490733	1143.49617205722	1165.53604598614
YLR438W	60.3067859123199	74.5363330830004	66.7683640793819	184.209837208757	312.593120822389	123.246458644192
YLR290C	180.92035773696	187.321573932277	217.924521647982	220.329413132043	211.341878602283	224.455471040748
YLR270W	504.384027630312	495.274318512042	521.164175175175	440.658826264086	402.594225018038	375.452787922705
YLR194C	6480.23826803292	5495.09308242173	5642.85410309776	5993.14063507119	4973.36458809708	1992.34838112896
YLR006C	1277.4073743246	1161.19761013516	1233.36005868858	1135.96066278734	947.4223379167	649.696563448855
YLR223C	1005.11309853867	1071.95015868052	990.397400510831	1060.10955334844	1350.01656293474	1558.12906987923
YLR195C	822.365262440726	923.858233739295	911.573637361561	944.526910393923	912.86834255587	977.809652024785
YLL016W	237.572186927321	233.416411496765	202.159769018128	244.710126880261	217.770528901973	243.228110436883
YLR398C	826.020219162685	869.917466376597	827.185843872342	924.661143636116	1055.10223043649	1030.04656164881
YLR418C	730.991344391757	639.443278554162	678.811701473716	675.436069765444	659.740237005607	755.802786122663
YLR010C	56.6518291903612	42.1718726653818	45.4395811095793	62.306268467668	42.5898082354411	54.6855147626549
YLR307W	12.7923485268557	19.6148244955264	23.1834597497854	14.4478303693143	16.0716257492231	24.4860513862634
YLR356W	138.888355434434	170.64897311108	166.920910198455	162.538091654786	218.574110189434	169.769956278093
YLR431C	272.294275785929	259.896424565725	260.582087587588	235.68023289944	219.377691476895	278.324784090527
YLR109W	3729.88333475894	3700.33664108106	3881.83850050406	7047.83225203114	9490.29500491622	7086.26327118463
YLR364W	102.338788214846	96.1126400280795	93.6611773891329	104.746770177529	122.947936981556	159.975535723587
YLR106C	4279.95432141374	4426.08514741554	4054.32344104247	3691.42065935981	2682.35433754533	2753.04837752888
YLR083C	2496.33544109785	2749.01765304803	2634.56836596561	2305.33193330371	2070.82897778739	2514.71747736925
YLR274W	703.579168977066	784.592979821057	726.105959363278	714.264613882976	732.866134164572	827.628536855703
YLR413W	3983.90282693508	4256.41691552923	3629.6024584264	3072.87292167354	3372.63066347446	4316.07465768536
YLR340W	26355.8929220448	27498.0224602785	26767.6226271022	23335.9550146369	20953.3820705496	19221.5503382168
YLR055C	308.843843005517	338.355722547831	330.132466836944	322.367215115326	425.898082354411	268.530363536022
YLR254C	248.537057093197	236.358635171093	226.270567157905	191.433752393415	180.002208391298	171.402359703844
YLR121C	1297.50963629537	1319.09694732415	1317.7478521778	1615.44803316896	1235.10443882779	467.683581477631
YLL042C	47.5144373854642	55.9022498122503	44.5122427195879	52.3733850887644	49.8220398225915	56.3179181884058
YLR211C	91.3739180489696	117.688946973159	86.2424702692016	115.582642954514	138.215981443318	180.380578545474
YLR105C	480.62680893758	480.563200140397	476.651932455587	465.942529410386	427.505244929333	458.705362636001
YLR142W	539.106116488921	499.197283411148	504.47208415533	641.122472638323	711.973020690582	399.938839308969
YLR376C	104.166266575825	88.2667102298689	99.2252077290814	93.0079080024609	64.2865029968923	101.209012396555
YLR318W	157.163139044228	174.571938010185	185.467677998283	180.597879616429	184.823696116065	242.411908724008
YLR239C	420.32002302526	417.795761754713	451.613795925819	429.822953487101	436.344639091406	456.256757497375
YLR262C-A	1624.62826291068	1628.03043312869	1735.97746606393	1326.49142578267	1087.24548193494	1217.77295561017
YLR452C	1202.48076152444	1452.47775389373	1341.85865031758	1000.51225307502	1120.19231472085	1388.35911360113
YLR372W	5942.95962990498	6334.60757083026	6092.6132222436	5378.20485497725	4806.21968030516	5734.63323466289
YLR363C	230.262273483403	255.97345966662	295.820946407261	243.807137482179	214.556203752128	292.20021320941
YLR207W	614.032729289076	550.195827099516	574.022463404686	573.398267782162	593.042990146331	482.375212309389
YLR312W-A	423.974979747219	438.391327475016	441.413073635913	488.51726436244	547.238856761045	612.151284656585
YLR188W	763.885954889386	840.495229633308	855.005995572085	893.056514703241	942.600850191933	964.750424618778
YLR011W	127.923485268557	131.419324120027	150.228819178609	163.441081052868	149.466119467774	119.165450079815
YLR328W	924.704050655572	922.877492514519	943.103142621269	895.765482897487	904.028948393797	854.563193380592
YLR241W	977.700923123975	937.588610886163	893.026869561732	938.205984607348	853.403327283745	812.120704311069
YLR245C	63.9617426342787	75.5170743077768	67.6957024693733	49.6644168945179	79.5545474586542	64.4799353171603
YLR360W	297.878972839641	288.337920084239	326.423113276978	351.262875853954	333.486234296379	404.019847873346
snR30	138.888355434434	105.920052275843	136.318743328738	106.552748973693	86.7867790458045	39.1776822180214
YLR205C	444.077241717992	385.431301337094	384.845431846437	437.046868671758	555.274669635657	251.390127565637
YLR287C	899.119353601861	1006.24049662051	932.902420331363	945.429899792005	957.868894653694	1285.51769777883
YLR410W	1964.53923805285	2088.97880877356	1967.81206356178	2030.82315628674	2061.18600233786	2199.66361619933
YLR097C	394.735325971549	445.25651604845	448.831780755845	414.472133719704	370.450973519592	364.025963942449
YLR397C	886.327005075005	974.856777427663	940.321127451295	1015.86307284241	920.904155430482	875.784437915354
YLR120C	2971.47981495249	2454.79528561513	2492.68559229692	2494.05671750288	2306.27829501351	1349.18143138311
YLR335W	1789.10131539883	2103.68992714521	1927.00917440216	2083.19654137551	2137.52622464667	2145.79430314955
YLR399C	1275.57989596362	1354.4036314161	1247.27013453845	1256.05825273226	1462.5179431793	1258.58304125394
YLR453C	105.993744936805	112.785240849277	123.336005868858	133.642430916157	111.6977989571	120.797853505566
YLL057C	54.8243508293818	50.9985436883687	59.3496569594506	59.5973002734215	43.3933895229023	43.2586907823987
YLR388W	5657.8730055922	5247.9462937781	6265.098162782	4840.92616311838	4429.34005648588	4766.61800319261
YLR249W	66849.1584446262	67696.6437814104	64814.46209167	57593.5667990772	48327.3786279137	48972.1027725268
YLR151C	62.1342642732993	60.8059559361319	81.6057783192445	94.8138867986252	107.679892519795	109.37102952531
YLR260W	511.69394107423	458.986893195318	462.741856605716	562.562395005176	606.703872033171	504.412658557026
YLL010C	294.224016117682	279.511249061252	297.675623187244	287.150628590122	319.825352409539	284.038196080655
YLR133W	451.38715516191	417.795761754713	440.485735245922	432.531921681347	377.683205106742	313.421457744171
YLR329W	20.1022619707733	28.4414955185133	12.9827374598798	27.9926713405465	15.2680444617619	20.4050428218862
YLL011W	926.531529016552	948.376764358703	984.833370170883	932.788048218855	1025.36972280043	1450.39044377967
YLR384C	1980.98654330166	2158.61143573268	2027.16172052123	1875.50897981661	1665.02042761951	1876.44773790065
YLR203C	734.646301113716	685.538116118649	705.704514783467	809.981490079683	862.242721445817	826.812335142827
YLR394W	254.019492176136	255.97345966662	233.689274277837	276.314755813136	289.289263486015	287.303002932157
YLR021W	312.498799727476	355.028323369028	356.097941756703	330.494119698065	344.736372320835	306.891844041168
YLR450W	811.40039227485	791.458168394491	721.469267413321	693.495857727087	576.971364397108	615.416091508087
YLR390W	144.370790517372	119.650429422711	141.882773668686	140.866346100815	151.876863330158	97.9442055450536
YLR291C	1288.37224449047	1312.23175875072	1332.58526641766	1210.00579343007	1200.55044346696	1315.71716115522
YLR408C	43.8594806635054	55.9022498122503	44.5122427195879	38.8285441175322	39.3754830855965	46.5234976339004
YLR240W	394.735325971549	397.20019603441	411.738245156188	425.30800649669	431.523151366639	417.079075279353
YLR018C	389.252890888611	417.795761754713	467.378548555673	472.263455196962	524.738580712133	468.499783190506
YLR344W	7203.91969898076	7676.26156632427	8067.84399292531	6685.7335034002	6019.6274243715	5154.31381680844
YLR412W	612.205250928096	626.693642632069	621.316721294248	582.428161762983	555.274669635657	689.690447379752
YLR447C	3770.08785870049	3885.69673256379	3831.76222744453	3343.76974109818	2922.62514249621	3080.34526439193
YLR361C-A	74.9266128001551	111.804499624501	130.754712988789	141.769335498897	117.322867969328	141.202896327452
YLR112W	31.0671321366497	37.2681665415002	51.9309498395192	31.6046289328751	36.1611579357519	33.4642702278933
YLR435W	1173.24110774877	1196.50429422711	1274.1629478482	1060.10955334844	848.581839558978	1018.61973766856
YLR084C	557.380900098715	649.250690801925	587.932539254557	654.667313609555	872.689278182812	1282.25289092733
snR34	18.2747836097939	15.6918595964211	26.892813309751	27.9926713405465	11.2501380244561	22.037446247637
YLR091W	96.8563531319078	129.457841670474	144.664788838661	117.388621750679	127.769424706323	96.3118021193027
YLR275W	233.917230205362	232.435670271988	242.962658177751	214.008487345468	199.288159290366	310.972852605545
YLR102C	124.268528546599	125.534876771369	146.519465618644	153.508197673965	145.448213030469	93.0469952678009
YLR263W	182.747836097939	186.340832707501	168.775586978438	193.239731189579	161.519838779692	217.109655624869
YLR459W	533.623681405983	596.290664664003	553.621018824875	580.622182966819	560.096157360424	724.787121033396
YLR316C	339.910975142167	382.489077662765	332.914482006918	398.218324554226	361.611579357519	333.010298853182
YLR277C	570.17324862557	527.638778929661	548.056988484926	630.286599861337	616.346847482704	738.662550152279
YLR229C	1737.9319212914	1702.56676621169	1734.12278928395	1513.41023118567	1466.5358496166	1194.10310593678
YLR048W	20734.5694836722	20709.3317023768	20873.4598203168	17684.1443720407	15501.8866164131	13759.5284756543
YLL059C	10.9648701658764	13.7303771468685	12.9827374598798	9.93288337890359	16.8752070366842	8.97821884162991
YLR238W	361.84071547392	337.374981323055	323.641098107004	322.367215115326	304.557307947777	389.328217041588
YLR283W	140.715833795413	163.783784537646	168.775586978438	168.859017441361	166.341326504459	161.607939149338
YLR298C	376.460542361755	405.046125832621	404.319538036257	416.278112515869	319.021771122078	370.555577645453
YLR086W	537.278638127941	612.963265485201	561.967064334797	677.242048561608	729.651809014727	796.612871766436
YLL041C	588.448032235364	492.332094837713	565.676417894763	412.66615492354	602.685965595865	440.748924952741
YLR330W	2552.98727028821	2378.29747008258	2437.97262728743	2367.63820177138	2312.7069453132	2010.30481881222
YLR244C	1913.36984394542	2138.01587001238	2108.76749884048	1997.4125485577	1817.70087223713	1901.74999099979
YLR258W	676.166993562375	619.828454058635	595.351246374488	511.994988712576	413.040781755033	328.113088575929
YLR174W	36.5495672195878	58.8444734865793	51.0036114495278	55.0823532830108	60.2685965595865	51.4207079111531
YLR315W	18.2747836097939	36.2874253167239	30.6021668697167	30.7016395347929	43.3933895229023	34.2804719407687
YLR172C	2150.94203087274	1913.4261295386	1938.13723508206	1703.94099418101	1372.51683898365	1312.45235430372
YLR273C	80.4090478830933	95.1318988033032	101.079884509064	124.612536935336	133.394493718551	179.564376832598
YLL012W	431.284893191137	460.948375644871	421.011629056102	463.23356121614	487.77384148892	586.849031557446
YLR022C	807.745435552891	778.708532472399	861.497364302024	753.093158000508	732.866134164572	843.952571113212
YLR382C	400.217761054487	450.160222172332	418.229613886128	500.256126537508	634.02563580685	666.020597706364
YLR041W	31.0671321366497	15.6918595964211	26.892813309751	10.8358727769857	21.6966947614511	17.1402359703844
YLR268W	860.742308021294	929.742681087953	962.577248811089	1030.31090321173	983.583495852452	986.787870866415
YLR420W	879.017091631088	997.413825597519	1033.05496645044	986.967412103784	910.457598693486	954.139802351397
YLR137W	146.198268878351	154.957113514659	153.938172738575	152.605208275882	185.627277403526	125.695063782819
YLR087C	370.978107278817	399.161678483963	375.572047946523	430.725942885183	382.504692831509	409.733259863474
YLL049W	202.850098068713	215.763069450791	220.706536817957	219.426423733961	235.449317226118	295.465020060912
YLR426W	211.98748987361	187.321573932277	204.941784188103	222.135391928207	235.449317226118	209.76384020899
YLL035W	562.863335181653	622.770677732964	581.441170524617	646.540409026815	630.007729369544	730.500533023524
YLL009C	157.163139044228	166.726008211975	156.720187908549	214.91147674355	208.127553452439	215.477252199118
YLR036C	202.850098068713	254.992718441844	208.651137748068	220.329413132043	214.556203752128	266.081758397396
YLR118C	381.942977444693	355.028323369028	395.046154136343	385.576472981076	368.843810944669	392.59302389309
YLR406C	7874.6042574602	8401.02933143397	8965.507554437	7211.273333084	6668.11752335265	6949.14138342155
YLR136C	146.198268878351	76.4978155325531	95.5158541691157	144.478303693143	169.555651654303	124.878862069943
YLR385C	21.9297403317527	26.4800130689607	26.892813309751	22.5747349520536	32.9468327859073	31.015665089267
YLR138W	1818.3409691745	1716.29714335856	1646.02564223476	1688.59017441361	1393.40995245764	1227.56737616467
YLL019C	398.390282693508	378.56611276366	328.277790056961	387.38245177724	568.131970235035	435.851714675488
YLR284C	82.2365262440726	98.0741224776321	95.5158541691157	75.8511094389001	73.1258971589649	81.6201712875446
YLR295C	690.78682045021	719.86405898582	709.413868343432	689.883900134758	932.154293454938	857.011798519219
YLR248W	1898.75001705759	1674.12527069318	1740.61415801389	1547.7238283128	1391.80278988272	1356.52724679899
YLR127C	381.942977444693	412.892055630831	421.011629056102	409.957186729294	446.791195828401	477.478002032136
YLR002C	1376.09120581748	1530.93705187584	1431.81047414674	1440.26808994102	1307.4267546993	1511.60557224533
YLR168C	562.863335181653	569.810651595043	548.056988484926	590.555066345722	680.633350479597	663.571992567738
YLR342W-A	95.0288747709284	117.688946973159	110.353268408978	71.3361624484894	52.232783684975	76.722961010292
YLR031W	36.5495672195878	33.3452016423949	27.8201516997424	25.2837031463	27.3217637736792	36.7290770793951
YLR189C	506.211505991292	584.521769966688	542.492958144978	604.099907316955	621.971916494933	672.550211409368
YLR134W	222.952360039486	185.360091482725	187.322354778266	164.34407045095	212.949041177206	173.034763129595
YLR051C	975.873444762996	1056.2582990841	1007.08949153068	902.989398082144	854.206908571206	1080.65106784709
YLR215C	334.428540059229	358.951288268134	380.20873989648	386.479462379158	364.022323219902	405.652251299097
YLR206W	1111.10684347547	1112.16054889635	1110.02405281972	1168.46828111829	1282.515734788	928.021347539383
YLR201C	325.291148254332	331.490533974397	343.115204296823	329.591130299983	325.450421421767	324.848281724428
YLL018C	5539.08691212854	5707.91392819819	5275.62810066116	4852.66502529344	4628.62821577624	3766.77090492018
YLL025W	21.9297403317527	12.7496359220922	10.2007222899056	21.6717455539715	19.2859508990677	8.97821884162991
YLR392C	354.530802030002	300.106814781554	273.564825047467	270.896819424643	290.092844773476	297.913625199538
YLR063W	248.537057093197	244.204564969304	246.672011737716	254.643010259165	269.199731299486	395.041629031716
YLR350W	1719.65713768161	1556.43632372002	1670.13644037454	1433.94716415445	1317.06973014883	704.38207821151
YLR312C	23.7572186927321	21.5763069450791	20.4014445798111	18.0597879616429	17.6787883241454	16.3240342575089
YLR204W	369.150628917837	313.837191928423	337.551173956875	369.322663815597	381.701111544048	272.611372100399
YLL007C	270.46679742495	238.320117620646	242.035319787759	245.613116278343	217.770528901973	229.352681318
YLR141W	89.5464396879902	104.939311051066	89.0244854391758	100.231823187118	130.983749856168	66.1123387429111
YLL038C	184.575314458919	181.437126583619	187.322354778266	181.500869014511	200.895321865288	128.959870634321
YLR257W	5506.19230163091	5406.82637219186	5626.16201207791	5359.24207761753	4598.89570814018	3056.67541471855
YLR108C	58.4793075513406	101.997087376737	112.207945188961	128.224494527664	212.145459889744	181.196780258349
YLR375W	1171.41362938779	1090.58424195127	1078.49454756002	1021.28100923091	1006.08377190136	593.37864526045
YLR287C-A	9793.45653648856	9840.75744940561	10703.3396972809	8685.85502015215	8253.5834035135	7670.66369760345
YLR003C	1251.82267727088	1218.08060117219	1298.27374598798	1200.07291005117	973.940520402918	1340.20321254148
YLR221C	1736.10444293042	1711.39343723468	1778.63503200353	1559.46269048786	1279.30140963816	1627.50621547364
YLR355C	9016.77823307232	10065.3471898794	8899.66652874761	10165.8546436088	11235.6735612818	10499.6188344297
YLR446W	60.3067859123199	56.8829910370266	57.4949801794677	54.1793638849287	52.232783684975	65.2961370300357
YLR237W	370.978107278817	317.760156827528	331.987143616927	262.769914841904	304.557307947777	366.474569081075
YLR441C	25087.6229395251	25622.8452385062	26752.7852128623	21386.4009041775	18063.7037608393	17807.0727698036
YLR178C	228.434795122424	222.628258024225	206.796460968086	226.650338918618	190.448765128293	117.533046654064
YLR028C	2609.63909947857	2606.81017545546	2469.50213254714	2717.99808822725	2967.62569459404	2643.67734800357
YLR043C	2063.22306954573	1898.71501116696	2209.84738334954	1960.38998323634	1768.682413702	1941.74387493069
YLR218C	84.064004605052	111.804499624501	96.4431925591071	99.3288337890359	84.3760351834211	55.5017164755304
YLR243W	740.128736196654	743.401848380452	740.94337360314	759.414083787083	700.722882666126	805.591090608066
YLR148W	632.30751289887	662.000326724017	652.846226553956	698.010804717498	666.972468592757	809.672099172443
YLR095C	557.380900098715	551.176568324293	533.219574245064	595.973002734215	744.116272189028	670.101606270741
YLR199C	562.863335181653	575.695098943701	553.621018824875	670.921122775033	741.705528326644	736.213945013653
YLR154C	233.917230205362	217.724551900343	202.159769018128	218.523434335879	235.449317226118	226.087874466499
YLR265C	232.089751844383	225.570481698554	227.197905547897	240.19517988985	257.146011987569	333.010298853182
YLR242C	171.782965932063	178.494902909291	156.720187908549	138.157377906568	121.340774406634	182.8291836841
YLR351C	963.08109623614	1086.66127705216	1166.5916946092	1079.97532010624	977.154845552762	905.983901291745
YLR306W	241.22714364928	199.090468629593	221.633875207948	195.948699383825	178.395045816376	179.564376832598
YLR130C	1690.41748390594	2028.17285283743	1925.15449762218	1339.13327735582	1325.10554302344	1187.57349223377
YLL028W	906.429267045779	968.972330079006	899.518238291672	661.891228794212	706.347951678354	686.42564052825
YLR183C	559.208378459694	721.825541435373	638.008812314093	787.40675512763	840.546026684366	893.740875598614
YLR042C	95.0288747709284	87.2859690050926	118.699313918901	139.963356702732	197.680996715444	171.402359703844
YLR396C	270.46679742495	307.952744579765	303.239653527193	341.329992475051	337.504140733684	377.085191348456
YLR326W	151.68070396129	161.822302088093	167.848248588446	169.762006839443	175.180720666531	136.3056860502
YLR024C	243.054622010259	300.106814781554	254.090718857648	365.710706223268	398.576318580732	440.748924952741
YLR442C	581.138118791447	609.040300586096	547.129650094935	600.487949724626	607.507453320632	715.808902191766
YLR380W	921.049093933614	903.262668018992	888.390177611775	912.019292062966	965.101126240845	777.8402323703
YLR061W	10988.6273845691	10280.1295181054	11366.3866461248	8981.13255332501	7999.65171667578	7277.25447199748
YLR386W	497.074114186395	574.714357718924	540.638281364995	556.241469218601	546.435275473584	612.151284656585
YLR387C	760.230998167427	703.191458164623	749.289419113063	846.101066002969	888.760903932035	841.503965974585
YLR422W	548.243508293818	498.216542186371	523.018851955158	585.137129957229	584.203595984258	684.793237102499
YLR354C	5889.96275743658	5410.74933709097	5562.17566316851	5848.66233137805	6034.89546883326	5279.19267887839
YLL039C	1763.51661834511	1798.67940623977	1948.33795737196	3180.32866004531	3429.6849348842	2659.1851805482
YLR149C	127.923485268557	101.016346151961	99.2252077290814	88.4929610120501	80.3581287461153	71.0095490201638
YLR208W	1937.12706263816	2041.9032299843	2091.14806943064	1879.12093740894	1917.34495188231	1669.94870454316
YLR115W	548.243508293818	608.059559361319	560.112387554815	682.659984950101	706.347951678354	797.429073479311
YLR005W	643.272383064746	539.407673626977	592.569231204514	623.06268467668	566.524807660113	534.612121933417
YLR147C	381.942977444693	308.933485804541	369.080679216583	382.867504786829	312.593120822389	294.648818348036
YLR451W	811.40039227485	818.918922688228	763.199494962934	878.608684333926	759.38431665079	879.865446479731
YLR212C	434.939849913095	382.489077662765	362.589310486643	397.315335156144	457.237752565396	410.54946157635
YLR454W	564.690813542632	531.561743828766	505.399422545321	564.36837380134	598.668059158559	652.961370300357
YLR064W	840.64004605052	950.338246808255	900.445576681664	894.862493499405	1030.1912105252	1135.33658260975
YLR132C	113.303658380722	113.765982074053	108.498591628996	96.6198655947894	101.251242220105	93.0469952678009
YLR182W	725.508909308819	724.767765109702	698.285807663535	765.735009573658	778.670267549857	922.307935549254
YLR038C	478.799330576601	524.696555255332	613.898014174317	494.838190149015	627.596985507161	640.718344607225
YLR107W	497.074114186395	501.1587658607	562.894402724789	525.539829683808	441.969708103634	546.855147626549
YLR139C	222.952360039486	189.28305638183	178.048970878352	204.075603966565	256.342430700108	239.147101872506
YLR305C	1226.23798021717	1364.21104366386	1218.52264444872	1246.12536935336	1202.96118732935	1194.91930764965
YLL002W	270.46679742495	233.416411496765	259.654749197596	264.575893638068	297.325076360627	319.951071447175
YLR070C	36.5495672195878	44.1333551149345	43.5849043295965	43.3434911079429	48.2148772476692	31.015665089267
YLR226W	418.492544664281	376.604630314107	338.478512346866	369.322663815597	415.451525617416	599.908258963453
YLL048C	2320.89751844383	2588.17609218471	2436.11795050745	2191.55526914536	2065.20390877516	2263.32734980361
YLL024C	12350.0987634987	12160.2104460016	12135.1501714277	19263.4728292864	22949.4779886031	18042.9550648246
YLR009W	2688.22066900069	2721.55689875429	2692.99068453507	2402.85478829659	1952.7025285306	2502.47445167612
YLR057W	577.483162069488	614.924747934754	549.911665264909	652.86133481339	670.990375030063	791.715661489183
YLR348C	557.380900098715	445.25651604845	478.50660923557	456.009646031483	633.222054519389	329.74549200168
YLR439W	341.738453503146	376.604630314107	305.094330307175	436.143879273676	508.66695496291	334.642702278933
YLR345W	423.974979747219	377.585371538884	458.105164655759	394.606366961897	407.415712742805	364.842165655324
YLR050C	381.942977444693	354.047582144252	334.769158786901	402.733271544636	372.058136094514	373.004182784079
YLR332W	1443.70790517372	1266.13692118623	1208.32192215881	1070.04243672734	1203.76476861681	788.450854637681
YLR369W	614.032729289076	574.714357718924	561.967064334797	648.34638782298	662.15098086799	674.998816547994
YLR417W	317.981234810414	310.894968254094	292.111592847296	293.471554376697	300.539401510471	284.038196080655
YLR179C	1695.89991898888	1818.2942307353	1730.41343572398	1941.42720587661	1814.48654708728	1256.13443611531
YLR116W	398.390282693508	404.065384607844	363.516648876635	432.531921681347	418.665850767261	394.225427318841
YLR371W	716.371517503922	693.384045916859	645.427519434025	668.212154580787	687.865582066747	822.73132657845
YLR222C	1558.83904191542	1731.98900295498	1608.9321066351	1579.32845724567	1471.35733734137	1943.37627835644
YLR440C	442.249763357013	433.487621351134	444.195088805888	550.823532830108	513.488442687677	516.655684250157
YLR059C	568.345770264591	604.136594462214	625.026074854214	614.032790695858	577.774945684569	402.387444447595
YLR165C	158.990617405207	204.974915978251	189.177031558249	175.179943227936	175.984301953993	142.019098040328
YLR421C	802.263000469953	888.551549647347	878.18945532187	895.765482897487	929.743549592554	1022.70074623293
YLL027W	495.246635825415	558.041756897727	543.420296534969	637.510515045994	540.006625173895	426.057294120983
YLR292C	827.847697523665	861.09079535361	944.957819401252	893.056514703241	815.63500677307	986.787870866415
YLR034C	709.061604060004	706.133681838951	638.936150704085	647.443398424898	724.026740002499	857.828000232094
YLR016C	277.776710868868	313.837191928423	315.295052597081	292.568564978615	306.96805181016	224.455471040748
YLR297W	327.118626615311	353.066840919476	337.551173956875	271.799808822725	301.342982797932	173.85096484247
YLR225C	782.16073849918	808.130769215689	888.390177611775	733.227391242701	647.686517693689	677.44742168662
YLR047C	217.469924956548	210.859363326909	182.685662828309	233.874254103275	254.735268125186	282.405792654904
YLL022C	466.006982049745	472.717270342187	459.03250304575	516.509935702987	474.11295960208	386.879611902962
YLR395C	840.64004605052	731.632953683136	921.774359651466	699.816783513662	932.957874742399	1039.84098220332
YLR359W	6429.0688739255	6849.49671383783	6367.10538568105	4875.2397602455	3547.81138414099	4004.28560336694
YLR456W	74.9266128001551	114.74672329883	115.917298748927	86.6869822158859	82.7688726084988	109.37102952531
YLR067C	314.326278088455	315.798674377975	329.205128446952	364.807716825186	425.898082354411	486.456220873766
YLR040C	252.192013815156	295.203108657673	293.038931237287	248.32208447259	265.181824862181	244.860513862634
YLL013C	158.990617405207	154.957113514659	144.664788838661	183.306847810675	216.966947614511	180.380578545474
YLR320W	361.84071547392	384.450560112318	371.862694386557	373.837610806008	380.093948969125	454.624354071624
YLL045C	23462.9946766144	24501.8580185868	25413.7085777147	20226.96251704	17014.226599415	14990.3606586704
YLR352W	241.22714364928	192.225280056159	210.505814528051	251.934042064918	277.235544174098	281.589590942029
YLR071C	752.92108472351	787.535203495386	684.375731813664	785.600776331466	842.95677054675	1012.09012396555
YLR286C	10765.6750245296	11409.9434090477	10995.4512901282	9844.39041789154	9745.83385432886	9418.96776658265
YLR037C	21.9297403317527	26.4800130689607	25.9654749197596	33.4106077290393	24.9110199112957	17.9564376832598
YLL004W	237.572186927321	272.646060487817	280.983532167399	338.621024280804	306.164470522699	456.256757497375
YLR100W	1973.67662985774	2094.86325612222	2080.02000875074	2311.65285909029	2172.0802200075	2229.04687786284
YLR088W	621.342642732993	634.53957243028	643.572842654042	615.838769492022	630.007729369544	701.117271360008
YLR216C	2298.96777811208	2102.70918592043	2258.0689796291	3642.65923186337	4382.73234181313	3841.04526079185
YLL040C	648.754818147684	691.422563467307	714.977898683381	769.346967165987	800.366962311308	717.441305617517
YLR410W-B	31.0671321366497	33.3452016423949	29.6748284797253	45.1494699041072	53.8399462598973	50.6045061982777
YPL071C	274.121754146909	295.203108657673	286.547562507347	293.471554376697	263.574662287258	280.773389229154
YPL208W	418.492544664281	504.100989535029	495.198700255416	534.569723664629	556.881832210579	614.599889795211
YPL217C	2633.3963181713	2733.32579345161	2743.9942959846	2594.28854069	2141.54413108397	2343.31511766541
YPR139C	663.374645035519	731.632953683136	781.746262762763	740.451306427358	772.241617250168	746.824567281033
YPR169W	2068.70550462867	2100.74770347088	2065.18259451088	2028.1141880925	1746.18213765309	1820.94602142512
YPL257W	89.5464396879902	87.2859690050926	89.0244854391758	70.4331730504073	55.4471088348196	66.1123387429111
snR41	52.9968724684024	47.0755787892634	46.3669194995707	41.5375123117786	36.1611579357519	66.1123387429111
YPL009C	1692.24496226692	1732.96974417976	1741.54149640388	1827.65054171826	1832.96891669889	2006.22381024785
YPL183C	1644.73052488145	1892.8305638183	1817.58324438317	1936.00926948812	1884.3981190964	2244.55471040748
YPR065W	1023.38788214846	1116.08351379545	1114.66074476968	1514.31322058376	2250.83118617869	1673.21351139466
YPR099C	10.9648701658764	15.6918595964211	14.8374142398626	9.93288337890359	6.42865029968922	8.97821884162991
YPR032W	542.76107321088	509.985436883687	507.254099325304	495.741179547097	515.095605262599	563.995383596933
YPR194C	400.217761054487	310.894968254094	342.187865906832	158.023144664375	188.03802126591	241.595707011132
YPL084W	1054.45501428511	1136.67907951576	1024.70892094051	1074.55738371775	1034.2091169625	1159.00643228313
YPR101W	356.358280390982	327.567569075291	329.205128446952	279.023724007383	318.218189834617	376.268989635581
YPL179W	1412.64077303707	1293.59767547997	1255.61618004838	1305.72266962678	1345.19507520997	1650.35986343415
YPL224C	491.591679103456	454.083187071437	457.177826265768	409.054197331211	413.844363042494	337.907509130435
snR17b	25.5846970537115	18.6340832707501	29.6748284797253	19.8657667578072	18.4823696116065	35.0966736536442
YPR204W	12.7923485268557	8.82667102298689	13.9100758498712	18.0597879616429	18.4823696116065	9.79442055450536
YPR103W	1971.84915149676	1904.59945851562	1981.72213941165	2260.18246339961	2225.11658497993	1856.04269507877
YPR155C	343.565931864126	284.414955185133	289.329577677321	268.187851230397	328.664746571612	369.739375932577
YPL244C	818.710305718768	759.093707976873	753.92611106302	793.727680914205	741.705528326644	784.369846073304
YPR141C	201.022619707733	216.743810675567	227.197905547897	277.217745211218	311.789539534927	355.863946813695
YPR156C	2242.31594892171	2212.55220309538	2089.29339265066	1665.11245006347	1227.06862595318	626.842915488343
YPL240C	4912.26183431261	3490.45801897893	3830.83488905453	4180.84091312033	5879.0006990658	4108.759422615
YPR188C	383.770455805672	407.98834950695	413.592921936171	374.74060020409	374.468879956897	430.954504398236
YPL111W	345.393410225105	400.142419708739	430.285012956016	615.838769492022	867.064209170584	759.883794687041
YPR119W	667.029601757478	779.689273697176	691.794438933596	695.301836523251	772.241617250168	1181.86008024365
YPL192C	3.65495672195878	12.7496359220922	7.41870711993132	13.5448409712322	11.2501380244561	7.34581541587902
YPL059W	559.208378459694	559.022498122503	598.133261544463	628.480621065172	672.597537604985	683.977035389624
YPL218W	2839.90137296198	2680.36576731369	2810.76266006398	2621.37822263247	2444.49427645683	2615.92648976581
YPL264C	95.0288747709284	68.6518857343425	57.4949801794677	52.3733850887644	74.7330597338872	57.1341199012812
YPL198W	2565.77961881507	2616.61758770323	2510.30502170676	2520.24341004726	2403.51163079631	2594.70524523104
YPL006W	546.416029932838	612.963265485201	503.544745765338	524.636840285726	499.023979513376	563.995383596933
YPR161C	767.540911611345	712.018129187609	752.071434283037	707.040698698319	722.419577427577	749.27317241966
YPL145C	3258.39391762626	3607.16622472731	3496.06573026763	3378.98632762338	3301.11192889042	3339.89740908633
YPL092W	186.402792819898	163.783784537646	193.813723508206	140.866346100815	143.841050455546	197.520814515858
YPR181C	4057.00196137425	3756.23889089331	3476.59162407781	3548.74833446283	3809.77888385333	3421.51758037387
YPR171W	434.939849913095	436.429845025463	459.03250304575	435.240889875594	478.130866039386	435.851714675488
YPR122W	853.432394577376	931.704163537505	901.372915071655	887.638578314748	871.885696895351	927.205145826507
YPL091W	1339.54163859789	1330.86584202147	1430.88313575675	1284.95391347089	1333.14135589805	1314.08475772947
YPL137C	734.646301113716	708.095164288504	646.354857824016	730.518423048455	801.974124886231	886.395060182735
YPL014W	2050.43072101888	1986.00098017205	1867.65951744271	1409.56645040623	810.009937760842	249.757724139887
YPL164C	263.156883981032	284.414955185133	293.038931237287	316.949278726833	268.396150012025	242.411908724008
YPL163C	1006.94057689965	797.342615743149	701.995161223501	1210.90878282816	1351.62372550966	1093.7102952531
YPR069C	2631.56883981032	2684.28873221279	2744.92163437459	2493.1537281048	2195.38407734387	2453.50234890359
YPR072W	1376.09120581748	1496.61110900867	1469.83134813639	1424.91727017362	1383.76697700811	1610.36597950326
YPR067W	283.259145951806	290.299402533791	293.966269627279	297.986501367108	343.932791033374	337.907509130435
YPL175W	546.416029932838	587.463993641017	592.569231204514	656.473292405719	521.524255562288	550.119954478051
YPL088W	833.330132606603	800.284839417478	760.41747979296	1094.42315047556	724.83032128996	672.550211409368
YPL125W	785.815695221139	816.957440238676	795.656338612634	801.854585496944	831.706632522293	1033.31136850031
YPL090C	7945.8759135384	8214.68849872647	8408.17718205216	6645.0989804865	5366.31583766558	4796.00126485612
YPR120C	199.195141346754	261.857907015278	223.488551987931	272.702798220808	306.96805181016	406.468453011972
YPR198W	793.125608665056	838.533747183755	791.946985052668	853.324981187626	838.938864109444	981.890660589162
YPR053C	36.5495672195878	25.4992718441844	30.6021668697167	33.4106077290393	39.3754830855965	16.3240342575089
YPR106W	274.121754146909	288.337920084239	268.000794707519	221.232402530125	253.931686837724	333.010298853182
YPL250C	241.22714364928	218.70529312512	216.997183257991	118.291611148761	90.0011041956491	60.398926752783
YPL051W	325.291148254332	308.933485804541	290.256916067313	307.919384746011	286.074938336171	310.15665089267
YPR013C	550.070986654797	536.465449952648	558.257710774832	423.502027700526	328.664746571612	186.910192248477
YPR068C	199.195141346754	183.398609033172	190.10436994824	190.530762995332	205.716809590055	208.947638496114
YPL270W	623.170121093973	612.963265485201	620.389382904257	634.801546851748	648.490098981151	623.578108636841
YPL248C	42.032002302526	45.1140963397108	36.1661972096652	40.6345229136965	42.5898082354411	55.5017164755304
YPR058W	610.377772567117	581.579546292359	533.219574245064	547.211575237779	458.844915140318	396.674032457467
YPL004C	2900.2081588743	2703.90355670832	2779.23315480427	2552.75102837822	2775.56976689082	2153.14011856543
YPR110C	3053.71634119656	3239.38826543619	3449.69881076806	2998.8277910308	2542.53119352709	3068.1022386988
YPL042C	533.623681405983	410.930573181279	421.011629056102	396.412345758061	398.576318580732	377.901393061332
YPR149W	4285.43675649668	4293.68508207074	4393.72929177932	3200.19442680312	3395.13093952337	3050.96200272842
YPL172C	286.914102673765	248.127529868409	258.727410807605	284.441660395875	364.022323219902	384.431006764335
YPR009W	559.208378459694	534.503967503095	512.818129665252	459.621603623811	399.379899868193	486.456220873766
YPL039W	191.885227902836	168.687490661527	157.647526298541	189.62777359725	192.055927703216	195.072209377232
YPR051W	438.594806635054	416.815020529937	420.084290666111	457.815624827647	346.343534895757	335.458903991808
YPR134W	195.540184624795	168.687490661527	190.10436994824	176.082932626018	184.823696116065	178.748175119723
YPR118W	1639.24808979851	1870.27351564845	1831.49332023304	1698.52305779251	1452.87496772976	1631.58722403802
YPR019W	926.531529016552	888.551549647347	804.929722512548	828.944267439408	918.493411568098	875.784437915354
YPL213W	246.709578732218	280.491990286028	274.492163437459	310.628352940258	305.360889235238	287.303002932157
YPR121W	213.814968234589	220.666775574672	196.59573867818	192.336741791497	203.306065727672	163.240342575089
YPL054W	18.2747836097939	12.7496359220922	17.6194294098369	16.2538091654786	28.1253450611404	21.2212445347616
YPL123C	210.16001151263	254.011977217067	245.744673347725	222.135391928207	199.288159290366	182.8291836841
YPL144W	140.715833795413	141.22673636779	137.246081718729	141.769335498897	179.198627103837	134.673282624449
YPR036W-A	1748.89679145728	1438.74737674686	1643.24362706479	1105.25902325254	1369.30251383381	619.497100072464
YPL140C	442.249763357013	482.52468258995	489.634669915467	478.584380983537	454.827008703013	441.565126665616
snR70	63.9617426342787	53.9407673626977	60.276995349442	46.9554487002715	49.0184585351303	61.2151284656585
YPL202C	451.38715516191	421.718726653818	444.195088805888	521.024882693397	550.45318191089	679.896026825247
YPL114W	18.2747836097939	24.518530619408	21.3287829698025	30.7016395347929	21.6966947614511	13.0592274060071
YPL045W	526.313767962065	515.869884232345	533.219574245064	569.786310189833	563.310482510268	670.917807983617
YPL267W	149.85322560031	158.880078413764	169.702925368429	195.045709985743	223.395597914201	261.184548120143
YPL133C	301.5339295616	214.782328226014	205.869122578094	243.807137482179	251.520942975341	222.823067614997
YPL263C	1394.36598942728	1455.41997756806	1431.81047414674	1413.17840799856	1334.74851847298	1299.39312689771
YPL097W	272.294275785929	249.108271093186	268.000794707519	363.001738029022	389.736924418659	386.063410190086
YPR124W	2092.4627233214	2256.68555821032	2166.26247901995	3150.5300099086	3360.57694416254	2966.89322630225
YPR157W	999.630663455728	1029.77828601514	986.688046950865	661.891228794212	437.148220378867	148.548711743331
YPR004C	928.359007377531	1065.08497010709	926.411051601423	1032.11688200789	1069.56669361079	1002.29570341105
YPR080W	11123.8607832816	10446.8555263174	10820.1843344198	8972.10265934419	7738.48779825091	6283.93698742806
YPL162C	263.156883981032	246.166047418857	253.163380467656	248.32208447259	237.05647980104	257.103539555766
YPR057W	411.182631220363	361.893511942463	369.080679216583	363.904727427104	400.183481155654	383.61480505146
YPR100W	482.45428729856	537.446191177424	518.382160005201	554.435490422437	600.275221733481	661.939589141987
YPR033C	3717.09098623208	3971.02121911933	3831.76222744453	3598.41275135735	2974.85792618119	3228.89397613527
YPR174C	177.265401015001	235.377893946317	216.997183257991	248.32208447259	256.342430700108	195.072209377232
YPR151C	18.2747836097939	9.80741224776321	14.8374142398626	16.2538091654786	26.5181824862181	22.8536479605125
YPR180W	553.725943376756	510.966178108463	590.714554424531	565.271363199422	552.060344485812	601.540662389204
YPL210C	2240.48847056074	2336.1255974172	2460.22874864722	2397.43685190809	2290.20666926429	2793.85846317265
YPL155C	328.946104976291	327.567569075291	315.295052597081	352.165865252036	419.469432054722	374.63658620983
YPL225W	1604.52600093991	1790.83347644156	1836.130012183	1619.96298015937	1566.17992926179	1994.79698626759
YPL081W	1931.64462755522	2118.40104551685	2109.69483723047	2792.94620826807	2912.98216704668	3246.03421210565
YPL266W	1971.84915149676	2019.34618181445	1952.97464932192	1783.40406121224	1319.48047401121	1509.97316881958
YPR002W	51.169394107423	42.1718726653818	65.8410256893905	65.9182260599965	77.1438035962707	57.9503216141567
YPL127C	696.269255533148	643.366243453267	635.226797144119	763.929030777494	916.886248993176	625.210512062592
YPR108W	1498.5322560031	1578.99337188988	1649.73499579473	1876.4119692147	1972.79206071713	2011.1210205251
YPR172W	392.907847610569	428.583915227252	420.084290666111	446.076762652579	378.486786394203	381.982401625709
YPR200C	45.6869590244848	42.1718726653818	52.8582882295106	37.9255547194501	32.9468327859073	40.8100856437723
YPL058C	2023.01854560419	1915.38761198816	1734.12278928395	1414.08139739664	1165.19286681867	1080.65106784709
YPR088C	1710.51974587671	1817.31348951052	1787.90841590345	1714.77686695799	1516.3578894392	1578.53411270111
YPL254W	548.243508293818	593.348440989674	576.80447857466	577.01022537449	503.845467238143	597.459653824827
YPR010C-A	323.463669893352	280.491990286028	320.85908293703	290.76258618245	427.505244929333	491.353431151019
YPL223C	1.82747836097939	3.92296489910529	9.27338389991415	11.7388621750679	10.446556736995	5.71341199012812
YPR056W	427.629936469178	470.755787892634	496.126038645407	448.785730846826	438.75538295379	502.780255131275
YPR006C	226.607316761445	151.034148615554	204.014445798111	213.105497947386	216.966947614511	217.925857337744
YPR129W	1125.72667036331	1063.12348765753	1094.25930018987	1143.18457797199	1182.87165514282	1089.62928668872
YPR199C	334.428540059229	322.66386295141	366.298664046609	363.904727427104	343.129209745912	326.480685150179
YPR113W	1635.59313307656	1558.39780616957	1501.3608533961	1426.72324896979	1292.15871023753	1192.47070251103
YPL166W	115.131136741702	104.939311051066	103.861899679038	106.552748973693	91.6082667705715	92.2307935549254
YPR020W	646.927339786705	662.981067948793	671.392994353784	533.666734266547	690.276325929131	789.267056350557
YPL160W	5584.77387115302	6322.83867613294	5803.28364456627	5906.45365285531	5447.47754769916	5453.04364372086
YPL147W	235.744708566342	202.032692303922	222.56121359794	214.008487345468	204.913228302594	249.757724139887
YPL107W	292.396537756703	245.18530619408	278.201516997424	282.635681599711	304.557307947777	275.059977239025
YPL169C	1282.88980940753	1399.51772775581	1348.35001904752	1387.89470485226	1402.24934661971	1474.87649516593
YPR049C	301.5339295616	330.50979274962	284.692885727364	388.285441175322	390.54050570612	452.175748932997
YPL087W	1264.61502579774	1160.21686891039	1229.65070512862	1018.57204103666	777.866686262396	574.606005864314
YPR115W	646.927339786705	698.287752040741	643.572842654042	629.383610463255	672.597537604985	596.643452111951
YPL184C	844.295002772479	884.628584748242	855.933333962076	912.019292062966	845.367514409133	944.345381796891
YPR111W	219.297403317527	209.878622102133	226.270567157905	247.419095074508	272.414056449331	297.913625199538
YPR189W	677.994471923355	725.748506334478	725.178620973286	795.533659710369	776.259523687474	890.476068747112
YPR034W	884.499526714026	836.572264734202	837.386566162248	1000.51225307502	1129.83529017038	942.71297837114
YPL189W	31.0671321366497	53.9407673626977	49.148934669545	52.3733850887644	42.5898082354411	45.707295921025
YPL246C	953.943704431243	973.876036202887	966.286602371054	963.489687753648	970.726195253073	898.638085875866
YPL020C	776.678303416242	661.019585499241	738.161358433166	707.040698698319	726.437483864882	835.790553984457
YPL255W	211.98748987361	193.206021280935	216.997183257991	227.5533283167	277.235544174098	260.368346407267
YPL196W	338.083496781188	317.760156827528	314.36771420709	325.076183309572	290.092844773476	217.925857337744
YPR135W	436.767328274075	457.025410745766	463.669194995707	472.263455196962	569.739132809958	637.453537755724
YPL061W	3000.71946872816	3192.31268664693	3160.36923309074	4083.31805812746	7401.78723880468	6209.6626315564
YPL052W	383.770455805672	358.951288268134	394.118815746351	433.434911079429	363.218741932441	430.13830268536
YPR112C	1959.05680296991	2092.90177367267	2121.75023630036	1942.33019527469	1707.61023585495	2130.28647060491
YPL186C	69.4441777172169	51.979284913145	52.8582882295106	57.7913214772572	47.411295960208	37.5452787922705
YPR148C	1653.86791668635	1588.80078413764	1690.53788495435	1796.94890218347	1755.82511310262	1801.35718031611
YPR143W	1999.26132691146	1966.38615567652	1977.0854474617	1703.03800478292	1234.30085754033	1561.39387673073
YPL034W	230.262273483403	247.146788643633	242.035319787759	275.411766415054	229.020666926429	277.508582377652
YPL116W	274.121754146909	327.567569075291	296.748284797253	323.270204513408	400.183481155654	461.153967774627
YPL131W	29062.3883746553	27496.0609778289	28135.4467523395	24433.0871333067	23213.8562321778	19903.8949701806
YPR017C	158.990617405207	188.302315157054	207.723799358077	148.993250683554	138.215981443318	176.299569981096
YPL012W	4656.41486377549	5186.15959661719	4857.39848677503	4785.84380983537	4055.67475781644	5692.19074559336
YPL017C	21.9297403317527	21.5763069450791	25.0381365297682	13.5448409712322	15.2680444617619	7.34581541587902
YPL010W	1610.00843602284	1579.97411311465	1654.37168774468	1532.3730085454	1457.69645545453	1690.35374736505
YPR173C	1405.33085959315	1381.86438570984	1398.42629210705	1455.61890970842	1502.69700755236	1287.96630291745
YPL233W	305.188886283559	276.569025386923	296.748284797253	296.180522570943	291.700007348399	176.299569981096
YPR024W	968.563531319078	916.012303941084	924.556374821441	1020.37801983282	1280.10499092562	1105.95332094623
YPR191W	1798.23870720372	1622.14598578004	1610.78678341509	1502.57435840869	2385.0292611847	1857.67509850452
YPL063W	1705.03731079377	1928.13724791025	1786.98107751346	1805.97879616429	1914.13062673247	1802.98958374186
YPR007C	20.1022619707733	21.5763069450791	23.1834597497854	19.8657667578072	13.6608818868396	26.9346565248897
YPR084W	392.907847610569	356.989805818581	352.388588196738	376.546579000254	368.040229657208	391.776822180214
YPL149W	551.898465015776	544.311379750858	583.2958473046	628.480621065172	523.934999424672	386.063410190086
YPL089C	1262.78754743676	1171.9857636077	1122.07945188961	1290.37184985938	1221.44355694095	870.071025925226
YPR166C	307.016364644538	256.954200891396	331.059805226935	337.718034882722	309.378795672544	399.938839308969
YPR167C	277.776710868868	281.472731510804	285.620224117356	335.009066688476	366.433067082286	344.437122833438
YPL231W	8675.03977956918	9206.21787697533	8125.33897310478	7396.38615969084	6517.84782259741	5922.35962862424
YPR025C	418.492544664281	465.852081768753	478.50660923557	456.009646031483	480.54160990177	510.126070547154
YPL098C	307.016364644538	343.259428671712	348.679234636772	389.188430573404	409.022875317727	309.340449179794
YPR147C	456.869590244848	539.407673626977	539.710942975003	518.315914499151	490.184585351303	509.309868834279
YPL129W	1388.88355434434	1370.09549101252	1388.22556981715	1297.59576504404	1285.73005993784	1232.46458644192
YPR153W	27.4121754146909	55.9022498122503	39.8755507696308	64.1122472638322	57.857852697203	53.053111336904
YPR164W	436.767328274075	471.736529117411	469.233225335656	486.711285566276	572.953457959802	718.257507330393
YPL026C	500.729070908353	505.081730759806	438.631058465939	424.405017098608	639.650704819078	535.428323646293
YPR001W	32.8946104976291	19.6148244955264	23.1834597497854	33.4106077290393	29.7325076360627	28.5670599506406
YPR178W	349.048366947064	324.625345400962	390.409462186386	399.121313952308	374.468879956897	343.620921120563
YPR061C	107.821223297784	73.5555918582241	98.29786933909	69.5301836523251	68.304409434198	64.4799353171603
YPL180W	438.594806635054	441.333551149345	445.122427195879	523.733850887644	558.488994785501	621.94570521109
YPL019C	7699.16633480618	9023.80000916693	8216.21813532394	6498.81469799719	5602.56873617916	7882.87614295106
YPL258C	120.61357182464	110.823758399724	101.079884509064	100.231823187118	110.894217669639	66.9285404557866
YPL022W	844.295002772479	756.151484302544	812.348429632479	786.503765729548	854.206908571206	870.071025925226
YPL279C	63.9617426342787	78.4592979821057	80.6784399292531	63.2092578657501	60.2685965595865	70.1933473072884
YPR193C	10.9648701658764	29.4222367432896	16.6920910198455	22.5747349520536	17.6787883241454	14.691630831758
YPL001W	413.010109581343	424.660950328147	418.229613886128	392.800388165733	390.54050570612	509.309868834279
YPR083W	219.297403317527	235.377893946317	230.907259107862	191.433752393415	222.592016626739	246.492917288385
YPR195C	31.0671321366497	30.402977968066	25.0381365297682	25.2837031463	16.8752070366842	9.79442055450536
YPL057C	1229.89293693913	1190.61984687845	1152.68161875933	1371.64089568678	1499.48268240251	1215.32435047154
YPL211W	1838.44323114527	1872.234998098	1910.31708338231	1440.26808994102	1007.69093447629	1390.80771873976
YPL041C	127.923485268557	122.59265309704	107.571253239004	117.388621750679	112.501380244561	105.290020960933
YPR003C	323.463669893352	290.299402533791	324.568436496995	276.314755813136	293.307169923321	222.823067614997
YPL181W	844.295002772479	854.225606780176	848.514626842145	828.041278041326	844.563933121672	723.970919320521
YPR168W	96.8563531319078	117.688946973159	127.045359428824	121.903568741089	119.733611831712	109.37102952531
YPL040C	290.569059395723	359.93202949291	346.824557856789	400.927292748472	444.380451966018	495.434439715396
YPL070W	743.783692918613	669.846256522228	694.57645410357	645.637419628733	536.79230002405	537.876928784919
YPR159W	1971.84915149676	1970.30912057563	1729.48609733399	2429.04148084097	2633.3358790102	2804.46908544003
YPL002C	213.814968234589	242.243082519751	260.582087587588	242.001158686015	241.074386238346	274.24377552615
snR51	29.2396537756703	25.4992718441844	27.8201516997424	14.4478303693143	17.6787883241454	28.5670599506406
YPL227C	688.959342089231	779.689273697176	714.050560293389	784.697786933383	748.134178626334	980.258257163411
YPL067C	285.086624312785	246.166047418857	224.415890377922	261.866925443822	281.253450611404	160.791737436463
YPL236C	268.639319063971	218.70529312512	261.509425977579	227.5533283167	217.770528901973	198.337016228733
YPL151C	427.629936469178	367.777959291121	418.229613886128	382.867504786829	421.880175917105	378.717594774207
YPL234C	1547.87417174955	1374.9991971364	1438.30184287668	1221.74465560514	1100.90636382178	972.912441747532
YPL015C	601.24038076222	626.693642632069	603.697291884411	547.211575237779	654.91874928084	538.693130497795
YPR035W	15663.3170319544	15469.2313383969	15779.5900440939	14460.4722208875	13196.4119026871	8417.48826488448
YPR037C	425.802458108198	438.391327475016	415.447598716154	459.621603623811	400.183481155654	262.816951545894
YPR184W	230.262273483403	226.55122292333	204.941784188103	221.232402530125	258.753174562491	275.059977239025
YPL135W	858.914829660314	778.708532472399	794.729000222643	1065.52748973693	1346.80223778489	950.874995499895
YPL215W	668.857080118458	628.655125081622	600.915276714437	587.846098151476	633.222054519389	833.341948845831
YPL112C	535.451159766962	583.541028741911	602.76995349442	579.719193568737	646.882936406228	719.889910756144
YPR146C	87.7189613270108	82.382262881211	63.0590105194162	70.4331730504073	68.304409434198	71.0095490201638
YPR087W	16.4473052488145	14.7111183716448	12.9827374598798	12.64185157315	5.62506901222807	14.691630831758
YPL154C	2810.66171918631	2705.86503915787	2580.78273934611	3090.0297202371	3354.14829386285	2950.56919204474
YPR094W	257.674448898094	222.628258024225	217.924521647982	232.971264705193	216.16336632705	239.963303585381
YPR074C	10528.1028376023	10337.0125091424	9946.63157104792	9189.72310428198	9897.71071765902	8393.00221349822
YPL056C	32.8946104976291	23.5377893946317	12.0553990698884	34.3135971271215	28.1253450611404	20.4050428218862
YPL189C-A	151.68070396129	165.745266987198	146.519465618644	145.381293091225	107.679892519795	112.635836376812
YPR082C	263.156883981032	237.33937639587	242.035319787759	237.486211695604	246.699455250574	259.552144694392
YPR133C	1461.98268878351	1619.20376210571	1620.98750570499	1477.29065526239	1467.33943090407	1525.48100136421
YPL047W	215.642446595568	212.820845776462	226.270567157905	196.851688781907	193.663090278138	195.888411090107
YPL077C	84.064004605052	109.843017174948	114.989960358935	116.485632352597	120.537193119173	83.2525747132955
YPL272C	93.201396409949	67.6711445095662	64.913687299399	52.3733850887644	78.750966171193	88.9659867034237
YPR070W	637.789947981808	582.560287517135	566.603756284754	581.525172364901	578.57852697203	681.528430250998
YPL176C	862.569786382273	752.228519403439	768.763525302883	727.809454854208	699.115720091203	665.204395993489
YPL220W	4259.85205944296	4339.77991963522	4579.19696977761	3377.18034882722	2716.1047516187	3207.6727316005
YPL065W	226.607316761445	196.148244955264	207.723799358077	205.881582762729	230.627829501351	266.897960110271
YPL074W	679.821950284334	689.461081017754	596.27858476448	613.129801297776	655.722330568301	541.141735636421
YPL032C	1641.07556815949	1613.31931475705	1493.94214627617	1677.75430163662	1808.86147807506	1825.0270299895
YPL167C	312.498799727476	331.490533974397	318.077067767055	345.844939465461	292.50358863586	376.268989635581
tN(GUU)P	14.6198268878351	7.84592979821057	19.4741061898197	9.93288337890359	8.03581287461153	4.08100856437723
YPR185W	374.633064000775	390.335007460976	379.281401506489	420.793059506279	500.631142088298	498.699246566898
YPL038W	325.291148254332	239.300858845422	260.582087587588	249.225073870672	220.181272764356	244.860513862634
YPR145W	9044.19040848701	10198.727996449	9692.54085219027	9626.76997295374	10658.7021968847	8112.22882426906
YPL165C	60.3067859123199	71.5941094086715	60.276995349442	40.6345229136965	24.1074386238346	28.5670599506406
YPL193W	577.483162069488	634.53957243028	650.991549773973	583.331151161065	525.542161999594	688.058043954001
YPL003W	166.300530849125	155.937854739435	155.792849518558	143.575314295061	152.680444617619	159.975535723587
YPL178W	1025.21536050944	1031.73976846469	1072.93051722007	968.907624142141	867.064209170584	886.395060182735
YPL013C	429.457414830157	350.124617245147	379.281401506489	438.852847467922	458.041333852857	373.820384496954
YPR042C	414.837587942322	396.219454809634	393.19147735636	400.927292748472	376.879623819281	365.6583673682
YPL103C	307.016364644538	325.606086625739	336.623835566884	403.636260942719	455.630589990474	401.57124273472
YPR028W	3154.22765105043	2880.43697716806	2997.15767645225	2678.26655471164	2454.94083319382	2513.0850739435
YPR089W	924.704050655572	886.590067197795	831.822535822299	945.429899792005	966.708288815767	1140.233792887
YPL075W	1039.83518739727	1149.42871543785	1066.43914849013	958.071751365155	928.136387017632	873.335832776728
YPR196W	127.923485268557	176.533420459738	126.118021038832	130.933462721911	140.626725305702	102.025214109431
YPL024W	120.61357182464	133.38080656958	157.647526298541	154.411187072047	180.805789678759	219.558260763495
YPR008W	1226.23798021717	1095.48794807515	1130.42549739953	1059.20656395036	1048.6735801368	1052.90020960933
YPR071W	191.885227902836	226.55122292333	217.924521647982	182.403858412593	169.555651654303	208.131436783239
YPR062W	1483.91242911527	1458.36220124239	1498.57883822613	1313.84957420952	1158.76421651898	969.64763489603
YPL277C	18.2747836097939	28.4414955185133	37.0935355996566	29.7986501367108	34.5539953608296	29.3832616635161
YPR125W	974.045966402016	1080.77682970351	1019.14489060056	1094.42315047556	1232.69369496541	1270.00986523419
YPR131C	411.182631220363	381.508336437989	411.738245156188	422.599038302444	429.915988791717	447.278538655745
YPL221W	1708.69226751573	1390.69105673282	1387.29823142716	1370.7379062887	1390.99920859526	1159.00643228313
YPR073C	626.825077815932	516.850625457121	618.534706124274	586.040119355312	596.257315296176	747.640768993909
YPL262W	1690.41748390594	1675.10601191796	1514.34359085598	1591.97030881882	1698.77084169288	1416.1099718389
YPR036W	3172.50243466022	3282.54087932635	3286.48725412957	3124.34331736422	2885.660403273	2092.74119181264
YPL031C	617.687686011035	565.887686695937	621.316721294248	612.226811899694	635.632798381772	452.175748932997
YPL237W	5670.66535411905	5681.43391512923	5533.42817307877	4819.2544175644	4049.24610751675	4551.14075099349
YPL053C	1144.0014539731	1252.40654403936	1214.81329088875	1262.37917851884	1072.78101876064	1260.21544467969
YPR109W	376.460542361755	357.970547043357	397.828169306317	365.710706223268	376.07604253182	407.284654724848
YPL122C	447.732198439951	469.775046667858	459.959841435742	476.778402187372	428.308826216795	548.4875510523
YPL085W	1144.0014539731	1072.9308999053	981.124016610917	1127.8337582046	1267.24769032624	1211.24334190716
YPR104C	464.179503688766	463.8905993192	425.648321006059	470.457476400797	533.577974874206	580.319417854442
YPR186C	319.808713171394	309.914227029318	283.765547337373	313.337321134504	334.28981558384	457.889160923125
YPR201W	32.8946104976291	45.1140963397108	40.8028891596223	47.8584380983537	46.6077146727469	30.1994633763915
YPL138C	213.814968234589	234.397152721541	301.38497674721	247.419095074508	265.985406149642	297.097423486662
YPR030W	118.78609346366	108.862275950172	109.425930018987	146.284282489307	136.608818868396	119.981651792691
YPR190C	1200.65328316346	1315.17398242505	1289.92770047806	1248.83433754761	1203.76476861681	1536.90782534447
YPL043W	2576.74448898094	2614.65610525367	2611.38490621582	2307.13791209988	2021.0069379648	2384.94140502205
YPL108W	142.543312156393	149.072666166001	155.792849518558	126.4185157315	141.430306593163	157.526930584961
YPL105C	1927.98967083326	1970.30912057563	1878.78757812261	2004.63646374236	2115.02594859775	2082.13056954526
YPL168W	314.326278088455	253.031235992291	286.547562507347	297.986501367108	306.164470522699	273.427573813275
YPR018W	511.69394107423	485.466906264279	495.198700255416	513.80096750874	572.149876672341	658.674782290485
YPR132W	14062.4459877364	13255.6983940768	14593.5242432949	11211.5163665879	9227.52392391642	8899.86347719387
YPR137W	1502.18721272506	1865.36980952456	1725.77674377402	1800.5608597758	1830.55817283651	2343.31511766541
YPL219W	290.569059395723	205.955657203027	223.488551987931	199.560656976154	175.180720666531	144.467703178954
YPL029W	319.808713171394	371.700924190226	345.897219466798	429.822953487101	475.720122177003	539.50933221067
YPL113C	36.5495672195878	20.5955657203028	30.6021668697167	22.5747349520536	36.1611579357519	36.7290770793951
YPL190C	1370.60877073454	1487.78443798568	1368.75146362733	1610.93308617855	1716.44963001702	1423.45578725478
YPL241C	191.885227902836	160.841560863317	166.920910198455	158.023144664375	168.752070366842	184.461587109851
YPL023C	950.288747709284	846.379676981965	896.736223121698	887.638578314748	1023.76256022551	945.161583509767
YPR043W	11343.1581865991	9571.05361259212	10437.1935793534	8132.32251912779	6877.85223938001	6091.31338318946
YPR116W	104.166266575825	101.016346151961	137.246081718729	159.82912346054	115.715705394406	88.9659867034237
YPL252C	321.636191532373	257.934942116173	273.564825047467	274.508777016972	322.236096271922	208.947638496114
YPR047W	283.259145951806	266.761613139159	279.128855387416	365.710706223268	362.41516064498	361.577358803823
YPL119C-A	16.4473052488145	21.5763069450791	20.4014445798111	22.5747349520536	23.3038573363734	38.361480505146
YPL194W	162.645574127166	180.456385358843	167.848248588446	196.851688781907	228.217085638967	218.74205905062
YPL157W	445.904720078972	500.178024635924	484.99797796551	460.524593021894	478.130866039386	530.53111336904
YPL177C	891.809440157943	903.262668018992	947.739834571226	825.33230984708	926.52922444271	913.329716707624
YPR165W	4117.30874728657	3935.71453502738	4031.13998129268	3917.16800888034	3668.34857726016	3515.38077735455
YPL037C	7218.5395258686	6784.76779300259	7363.99415492183	5974.17785771147	5269.08250188278	3920.21682694077
YPR093C	160.818095766187	177.514161684514	187.322354778266	192.336741791497	181.609370966221	125.695063782819
YPR066W	93.201396409949	76.4978155325531	75.1144095893046	85.7839928178037	87.5903603332657	74.2743558716656
YPL247C	540.9335948499	484.486165039503	451.613795925819	398.218324554226	326.254002709228	185.277788822726
YPL101W	824.192740801706	767.92037899986	736.306681653183	760.317073185166	681.436931767058	697.036262795631
YPL064C	502.556549269333	546.272862200411	582.368508914609	471.360465798879	489.381004063842	476.661800319261
YPL256C	1045.31762248021	1129.81389094232	1013.58086026062	1759.02334746402	1973.59564200459	2200.4798179122
YPL099C	201.022619707733	193.206021280935	225.343228767914	208.590550956975	197.680996715444	226.904076179374
YPR023C	774.850825055262	724.767765109702	732.597328093218	730.518423048455	750.544922488717	674.182614835119
YPL093W	4753.2712169074	5597.09016979847	5217.2057820917	5099.18113096987	4537.82353029313	5475.08108996849
YPL134C	98.6838314928872	120.631170647488	127.045359428824	117.388621750679	159.109094917308	152.629720307708
YPL153C	191.885227902836	193.206021280935	179.903647658334	203.172614568482	263.574662287258	321.583474872926
YPL222W	115.131136741702	95.1318988033032	98.29786933909	116.485632352597	128.573005993785	102.841415822306
YPR075C	754.748563084489	706.133681838951	700.140484443518	791.921702118041	919.296992855559	710.911691914514
YPL118W	879.017091631088	914.050821491532	921.774359651466	932.788048218855	1023.76256022551	1221.03776246167
YPL239W	1405.33085959315	1452.47775389373	1455.92127228652	1418.59634438705	1284.12289736292	1237.36179671918
YPR045C	402.045239415466	412.892055630831	435.849043295965	390.091419971486	341.52204717099	359.944955378072
YPR011C	307.016364644538	278.530507836475	303.239653527193	351.262875853954	316.611027259694	300.362230338164
YPL100W	418.492544664281	430.545397676805	433.994366515982	408.151207933129	343.129209745912	370.555577645453
YPL076W	230.262273483403	214.782328226014	210.505814528051	206.784572160811	175.984301953993	188.542595674228
YPL271W	648.754818147684	583.541028741911	634.299458754128	563.465384403258	846.974676984055	901.086691014493
YPL128C	389.252890888611	408.969090731726	356.097941756703	439.755836866004	504.649048525604	548.4875510523
YPL139C	681.649428645313	763.997414100754	699.213146053527	711.55564568873	662.954562155451	680.712228538122
YPL005W	228.434795122424	143.188218817343	171.557602148412	189.62777359725	165.537745216998	174.667166555346
YPL148C	60.3067859123199	53.9407673626977	61.2043337394334	85.7839928178037	73.9294784464261	72.6419524459147
YPL265W	1184.20597791465	1036.64347458857	1074.78519400005	766.637998971741	1337.96284362282	968.015231470279
YPR052C	308.843843005517	259.896424565725	242.035319787759	214.91147674355	188.03802126591	103.657617535182
YPR145C-A	166.300530849125	143.188218817343	168.775586978438	193.239731189579	90.8046854831103	30.1994633763915
YPL096W	383.770455805672	369.739441740673	393.19147735636	372.031632009843	378.486786394203	338.72371084331
YPL104W	343.565931864126	341.29794622216	312.513037427107	370.225653213679	385.719017981353	411.365663289225
YPR162C	361.84071547392	398.180937259187	376.499386336514	430.725942885183	447.594777115862	468.499783190506
YPL030W	683.476907006293	710.056646738057	630.590105194162	716.973582077223	697.508557516281	852.114588241966
YPL069C	232.089751844383	222.628258024225	253.163380467656	221.232402530125	245.092292675652	312.605256031296
YPL188W	473.316895493663	444.275774823674	495.198700255416	452.397688439154	519.113511699905	547.671349339425
YPL201C	62.1342642732993	32.3644604176186	28.7474900897339	31.6046289328751	24.1074386238346	22.8536479605125
YPL207W	2302.62273483403	2494.02493460619	2458.37407186724	2185.23434335879	1804.03999035029	1981.73775886158
YPR021C	438.594806635054	473.698011566963	459.959841435742	488.51726436244	517.506349124983	563.995383596933
YPL253C	138.888355434434	122.59265309704	152.083495958592	186.015816004922	252.324524262802	248.941522427011
YPR040W	275.949232507888	305.010520905436	279.128855387416	258.254967851493	286.074938336171	198.337016228733
YPL143W	11195.1324393598	10958.8024456506	12260.3408540765	9241.19349997267	8561.35503661112	7039.73977355072
YPL132W	257.674448898094	254.992718441844	279.128855387416	279.926713405465	364.022323219902	291.384011496534
YPL171C	32.8946104976291	34.3259428671712	27.8201516997424	38.8285441175322	40.1790643730577	36.7290770793951
YPL126W	2986.09964184033	3208.98528746812	3224.35558200015	3164.97784027792	2754.67665341683	3739.8362483953
YPR063C	1021.56040378748	1062.14274643276	1027.49093611049	974.325560530634	945.011594054316	772.126820380172
YPR187W	3194.43217499198	2937.31996820508	3132.549081391	2630.40811661329	2185.74110189434	2196.39880934783
YPL007C	323.463669893352	307.952744579765	304.166991917184	346.747928863543	382.504692831509	395.041629031716
YPL209C	52.9968724684024	57.863732261803	53.7856266195021	73.1421412446537	75.5366410213484	107.738626099559
YPR182W	272.294275785929	196.148244955264	236.471289447811	209.493540355057	217.770528901973	92.2307935549254
YPL242C	842.4675244115	1015.06716764349	966.286602371054	1018.57204103666	1068.76311232333	1276.5394789372
YPL278C	7.30991344391757	9.80741224776321	7.41870711993132	16.2538091654786	8.03581287461153	5.71341199012812
YPR086W	1076.38475461686	1126.87166726799	1044.18302713033	1071.84841552351	973.940520402918	987.60407257929
YPR117W	787.643173582118	747.324813279557	747.43474233308	739.548317029276	612.328941045399	649.696563448855
YPL096C-A	109.648701658764	101.997087376737	83.4604550992273	87.589971613968	85.1796164708822	97.1280038321781
YPL086C	1399.84842451021	1477.97702573792	1482.81408559627	1397.82758823116	1074.38818133556	1464.26587289855
YPR005C	146.198268878351	93.1704163537505	134.464066548755	88.4929610120501	114.912124106945	107.738626099559
YPR046W	129.750963629537	105.920052275843	121.481329088875	115.582642954514	118.930030544251	135.489484337324
YPL269W	177.265401015001	236.358635171093	209.57847613806	215.814466141632	252.324524262802	270.162766961773
YPR105C	634.134991259849	698.287752040741	742.798050383123	730.518423048455	823.670819647682	1007.1929136883
YPL158C	1083.69466806078	1157.27464523606	973.705309490986	1128.73674760268	1313.85540499899	1447.12563692817
YPL094C	1536.90930158367	1572.12818331644	1559.78317196556	1637.11977872293	1560.55486024956	1666.68389769166
YPR176C	469.661938771704	446.237257273226	472.01524050563	437.046868671758	461.255659002702	439.11652152699
YPL191C	122.441050185619	153.976372289882	117.77197552891	133.642430916157	167.14490779192	137.93808947595
YPR163C	7514.59102034726	7937.13873211477	7938.9439567165	6897.03302255142	5768.10648139616	5624.4460034247
YPL229W	144.370790517372	130.438582895251	131.682051378781	141.769335498897	143.037469168085	168.953754565217
YPR160W	409.355152859384	441.333551149345	347.751896246781	150.799229479718	221.788435339278	239.963303585381
YPL049C	1343.19659531985	1208.27318892443	1197.19386147892	1140.47560977775	1252.78322715194	773.759223805923
YPL066W	765.713433250365	811.072992890018	766.9088485229	808.175511283519	879.921509769963	859.460403657845
YPL183W-A	255.846970537115	254.011977217067	268.000794707519	274.508777016972	298.128657648088	288.935406357908
YPL235W	1653.86791668635	1802.60237113888	1708.15731436419	1616.35102256704	1488.23254437806	1811.96780258349
YPL141C	652.409774869643	722.806282660149	575.877140184669	744.063264019687	846.974676984055	855.379395093468
YPR144C	1239.03032874403	1261.23321506235	1286.21834691809	1243.41640115911	1062.33446202364	1398.96973586852
YPL249C-A	12434.1627681038	11328.5418873913	12159.2609695674	10179.39948458	9303.86414622523	8691.73204041063
YPR128C	409.355152859384	518.812107906674	482.215962795536	458.718614225729	453.21984612809	461.153967774627
YPL156C	332.601061698249	301.087556006331	346.824557856789	256.448989055329	226.609923064045	192.623604238605
YPL173W	522.658811240106	529.600261379214	478.50660923557	573.398267782162	550.45318191089	573.789804151439
YPR098C	222.952360039486	244.204564969304	204.014445798111	189.62777359725	220.181272764356	204.866629931737
YPL260W	1533.25434486171	1470.13109593971	1436.4471660967	1390.6036730465	1333.94493718551	1535.27542191871
YPL016W	497.074114186395	455.063928296213	433.994366515982	440.658826264086	441.969708103634	519.920491101659
YPR095C	562.863335181653	490.370612388161	476.651932455587	502.062105333672	523.131418137211	510.942272260029
YPR079W	274.121754146909	288.337920084239	281.91087055739	279.926713405465	220.181272764356	228.536479605125
YPR010C	5402.02603505508	6064.90373401677	5662.32820928758	5552.48180880711	4884.16706518889	5710.14718327662
YPL046C	73.0991344391757	74.5363330830004	91.8065006091501	74.0451306427358	100.447660932644	110.187231238185
YPL268W	624.997599454952	591.386958540122	572.167786624703	556.241469218601	585.007177271719	653.777572013233
YPL206C	540.9335948499	520.773590356227	461.814518215725	547.211575237779	563.310482510268	498.699246566898
YPR055W	462.352025327786	491.351353612937	515.600144835227	527.345808479972	598.668059158559	675.81501826087
YPR138C	1259.1325907148	1183.75465830502	1102.60534569979	923.758154238034	1244.74741427733	992.501282856543
YPL243W	2443.33856862945	2444.00713214259	2364.71289447811	2390.21293672344	2262.88490549061	2796.30706831128
YPR127W	508.038984352271	438.391327475016	511.890791275261	400.02430335039	407.415712742805	355.863946813695
YPL095C	303.361407922579	315.798674377975	283.765547337373	261.866925443822	247.503036538035	219.558260763495
YPL232W	1758.03418326218	1630.97265680302	1714.64868309413	1562.17165868211	1529.21519003857	1321.43057314535
YPL124W	146.198268878351	104.939311051066	95.5158541691157	124.612536935336	122.144355694095	146.100106604705
YPR041W	4148.37587942322	4039.67310485367	3995.90112247301	3741.08507625432	3605.66923683819	3486.81371740391
YPL083C	349.048366947064	362.874253167239	366.298664046609	400.927292748472	409.826456605188	468.499783190506
YPL048W	2567.60709717605	2553.85014931754	2636.42304274559	2444.39230060836	2377.79702959755	1611.99838292901
YPL120W	244.882100371239	247.146788643633	261.509425977579	329.591130299983	346.343534895757	356.68014852657
YPL117C	2520.09265979058	2757.84432407102	2831.16410464379	2621.37822263247	2683.96150012025	3080.34526439193
YPR091C	937.496399182428	859.129312904058	772.472878862849	810.884479477766	785.098917849547	923.940338975005
YPR059C	9.13739180489696	10.7881534725395	9.27338389991415	11.7388621750679	4.82148772476692	6.52961370300357
YPL214C	378.288020722734	341.29794622216	331.059805226935	328.688140901901	324.646840134306	332.194097140307
YPL203W	511.69394107423	481.543941365174	510.96345288527	404.539250340801	436.344639091406	341.172315981937
YPL273W	3181.63982646512	3311.96311606964	3248.46638013993	2718.90107762534	2426.81548813268	2970.15803315375
YPR081C	352.703323669023	345.220911121265	378.354063116497	416.278112515869	451.612683553168	368.106972506826
YPL011C	392.907847610569	407.007608282173	423.793644226077	426.210995894772	454.023427415552	473.396993467759
YPR097W	950.288747709284	976.818259877216	951.449188131192	900.280429887898	940.99368761701	1216.95675389729
YPL274W	964.908574597119	945.434540684374	892.099531171741	920.146196645705	1078.40608777287	1046.37059590632
YPR158W	948.461269348305	612.963265485201	773.40021725284	589.65207694764	643.668611256384	493.802036289645
YPL050C	1864.02792819898	1995.80839241981	1946.48328059198	1880.02392680702	1959.13117883029	2234.76028985297
YPR114W	1160.44875922191	1182.77391708024	1133.20751256951	1079.97532010624	1099.29920124686	1065.95943701533
YPL110C	754.748563084489	881.686361073913	781.746262762763	904.795376878309	778.670267549857	797.429073479311
YPL161C	385.597934166652	394.257972360081	383.918093456446	423.502027700526	453.21984612809	501.964053418399
YPR022C	793.125608665056	752.228519403439	760.41747979296	796.436649108451	914.475505130792	936.183364668137
YPR175W	345.393410225105	299.126073556778	303.239653527193	296.180522570943	383.30827411897	469.315984903382
YPL068C	120.61357182464	131.419324120027	112.207945188961	114.679653556432	111.6977989571	178.748175119723
YPL055C	215.642446595568	199.090468629593	215.142506478008	251.031052666836	289.289263486015	213.844848773367
YPL079W	11681.2416833803	11145.1432783581	12405.0056429152	9216.81278622445	7730.45198537629	6517.37067731044
YPL150W	564.690813542632	533.523226278319	476.651932455587	605.905886113119	541.613787748817	527.266306517538
YPL226W	4965.25870678101	5178.31366681898	4878.72726974483	4693.73889123099	4698.53978778536	5448.1464334436
YPL115C	723.681430947839	831.668558610321	761.344818182952	856.033949381873	865.457046595662	915.778321846251
YPL170W	349.048366947064	393.277231135305	404.319538036257	490.323243158604	465.273565440008	307.708045754043
YPL245W	588.448032235364	519.79284913145	552.693680434883	476.778402187372	387.326180556276	368.106972506826
YPR140W	429.457414830157	425.641691552924	421.011629056102	450.59170964299	540.810206461356	604.805469240706
YPR048W	537.278638127941	566.868427920714	576.80447857466	612.226811899694	579.382108259491	715.808902191766
YPR102C	6235.35616766169	5927.59996254809	6585.02990732904	5197.60697536082	4302.37421306701	4480.13120197333
YPL036W	155.335660683248	109.843017174948	129.827374598798	111.067695964104	122.947936981556	124.878862069943
YPR015C	21.9297403317527	19.6148244955264	25.0381365297682	18.962777359725	17.6787883241454	17.9564376832598
YPR133W-A	487.936722381498	434.46836257591	528.582882295107	501.15911593559	487.77384148892	688.874245666877
YPL146C	2468.92326568316	2532.27384237246	2495.4676074669	2063.3307746177	1626.44852582137	2387.39001016068
YPR107C	270.46679742495	279.511249061252	300.457638357218	293.471554376697	265.985406149642	296.281221773787
YPL082C	1070.90231953392	1111.17980767157	954.231203301166	1026.6989456194	1116.977989571	1182.67628195652
YPL216W	171.782965932063	218.70529312512	190.10436994824	224.844360122454	252.324524262802	237.514698446755
YPL152W	211.98748987361	241.262341294975	248.526688517699	258.254967851493	225.806341776584	229.352681318
YPL230W	95.0288747709284	136.323030243909	112.207945188961	110.164706566022	71.5187345840426	58.7665233270321
YPL159C	449.559676800931	426.6224327777	429.357674566025	416.278112515869	436.344639091406	461.153967774627
YPR183W	1739.75939965238	1698.64380131259	1582.03929332535	1548.62681771088	1505.10775141474	935.367162955262
YPL204W	1823.82340425743	1760.4304984735	1680.33716266444	1668.7244076558	1853.05844888542	2089.47638496114
YPL109C	175.437922654022	152.995631065106	166.920910198455	186.918805403004	167.948489079381	173.034763129595
YPL249C	403.872717776446	389.3542662362	373.71737116654	400.927292748472	476.523703464464	399.938839308969
YPR154W	573.828205347529	640.424019778938	650.064211383982	609.517843705447	572.149876672341	350.966736536442
YPR026W	292.396537756703	240.281600070199	262.43676436757	252.837031463	287.682100911093	207.315235070363
YPR170W-B	235.744708566342	177.514161684514	212.360491308034	195.948699383825	141.430306593163	149.364913456207
YPR016C	3717.09098623208	3705.24034720494	3894.82123796394	2880.53617988204	2469.40529636812	2785.6964460439
YPL060W	195.540184624795	188.302315157054	191.031708338231	190.530762995332	180.002208391298	141.202896327452
YPR029C	1242.68528546599	1300.4628640534	1231.5053819086	1275.02103009199	1372.51683898365	1564.65868358223
YPL106C	11482.0465420335	10782.2690251909	10812.7656272999	13748.9165751987	14732.0557430253	13282.866675335
YPR085C	310.671321366497	319.721639277081	303.239653527193	352.165865252036	315.003864684772	323.215878298677
YPL008W	392.907847610569	418.776502979489	421.011629056102	428.919964089019	438.75538295379	528.898709943289
YPR152C	250.364535454177	176.533420459738	211.433152918043	200.463646374236	204.913228302594	124.062660357068
YPL212C	1785.44635867687	1717.27788458334	1720.21271343407	1691.29914260786	1517.96505201412	1694.43475592943
YPL119C	73.0991344391757	50.0178024635924	38.9482123796394	71.3361624484894	57.857852697203	66.1123387429111
YPL078C	1900.57749541857	1818.2942307353	1846.33073447291	1768.05324144484	2036.27498242656	1847.06447623714
YPL195W	1176.89606447073	1181.79317585547	1223.15933639868	1227.16259199363	1209.38983762904	1484.67091572044
YPR060C	838.812567689541	944.453799459598	888.390177611775	850.61601299338	797.152637161464	1112.48293464923
YPL199C	1105.62440839253	1034.68199213902	1080.34922434	1038.43780779447	991.619308727063	965.566626331653
YPL228W	550.070986654797	508.023954434135	521.164175175175	516.509935702987	523.934999424672	637.453537755724
YPL018W	244.882100371239	301.087556006331	266.146117927536	209.493540355057	246.699455250574	237.514698446755
YPL259C	740.128736196654	650.231432026701	660.264933673887	610.42083310353	576.971364397108	684.793237102499
YPL072W	122.441050185619	178.494902909291	162.284218248498	187.821794801086	241.877967525807	278.324784090527
YPL130W	12.7923485268557	19.6148244955264	13.9100758498712	9.02989398082144	12.8573005993784	11.4268239802562
YPR179C	557.380900098715	533.523226278319	522.091513565167	492.129221954769	519.917092987366	554.200963042428
YPL028W	3737.19324820286	3870.98561419214	3704.7168680157	3753.72692782747	4092.63949703965	3313.77895427431
YPL174C	312.498799727476	335.413498873502	298.602961577236	370.225653213679	359.200835495135	457.889160923125
YPR031W	283.259145951806	281.472731510804	292.111592847296	353.068854650118	396.165574718349	479.926607170762
YPR158C-D	58.4793075513406	77.4785567573294	65.8410256893905	55.985342681093	77.1438035962707	59.5827250399076
YPR158W-B	12.7923485268557	11.7688946973159	9.27338389991415	10.8358727769857	10.446556736995	10.6106222673808
YPL060C-A	21.9297403317527	14.7111183716448	26.892813309751	17.1567985635607	29.7325076360627	25.3022530991388
YMR172W	303.361407922579	315.798674377975	330.132466836944	352.165865252036	396.165574718349	363.209762229574
YMR027W	1114.76180019743	1069.98867623097	1117.44275993965	1177.49817509912	1209.38983762904	1138.60138946125
YMR290C	3322.35566026054	3722.89368925092	3726.9729893755	3350.09066688476	2519.22733619072	3378.25888959147
YMR139W	451.38715516191	391.315748685752	432.139689735999	400.927292748472	369.64739223213	354.231543387944
YMR191W	349.048366947064	397.20019603441	360.73463370666	480.390359779701	548.042438048506	583.584224705944
YMR244C-A	166.300530849125	202.032692303922	229.979920717871	202.2696251704	196.877415427983	148.548711743331
YMR091C	930.186485738511	909.14711536765	923.629036431449	909.310323868719	965.101126240845	1005.56051026255
YMR173W-A	31.0671321366497	25.4992718441844	20.4014445798111	37.0225653213679	22.5002760489123	16.3240342575089
YMR180C	171.782965932063	186.340832707501	198.450415458163	181.500869014511	160.716257492231	183.645385396975
YML020W	420.32002302526	374.643147864555	395.973492526334	380.158536592583	415.451525617416	366.474569081075
YML088W	961.25361787516	979.760483551545	915.282990921526	1014.96008344433	979.565589415146	986.787870866415
YML077W	431.284893191137	490.370612388161	499.835392205373	477.681391585454	502.238304663221	563.179181884058
YML125C	1829.30583934037	1850.65869115292	1895.47966914245	1914.33752393415	1576.62648599878	1386.72671017538
YMR318C	2026.67350232615	1926.1757654607	1837.98468896298	1966.71090902291	2008.14963736542	1885.42595674228
YMR115W	444.077241717992	456.044669520989	415.447598716154	449.688720244908	554.471088348196	560.730576745432
YMR266W	2922.13789920605	3046.18224415525	2853.42022600358	2381.18304274261	1983.23861745413	2322.91007484352
YML057W	833.330132606603	871.87894882615	752.071434283037	896.668472295569	919.296992855559	772.943022093048
YML055W	513.521419435209	487.428388713832	494.271361865424	554.435490422437	519.917092987366	670.101606270741
YMR105C	299.70645120062	335.413498873502	306.949007087158	193.239731189579	229.020666926429	203.234226505986
YMR268C	222.952360039486	239.300858845422	211.433152918043	262.769914841904	276.431962886637	305.259440615417
YML101C	107.821223297784	127.496359220922	118.699313918901	127.321505129582	131.787331143629	66.9285404557866
YMR012W	3059.1987762795	3364.92314220756	3118.63900554113	3323.00098494229	3466.64967410741	3700.65856617727
YMR202W	4117.30874728657	4490.81406825078	4607.01712147735	4208.83358446087	3918.26235766058	3142.37659457047
YMR083W	3835.87707969574	3885.69673256379	3946.75218780346	3995.72808651349	3688.43810944669	3082.79386953056
snR76	84.064004605052	92.1896751289742	85.3151318792102	67.7242048561608	80.3581287461153	101.209012396555
YMR017W	16.4473052488145	17.6533420459738	8.34604550992273	12.64185157315	8.03581287461153	12.2430256931317
YML085C	2646.18866669816	2680.36576731369	2505.6683297568	2558.16896476671	2515.20942975341	2396.36822900231
YML013W	447.732198439951	426.6224327777	486.852654745493	483.099327973947	536.79230002405	408.917058150599
YMR224C	316.153756449435	299.126073556778	310.658360647124	320.561236319161	403.397806305499	370.555577645453
YMR059W	160.818095766187	142.207477592567	165.066233418472	155.314176470129	131.787331143629	146.91630831758
YMR072W	1317.61189826614	1314.19324120027	1334.43994319765	1228.06558139172	1352.42730679712	1443.86083007666
YMR304W	493.419157464436	490.370612388161	489.634669915467	488.51726436244	514.292023975138	519.920491101659
YML087C	93.201396409949	61.7866971609083	65.8410256893905	65.9182260599965	89.197522908188	68.5609438815375
YMR195W	391.08036924959	379.546853988436	478.50660923557	288.956607386286	245.895873963113	199.969419654484
YMR240C	317.981234810414	292.260884983344	336.623835566884	306.113405949847	328.664746571612	279.957187516278
YMR308C	2973.30729331347	3110.91116499049	2983.24760060238	2980.76800306916	2925.83946764606	3126.05256031296
YML001W	1222.58302349521	1052.33533418499	1127.64348222956	1077.266351912	994.833633876908	1063.51083187671
YML114C	495.246635825415	563.926204246385	522.091513565167	579.719193568737	672.597537604985	510.942272260029
YMR319C	1500.35973436408	1728.06603805588	1649.73499579473	1558.55970108978	1440.01766713039	1315.71716115522
YML075C	3185.29478318708	3516.93803204789	3182.62535445054	3404.27003076968	3498.79292560586	3331.73539195757
YMR075W	520.831332879127	537.446191177424	550.8390036549	550.823532830108	538.399462598973	650.512765161731
YML129C	151.68070396129	172.610455560633	198.450415458163	205.881582762729	196.877415427983	146.91630831758
YML073C	11567.9380249996	11621.7835135994	11328.3657721351	9550.01587411676	7752.95226142521	7545.7848355335
YMR149W	1630.11069799362	1640.78006905079	1706.3026375842	1533.27599794348	1567.78709183671	1404.68314785864
YMR233W	352.703323669023	427.603174002476	390.409462186386	373.837610806008	288.485682198554	327.296886863054
YMR048W	168.128009210104	157.899337188988	141.882773668686	200.463646374236	262.771080999797	213.844848773367
YML030W	425.802458108198	400.142419708739	407.101553206231	423.502027700526	417.8622694798	285.670599506406
YMR260C	5520.81212851874	5210.6781272366	5909.92755941529	4798.48566140851	4061.29982682867	4444.21832660681
YML056C	6235.35616766169	6420.91279861058	6241.91470303221	5048.61372467727	4668.00369886184	5277.56027545264
YML064C	274.121754146909	242.243082519751	246.672011737716	310.628352940258	320.628933697	355.047745100819
YML113W	286.914102673765	290.299402533791	293.038931237287	321.464225717243	396.96915600581	266.081758397396
YML058W-A	12.7923485268557	23.5377893946317	28.7474900897339	29.7986501367108	30.5360889235238	16.3240342575089
YMR136W	968.563531319078	901.301185569439	890.244854391758	806.369532487355	793.938312011619	428.505899259609
YML091C	493.419157464436	480.563200140397	439.558396855931	402.733271544636	838.938864109444	841.503965974585
YMR199W	847.949959494438	818.918922688228	704.777176393475	899.377440489816	1094.47771352209	1336.12220397711
YMR286W	349.048366947064	342.278687446936	417.302275496137	355.777822844365	380.897530256587	377.085191348456
YMR025W	73.0991344391757	80.4207804316584	76.041747979296	99.3288337890359	93.2154293454938	110.187231238185
YMR112C	213.814968234589	203.013433528699	228.125243937888	205.881582762729	212.949041177206	180.380578545474
YML127W	752.92108472351	694.364787141636	654.700903333939	766.637998971741	802.777706173692	692.955254231254
YML005W	363.668193834899	386.412042561871	418.229613886128	386.479462379158	396.165574718349	412.998066714976
YMR160W	197.367662985774	264.800130689607	278.201516997424	262.769914841904	287.682100911093	273.427573813275
YMR096W	142.543312156393	140.245995143014	139.100758498712	149.896240081636	143.841050455546	145.283904891829
YMR246W	5158.97141304482	5871.69771273584	5122.61726631258	4667.5521986866	4473.53702729624	3827.98603338584
YMR120C	3368.04261928502	3648.35735616792	3051.87064146175	2586.16163610726	1914.93420801993	2103.35181408003
YMR052W	85.8914829660314	140.245995143014	109.425930018987	124.612536935336	114.108542819484	128.143668921445
YML049C	584.793075513405	602.175112012661	587.005200864566	640.21948324024	735.276878026955	773.759223805923
YMR065W	193.712706263816	192.225280056159	204.014445798111	165.247059849032	187.234439978449	194.256007664356
YMR098C	455.042111883869	458.006151970542	472.01524050563	517.412925101069	543.22095032374	607.254074379332
YMR302C	643.272383064746	692.403304692083	656.555580113922	781.988818739137	842.153189259289	834.974352271582
YML060W	239.3996652883	254.992718441844	227.197905547897	284.441660395875	296.521495073166	310.15665089267
YMR080C	1695.89991898888	1917.34909443771	1874.15088617265	1783.40406121224	1755.02153181516	1857.67509850452
YMR156C	84.064004605052	82.382262881211	90.8791622191587	84.8810034197216	92.4118480580326	79.9877678617937
YMR294W	310.671321366497	329.529051524844	320.85908293703	325.979172707654	339.914884596068	385.247208477211
YMR167W	392.907847610569	364.835735616792	356.097941756703	443.367794458333	425.09450106695	378.717594774207
YMR079W	1569.8039120813	1596.64671393585	1573.69324781543	1485.41755984513	1321.08763658614	1671.58110796891
YMR275C	540.9335948499	530.58100260399	507.254099325304	521.927872091479	565.721226372652	541.141735636421
YMR100W	533.623681405983	534.503967503095	523.018851955158	542.696628247369	564.11406379773	575.42220757719
YMR030W-A	7.30991344391757	14.7111183716448	14.8374142398626	14.4478303693143	6.42865029968922	13.8754291188826
YMR161W	515.348897796189	429.564656452029	477.579270845579	509.286020518329	505.452629813065	481.559010596513
YMR183C	1458.32773206156	1461.30442491672	1413.26370634692	1433.04417475636	1399.03502146987	1318.98196800672
YML021C	332.601061698249	316.779415602752	361.661972096652	357.583801640529	378.486786394203	342.804719407687
YML074C	4671.03469066333	4967.45430349207	4839.77905736519	4289.19964089019	3771.20698205519	3157.8844271151
YMR157C	252.192013815156	225.570481698554	227.197905547897	256.448989055329	263.574662287258	268.530363536022
YMR110C	769.368389972324	753.209260628215	787.310293102711	734.130380640783	822.867238360221	816.201712875446
YMR097C	440.422284996034	427.603174002476	471.087902115639	455.106656633401	392.951249568504	498.699246566898
YMR111C	241.22714364928	195.167503730488	197.523077068171	209.493540355057	233.842154651196	213.028647060491
YML011C	149.85322560031	142.207477592567	150.228819178609	179.694890218347	176.787883241454	173.85096484247
YMR064W	506.211505991292	524.696555255332	555.475695604857	522.830861489562	580.989270834414	743.559760429532
YML082W	562.863335181653	606.098076911767	614.825352564308	586.040119355312	620.36475392001	621.129503498215
YMR300C	1683.10757046202	1654.51044619765	1539.38172738575	1517.92517817608	1297.78377924976	1505.07595854232
YMR262W	208.332533151651	157.899337188988	177.12163248836	133.642430916157	191.252346415754	101.209012396555
YMR031C	1394.36598942728	1184.7353995298	1163.80967943923	1075.46037311583	976.351264265301	925.572742400756
YMR016C	1171.41362938779	1160.21686891039	1185.13846240903	1163.95333412788	1333.94493718551	936.183364668137
YMR066W	352.703323669023	338.355722547831	352.388588196738	308.822374144093	332.682653008917	390.144418754463
YMR201C	272.294275785929	303.049038455883	265.218779537545	362.09874863094	313.39670210985	290.567809783659
YMR232W	56.6518291903612	67.6711445095662	73.2597328093218	46.0524593021894	53.0363649724361	51.4207079111531
YMR200W	1193.34336971954	1041.54718071245	1053.45641103025	1022.18399862899	951.440244354005	997.398493133795
YMR297W	4504.7341598142	4372.14438005284	4199.91556827112	4843.63513131262	4897.82794707573	3638.62723599874
YML026C	18874.1965121952	18184.9037898026	19262.6730369017	15446.5366435932	12841.2289736292	12264.2469376665
YML023C	519.003854518147	546.272862200411	482.215962795536	498.450147741344	547.238856761045	593.37864526045
YMR143W	11503.9762823653	12189.6326827449	12145.3508937176	9651.15068670196	8285.72665501195	8969.24062278828
YMR073C	213.814968234589	224.589740473778	201.232430628137	233.874254103275	209.734716027361	254.654934417139
YML069W	1520.46199633485	1547.60965269704	1526.39898992587	1660.59750307306	1603.144668485	1670.76490625604
YML050W	135.233398712475	120.631170647488	118.699313918901	134.54542031424	137.412400155857	147.732510030456
YMR211W	429.457414830157	462.909858094424	497.053377035398	419.890070108197	415.451525617416	521.55289452741
YMR283C	392.907847610569	369.739441740673	394.118815746351	413.569144321622	315.807445972233	373.820384496954
YML078W	1189.68841299758	1067.04645255664	1109.09671442973	1159.43838713747	1026.17330408789	941.08057494539
YMR142C	17441.4534771873	17659.2264933224	18289.8950658007	14814.4440649357	12467.5636749598	11322.3501610082
YMR203W	2527.4025732345	2544.04273706978	2507.52300653679	2529.27330402809	2469.40529636812	2533.49011676539
YMR077C	285.086624312785	257.934942116173	276.346840217442	315.143299930668	277.235544174098	352.599139962193
YMR284W	467.834460410724	412.892055630831	442.340412025905	376.546579000254	379.290367681664	350.966736536442
YMR089C	919.221615572634	865.994501477492	864.279379471999	1028.50492441556	1161.17496038137	1066.77563872821
YMR134W	391.08036924959	533.523226278319	510.036114495278	609.517843705447	605.096709458248	654.593773726108
snR83	95.0288747709284	75.5170743077768	76.041747979296	87.589971613968	58.6614339846642	77.5391627231674
YMR099C	1414.46825139805	1352.44214896655	1355.76872616745	1412.27541860047	1336.3556810479	1354.89484337324
YMR132C	314.326278088455	256.954200891396	258.727410807605	279.023724007383	294.914332498243	344.437122833438
YML115C	1302.99207137831	1221.02282484652	1296.419069208	1207.29682523583	1195.7289557422	1073.30525243121
snR11	27.4121754146909	22.5570481698554	21.3287829698025	18.0597879616429	12.8573005993784	21.2212445347616
YMR086W	937.496399182428	872.859690050926	866.134056251982	973.422571132552	894.385972944263	904.351497865995
YMR044W	677.994471923355	619.828454058635	636.154135534111	603.196917918872	602.685965595865	581.135619567318
YMR222C	252.192013815156	271.665319263041	285.620224117356	289.859596784368	298.932238935549	219.558260763495
YMR321C	43.8594806635054	61.7866971609083	50.0762730595364	32.5076183309572	30.5360889235238	24.4860513862634
YML131W	217.469924956548	198.109727404817	181.758324438317	256.448989055329	268.396150012025	297.097423486662
YML038C	793.125608665056	728.690730008807	770.618202082866	757.608104990919	744.919853476489	875.784437915354
YMR036C	374.633064000775	310.894968254094	291.184254457304	315.143299930668	299.73582022301	359.128753665196
YML012W	1942.60949772109	2036.99952386042	2028.08905891122	1919.75546032264	1774.30748271423	1715.65600046419
YML100W	1036.18023067532	1076.8538648044	919.919682871484	559.853426810929	379.290367681664	316.686264595673
YMR312W	612.205250928096	633.558831205504	579.586493744634	582.428161762983	515.89918655006	487.272422586641
YML112W	361.84071547392	295.203108657673	303.239653527193	307.919384746011	358.397254207674	310.15665089267
YML099C	615.860207650055	623.75141895774	636.154135534111	675.436069765444	665.365306017835	684.793237102499
YML123C	13963.7621562435	15868.3930168809	13817.3420108721	10849.417617957	12156.5777167123	15314.392738682
YMR141C	16.4473052488145	9.80741224776321	9.27338389991415	3.61195759232858	3.21432514984461	9.79442055450536
YMR207C	529.968724684024	541.369156076529	465.52387177569	523.733850887644	540.006625173895	582.768022993069
YMR236W	690.78682045021	644.346984678043	647.282196214008	678.14503795969	653.311586705918	496.250641428271
YMR204C	133.405920351496	101.997087376737	107.571253239004	121.000579343007	123.751518269018	128.143668921445
YMR011W	4152.03083614518	3494.38098387803	3525.74055874736	2964.51419390368	4516.12683553168	4822.93592138101
YML008C	4998.15331727864	5599.05165224802	5257.08133286133	5533.51903144738	5608.99738647885	5167.37304421445
YMR109W	1123.89919200233	1144.52500931397	1110.02405281972	1051.07965936762	1180.46091128043	1221.03776246167
YMR004W	729.163866030778	660.038844274464	673.247671133767	698.91379411558	670.990375030063	679.896026825247
YMR158C-A	32.8946104976291	24.518530619408	26.892813309751	21.6717455539715	28.1253450611404	22.037446247637
YMR216C	871.70717818717	843.437453307636	815.130444802454	842.489108410641	1051.08432399919	1121.46115349086
YMR159C	23.7572186927321	31.3837191928423	41.7302275496137	29.7986501367108	28.9289263486015	30.1994633763915
YMR272C	1624.62826291068	1424.03625837522	1463.33997940645	1174.78920690487	1276.08708448831	981.074458876286
YMR106C	195.540184624795	193.206021280935	168.775586978438	201.366635772318	238.663642375962	209.76384020899
YML092C	1259.1325907148	1265.15617996145	1355.76872616745	1554.94774349745	1694.75293525557	1316.53336286809
YML104C	482.45428729856	522.735072805779	542.492958144978	528.248797878054	578.57852697203	759.067592974165
YML058W	1599.04356585697	1877.13870422188	1833.34799701303	1778.88911422182	1808.05789678759	1664.23529255304
YMR148W	158.990617405207	180.456385358843	157.647526298541	200.463646374236	208.9311347399	186.093990535602
YMR168C	239.3996652883	270.684578038265	271.710148267485	323.270204513408	291.700007348399	282.405792654904
YML063W	26874.8967765629	27165.5511850793	28925.5390606122	23165.2900183993	20203.6407293483	22283.9391649254
YMR008C	2554.81474864919	2211.5714618706	2232.10350470934	2277.33926196317	1721.27111774179	1394.07252559126
YMR177W	575.655683708509	522.735072805779	559.185049164823	451.494699041072	476.523703464464	444.013731804243
YMR213W	321.636191532373	311.87570947887	274.492163437459	305.210416551765	302.146564085394	253.838732704264
YMR192W	572.00072698655	587.463993641017	539.710942975003	665.50318638654	578.57852697203	650.512765161731
YMR014W	1591.73365241305	1629.99191557825	1701.66594563425	1628.08988474211	1454.48213030469	1773.60632207834
YMR020W	533.623681405983	455.063928296213	482.215962795536	421.696048904361	337.504140733684	288.935406357908
snR86	619.515164372014	606.098076911767	640.790827484068	573.398267782162	451.612683553168	430.13830268536
YMR208W	1688.59000554496	1639.79932782601	1707.22997597419	1752.70242167744	1799.21850262552	1532.01061506721
YML098W	307.016364644538	261.857907015278	279.128855387416	311.53134233834	337.504140733684	245.676715575509
YML028W	5820.51857971936	6203.18824671023	6520.11622002964	7452.37150237194	8006.08036697547	5155.13001852132
YMR285C	641.444904703767	605.11733568699	598.133261544463	612.226811899694	613.936103620321	647.247958310229
YMR040W	127.923485268557	122.59265309704	109.425930018987	130.933462721911	119.733611831712	57.9503216141567
YMR094W	100.511309853867	107.881534725395	89.9518238291672	124.612536935336	141.430306593163	188.542595674228
YMR189W	466.006982049745	530.58100260399	415.447598716154	530.054776674219	707.955114253276	728.051927884898
YML128C	555.553421737735	536.465449952648	548.056988484926	416.278112515869	276.431962886637	226.904076179374
YML022W	2989.75459856229	3094.23856416929	3005.50372196218	2394.72788371385	1982.43503616666	2333.5206971109
YMR299C	201.022619707733	254.011977217067	254.090718857648	313.337321134504	302.950145372855	337.091307417559
YMR227C	420.32002302526	456.044669520989	497.98071542539	486.711285566276	509.470536250371	457.889160923125
YMR119W	646.927339786705	656.115879375359	603.697291884411	582.428161762983	589.025083709025	694.587657657005
YMR255W	709.061604060004	791.458168394491	821.621813532394	817.205405264341	762.598641800634	704.38207821151
YMR024W	816.882827357788	763.016672875978	730.742651313235	847.004055401051	881.528672344885	917.410725272002
YML054C	74.9266128001551	82.382262881211	88.0971470491844	79.4630670312287	102.858404795028	85.7011798519219
YMR317W	42.032002302526	46.0948375644871	37.0935355996566	25.2837031463	21.6966947614511	17.9564376832598
YMR084W	160.818095766187	180.456385358843	171.557602148412	121.000579343007	38.5719017981354	18.7726393961353
YMR274C	219.297403317527	197.128986180041	215.142506478008	192.336741791497	178.395045816376	226.087874466499
YMR215W	1599.04356585697	1656.47192864721	1590.38533883528	1229.87156018788	1288.14080380023	1428.35299753203
YMR277W	1032.52527395336	1059.20052275843	985.760708560874	1109.77397024296	1185.2823990052	1068.40804215396
YMR033W	1226.23798021717	1209.2539301492	1231.5053819086	1252.44629513993	1155.54989136914	1446.30943521529
YML041C	246.709578732218	236.358635171093	252.236042077665	242.001158686015	224.199179201662	248.125320714136
YMR305C	6604.50679657952	6236.53344835263	5932.18368077508	7185.98962993771	7128.56960106789	5529.76660473115
YMR237W	1032.52527395336	1035.6627333638	967.213940761046	1068.23645793118	1093.67413223463	1110.85053122348
YML095C	107.821223297784	90.2281926794216	102.007222899056	106.552748973693	131.787331143629	113.452038089687
YMR018W	32.8946104976291	24.518530619408	17.6194294098369	20.7687561558893	16.8752070366842	30.1994633763915
YMR163C	158.990617405207	187.321573932277	158.574864688532	222.135391928207	233.842154651196	235.066093308129
YML027W	153.508182322269	177.514161684514	116.844637138918	180.597879616429	315.807445972233	326.480685150179
YMR162C	456.869590244848	444.275774823674	440.485735245922	505.674062926001	535.185137449128	587.665233270321
YMR158W	261.329405620053	335.413498873502	347.751896246781	357.583801640529	388.933343131198	441.565126665616
YMR210W	328.946104976291	293.24162620812	292.111592847296	266.381872434233	291.700007348399	292.20021320941
YMR241W	1891.44010361367	1840.85127890516	1917.73579050225	1774.37416723141	1795.20059618822	1921.3388321088
YMR205C	12507.261902543	12440.7024362876	11824.4918107805	10534.2743180263	9521.6346751272	8042.85167867465
YMR235C	2414.09891485378	2575.42645626262	2487.12156195697	2386.60097913111	2081.27553452439	2326.9910834079
YMR047C	1399.84842451021	1637.83784537646	1425.3191054168	1525.14909336074	1757.43227567754	1687.08894051355
YMR259C	1025.21536050944	1172.96650483248	1159.17298748927	1098.03510806789	1067.95953103587	1467.53067975005
YMR281W	292.396537756703	268.723095588712	268.92813309751	233.874254103275	188.841602553371	219.558260763495
YMR261C	1458.32773206156	1383.82586815939	1263.03488716831	1170.27425991446	1092.87055094717	1151.66061686725
YMR026C	380.115499083714	411.911314406055	436.776381685956	434.337900477511	430.719570079178	479.926607170762
YML010W	1613.6633927448	1658.43341109676	1690.53788495435	1761.73231565826	1666.62759019443	1509.97316881958
YMR150C	266.811840702991	201.051951079146	243.889996567742	268.187851230397	261.967499712336	256.28733784289
YMR067C	572.00072698655	558.041756897727	587.932539254557	628.480621065172	748.134178626334	683.977035389624
YMR179W	241.22714364928	291.280143758567	270.782809877493	291.665575580533	408.219294030266	499.515448279773
YMR126C	294.224016117682	280.491990286028	246.672011737716	247.419095074508	276.431962886637	293.832616635161
YML032C	572.00072698655	593.348440989674	542.492958144978	644.734430230651	764.205804375557	687.241842241126
YML018C	1553.35660683248	1639.79932782601	1607.07742985512	1376.15584267719	1343.58791263505	1289.59870634321
YML081W	855.259872938356	891.493773321676	836.459227772256	859.645906974201	857.42123372105	924.756540687881
YMR003W	120.61357182464	123.573394321817	130.754712988789	156.217165868211	152.680444617619	195.072209377232
YMR221C	1154.96632413898	1270.05988608534	1160.10032587926	1206.39383583774	1092.87055094717	1264.29645324407
YMR257C	290.569059395723	274.60754293737	234.616612667828	284.441660395875	308.575214385083	377.901393061332
YML068W	328.946104976291	290.299402533791	318.077067767055	322.367215115326	275.628381599176	297.913625199538
YMR117C	89.5464396879902	97.0933812528558	101.079884509064	102.940791381364	130.180168568707	197.520814515858
YMR060C	297.878972839641	288.337920084239	320.85908293703	362.09874863094	396.96915600581	417.079075279353
YMR144W	144.370790517372	147.111183716448	157.647526298541	167.956028043279	231.431410788812	250.573925852762
YMR068W	91.3739180489696	103.95856982629	103.861899679038	125.515526333418	117.322867969328	89.7821884162991
YML097C	555.553421737735	602.175112012661	633.372120364136	649.249377221062	679.026187904674	812.936906023945
YMR182C	171.782965932063	136.323030243909	130.754712988789	132.739441518075	122.144355694095	130.592274060071
YMR295C	1862.200449838	1743.7578976523	2045.70848832106	1717.48583515224	1614.39480650946	1019.43593938143
YMR181C	522.658811240106	469.775046667858	478.50660923557	376.546579000254	314.200283397311	242.411908724008
YML080W	603.067859123199	644.346984678043	643.572842654042	633.898557453665	654.115167993379	706.014481637261
YMR194C-B	10.9648701658764	24.518530619408	21.3287829698025	16.2538091654786	14.4644631743008	22.8536479605125
YMR140W	466.006982049745	360.912770717686	377.426724726506	391.897398767651	389.736924418659	372.187981071204
YMR058W	3623.88958982213	3233.50381808753	3288.34193090956	3026.82046237135	3801.74307097872	3175.02466308549
YMR076C	455.042111883869	518.812107906674	496.126038645407	563.465384403258	643.668611256384	811.304502598194
YMR239C	869.879699826191	967.991588854229	956.085880081149	913.82527085913	723.223158715038	991.685081143667
YMR242C	15555.4958086566	13969.6780057139	14604.6523039748	11803.8774117298	10518.075471579	9660.56347359378
YMR114C	228.434795122424	214.782328226014	236.471289447811	187.821794801086	186.430858690988	209.76384020899
YMR009W	981.355879845934	1001.33679049662	1136.91686612947	1152.21447195282	932.957874742399	671.734009696492
YMR088C	1030.69779559238	1004.27901417095	993.179415680805	1010.44513645392	953.047406928928	972.912441747532
YMR253C	226.607316761445	225.570481698554	226.270567157905	218.523434335879	216.16336632705	205.682831644612
YMR103C	155.335660683248	170.64897311108	181.758324438317	145.381293091225	84.3760351834211	45.707295921025
YMR303C	25.5846970537115	15.6918595964211	10.2007222899056	15.3508197673965	16.8752070366842	8.16201712875446
YMR316W	2684.56571227873	2700.96133303399	2934.09866593284	2736.0578761889	1849.84412373557	1133.70417918399
YML017W	336.256018420208	324.625345400962	319.931744547038	362.09874863094	379.290367681664	341.172315981937
YMR104C	1028.8703172314	1094.50720685037	1039.54633518038	902.086408684062	450.809102265707	284.038196080655
YMR309C	3969.28300004724	4384.89401597493	3993.11910730303	3994.82509711541	4099.06814733934	5571.3928920878
YMR155W	349.048366947064	332.471275199173	372.790032776549	353.068854650118	368.040229657208	339.539912556186
YMR313C	557.380900098715	546.272862200411	505.399422545321	541.793638849287	466.077146727469	547.671349339425
YMR028W	381.942977444693	349.14387602037	396.900830916326	445.173773254497	398.576318580732	446.462336942869
snR72	3.65495672195878	9.80741224776321	11.128060679897	10.8358727769857	2.41074386238346	12.2430256931317
YMR154C	166.300530849125	183.398609033172	171.557602148412	204.075603966565	174.37713937907	168.953754565217
snR75	18.2747836097939	23.5377893946317	23.1834597497854	18.0597879616429	12.8573005993784	26.9346565248897
YML096W	500.729070908353	621.789936508188	589.78721603454	629.383610463255	541.613787748817	626.026713775467
YML016C	1246.34024218795	1202.38874157577	1238.92408902853	1330.103383375	1202.96118732935	1286.3338994917
YML006C	791.298130304077	808.130769215689	812.348429632479	709.749666892565	663.758143442912	706.014481637261
YMR178W	659.719688313561	670.826997747004	717.759913853355	641.122472638323	531.167231011822	627.659117201218
YML109W	277.776710868868	288.337920084239	269.855471487502	318.755257522997	391.344086993582	423.608688982357
YML015C	427.629936469178	448.198739722779	447.904442365853	527.345808479972	477.327284751925	530.53111336904
YMR197C	561.035856820673	501.1587658607	530.437559075089	561.659405607094	497.416816938454	469.315984903382
YML014W	453.214633522889	453.10244584666	479.433947625561	488.51726436244	396.165574718349	305.259440615417
YML106W	3558.10036882688	3436.51725161623	3546.14200332717	3010.56665320587	2673.51494338326	2686.93603878597
YML025C	427.629936469178	433.487621351134	454.395811095793	509.286020518329	607.507453320632	573.789804151439
YMR193W	414.837587942322	403.084643383068	419.15695227612	439.755836866004	440.362545528712	568.076392161311
YML052W	1350.50650876377	1320.07768854893	1222.23199800868	1048.37069117337	1297.78377924976	1259.39924296681
YML079W	615.860207650055	585.502511191464	580.513832134626	648.34638782298	605.096709458248	547.671349339425
YMR174C	10.9648701658764	24.518530619408	26.892813309751	28.8956607386286	31.339670210985	23.6698496733879
YMR218C	635.962469620829	562.945463021608	565.676417894763	610.42083310353	618.757591345088	766.413408390044
YMR315W	1074.55727625588	941.511575785269	914.355652531535	1033.92286080406	987.601402289757	691.322850805503
YMR001C	705.406647338045	763.016672875978	690.867100543604	760.317073185166	844.563933121672	1034.12757021319
YML121W	478.799330576601	503.120248310253	509.108776105287	580.622182966819	555.274669635657	614.599889795211
YMR085W	321.636191532373	306.972003354989	302.312315137201	191.433752393415	102.858404795028	38.361480505146
YMR217W	9747.76957746408	9843.69967307994	9436.59545655264	7978.81432145383	6460.79355118767	7248.68741204684
YMR298W	528.141246323044	536.465449952648	599.987938324445	539.08467065504	474.11295960208	479.110405457887
YML042W	111.476180019743	114.74672329883	105.716576459021	131.836452119993	96.4297544953384	102.025214109431
YMR320W	29.2396537756703	21.5763069450791	14.8374142398626	17.1567985635607	13.6608818868396	6.52961370300357
YMR287C	365.495672195878	301.087556006331	357.025280146695	371.128642611761	432.3267326541	462.786371200378
YMR289W	592.102988957323	597.27140588878	599.060599934454	605.905886113119	638.847123531617	630.107722339845
YML048W	2063.22306954573	2150.76550593447	2098.56677655057	2345.96645621741	2425.20832555776	2403.71404441819
YMR250W	654.237253230622	577.656581393253	539.710942975003	409.957186729294	245.895873963113	150.997316881958
YMR230W-A	16.4473052488145	10.7881534725395	10.2007222899056	7.22391518465716	8.83939416207268	12.2430256931317
YMR124W	793.125608665056	856.187089229729	842.023258112205	932.788048218855	807.599193898459	737.846348439404
YMR311C	1005.11309853867	989.567895799308	1023.78158255052	999.609263676934	1078.40608777287	793.348064914934
snR77	21.9297403317527	16.6726008211975	23.1834597497854	21.6717455539715	18.4823696116065	43.2586907823987
YML119W	436.767328274075	434.46836257591	478.50660923557	403.636260942719	411.43361918011	359.128753665196
YML043C	235.744708566342	296.183849882449	287.474900897339	291.665575580533	402.594225018038	676.631219973745
YML046W	624.997599454952	681.615151219543	622.244059684239	623.06268467668	686.258419491825	862.725210509347
YML004C	1284.71728776851	1192.58132932801	1369.67880201732	1327.39441518075	1228.6757885281	1096.9751021046
YMR071C	709.061604060004	799.304098192702	726.105959363278	745.869242815851	761.795060513173	869.25482421235
YMR229C	4490.11433292637	5034.14470677686	4660.80274809685	3989.40716072691	3305.12983532772	4013.26382220857
YMR063W	54.8243508293818	72.5748506334478	73.2597328093218	67.7242048561608	61.0721778470476	71.0095490201638
YMR301C	732.818822752736	761.055190426425	773.40021725284	852.421991789544	785.098917849547	763.964803251418
YMR276W	1196.9983264415	1113.14129012112	1195.33918469893	1665.11245006347	1837.79040442366	1019.43593938143
YMR002W	1160.44875922191	1015.06716764349	1119.29743671964	1340.0362667539	1831.36175412397	1193.2869042239
YML081C-A	926.531529016552	943.473058234821	1006.16215314069	829.847256837491	942.600850191933	1025.14935137156
YML019W	540.9335948499	591.386958540122	571.240448234712	586.943108753394	572.953457959802	628.475318914094
YMR176W	476.971852215621	446.237257273226	462.741856605716	475.87541278929	500.631142088298	511.758473972905
YML108W	407.527674498404	425.641691552924	428.430336176034	401.830282146554	322.236096271922	511.758473972905
YMR198W	169.955487571083	163.783784537646	161.356879858506	181.500869014511	215.359785039589	230.985084743751
YML094W	665.202123396499	661.019585499241	703.849838003484	614.032790695858	587.417921134103	621.94570521109
YMR006C	1048.97257920217	1137.65982074053	986.688046950865	749.48120040818	689.472744641669	763.964803251418
YML003W	76.7540911611345	80.4207804316584	74.1870711993132	94.8138867986252	75.5366410213484	70.1933473072884
YML093W	2587.70935914682	2740.19098202504	2604.89353748588	2741.47581257739	2385.83284247216	2651.83936513233
YMR116C	34069.6790837388	29729.2087466446	30977.7389176632	23104.7897287278	18688.0864211966	17659.3402597732
YMR196W	498.901592547374	435.449103800687	438.631058465939	413.569144321622	450.809102265707	366.474569081075
YML053C	237.572186927321	251.069753542738	276.346840217442	297.986501367108	309.378795672544	332.194097140307
YML009C	191.885227902836	168.687490661527	176.194294098369	213.105497947386	241.074386238346	193.439805951481
YMR070W	416.665066303301	384.450560112318	369.080679216583	460.524593021894	527.149324574516	435.035512962613
YMR219W	729.163866030778	769.881861449412	710.341206733424	808.175511283519	922.511318005404	843.952571113212
YML037C	65.7892209952581	75.5170743077768	54.7129650094935	81.269045827393	98.0369170702607	100.39281068368
YMR280C	36.5495672195878	45.1140963397108	40.8028891596223	35.2165865252036	49.0184585351303	40.8100856437723
YMR170C	95.0288747709284	116.708205748382	128.900036208807	129.127483925747	126.965843418862	108.554827812434
YMR123W	685.304385367272	734.575177357465	718.687252243347	762.12305198133	687.062000779286	690.506649092628
YMR019W	471.489417132683	452.121704621884	448.831780755845	551.72652222819	573.757039247263	564.811585309809
YMR165C	504.384027630312	506.062471984582	495.198700255416	523.733850887644	478.130866039386	472.580791754883
YMR010W	844.295002772479	841.475970858084	759.490141402969	764.832020175576	780.27743012478	1046.37059590632
YMR184W	215.642446595568	199.090468629593	226.270567157905	311.53134233834	303.753726660316	334.642702278933
YML126C	5085.87227860565	5364.65449952648	5123.54460470257	5336.66734266547	6132.93238590352	6055.40050782294
YMR244W	14.6198268878351	11.7688946973159	16.6920910198455	10.8358727769857	5.62506901222807	4.89721027725268
YMR316C-B	49.3419157464436	50.0178024635924	45.4395811095793	27.9926713405465	44.1969708103634	39.1776822180214
YMR043W	1335.88668187594	1295.55915792952	1365.04211006736	1089.00521408707	1236.71160140271	706.014481637261
YMR270C	573.828205347529	595.309923439227	600.915276714437	542.696628247369	621.168335207471	626.842915488343
YML009W-B	29.2396537756703	32.3644604176186	28.7474900897339	24.3807137482179	21.6966947614511	36.7290770793951
YMR035W	148.025747239331	146.130442491672	141.882773668686	145.381293091225	134.198075006013	144.467703178954
YMR108W	6491.2031381988	6937.7634240677	6498.78743705984	7602.26774245357	7938.57953882873	6615.31488285549
YML002W	290.569059395723	313.837191928423	258.727410807605	263.672904239986	233.842154651196	263.633153258769
YML111W	588.448032235364	699.268493265517	666.756302403827	707.943688096401	866.260627883123	1032.49516678744
YMR278W	455.042111883869	436.429845025463	447.904442365853	469.554487002715	478.130866039386	490.537229438143
YMR185W	582.965597152426	671.80773897178	633.372120364136	661.891228794212	565.721226372652	801.510082043688
YMR304C-A	639.617426342787	700.249234490293	587.932539254557	731.421412446537	610.721778470476	817.017914588322
YMR258C	383.770455805672	439.372068699792	464.596533385699	426.210995894772	404.20138759296	484.00761573514
YMR023C	259.501927259074	188.302315157054	273.564825047467	181.500869014511	207.323972164978	193.439805951481
YMR291W	597.585424040261	457.025410745766	420.084290666111	434.337900477511	289.289263486015	199.153217941609
YMR041C	186.402792819898	212.820845776462	203.08710740812	214.91147674355	226.609923064045	223.639269327872
YMR029C	683.476907006293	663.96180917357	674.175009523759	706.137709300237	656.525911855762	710.911691914514
YMR092C	1186.03345627563	1210.23467137398	1219.44998283871	1256.96124213034	1284.92647865038	1211.24334190716
YMR138W	175.437922654022	174.571938010185	173.412278928395	196.851688781907	151.073282042697	164.056544287965
YMR122W-A	5321.61698717199	4348.60659065821	4900.98339110463	5524.48913746656	6022.84174952134	3762.68989635581
YMR053C	140.715833795413	101.016346151961	111.28060679897	103.843780779447	81.9652913210376	61.2151284656585
YMR220W	1376.09120581748	1525.05260452718	1472.61336330637	1547.7238283128	1661.80610246966	1642.1978463054
YMR087W	127.923485268557	105.920052275843	99.2252077290814	103.843780779447	111.6977989571	111.819634663936
YML031W	1109.27936511449	1114.1220313459	1073.85785561006	1144.99055676816	1159.56779780644	1097.79130381748
YML118W	158.990617405207	133.38080656958	147.446804008635	131.836452119993	98.0369170702607	64.4799353171603
YML120C	1043.49014411923	973.876036202887	1006.16215314069	866.869822158859	1262.42620260147	716.625103904642
YMR078C	292.396537756703	351.105358469923	331.059805226935	412.66615492354	504.649048525604	562.362980171183
YMR042W	184.575314458919	175.552679234962	185.467677998283	212.202508549304	176.787883241454	106.106222673808
YMR223W	433.112371552116	378.56611276366	410.810906766197	350.359886455872	345.539953608296	470.948388329133
YMR256C	396.562804332528	356.009064593805	388.554785406403	324.17319391149	371.254554807053	500.331649992649
YMR214W	630.48003453789	613.944006709977	668.61097918381	693.495857727087	835.724538959599	626.026713775467
YMR055C	115.131136741702	108.862275950172	89.0244854391758	112.873674760268	132.59091243109	84.068776426171
YML117W	1553.35660683248	1454.43923634328	1435.51982770671	1470.96972947581	1286.53364122531	1110.85053122348
YMR271C	113.303658380722	96.1126400280795	118.699313918901	75.8511094389001	53.0363649724361	44.8910942081495
snR24	18.2747836097939	15.6918595964211	13.9100758498712	17.1567985635607	13.6608818868396	35.0966736536442
YMR226C	2141.80463906785	2011.50025201624	2119.89555952037	2225.86886627249	2364.93972899817	1802.17338202899
YML110C	1189.68841299758	1256.32950893847	1281.58165496814	1470.96972947581	1527.60802746365	1511.60557224533
YML007W	1129.38162708526	1113.14129012112	1067.36648688012	1425.82025957171	1702.78874813018	1572.00449899811
YMR190C	206.505054790671	251.069753542738	246.672011737716	289.859596784368	368.843810944669	355.863946813695
YMR225C	266.811840702991	259.896424565725	293.038931237287	331.397109096147	314.200283397311	277.508582377652
YMR264W	674.339515201396	753.209260628215	771.545540472857	733.227391242701	654.115167993379	563.995383596933
YMR037C	911.911702128717	814.015216564347	736.306681653183	779.279850544891	930.547130880015	927.205145826507
YML024W	14464.4912271519	14428.6648989092	14662.1472841543	11814.7132845068	10207.0895133316	12989.0340586999
YML083C	16.4473052488145	12.7496359220922	7.41870711993132	13.5448409712322	16.0716257492231	8.97821884162991
YMR030W	328.946104976291	258.915683340949	297.675623187244	210.39652975314	190.448765128293	171.402359703844
YMR187C	210.16001151263	217.724551900343	230.907259107862	232.971264705193	243.485130100729	296.281221773787
YMR238W	1487.56738583723	1380.88364448506	1460.55796423648	1798.75488097963	1497.07193854013	1323.87917828397
YML061C	522.658811240106	613.944006709977	519.309498395192	607.711864909283	645.275773831306	650.512765161731
YMR130W	540.9335948499	617.866971609082	603.697291884411	623.06268467668	642.061448681461	692.139052518379
YMR005W	1074.55727625588	1118.04499624501	1039.54633518038	1123.31881121419	1091.26338837225	1002.29570341105
YMR054W	1348.67903040279	1134.7175970662	1156.39097231929	1197.36394185692	1226.26504466572	1283.0690926402
YMR209C	498.901592547374	562.945463021608	526.728205515124	488.51726436244	516.702767837521	584.40042641882
YML102W	316.153756449435	334.432757648726	344.042542686815	364.807716825186	413.040781755033	302.810835476791
YMR194W	3315.04574681662	3195.25491032126	3497.92040704762	2856.15546613382	2391.45791148439	2634.69912916194
YMR252C	127.923485268557	134.361547794356	121.481329088875	127.321505129582	140.626725305702	120.797853505566
YMR164C	228.434795122424	228.512705372883	222.56121359794	238.389201093686	272.414056449331	270.162766961773
YMR074C	767.540911611345	722.806282660149	843.877934892188	738.645327631194	586.614339846642	689.690447379752
YML065W	524.486289601086	603.155853237438	536.001589415038	681.756995552019	691.079907216592	782.737442647553
YMR243C	3855.97934166652	3983.77085504142	3867.0010862642	3198.38844800696	2883.24965941062	3401.11253755199
YMR145C	6971.82994713638	6534.67878068463	6878.99617695632	6605.36744697089	7223.39219298831	5976.22894167402
YML071C	694.441777172169	753.209260628215	701.06782283351	783.794797535301	762.598641800634	873.335832776728
YMR015C	2446.99352535141	2819.63102123192	2527.9244511166	2545.52711319357	3139.59209011073	3693.31275076139
YML070W	1048.97257920217	1080.77682970351	1062.72979493016	1106.16201265063	1064.74520588603	988.420274292166
YMR125W	1836.61575278429	2083.09436142491	2029.94373569121	2060.62180642345	2086.09702224915	2784.88024433102
YML072C	2443.33856862945	2687.23095588712	2483.41220839701	2445.29529000645	2579.4959327503	2506.5554602405
YML105C	1167.75867266583	1251.42580281459	1239.85142741852	1131.44571579693	1035.01269824997	1133.70417918399
YMR119W-A	21.9297403317527	13.7303771468685	22.256121359794	18.0597879616429	15.2680444617619	21.2212445347616
YMR069W	42.032002302526	20.5955657203028	23.1834597497854	25.2837031463	32.9468327859073	20.4050428218862
YMR293C	230.262273483403	221.647516799449	217.924521647982	245.613116278343	232.234992076273	246.492917288385
YML124C	1695.89991898888	1735.91196785409	1644.17096545478	1756.31437926977	1686.71712238096	1406.31555128439
YMR090W	202.850098068713	205.955657203027	201.232430628137	211.299519151222	168.752070366842	133.040879198698
YML029W	413.010109581343	413.872796855608	370.935355996566	418.084091312033	465.273565440008	517.471885963033
YMR171C	986.838314928872	895.416738220781	868.916071421956	862.354875168448	929.743549592554	794.164266627809
YMR102C	2194.80151153625	1680.99045926662	1757.30624903373	1833.06847810675	1207.78267505411	833.341948845831
YMR188C	540.9335948499	517.831366681898	524.873528735141	651.958345415308	691.883488504053	754.170382696912
YMR269W	654.237253230622	677.692186320438	650.991549773973	553.532501024354	471.702215739697	517.471885963033
YMR128W	1657.52287340831	1966.38615567652	1785.12640073347	1832.16548870867	1526.00086488873	1689.53754565217
YMR039C	1690.41748390594	1623.12672700481	1747.10552674383	1565.78361627444	1388.58846473287	1216.14055218442
YMR230W	7984.25295911897	8053.84693786315	8263.5123932135	6928.63765148429	6040.52053784549	6372.08677241861
YMR267W	628.652556176911	582.560287517135	598.133261544463	658.279271201883	700.722882666126	790.899459776307
YMR247C	827.847697523665	845.398935757189	766.9088485229	805.466543089273	813.224262910687	1027.59795651019
YMR152W	544.588551571859	563.926204246385	550.8390036549	570.689299587915	578.57852697203	638.269739468599
YMR251W-A	2043.12080757496	1541.72520534838	2075.38331680079	2085.00252017167	2092.52567254884	1847.06447623714
YMR146C	6041.64346139787	6211.03417650844	6318.8837894015	5374.59289738492	4770.05852236941	4031.22025989183
YMR228W	201.022619707733	235.377893946317	212.360491308034	291.665575580533	257.146011987569	327.296886863054
YMR032W	411.182631220363	404.065384607844	416.374937106145	437.046868671758	452.416264840629	475.845598606385
YMR001C-A	16.4473052488145	14.7111183716448	10.2007222899056	15.3508197673965	16.8752070366842	31.015665089267
YMR153W	657.892209952581	670.826997747004	663.046948843862	753.996147398591	694.294232366436	810.488300885318
YMR056C	56.6518291903612	67.6711445095662	68.6230408593647	70.4331730504073	68.304409434198	34.2804719407687
YMR282C	394.735325971549	401.123160933515	415.447598716154	451.494699041072	440.362545528712	479.926607170762
YMR234W	358.185758751961	413.872796855608	413.592921936171	382.867504786829	344.736372320835	464.418774626129
YMR062C	672.512036840416	797.342615743149	728.887974533252	795.533659710369	751.348503776178	670.917807983617
YMR038C	1100.14197330959	1283.7902632322	1263.9622255583	1387.89470485226	1327.51628688582	941.08057494539
YMR049C	2931.27529101095	3181.52453317439	3062.07136375165	2820.03589021054	2484.67334082989	3046.88099416404
YMR147W	126.096006907578	109.843017174948	114.989960358935	130.030473323829	130.983749856168	135.489484337324
YML067C	838.812567689541	929.742681087953	908.791622191587	868.675800955023	794.741893299081	890.476068747112
YML107C	186.402792819898	180.456385358843	153.938172738575	150.799229479718	180.805789678759	186.093990535602
YMR231W	462.352025327786	506.062471984582	468.305886945664	512.897978110658	507.059792387988	611.335082943709
YMR081C	403.872717776446	285.39569640991	276.346840217442	216.717455539715	163.930582642075	45.707295921025
YML051W	723.681430947839	794.40039206882	699.213146053527	754.899136796673	819.652913210376	745.192163855283
YMR314W	1606.35347930089	1481.89999063702	1564.41986391552	1724.7097503369	1852.25486759796	1376.93228962088
YMR113W	475.144373854642	431.526138901581	490.562008305458	484.905306770112	422.683757204567	452.175748932997
YMR263W	436.767328274075	401.123160933515	421.011629056102	421.696048904361	354.379347770369	222.006865902121
YML034W	886.327005075005	804.207804316584	727.033297753269	889.444557110912	863.046302733278	812.936906023945
YMR131C	3366.21514092404	3781.7381627375	3752.93846429526	3454.83743706228	2978.87583261849	3279.49848233354
YMR310C	948.461269348305	965.0493651799	961.649910421097	909.310323868719	905.63611096872	783.553644360429
YMR034C	175.437922654022	134.361547794356	148.374142398626	126.4185157315	94.8225919204161	89.7821884162991
YML103C	1054.45501428511	1273.00210975967	1222.23199800868	1243.41640115911	1126.62096502054	1507.52456368095
YMR306W	71.2716560781963	101.997087376737	82.5331167092359	109.261717167939	114.108542819484	98.760407257929
YMR169C	69.4441777172169	61.7866971609083	71.405056029339	51.4703956906822	53.8399462598973	46.5234976339004
YMR186W	16823.7657911763	17325.7744768985	16706.0010956953	28064.007502995	33629.8768802493	35295.8268715858
YML059C	464.179503688766	509.004695658911	481.288624405544	561.659405607094	763.402223088096	828.444738568578
YML086C	1540.56425830563	1476.01554328836	1435.51982770671	1378.86481087143	1452.0713864423	1592.40954182
YMR013C	392.907847610569	376.604630314107	412.66558354618	363.001738029022	350.361441333063	455.440555784499
YMR127C	224.779838400465	203.013433528699	217.924521647982	248.32208447259	220.181272764356	313.421457744171
YMR153C-A	14.6198268878351	17.6533420459738	9.27338389991415	16.2538091654786	16.8752070366842	14.691630831758
YMR212C	1279.23485268557	1437.76663552209	1338.14929675761	1298.49875444212	1232.69369496541	1482.22231058181
YMR296C	1986.4689783846	2078.19065530103	2095.7847613806	2178.91341757221	2295.83173827651	1654.44087199853
YMR101C	12.7923485268557	15.6918595964211	8.34604550992273	10.8358727769857	6.42865029968922	15.5078325446335
YMR166C	259.501927259074	204.974915978251	193.813723508206	214.008487345468	265.181824862181	217.925857337744
YMR061W	1023.38788214846	1123.92944359366	1102.60534569979	1064.62450033885	1000.45870288914	1273.2746720857
YMR288W	438.594806635054	440.352809924568	467.378548555673	448.785730846826	507.059792387988	524.001499666037
YMR265C	352.703323669023	324.625345400962	348.679234636772	324.17319391149	317.414608547155	266.897960110271
YML116W	403.872717776446	449.179480947555	415.447598716154	445.173773254497	454.023427415552	494.61823800252
YML130C	2187.49159809233	1850.65869115292	1877.86023973262	2200.58516312619	2233.15239785454	2491.86382940874
YMR273C	542.76107321088	582.560287517135	536.928927805029	559.853426810929	662.15098086799	524.817701378912
YMR292W	444.077241717992	573.733616494148	547.129650094935	495.741179547097	454.827008703013	608.070276092208
YMR137C	191.885227902836	198.109727404817	185.467677998283	207.687561558893	204.109647015133	243.228110436883
YML076C	422.14750138624	459.967634420095	421.938967446094	446.979752050661	433.130313941562	481.559010596513
YMR022W	495.246635825415	509.985436883687	531.364897465081	503.868084129837	529.5600684369	523.185297953161
YML062C	672.512036840416	630.616607531175	693.649115713578	642.025462036405	626.793404219699	665.204395993489
YMR086C-A	10.9648701658764	14.7111183716448	12.0553990698884	10.8358727769857	8.03581287461153	11.4268239802562
YML035C	910.084223767737	943.473058234821	870.770748201939	980.646486317209	920.10057414302	1291.23110976896
YMR173W	202.850098068713	155.937854739435	176.194294098369	139.06036730465	114.108542819484	187.726393961353
YMR194C-A	10.9648701658764	20.5955657203028	12.9827374598798	13.5448409712322	17.6787883241454	8.97821884162991
YMR093W	985.010836567892	1092.54572440082	976.48732466096	958.071751365155	1170.01435454344	1279.8042857887
YML036W	323.463669893352	328.548310300068	352.388588196738	344.038960669297	304.557307947777	368.106972506826
YMR307W	15193.6550931827	15099.4918966562	14612.9983494847	15386.9393433197	15707.6034260032	15182.9842629091
YML116W-A	45.6869590244848	58.8444734865793	48.2215962795536	55.0823532830108	39.3754830855965	31.8318668021424
YMR021C	319.808713171394	329.529051524844	351.461249806746	326.882162105736	293.307169923321	286.486801219282
YMR135C	690.78682045021	659.058103049688	662.11961045387	538.181681256958	438.75538295379	271.795170387524
YMR121C	403.872717776446	369.739441740673	373.71737116654	377.449568398336	370.450973519592	336.275105704684
YMR129W	1164.10371594387	1249.46432036503	1150.82694197935	1154.92344014706	1221.44355694095	1411.21276156165
YMR045C	191.885227902836	230.474187822436	193.813723508206	211.299519151222	167.948489079381	173.85096484247
YMR050C	20.1022619707733	20.5955657203028	14.8374142398626	13.5448409712322	16.0716257492231	8.97821884162991
YML045W	9.13739180489696	13.7303771468685	13.9100758498712	14.4478303693143	13.6608818868396	6.52961370300357
YML039W	18.2747836097939	15.6918595964211	11.128060679897	14.4478303693143	3.21432514984461	13.0592274060071
YBR225W	427.629936469178	346.201652346041	392.264138966368	371.128642611761	335.896978158762	335.458903991808
YBL055C	836.985089328562	841.475970858084	884.68082405181	835.265193225983	654.115167993379	643.166949745852
YBR293W	436.767328274075	408.969090731726	415.447598716154	336.81504548464	312.593120822389	359.128753665196
YBR115C	683.476907006293	706.133681838951	828.113182262333	696.204825921333	716.794508415349	722.33851589477
YBR031W	7470.73153968376	7306.52212458359	6785.33499956718	5892.00582248599	5834.80372825543	4898.02647896555
YBR241C	118.78609346366	120.631170647488	118.699313918901	116.485632352597	151.073282042697	82.4363730004201
YBR182C	354.530802030002	332.471275199173	367.2260024366	300.695469561354	198.484578002905	138.754291188826
YBL037W	383.770455805672	397.20019603441	397.828169306317	510.189009916412	470.898634452236	573.789804151439
YBR019C	9.13739180489696	18.6340832707501	12.9827374598798	22.5747349520536	12.8573005993784	18.7726393961353
YBR022W	241.22714364928	265.780871914383	274.492163437459	288.053617988204	219.377691476895	273.427573813275
YBR119W	389.252890888611	324.625345400962	397.828169306317	398.218324554226	351.968603907985	344.437122833438
YBL022C	1008.76805526062	1192.58132932801	1081.27656272999	1587.45536182841	1776.71822657661	1624.24140862214
YBR243C	442.249763357013	532.542485053543	530.437559075089	595.973002734215	587.417921134103	658.674782290485
YBR234C	1772.65401015001	1770.23791072126	1722.99472860405	1738.25459130813	1779.12897043899	1687.90514222642
YBR179C	467.834460410724	528.619520154437	484.99797796551	544.502607043533	607.507453320632	710.911691914514
YBR247C	1719.65713768161	1869.29277442367	1781.41704717351	1783.40406121224	1501.08984497743	1822.57842485087
YBL086C	564.690813542632	479.582458915621	471.087902115639	390.994409369569	339.914884596068	267.714161823146
YBR227C	747.438649640571	707.114423063728	730.742651313235	693.495857727087	713.580183265504	728.051927884898
YBR218C	2344.65473713656	2435.18046111961	2399.95175329778	2060.62180642345	2076.45404679962	1833.18904711825
YBR244W	288.741581034744	246.166047418857	249.454026907691	307.919384746011	301.342982797932	275.059977239025
YBR160W	760.230998167427	761.055190426425	786.38295471272	868.675800955023	865.457046595662	869.25482421235
YBL080C	173.610444293042	158.880078413764	169.702925368429	177.888911422182	203.306065727672	182.8291836841
YBR083W	727.336387669798	811.072992890018	798.438353782608	651.055356017226	923.314899292865	919.043128697753
YBR294W	16.4473052488145	11.7688946973159	14.8374142398626	32.5076183309572	43.3933895229023	35.0966736536442
YBR091C	144.370790517372	120.631170647488	167.848248588446	154.411187072047	161.519838779692	154.262123733459
YBR284W	65.7892209952581	100.035604927185	74.1870711993132	79.4630670312287	73.1258971589649	53.053111336904
YBR158W	3075.64608152832	3276.65643197769	2934.09866593284	2683.68449110013	3383.07722021145	4123.45105344675
YBR111W-A	358.185758751961	331.490533974397	384.845431846437	358.486791038611	280.449869323942	341.988517694812
YBR126W-B	105.993744936805	68.6518857343425	81.6057783192445	79.4630670312287	84.3760351834211	44.0748924952741
YBR229C	539.106116488921	614.924747934754	573.095125014694	604.099907316955	667.776049880218	670.101606270741
YBR042C	665.202123396499	711.037387962833	678.811701473716	669.115143978869	580.989270834414	715.808902191766
YBR150C	266.811840702991	209.878622102133	234.616612667828	234.777243501358	208.127553452439	183.645385396975
YBR298C	197.367662985774	160.841560863317	135.391404938747	103.843780779447	125.35868084394	114.268239802562
YBR143C	6699.53567135045	6960.32047223755	7196.14590633338	6146.64883274516	5276.31473346993	6343.51971246797
YBR014C	405.700196137425	425.641691552924	444.195088805888	428.919964089019	466.077146727469	524.001499666037
YBR259W	274.121754146909	305.991262130212	307.87634547715	333.203087892311	387.326180556276	441.565126665616
YBR060C	582.965597152426	490.370612388161	507.254099325304	518.315914499151	550.45318191089	534.612121933417
YBL034C	339.910975142167	374.643147864555	322.713759717012	342.232981873133	407.415712742805	507.677465408528
YBR212W	1056.28249264609	1002.3175317214	928.265728381406	956.265772568991	1051.08432399919	909.248708143247
YBR071W	846.122481133459	830.687817385544	802.147707342574	1070.94542612542	1146.71049720707	805.591090608066
YBL074C	84.064004605052	88.2667102298689	83.4604550992273	120.097589944925	105.269148657411	121.614055218442
YBL107C	403.872717776446	438.391327475016	423.793644226077	520.121893295315	515.89918655006	533.795920220542
YBR097W	387.425412527631	378.56611276366	382.990755066454	399.121313952308	358.397254207674	412.998066714976
YBR136W	294.224016117682	312.856450703647	276.346840217442	312.434331736422	281.253450611404	294.648818348036
YBR039W	1993.77889182852	1824.17867808396	1968.73940195177	1671.43337585005	2133.50831820936	2112.33003292165
YBL089W	380.115499083714	330.50979274962	361.661972096652	375.643589602172	384.111855406431	359.944955378072
YBL067C	1036.18023067532	979.760483551545	964.431925591071	911.116302664884	912.064761268409	1007.1929136883
YBR270C	148.025747239331	149.072666166001	127.972697818815	127.321505129582	139.019562730779	115.900643228313
YBR087W	829.675175884644	860.110054128834	872.625424981921	873.190747945434	814.027844198148	886.395060182735
YBR121C	7214.88456914664	7672.33860142516	7604.1747979296	6714.62916413883	5878.19711777834	6647.14674965764
YBR026C	688.959342089231	694.364787141636	757.635464622986	781.085829341055	862.242721445817	811.304502598194
YBR197C	179.09287937598	173.591196785409	205.869122578094	188.724784199168	179.198627103837	151.813518594833
YBR027C	20.1022619707733	28.4414955185133	21.3287829698025	21.6717455539715	27.3217637736792	27.7508582377652
YBR177C	1414.46825139805	1435.80515307253	1412.33636795692	975.228549928716	981.976333277529	853.746991667717
YBR176W	270.46679742495	254.011977217067	269.855471487502	309.725363542176	262.771080999797	298.729826912413
YBR230W-A	67.6166993562375	69.6326269591188	92.7338389991415	84.8810034197216	104.46556736995	43.2586907823987
YBR044C	436.767328274075	381.508336437989	404.319538036257	461.427582419976	485.363097626537	453.808152358748
YBL068W	1069.07484117294	1090.58424195127	1012.65352187063	886.735588916666	808.40277518592	1006.37671197543
YBR216C	511.69394107423	564.906945471161	539.710942975003	631.189589259419	597.864477871098	729.684331310649
YBR271W	756.576041445468	743.401848380452	703.849838003484	662.794218192294	627.596985507161	737.030146726528
YBR084W	3327.83809534347	3715.04775945271	3532.2319274773	3167.68680847216	2881.6424968357	2796.30706831128
YBR065C	208.332533151651	200.07120985437	248.526688517699	212.202508549304	245.092292675652	275.059977239025
YBR245C	1133.03658380722	1255.34876771369	1175.86507850911	1221.74465560514	1237.51518269018	1349.18143138311
YBR085W	148.025747239331	167.706749436751	140.955435278695	145.381293091225	122.947936981556	117.533046654064
YBR059C	661.54716667454	711.037387962833	652.846226553956	688.980910736676	744.116272189028	723.970919320521
YBR068C	6094.64033386627	6211.03417650844	5444.4036876396	6145.74584334707	5500.51391267159	5249.80941721487
YBR285W	14.6198268878351	12.7496359220922	10.2007222899056	11.7388621750679	13.6608818868396	14.691630831758
YBR041W	1056.28249264609	1029.77828601514	997.816107630762	1036.6318289983	972.333357827995	1002.29570341105
YBR252W	681.649428645313	717.902576536267	809.566414462505	601.390939122708	572.953457959802	527.266306517538
YBL082C	400.217761054487	366.797218066344	358.879956926678	363.904727427104	364.022323219902	232.617488169502
YBL002W	3388.14488125579	3469.86245325863	3530.37725069732	3187.55257522997	3435.31000389643	3530.88860989918
YBL098W	403.872717776446	477.620976466069	394.118815746351	415.375123117786	359.200835495135	379.533796487083
YBR117C	16.4473052488145	16.6726008211975	13.9100758498712	14.4478303693143	15.2680444617619	16.3240342575089
YBR214W	628.652556176911	581.579546292359	582.368508914609	525.539829683808	495.00607307607	252.206329278513
YBR169C	842.4675244115	683.576633669096	697.358469273544	506.577052324083	366.433067082286	280.773389229154
YBR207W	880.844569992067	723.787023884925	750.216757503055	731.421412446537	842.95677054675	806.407292320941
YBR155W	1171.41362938779	1319.09694732415	1302.91043793794	1247.02835875144	1055.10223043649	1306.73894231359
YBL106C	153.508182322269	218.70529312512	185.467677998283	212.202508549304	203.306065727672	228.536479605125
YBR237W	462.352025327786	490.370612388161	422.866305836085	471.360465798879	471.702215739697	511.758473972905
YBR193C	259.501927259074	224.589740473778	274.492163437459	242.001158686015	260.360337137414	250.573925852762
YBR149W	1089.17710314372	1027.81680356558	1046.96504230031	1201.87888884733	1244.74741427733	867.622420786599
YBL063W	244.882100371239	266.761613139159	251.308703687673	339.524013678886	359.200835495135	414.630470140727
YBL029C-A	297.878972839641	273.626801712594	319.931744547038	232.068275307111	223.395597914201	187.726393961353
YBR147W	18.2747836097939	20.5955657203028	22.256121359794	18.0597879616429	9.64297544953384	9.79442055450536
YBR246W	758.403519806448	746.344072054781	725.178620973286	706.137709300237	695.097813653897	695.40385936988
YBR002C	544.588551571859	552.157309549069	586.077862474574	553.532501024354	579.382108259491	509.309868834279
YBR023C	1573.45886880326	1648.625998849	1511.56157568601	1754.50840047361	1831.36175412397	2112.33003292165
YBL088C	577.483162069488	617.866971609082	555.475695604857	584.234140559147	602.685965595865	657.042378864734
YBL064C	255.846970537115	232.435670271988	238.325966227794	232.971264705193	335.093396871301	258.735942981516
YBL007C	1869.51036328192	1848.69720870337	1751.74221869378	1861.0611494473	1963.95266655506	1722.18561416719
YBL093C	756.576041445468	766.939637775083	852.22398040211	822.623341652833	753.759247638562	672.550211409368
YBL091C	1997.43384855048	1962.46319077742	1914.95377533227	1822.23260532977	1835.37966056127	1399.78593758139
YBR142W	1995.6063701895	2291.01150107749	2242.30422699924	2052.49490184071	1679.48489079381	2277.2027789225
YBR047W	45.6869590244848	43.1526138901581	42.6575659396051	63.2092578657501	45.8041333852857	45.707295921025
YBR238C	1884.13019016975	1627.04969190392	1546.80043450568	1237.99846477062	1296.17661667484	1483.03851229469
YBR067C	1555.18408519346	1507.39926248121	1388.22556981715	1042.95275478488	1127.424546308	694.587657657005
YBR010W	3795.6725557542	3725.83591292525	3847.52698007438	3522.56164191845	3235.2182633186	3347.24322450221
YBL054W	1140.34649725114	1118.04499624501	1100.75066891981	1193.75198426459	1045.45925498696	1187.57349223377
YBL060W	308.843843005517	322.66386295141	341.260527516841	336.81504548464	376.07604253182	464.418774626129
YBR025C	8967.43631732588	9586.74547218854	9518.20123487188	8806.85559949515	8096.08147117112	8432.17989571624
YBR230C	266.811840702991	197.128986180041	220.706536817957	213.105497947386	281.253450611404	217.109655624869
YBL027W	19722.1464716896	19527.5385265213	20578.5662122995	16903.0585426997	14640.4474762547	12069.1747282892
YBR261C	557.380900098715	603.155853237438	628.735428414179	598.681970928462	613.936103620321	381.982401625709
YBR034C	2838.073894601	2806.88138530983	2804.27129133404	2593.38555129192	2393.06507405931	2744.07015868725
YBR101C	2607.81162111759	2227.26332146703	2372.13160159804	2217.74196168975	2167.25873228273	1968.67853145558
YBL010C	138.888355434434	132.400065344803	143.737450448669	161.635102256704	188.03802126591	228.536479605125
YBR053C	283.259145951806	283.434213960357	307.87634547715	344.038960669297	403.397806305499	430.13830268536
YBL059C-A	162.645574127166	215.763069450791	220.706536817957	227.5533283167	240.270804950885	253.022530991388
YBR255C-A	109.648701658764	115.727464523606	161.356879858506	138.157377906568	167.14490779192	136.3056860502
YBL042C	1348.67903040279	1583.89707801376	1592.24001561526	1756.31437926977	2117.43669246014	1990.71597770321
YBL039C	2987.92712020131	3310.98237484486	3345.83691108902	3104.47755060641	2511.1915233161	2868.94902075719
YBR217W	153.508182322269	154.957113514659	140.028096888704	137.254388508486	141.430306593163	149.364913456207
YBL003C	3633.02698162703	3163.87119112841	3532.2319274773	2636.72904239986	2360.92182256087	2850.17638136106
YBR069C	1977.3315865797	1988.94320384638	2039.21711959112	1907.11360874949	2024.22126311464	2336.7855039624
YBR056W-A	264.984362342012	302.068297231107	344.969881076806	368.419674417515	242.681548813268	106.106222673808
YBR009C	3271.18626615311	3300.19422137232	3425.58801262829	3045.78323973107	3112.27032633705	2975.87144514388
YBL038W	447.732198439951	401.123160933515	437.703720075948	489.420253760522	535.988718736589	562.362980171183
YBR081C	681.649428645313	748.305554504333	701.06782283351	826.235299245162	848.581839558978	843.952571113212
YBR007C	478.799330576601	479.582458915621	430.285012956016	487.614274964358	508.66695496291	468.499783190506
YBR146W	884.499526714026	997.413825597519	995.96143085078	1044.75873358104	1035.01269824997	1115.74774150074
YBR171W	1158.62128086093	1195.52355300234	1263.9622255583	1.80597879616429	0.803581287461153	0
YBL028C	1281.06233104655	1295.55915792952	1346.49534226753	1113.38592783528	875.100022045196	1244.70761213506
YBR135W	332.601061698249	325.606086625739	362.589310486643	396.412345758061	406.612131455344	272.611372100399
YBR264C	261.329405620053	219.686034349896	248.526688517699	242.001158686015	249.913780400419	207.315235070363
YBR043C	491.591679103456	466.832822993529	464.596533385699	497.547158343262	527.952905861978	435.035512962613
YBL059W	93.201396409949	94.1511575785269	96.4431925591071	112.873674760268	107.679892519795	101.209012396555
YBR131W	204.677576429692	219.686034349896	226.270567157905	252.837031463	234.645735938657	284.038196080655
YBR233W-A	171.782965932063	164.764525762422	178.048970878352	166.150049247115	190.448765128293	235.066093308129
YBR092C	2949.55007462074	2608.77165790502	2579.85540095612	2038.0470714714	1939.04164664376	1889.50696530666
YBR126C	2589.5368375078	2291.99224230226	2254.35962606913	1880.92691620511	1611.98406264707	871.703429350977
YBR057C	650.582296508664	646.308467127596	629.662766804171	633.898557453665	656.525911855762	758.25139126129
YBR086C	3055.54381955754	3057.95113885257	2890.51376160324	2759.53560053903	2949.14332498243	3165.23024253098
YBR281C	672.512036840416	726.729247559254	736.306681653183	809.981490079683	871.885696895351	970.463836608906
YBL103C	466.006982049745	437.410586250239	408.956229986214	428.016974690936	414.647944329955	419.527680417979
YBR159W	1785.44635867687	1946.771331181	2003.05092238146	1881.82990560319	1742.96781250324	1860.93990535602
YBR118W	11505.8037607263	10534.1414953225	11207.8117814362	9989.77171098276	9126.27268169632	6734.48033293531
YBL004W	2542.02240012233	2946.14663922807	2577.07338578614	2417.3026186659	1904.48765128293	2286.18099776413
YBR163W	447.732198439951	492.332094837713	493.344023475433	396.412345758061	384.915436693892	458.705362636001
YBL013W	21.9297403317527	21.5763069450791	27.8201516997424	14.4478303693143	28.9289263486015	20.4050428218862
YBR231C	182.747836097939	174.571938010185	156.720187908549	212.202508549304	214.556203752128	163.240342575089
YBL066C	303.361407922579	293.24162620812	270.782809877493	275.411766415054	348.75427875814	334.642702278933
YBR008C	307.016364644538	276.569025386923	268.000794707519	313.337321134504	371.254554807053	343.620921120563
YBL015W	392.907847610569	347.182393570818	311.585699037115	332.300098494229	380.093948969125	261.184548120143
YBR038W	762.058476528407	817.938181463452	770.618202082866	890.347546508994	928.136387017632	1016.98733424281
YBL018C	323.463669893352	284.414955185133	299.530299967227	251.934042064918	243.485130100729	313.421457744171
YBR253W	263.156883981032	250.089012317962	256.872734027622	242.904148084097	279.646288036481	253.838732704264
YBR058C	937.496399182428	1024.87457989126	1063.65713332015	1012.25111525008	976.351264265301	1084.73207641147
YBL084C	413.010109581343	375.623889089331	343.115204296823	372.934621407926	433.933895229023	419.527680417979
YBR077C	248.537057093197	240.281600070199	278.201516997424	279.023724007383	256.342430700108	279.957187516278
YBL087C	8633.00777726665	7652.72377692964	8396.12178298227	6478.94893123939	5815.51777735637	4453.19654544844
YBR098W	135.233398712475	152.01488984033	123.336005868858	157.120155266293	154.287607192541	216.293453911993
YBR239C	264.984362342012	265.780871914383	246.672011737716	232.971264705193	263.574662287258	238.33090015963
YBR168W	235.744708566342	217.724551900343	257.800072417613	242.001158686015	229.020666926429	305.259440615417
YBL046W	431.284893191137	392.296489910529	419.15695227612	377.449568398336	449.201939690785	341.988517694812
YBR003W	614.032729289076	598.252147113556	612.043337394334	609.517843705447	670.186793742602	657.85858057761
YBR215W	429.457414830157	513.908401782792	499.835392205373	562.562395005176	542.417369036278	678.263623399496
LSR1	71.2716560781963	67.6711445095662	61.2043337394334	43.3434911079429	61.0721778470476	54.6855147626549
YBL025W	137.060877073454	114.74672329883	127.045359428824	132.739441518075	148.662538180313	123.246458644192
YBR105C	531.796203045003	547.253603425187	574.022463404686	492.129221954769	541.613787748817	536.244525359168
YBR200W	606.722815845158	562.945463021608	595.351246374488	543.599617645451	580.185689546953	631.740125765596
YBR248C	1354.16146548573	1342.63473671878	1314.03849861783	1290.37184985938	1262.42620260147	1239.8104018578
YBR145W	427.629936469178	437.410586250239	455.323149485785	287.150628590122	204.913228302594	171.402359703844
YBL047C	2182.00916300939	2268.45445290763	2003.05092238146	2115.70415970646	2300.65322600128	2081.31436783239
YBR099C	54.8243508293818	34.3259428671712	30.6021668697167	36.1195759232858	47.411295960208	48.1559010596513
YBL014C	535.451159766962	479.582458915621	438.631058465939	430.725942885183	486.166678913998	639.085941181474
YBR062C	316.153756449435	266.761613139159	306.949007087158	316.949278726833	327.057583996689	320.76727316005
YBL092W	21248.0909031074	22627.6615380393	24012.5002704377	19217.4203699842	16732.9731488036	15272.7664513254
YBR240C	40.2045239415466	32.3644604176186	50.0762730595364	38.8285441175322	36.964739223213	31.8318668021424
YBR251W	294.224016117682	307.952744579765	319.931744547038	344.941950067379	345.539953608296	352.599139962193
YBR199W	1531.42686650073	1537.80224044927	1501.3608533961	1390.6036730465	1420.73171623132	1424.27198896765
YBR128C	80.4090478830933	50.9985436883687	63.0590105194162	67.7242048561608	53.8399462598973	51.4207079111531
YBR139W	581.138118791447	581.579546292359	622.244059684239	615.838769492022	699.115720091203	551.752357903802
YBR054W	1920.67975738934	1884.98463402009	1977.0854474617	777.473871748726	426.701663641872	176.299569981096
YBL039W-B	93.201396409949	84.3437453307636	76.9690863692874	70.4331730504073	57.0542714097419	78.3553644360428
YBR072W	69.4441777172169	61.7866971609083	71.405056029339	78.5600776331466	72.3223158715038	44.8910942081495
YBR111C	1345.02407368083	1472.09257838926	1455.92127228652	1423.11129137746	1180.46091128043	890.476068747112
YBL001C	712.716560781963	720.844800210596	761.344818182952	758.511094389001	727.241065152344	799.877678617937
YBR110W	730.991344391757	740.459624706123	786.38295471272	753.996147398591	756.973572788406	839.871562548834
YBL036C	966.736052958099	1024.87457989126	1032.12762806044	1012.25111525008	870.278534320429	1133.70417918399
YBR033W	38.3770455805672	47.0755787892634	37.0935355996566	39.7315335156144	33.7504140733684	23.6698496733879
YBR096W	889.981961796964	835.591523509426	829.040520652325	847.907044799134	814.831425485609	1056.9812181737
YBR030W	429.457414830157	468.794305443082	415.447598716154	417.181101913951	413.040781755033	380.349998199958
YBL076C	7801.50512302103	8355.91523509426	8055.78859385542	7589.62589088042	6870.62000779286	7237.26058806658
YBR256C	822.365262440726	943.473058234821	982.051355000908	983.355454511455	967.511870103228	905.16769957887
YBR162W-A	826.020219162685	810.092251665242	813.275768022471	857.839928178037	758.580735363329	895.373279024365
YBR156C	230.262273483403	269.703836813488	243.889996567742	261.866925443822	303.753726660316	373.004182784079
YBR297W	120.61357182464	115.727464523606	121.481329088875	125.515526333418	152.680444617619	160.791737436463
YBR189W	22594.9424551492	22616.8733845667	23725.9527079304	19229.1592321593	16475.827136816	17286.3360769891
YBR011C	7903.84391123587	8236.26480567155	8390.55775264232	7447.85655538153	7400.18007622976	6073.3569455062
YBL041W	1615.49087110578	1688.83638906483	1828.71130506307	1982.06172879031	2008.14963736542	1744.22306041483
YBL081W	948.461269348305	814.995957789123	762.272156572943	789.212733923794	925.725643155248	835.790553984457
YBR089C-A	493.419157464436	470.755787892634	470.160563725647	414.472133719704	421.880175917105	332.194097140307
YBR296C	1180.55102119269	1391.6717979576	1187.920477579	950.847836180498	863.046302733278	915.778321846251
YBL040C	1235.37537202207	1180.81243463069	1149.89960358935	1224.45362379939	1120.99589600831	1452.83904891829
YBR165W	254.019492176136	241.262341294975	257.800072417613	236.583222297522	242.681548813268	241.595707011132
YBL026W	690.78682045021	671.80773897178	733.524666483209	666.406175784623	651.704424130995	845.584974538962
YBR082C	4064.31187481817	4008.28938566083	4112.74575961192	4366.85672912525	5175.06349124983	3923.48163379227
YBR280C	369.150628917837	290.299402533791	320.85908293703	295.277533172861	220.181272764356	173.034763129595
YBR061C	798.608043747994	830.687817385544	863.352041082007	728.712444252291	625.989822932238	739.478751865154
YBL016W	1105.62440839253	1040.56643948768	1005.23481475069	978.840507521045	972.333357827995	733.765339875026
YBR175W	261.329405620053	225.570481698554	256.872734027622	251.934042064918	258.753174562491	257.919741268641
YBR029C	1447.36286189568	1383.82586815939	1304.76511471792	1285.85690286897	1206.97909376665	1413.66136670027
YBL057C	623.170121093973	633.558831205504	735.379343263192	688.980910736676	563.310482510268	503.59645684415
YBR192W	519.003854518147	603.155853237438	587.932539254557	577.913214772572	625.186241644777	780.288837508927
YBR302C	89.5464396879902	105.920052275843	91.8065006091501	101.1348125852	87.5903603332657	79.1715661489183
YBR254C	252.192013815156	230.474187822436	251.308703687673	260.96393604574	256.342430700108	275.059977239025
YBR204C	370.978107278817	316.779415602752	359.807295316669	401.830282146554	383.30827411897	367.290770793951
YBR220C	573.828205347529	558.041756897727	568.458433064737	542.696628247369	609.918197183015	524.001499666037
YBR222C	714.544039142942	716.921835311491	669.538317573802	816.302415866258	801.974124886231	584.40042641882
YBR290W	838.812567689541	780.670014921952	816.985121582436	753.093158000508	703.93720781597	714.992700478891
YBR162C	11149.4454803353	10808.7490382598	10335.1863564543	10015.0554141291	9105.37956822233	8629.70071023209
YBR167C	235.744708566342	255.97345966662	288.40223928733	262.769914841904	252.324524262802	284.038196080655
YBL033C	365.495672195878	403.084643383068	395.973492526334	461.427582419976	501.43472337576	301.17843205104
YBR228W	169.955487571083	227.531964148107	230.907259107862	223.03838132629	229.020666926429	266.897960110271
YBR263W	2775.9396303277	2917.70514370956	2876.60368575337	2524.75835703768	2323.15350205019	2012.75342395085
YBR250W	34.7220888586085	26.4800130689607	32.4568436496995	37.9255547194501	32.1432514984461	46.5234976339004
YBR272C	431.284893191137	413.872796855608	384.845431846437	409.957186729294	459.64849642778	477.478002032136
YBR120C	294.224016117682	242.243082519751	303.239653527193	272.702798220808	268.396150012025	346.885727972065
YBR084C-A	13949.1423293557	14340.3981886794	14558.2853844752	12387.2085628909	10658.7021968847	8682.753821569
YBR210W	301.5339295616	312.856450703647	323.641098107004	307.016395347929	256.342430700108	356.68014852657
YBR106W	5656.04552723122	5595.12868734891	5810.70235168621	5197.60697536082	4949.25714947324	4250.77852065532
YBR005W	1114.76180019743	908.166374142874	1022.85424416053	1017.66905163858	886.350160069652	453.808152358748
YBR153W	380.115499083714	356.009064593805	319.931744547038	390.994409369569	388.933343131198	377.901393061332
YBR132C	111.476180019743	88.2667102298689	80.6784399292531	74.0451306427358	81.9652913210376	81.6201712875446
YBR166C	1006.94057689965	946.41528190915	958.867895251123	965.295666549812	995.637215164369	1127.17456548099
YBR161W	241.22714364928	235.377893946317	230.907259107862	204.978593364647	220.984854051817	257.919741268641
YBR109C	1807.37609900862	1730.02752050543	1831.49332023304	1693.10512140402	1390.99920859526	1621.79280348351
YBR255W	413.010109581343	377.585371538884	438.631058465939	414.472133719704	399.379899868193	371.371779358328
YBR205W	966.736052958099	1055.27755785932	1014.50819865061	949.944846782416	913.671923843331	985.971669153539
YBL043W	80.4090478830933	104.939311051066	81.6057783192445	154.411187072047	262.771080999797	182.8291836841
YBR130C	743.783692918613	814.015216564347	840.168581332222	834.362203827901	849.385420846439	1069.22424386683
YBR206W	69.4441777172169	65.7096620600135	71.405056029339	56.8883320791751	52.232783684975	47.3396993467759
YBR122C	668.857080118458	559.022498122503	599.060599934454	650.152366619144	674.204700179907	790.899459776307
YBR295W	403.872717776446	456.044669520989	398.755507696308	557.144458616683	336.700559446223	310.15665089267
YBR004C	957.598661153202	1081.75757092828	1033.98230484043	959.877730161319	824.474400935143	996.58229142092
YBR202W	953.943704431243	998.394566822295	979.269339830934	782.891808137219	1030.1912105252	1105.13711923335
YBR001C	296.051494478662	311.87570947887	280.983532167399	325.076183309572	378.486786394203	362.393560516698
YBL113C	122.441050185619	109.843017174948	96.4431925591071	134.54542031424	154.287607192541	98.760407257929
YBR288C	752.92108472351	738.49814225657	744.652727163106	711.55564568873	625.989822932238	784.369846073304
YBR282W	259.501927259074	207.91713965258	257.800072417613	333.203087892311	339.914884596068	326.480685150179
YBL072C	9290.89998721923	8630.52277803163	8867.20968509791	7548.08837856864	6595.79520748114	6855.27818644087
YBR103W	374.633064000775	399.161678483963	440.485735245922	450.59170964299	464.469984152547	467.683581477631
YBR107C	142.543312156393	121.611911872264	134.464066548755	117.388621750679	103.661986082489	89.7821884162991
YBL024W	2615.12153456151	2916.72440248478	2726.37486657476	2540.10917680507	2258.8669990533	2750.59977239025
YBR188C	140.715833795413	177.514161684514	173.412278928395	239.292190491768	214.556203752128	207.315235070363
YBL075C	211.98748987361	227.531964148107	221.633875207948	250.128063268754	277.235544174098	254.654934417139
YBR102C	491.591679103456	545.292120975635	509.108776105287	573.398267782162	569.739132809958	666.83679941924
YBR006W	498.901592547374	407.98834950695	433.994366515982	305.210416551765	218.574110189434	156.710728872086
YBL051C	1281.06233104655	1243.57987301638	1253.76150326839	1278.63298768432	1323.49838044852	1261.84784810544
YBR196C	16315.726806824	16963.880964956	16664.2708681457	14306.9640232135	12129.2559529386	10756.7223739855
YBL031W	184.575314458919	152.995631065106	171.557602148412	198.657667578072	241.074386238346	191.80740252573
YBR236C	593.930467318302	608.059559361319	677.884363083724	688.077921338594	652.508005418456	716.625103904642
YBR276C	769.368389972324	810.092251665242	721.469267413321	819.011384060505	797.152637161464	857.828000232094
YBR036C	2097.94515840434	1908.52242341472	2011.39696789138	1930.59133309962	1953.50610981806	1529.56200992859
YBR045C	113.303658380722	111.804499624501	110.353268408978	99.3288337890359	135.001656293474	94.6793986935518
YBR291C	151.68070396129	101.016346151961	123.336005868858	128.224494527664	122.947936981556	135.489484337324
YBR137W	332.601061698249	367.777959291121	361.661972096652	407.248218535047	421.076594629644	432.586907823987
YBR079C	7534.69328231803	7889.08241210073	7334.3193264421	6934.05558787279	6537.93735478394	6371.27057070573
YBR017C	1588.07869569109	1758.46901602394	1697.02925368429	1646.14967270375	1557.34053509971	1685.4565370878
YBL023C	654.237253230622	655.135138150583	627.808090024188	605.905886113119	624.382660357316	718.257507330393
YBR127C	6235.35616766169	5826.58361639613	5528.79148112882	5042.29279889069	4998.27560800837	4436.05630947805
YBR152W	191.885227902836	164.764525762422	165.993571808463	152.605208275882	196.877415427983	182.012981971225
YBR035C	891.809440157943	841.475970858084	918.065006091501	877.705694935844	857.42123372105	674.998816547994
YBR289W	270.46679742495	336.394240098278	336.623835566884	387.38245177724	421.076594629644	376.268989635581
YBL017C	1646.55800324243	1662.35637599586	1565.34720230551	1463.74581429116	1426.35678524355	1458.55246090842
YBR157C	264.984362342012	254.011977217067	218.851860037974	158.926134062457	237.05647980104	182.8291836841
YBL104C	378.288020722734	395.238713584858	389.482123796394	493.032211352851	478.130866039386	538.693130497795
YBR195C	255.846970537115	325.606086625739	280.983532167399	296.180522570943	308.575214385083	322.399676585801
YBR233W	296.051494478662	249.108271093186	251.308703687673	288.956607386286	321.432514984461	355.047745100819
YBR262C	380.115499083714	344.240169896489	383.918093456446	386.479462379158	380.897530256587	282.405792654904
YBR020W	31.0671321366497	39.2296489910529	53.7856266195021	47.8584380983537	54.6435275473584	55.5017164755304
YBR085C-A	1021.56040378748	1066.06571133186	1076.63987078003	981.549475715291	873.492859470274	688.058043954001
YBR123C	378.288020722734	384.450560112318	374.644709556532	455.106656633401	489.381004063842	472.580791754883
YBR221C	3910.8036924959	3724.85517170047	3599.00029155668	3633.62933788255	3549.41854671591	3214.20234530351
YBL029W	153.508182322269	210.859363326909	179.903647658334	165.247059849032	227.413504351506	136.3056860502
YBL045C	2072.36046135063	2036.01878263564	2088.36605426067	1778.88911422182	2714.49758904378	2033.15846677274
YBR191W-A	51.169394107423	72.5748506334478	63.9863489094076	46.9554487002715	32.9468327859073	32.6480685150179
YBR154C	2397.65160960496	2489.1212284823	2624.3676436757	2376.6680957522	2042.70363272625	2791.40985803403
YBR278W	175.437922654022	149.072666166001	145.592127228652	164.34407045095	162.323420067153	146.91630831758
YBR273C	794.953087026036	755.170743077767	863.352041082007	779.279850544891	707.151532965815	520.736692814535
YBR032W	16.4473052488145	16.6726008211975	12.9827374598798	5.41793638849287	4.82148772476692	14.691630831758
YBR048W	10444.0388329972	9373.92462641208	9074.00614606599	8223.52444833409	7932.9544698165	6783.45243570783
YBR104W	756.576041445468	866.975242702268	902.300253461647	759.414083787083	733.669715452033	746.008365568158
YBL079W	1211.61815332934	1360.28807876476	1233.36005868858	1328.29740457883	1420.73171623132	1602.2039623745
YBR265W	805.917957191912	759.093707976873	804.929722512548	718.779560873387	785.902499137008	621.94570521109
YBR249C	6620.95410182834	7195.69836618387	6941.12784908574	5686.12423972326	4659.16430469977	4043.46328558496
YBR203W	199.195141346754	207.91713965258	175.266955708377	238.389201093686	199.288159290366	204.866629931737
YBR184W	58.4793075513406	61.7866971609083	59.3496569594506	71.3361624484894	77.9473848837319	84.068776426171
YBR170C	513.521419435209	444.275774823674	446.977103975862	616.741758890105	703.133626528509	728.868129597774
YBR173C	805.917957191912	767.92037899986	817.912459972428	908.407334470637	970.726195253073	701.933473072884
YBR133C	747.438649640571	746.344072054781	652.846226553956	697.107815319415	759.38431665079	867.622420786599
YBR275C	674.339515201396	833.630041059873	786.38295471272	892.153525305159	932.957874742399	1052.08400789645
YBL085W	1286.54476612949	1153.35168033695	1164.73701782922	1204.58785704158	1431.17827296831	1401.41834100714
YBL052C	466.006982049745	542.349897301306	459.959841435742	557.144458616683	661.347399580529	768.045811815795
YBL009W	460.524546966807	601.194370787885	532.292235855072	629.383610463255	685.454838204364	812.936906023945
YBR283C	4274.4718863308	4379.00956862627	3910.5859905938	3745.60002324473	3604.06207426327	4392.79761869565
YBR094W	550.070986654797	641.404761003714	587.005200864566	632.995568055583	568.131970235035	754.170382696912
YBR258C	120.61357182464	129.457841670474	165.066233418472	141.769335498897	129.376587281246	171.402359703844
YBR201W	303.361407922579	286.376437634686	307.87634547715	307.919384746011	296.521495073166	341.172315981937
YBR070C	299.70645120062	309.914227029318	317.149729377064	278.1207346093	280.449869323942	338.72371084331
YBR198C	1008.76805526062	1085.68053582739	1006.16215314069	1107.96799144679	1207.78267505411	1122.27735520374
YBL056W	1993.77889182852	1840.85127890516	1885.27894685255	1848.41929787415	1752.61078795277	1706.67778162256
YBL099W	3865.11673347141	3635.60772024582	3832.68956583452	3240.82894971682	3924.69100796027	3721.06360899916
YBR257W	244.882100371239	304.02977968066	276.346840217442	267.284861832315	272.414056449331	373.004182784079
YBR242W	924.704050655572	1061.16200520798	1096.11397696985	1038.43780779447	856.617652433589	941.896776658265
YBL008W	423.974979747219	394.257972360081	409.883568376205	448.785730846826	499.023979513376	529.714911656165
YBR181C	5738.28205347529	6027.63556747527	6262.31614761202	5006.17322296741	4542.6450180179	4540.53012872611
YBR052C	730.991344391757	722.806282660149	721.469267413321	707.040698698319	695.097813653897	526.450104804663
YBR093C	4153.85831450616	5092.00843903866	4312.12351346008	1568.49258446868	1051.08432399919	930.469952678009
YBR049C	751.09360636253	755.170743077767	733.524666483209	807.272521885437	956.261732078772	985.971669153539
YBR056W	899.119353601861	791.458168394491	882.826147271827	824.429320448998	715.187345840426	593.37864526045
YBL030C	3022.64920905991	3002.04888904032	2999.01235323224	2736.96086558698	3444.1493980585	3005.25470680739
YBR141C	243.054622010259	261.857907015278	280.983532167399	279.926713405465	271.61047516187	304.443238902542
YBL005W	431.284893191137	386.412042561871	423.793644226077	507.480041722165	464.469984152547	558.281971606805
YBR151W	1116.58927855841	1137.65982074053	1147.11758841938	1150.40849315665	1151.53198493183	945.977785222642
YBR138C	169.955487571083	181.437126583619	173.412278928395	181.500869014511	194.466671565599	246.492917288385
YBL090W	392.907847610569	382.489077662765	426.575659396051	429.822953487101	446.791195828401	477.478002032136
YBL105C	1017.90544706552	1050.37385173544	944.957819401252	1021.28100923091	1023.76256022551	1048.00299933207
YBL102W	522.658811240106	561.964721796832	587.932539254557	567.980331393669	569.739132809958	555.017164755303
YBL011W	939.323877543408	917.973786390637	862.424702692016	951.75082557858	1022.95897893805	968.831433183155
YBR095C	456.869590244848	452.121704621884	408.956229986214	433.434911079429	455.630589990474	487.272422586641
YBR196C-B	7.30991344391757	12.7496359220922	12.0553990698884	1.80597879616429	9.64297544953384	17.1402359703844
YBL048W	16.4473052488145	19.6148244955264	16.6920910198455	10.8358727769857	10.446556736995	4.08100856437723
YBR066C	341.738453503146	300.106814781554	319.931744547038	191.433752393415	159.912676204769	208.131436783239
YBR292C	25.5846970537115	12.7496359220922	13.9100758498712	16.2538091654786	26.5181824862181	26.9346565248897
YBR018C	25.5846970537115	27.460754293737	25.9654749197596	34.3135971271215	18.4823696116065	19.5888411090107
YBR194W	80.4090478830933	110.823758399724	103.861899679038	130.933462721911	97.2333357827995	129.776072347196
YBR076C-A	54.8243508293818	50.9985436883687	69.5503792493561	62.306268467668	56.2506901222807	43.2586907823987
YBR108W	438.594806635054	444.275774823674	418.229613886128	379.255547194501	414.647944329955	257.919741268641
YBR046C	144.370790517372	129.457841670474	128.900036208807	176.082932626018	192.055927703216	164.87274600084
YBR235W	440.422284996034	412.892055630831	366.298664046609	430.725942885183	459.64849642778	432.586907823987
YBR274W	458.697068605827	448.198739722779	484.99797796551	483.099327973947	466.077146727469	513.390877398656
YBL006C	411.182631220363	414.853538080384	445.122427195879	419.890070108197	409.022875317727	263.633153258769
YBR185C	328.946104976291	282.453472735581	317.149729377064	314.240310532586	389.736924418659	374.63658620983
YBL078C	157.163139044228	153.976372289882	189.177031558249	174.276953829854	128.573005993785	92.2307935549254
YBR037C	158.990617405207	171.629714335856	140.955435278695	167.956028043279	225.806341776584	204.866629931737
YBR015C	2006.57124035537	1990.90468629593	1958.53867966187	1901.695672361	1995.29233676604	1806.25439059336
YBR016W	438.594806635054	325.606086625739	371.862694386557	436.143879273676	442.773289391095	257.103539555766
YBL071W-A	221.124881678506	229.493446597659	244.817334957734	251.031052666836	265.181824862181	294.648818348036
YBR269C	250.364535454177	203.013433528699	226.270567157905	230.262296510947	233.038573363734	164.87274600084
YBR055C	676.166993562375	757.13222552732	705.704514783467	766.637998971741	778.670267549857	845.584974538962
YBR088C	1257.30511235382	1189.63910565368	1130.42549739953	1233.48351778021	1378.94548928334	1448.75804035392
YBL019W	246.709578732218	256.954200891396	262.43676436757	243.807137482179	190.448765128293	226.087874466499
YBR112C	1597.21608749599	1559.37854739435	1450.35724194657	1567.5895950706	1759.84301953993	1383.46190332388
YBR164C	840.64004605052	946.41528190915	964.431925591071	837.97416142023	774.652361112552	981.074458876286
YBR148W	60.3067859123199	72.5748506334478	81.6057783192445	78.5600776331466	73.1258971589649	81.6201712875446
YBL020W	935.668920821449	888.551549647347	870.770748201939	826.235299245162	842.95677054675	954.139802351397
YBR208C	783.988216860159	785.573721045834	727.033297753269	1116.99788542761	1251.17606457702	1187.57349223377
YBR172C	1387.05607598336	1569.18595964211	1523.61697475589	1525.14909336074	1796.80775876314	1822.57842485087
YBL097W	102.338788214846	115.727464523606	131.682051378781	140.866346100815	193.663090278138	173.85096484247
YBR050C	25.5846970537115	20.5955657203028	29.6748284797253	20.7687561558893	24.9110199112957	24.4860513862634
YBR183W	440.422284996034	447.217998498003	465.52387177569	340.427003076968	290.092844773476	124.878862069943
YBR213W	87.7189613270108	117.688946973159	95.5158541691157	128.224494527664	136.608818868396	99.5766089708045
YBL091C-A	111.476180019743	122.59265309704	127.972697818815	135.448409712322	128.573005993785	82.4363730004201
YBR196C-A	20.1022619707733	26.4800130689607	29.6748284797253	17.1567985635607	13.6608818868396	10.6106222673808
YBR286W	8315.02654245623	8274.51371343782	7963.98209324627	8908.89340147844	8668.23134784346	7028.31294957047
YBR268W	292.396537756703	208.897880877356	268.000794707519	294.374543774779	315.003864684772	220.374462476371
YBR058C-A	522.658811240106	489.389871163384	554.548357214866	456.912635429565	401.790643730577	543.590340775047
YBR287W	3382.66244617286	3392.3838965013	3275.35919344968	3039.4623139445	2532.88821807755	2096.82220037702
YBL061C	953.943704431243	1039.5856982629	1050.67439586027	1085.39325649474	1062.33446202364	1269.19366352132
YBR267W	1209.79067496836	1230.83023709428	1208.32192215881	1263.28216791692	1276.89066577577	1385.09430674963
YBR114W	572.00072698655	543.330638526082	507.254099325304	462.330571818058	504.649048525604	471.764590042008
YBL032W	966.736052958099	999.375308047072	1144.33557324941	1113.38592783528	1094.47771352209	878.23304305398
YBR191W	14817.1945508209	13508.7296300691	14526.7558792155	11670.2349808136	10092.9809705121	8726.82871406427
YBR125C	537.278638127941	543.330638526082	522.091513565167	524.636840285726	573.757039247263	563.995383596933
YBL069W	628.652556176911	677.692186320438	615.7526909543	626.674642269008	597.060896583637	451.359547220122
YBR223C	190.057749541857	158.880078413764	168.775586978438	162.538091654786	184.823696116065	142.019098040328
YBR074W	1061.76492772903	1105.29536032291	1001.52546119073	979.743496919127	971.529776540534	1093.7102952531
YBR201C-A	52.9968724684024	52.9600261379214	65.8410256893905	49.6644168945179	44.1969708103634	37.5452787922705
YBR187W	1867.68288492094	1742.77715642752	1694.24723851432	1492.64147502978	1304.21242954945	1507.52456368095
YBL021C	135.233398712475	119.650429422711	132.609389768772	126.4185157315	151.073282042697	97.1280038321781
YBL049W	40.2045239415466	52.9600261379214	63.0590105194162	26.1866925443822	18.4823696116065	8.16201712875446
YBL035C	341.738453503146	374.643147864555	321.786421327021	413.569144321622	462.862821577624	559.098173319681
YBL095W	215.642446595568	206.936398427804	195.668400288189	203.172614568482	218.574110189434	161.607939149338
YBR073W	877.189613270108	1073.91164113007	978.342001440943	1190.14002667227	1323.49838044852	1469.1630831758
YBR109W-A	12.7923485268557	12.7496359220922	15.7647526298541	20.7687561558893	20.89311347399	25.3022530991388
YBR260C	427.629936469178	415.83427930516	459.959841435742	513.80096750874	515.89918655006	524.817701378912
YBR279W	882.672048353046	950.338246808255	938.466450671312	968.004634744059	986.797821002296	968.831433183155
YBR211C	372.805585639796	301.087556006331	305.094330307175	281.732692201629	237.860061088501	235.882295021004
YBR078W	14692.9260222743	14627.7553675388	13732.0268789929	15319.2151384636	15633.6739475567	15749.4282516446
YBR063C	235.744708566342	270.684578038265	240.180643007776	261.866925443822	253.128105550263	344.437122833438
YBR028C	436.767328274075	591.386958540122	552.693680434883	561.659405607094	589.828664996486	697.036262795631
YBR129C	480.62680893758	409.949831956502	447.904442365853	415.375123117786	417.058688192338	407.284654724848
YBL050W	968.563531319078	966.030106404677	938.466450671312	916.534239053376	927.332805730171	889.659867034237
YBR080C	1162.27623758289	1094.50720685037	1049.74705747028	1084.49026709666	1092.06696965971	1193.2869042239
YBL058W	1467.46512386645	1463.26590736627	1456.84861067651	1682.26924862703	1832.16533541143	1462.6334694728
YBL101C	451.38715516191	417.795761754713	378.354063116497	367.516685019433	392.951249568504	331.377895427431
YBR140C	899.119353601861	952.299729257808	926.411051601423	944.526910393923	895.993135519186	946.793986935518
YBR021W	533.623681405983	587.463993641017	523.018851955158	519.218903897233	581.792852121875	728.868129597774
YBR024W	224.779838400465	254.011977217067	243.889996567742	274.508777016972	239.467223663424	220.374462476371
YBL005W-B	244.882100371239	263.81938946483	239.253304617785	223.941370724372	204.913228302594	190.174999099979
YBL100W-B	80.4090478830933	75.5170743077768	70.4777176393475	88.4929610120501	81.9652913210376	101.209012396555
YNR017W	1328.57676843202	1371.0762322373	1320.52986734777	1391.50666244458	1345.99865649743	1055.34881474795
YNR069C	102.338788214846	97.0933812528558	73.2597328093218	113.77666415835	133.394493718551	107.738626099559
YNL306W	789.470651943097	738.49814225657	806.784399292531	856.936938779955	888.760903932035	798.245275192187
YNL288W	1116.58927855841	974.856777427663	936.611773891329	938.205984607348	901.618204531414	707.646885063012
YNL191W	358.185758751961	381.508336437989	396.900830916326	397.315335156144	464.469984152547	445.646135229994
YNL097C	343.565931864126	305.010520905436	361.661972096652	313.337321134504	302.146564085394	236.698496733879
YNL137C	842.4675244115	931.704163537505	930.120405161389	988.773390899948	1075.19176262302	1070.85664729259
YNL331C	151.68070396129	155.937854739435	173.412278928395	163.441081052868	164.734163929536	156.710728872086
YNL030W	4912.26183431261	4601.6378266505	5128.18129665252	4744.30629752359	4455.85823897209	3849.20727792061
YNL297C	798.608043747994	810.092251665242	728.887974533252	877.705694935844	822.06365707276	1024.33314965869
YNL102W	584.793075513405	645.32772590282	579.586493744634	674.533080367362	752.152085063639	881.497849905482
YNR026C	497.074114186395	563.926204246385	574.022463404686	593.264034539969	586.614339846642	713.36029705314
YNL152W	464.179503688766	419.757244204266	449.759119145836	458.718614225729	454.827008703013	418.711478705104
YNL099C	508.038984352271	624.732160182517	633.372120364136	596.875992132297	641.257867394	549.303752765175
YNL182C	1538.73677994465	1772.19939317081	1719.28537504408	1544.11187072047	1358.85595709681	1756.46608610796
YNL180C	769.368389972324	916.012303941084	904.154930241629	956.265772568991	1119.38873343339	1083.09967298572
YNR001C	1449.19034025666	1378.92216203551	1395.64427693708	988.773390899948	1311.4446611366	947.610188648393
YNL091W	1628.28321963264	1767.29568704693	1644.17096545478	1802.36683857196	1828.14742897412	1802.98958374186
YNL157W	1041.66266575825	914.050821491532	1000.59812280074	1019.47503043474	879.117928482501	763.964803251418
YNL315C	709.061604060004	746.344072054781	773.40021725284	779.279850544891	818.045750635454	749.27317241966
YNL221C	836.985089328562	878.744137399584	837.386566162248	893.056514703241	956.261732078772	1024.33314965869
YNR052C	1069.07484117294	1114.1220313459	1135.06218934949	1133.25169459309	1125.01380244561	912.513514994749
YNL061W	4623.52025327786	5050.81730759806	4849.05244126511	4439.9988703699	3551.02570929084	4067.13313525835
YNL284C	542.76107321088	621.789936508188	600.915276714437	613.129801297776	745.72343476395	680.712228538122
YNR040W	155.335660683248	147.111183716448	122.408667478867	206.784572160811	196.877415427983	182.012981971225
YNL246W	575.655683708509	578.63732261803	548.056988484926	532.763744868465	544.828112898662	462.786371200378
YNL121C	2545.67735684429	2777.45914856654	2549.2532340864	2948.2603847382	3065.6626116643	3386.42090672023
snR191	23.7572186927321	12.7496359220922	18.5467677998283	9.93288337890359	11.2501380244561	10.6106222673808
YNL043C	14.6198268878351	13.7303771468685	23.1834597497854	14.4478303693143	19.2859508990677	13.0592274060071
YNR055C	1052.62753592413	1116.08351379545	1012.65352187063	979.743496919127	928.136387017632	895.373279024365
YNL039W	780.333260138201	736.536659807017	742.798050383123	757.608104990919	874.296440757735	817.017914588322
YNR036C	612.205250928096	527.638778929661	540.638281364995	539.08467065504	638.847123531617	415.446671853602
YNL304W	137.060877073454	154.957113514659	140.955435278695	158.926134062457	192.055927703216	139.570492901701
YNL119W	889.981961796964	954.261211707361	976.48732466096	932.788048218855	838.135282821983	1151.66061686725
YNL187W	160.818095766187	170.64897311108	148.374142398626	158.926134062457	188.841602553371	161.607939149338
YNL310C	149.85322560031	178.494902909291	206.796460968086	209.493540355057	281.253450611404	167.321351139466
YNL277W	74.9266128001551	117.688946973159	102.007222899056	135.448409712322	214.556203752128	198.337016228733
YNL126W	286.914102673765	267.742354363936	295.820946407261	329.591130299983	334.28981558384	496.250641428271
YNR041C	299.70645120062	314.817933153199	306.949007087158	343.135971271215	357.593672920213	248.125320714136
YNL193W	350.875845308043	305.010520905436	313.440375817098	265.47888303615	270.806893874409	263.633153258769
YNL301C	3022.64920905991	2877.49475349373	2831.16410464379	2461.54909917193	2239.58104815423	2434.72970950746
YNL263C	767.540911611345	791.458168394491	688.08508537363	760.317073185166	818.849331922915	745.192163855283
YNL059C	1302.99207137831	1239.65690811727	1166.5916946092	1284.05092407281	1202.96118732935	1252.05342755093
YNL044W	1491.22234255918	1522.11038085285	1487.45077754623	1415.8873761928	1323.49838044852	1351.63003652174
YNL026W	619.515164372014	611.001783035648	586.077862474574	696.204825921333	792.331149436697	727.235726172023
YNL067W	4705.75677952193	4596.73412052662	4683.05886945664	4460.76762652579	3934.33398340981	4211.6008384373
YNL104C	3654.95672195878	3905.31155705931	3782.61329277498	3904.52615730719	4232.46264105789	3487.62991911678
YNL169C	773.023346694283	865.013760252716	835.531889382265	672.727101571198	687.062000779286	713.36029705314
YNL268W	2130.83976890197	2017.38469936489	1948.33795737196	2031.72614568482	2071.63255907485	2148.24290828817
YNL162W	6452.82609261823	6636.67586806137	6939.27317230576	5642.78074861532	4669.61086143676	4970.66843141147
YNL257C	520.831332879127	541.369156076529	517.45482161521	482.196338575865	501.43472337576	570.524997299937
YNL229C	1116.58927855841	1137.65982074053	1199.97587664889	1219.93867680898	1174.03226098074	1171.24945797627
YNL248C	3349.76783567523	3580.68621165835	3482.15565441776	3185.74659643381	2454.94083319382	3077.89665925331
YNR045W	319.808713171394	269.703836813488	283.765547337373	251.934042064918	290.896426060937	227.72027789225
YNR051C	2896.55320215234	3082.46966947198	2976.75623187244	3044.88025033299	3047.98382334015	2820.79311969754
YNL190W	3607.44228457332	3620.89660187418	3586.0175540968	3356.41159267133	3523.70394551716	2491.04762769586
YNL194C	25.5846970537115	21.5763069450791	13.9100758498712	2.70896819424643	5.62506901222807	0.816201712875446
YNL080C	650.582296508664	667.884774072675	598.133261544463	588.749087549558	632.418473231928	502.780255131275
YNR064C	20.1022619707733	13.7303771468685	16.6920910198455	30.7016395347929	29.7325076360627	5.71341199012812
YNL145W	2421.40882829769	2119.38178674163	2142.15168088017	1433.04417475636	1531.62593390096	1856.04269507877
YNR068C	74.9266128001551	53.9407673626977	65.8410256893905	86.6869822158859	125.35868084394	109.37102952531
YNL323W	667.029601757478	656.115879375359	709.413868343432	579.719193568737	576.167783109647	576.238409290065
YNL003C	383.770455805672	419.757244204266	424.720982616068	397.315335156144	435.541057803945	373.004182784079
YNL199C	555.553421737735	603.155853237438	554.548357214866	587.846098151476	610.721778470476	541.141735636421
YNL048W	844.295002772479	811.072992890018	837.386566162248	827.138288643244	748.134178626334	985.971669153539
YNL072W	153.508182322269	141.22673636779	157.647526298541	183.306847810675	230.627829501351	179.564376832598
YNL224C	553.725943376756	551.176568324293	501.690068985355	563.465384403258	561.703319935346	509.309868834279
YNR032W	394.735325971549	346.201652346041	398.755507696308	360.292769834776	380.093948969125	275.059977239025
YNL206C	515.348897796189	573.733616494148	576.80447857466	611.323822501612	620.36475392001	689.690447379752
YNR062C	20.1022619707733	15.6918595964211	21.3287829698025	11.7388621750679	16.8752070366842	17.1402359703844
YNL203C	29.2396537756703	22.5570481698554	30.6021668697167	23.4777243501358	21.6966947614511	19.5888411090107
YNL273W	254.019492176136	294.222367432896	275.41950182745	327.785151503818	392.951249568504	456.256757497375
YNL213C	387.425412527631	397.20019603441	420.084290666111	445.173773254497	434.737476516484	532.979718507666
YNL055C	5111.45697565936	5605.91684082145	5422.1475662798	5556.09376639943	6165.07563740197	4311.17744740811
YNL170W	32.8946104976291	33.3452016423949	21.3287829698025	31.6046289328751	38.5719017981354	54.6855147626549
YNR013C	1485.73990747625	1509.36074493076	1393.7896001571	1372.54388508486	1456.08929287961	1421.00718211615
YNR020C	233.917230205362	234.397152721541	211.433152918043	224.844360122454	274.824800311714	275.059977239025
YNL041C	676.166993562375	599.232888338332	630.590105194162	677.242048561608	670.186793742602	759.067592974165
YNL234W	486.109244020518	407.98834950695	441.413073635913	376.546579000254	278.84270674902	320.76727316005
YNL165W	264.984362342012	268.723095588712	294.89360801727	254.643010259165	320.628933697	293.016414922285
YNL116W	202.850098068713	224.589740473778	238.325966227794	241.098169287933	233.842154651196	225.271672753623
YNL008C	561.035856820673	517.831366681898	531.364897465081	524.636840285726	498.220398225915	623.578108636841
YNL309W	124.268528546599	151.034148615554	134.464066548755	162.538091654786	225.002760489123	176.299569981096
YNR015W	833.330132606603	845.398935757189	842.950596502196	771.152945962151	739.294784464261	553.384761329553
YNR075W	308.843843005517	320.702380501857	292.111592847296	333.203087892311	291.700007348399	300.362230338164
YNL025C	199.195141346754	235.377893946317	222.56121359794	248.32208447259	200.091740577827	205.682831644612
YNL058C	924.704050655572	972.895294978111	965.359263981063	1111.57994903912	1092.87055094717	1007.1929136883
YNL313C	1204.30823988542	1363.23030243909	1258.39819521835	1358.09605471555	1402.24934661971	1784.21694434573
YNL122C	270.46679742495	199.090468629593	208.651137748068	211.299519151222	242.681548813268	293.832616635161
YNL094W	725.508909308819	641.404761003714	621.316721294248	713.361624484894	748.937759913795	653.777572013233
YNL001W	922.876572294593	967.991588854229	911.573637361561	857.839928178037	728.044646439805	1138.60138946125
YNL317W	374.633064000775	377.585371538884	386.70010862642	363.904727427104	445.98761454094	371.371779358328
YNL035C	577.483162069488	542.349897301306	602.76995349442	582.428161762983	521.524255562288	528.082508230414
YNL007C	4099.03396367678	3422.78687446936	3943.97017263349	3909.0411042976	4739.52243344588	4260.57294120983
YNL162W-A	71.2716560781963	83.3630041059873	87.169808659193	88.4929610120501	85.1796164708822	180.380578545474
YNR039C	475.144373854642	441.333551149345	408.956229986214	414.472133719704	475.720122177003	472.580791754883
YNL052W	1359.64390056867	1264.17543873668	1374.31549396728	1078.16934131008	1465.73226832914	1136.9689860355
YNL002C	3757.29551017363	4236.80209103371	4127.58317385179	3560.4871966379	2614.04992811113	3934.09225605965
YNL311C	471.489417132683	473.698011566963	446.977103975862	401.830282146554	450.005520978246	516.655684250157
YNR007C	352.703323669023	309.914227029318	305.094330307175	324.17319391149	269.199731299486	235.882295021004
YNL291C	453.214633522889	491.351353612937	482.215962795536	472.263455196962	482.148772476692	531.347315081916
YNL195C	54.8243508293818	61.7866971609083	52.8582882295106	68.627194254243	51.4292023975138	31.015665089267
YNL087W	2693.70310408362	2953.0118278015	2878.45836253335	2667.43068193465	2139.93696850905	2647.75835656795
YNL217W	2039.465850853	2093.88251489745	2181.09989325981	1740.06057010429	1453.67854901723	1156.55782714451
YNL029C	292.396537756703	312.856450703647	317.149729377064	232.068275307111	196.073834140521	201.601823080235
YNR028W	668.857080118458	650.231432026701	659.337595283896	577.913214772572	609.114615895554	665.204395993489
YNL009W	65.7892209952581	67.6711445095662	76.041747979296	67.7242048561608	60.2685965595865	79.9877678617937
YNL024C-A	453.214633522889	393.277231135305	437.703720075948	331.397109096147	299.73582022301	373.004182784079
YNL334C	16.4473052488145	13.7303771468685	17.6194294098369	12.64185157315	12.8573005993784	16.3240342575089
YNL319W	21.9297403317527	12.7496359220922	22.256121359794	11.7388621750679	10.446556736995	12.2430256931317
YNL295W	345.393410225105	299.126073556778	321.786421327021	344.038960669297	317.414608547155	368.106972506826
YNL192W	7406.76979704948	7118.21980942654	6789.97169151714	7036.09338985607	4814.25549317977	3565.98528355282
YNL149C	1003.28562017769	995.452343147966	1082.20390111998	1018.57204103666	961.886801091	963.934222905902
YNL071W	3802.98246919812	3627.76179044761	3565.61610951699	3825.96607967405	3835.49348505208	2886.08925672758
YNL308C	4146.54840106224	4378.0288274015	4263.90191718053	3964.12345758061	3030.30503501601	3128.50116545159
YNL239W	1085.52214642176	1197.48503545189	1182.35644723905	1235.28949657637	1285.73005993784	1230.0159813033
YNL275W	275.949232507888	338.355722547831	290.256916067313	280.829702803547	273.217637736792	353.415341675068
YNL040W	935.668920821449	1013.10568519394	1056.23842620022	976.131539326798	964.297544953384	990.868879430792
YNL117W	14.6198268878351	17.6533420459738	15.7647526298541	15.3508197673965	17.6787883241454	14.691630831758
YNL050C	643.272383064746	615.90548915953	639.863489094076	620.353716482433	616.346847482704	753.354180984037
YNL086W	54.8243508293818	56.8829910370266	80.6784399292531	92.1049186043787	79.5545474586542	62.8475318914094
YNR067C	3333.32053042641	3386.49944915264	3054.65265663172	3384.40426401188	3844.33287921416	3741.46865182105
YNL305C	409.355152859384	362.874253167239	365.371325656617	363.001738029022	355.18292905783	211.396243634741
YNL015W	314.326278088455	333.452016423949	340.333189126849	363.904727427104	354.379347770369	423.608688982357
YNL146C-A	23.7572186927321	25.4992718441844	38.9482123796394	23.4777243501358	20.0895321865288	26.9346565248897
YNL063W	257.674448898094	199.090468629593	242.035319787759	223.03838132629	211.341878602283	202.418024793111
YNL294C	868.052221465211	905.224150468545	854.078657182093	887.638578314748	853.403327283745	733.765339875026
YNR046W	677.994471923355	762.035931651202	739.088696823158	669.115143978869	678.222606617213	419.527680417979
YNL167C	928.359007377531	840.495229633308	782.673601152754	736.83934883503	820.456494497837	713.36029705314
YNL280C	1354.16146548573	1564.28225351823	1492.08746949619	1242.51341176103	1190.90746801743	1271.64226865995
YNR002C	14.6198268878351	18.6340832707501	25.9654749197596	18.0597879616429	11.2501380244561	5.71341199012812
YNL036W	380.115499083714	356.009064593805	384.845431846437	502.062105333672	731.258971589649	704.38207821151
YNL075W	1228.06545857815	1218.08060117219	1281.58165496814	1166.66230232213	1010.10167833867	1193.2869042239
YNR058W	113.303658380722	90.2281926794216	89.9518238291672	85.7839928178037	76.3402223088095	69.3771455944129
YNL054W	425.802458108198	421.718726653818	430.285012956016	470.457476400797	574.560620534725	519.104289388784
YNR006W	992.32075001181	921.896751289742	958.867895251123	1042.95275478488	895.189554231725	665.204395993489
YNL261W	363.668193834899	416.815020529937	405.246876426248	404.539250340801	429.112407504256	487.272422586641
YNL188W	489.764200742477	520.773590356227	542.492958144978	552.629511626272	625.186241644777	708.463086775887
YNL146W	21.9297403317527	23.5377893946317	22.256121359794	23.4777243501358	20.89311347399	27.7508582377652
YNL211C	116.958615102681	113.765982074053	108.498591628996	102.037801983282	90.8046854831103	107.738626099559
YNR021W	2620.60396964445	2929.47403840687	2762.54106378442	2539.20618740699	2328.77857106242	2795.4908665984
YNL201C	645.099861425726	754.190001852991	685.303070203656	770.249956564069	921.707736717943	1238.99420014493
YNR033W	794.953087026036	789.496685944939	762.272156572943	934.594027015019	971.529776540534	772.126820380172
YNR034W	286.914102673765	277.549766611699	289.329577677321	263.672904239986	206.520390877516	169.769956278093
YNL272C	614.032729289076	645.32772590282	625.953413244205	649.249377221062	728.044646439805	763.964803251418
YNL245C	180.92035773696	149.072666166001	157.647526298541	146.284282489307	200.091740577827	207.315235070363
YNL123W	1644.73052488145	1799.66014746455	1646.02564223476	1843.90435088374	1874.75514364687	2295.97541831863
YNR016C	7388.49501343968	8158.78624891422	7336.17400322208	6369.68721407145	5793.82108259491	5411.41735636421
YNL223W	252.192013815156	193.206021280935	233.689274277837	216.717455539715	201.698903152749	181.196780258349
YNR032C-A	210.16001151263	198.109727404817	219.779198427965	191.433752393415	147.858956892852	211.396243634741
YNL133C	107.821223297784	124.554135546593	105.716576459021	125.515526333418	104.46556736995	148.548711743331
YNL178W	26809.1075555677	29280.0292656971	30489.0315861377	23860.5918549226	19651.5803848625	19708.0065590905
YNL065W	663.374645035519	674.749962646109	579.586493744634	580.622182966819	815.63500677307	1390.80771873976
YNR043W	2657.15353686404	2861.80289389731	2783.86984675423	2567.19885874754	2654.22899248419	2169.46415282294
YNL021W	670.684558479437	635.520313655056	582.368508914609	670.018133376951	692.687069791514	714.992700478891
YNL124W	853.432394577376	835.591523509426	791.946985052668	819.011384060505	711.169439403121	647.247958310229
YNL312W	650.582296508664	596.290664664003	596.27858476448	691.689878930923	732.866134164572	750.089374132535
YNL143C	12.7923485268557	10.7881534725395	15.7647526298541	12.64185157315	15.2680444617619	8.16201712875446
YNL251C	869.879699826191	890.5130320969	770.618202082866	723.294507863798	691.079907216592	793.348064914934
YNL299W	402.045239415466	496.255059736819	458.105164655759	525.539829683808	585.810758559181	740.29495357803
snR19	47.5144373854642	39.2296489910529	33.3841820396909	20.7687561558893	30.5360889235238	29.3832616635161
YNR049C	290.569059395723	292.260884983344	306.949007087158	311.53134233834	288.485682198554	222.823067614997
YNL163C	1164.10371594387	1284.77100445698	1250.05214970843	1377.96182147335	1251.17606457702	1356.52724679899
YNL127W	383.770455805672	344.240169896489	347.751896246781	381.964515388747	364.825904507364	422.792487269481
YNL118C	1529.59938813975	1382.84512693461	1439.22918126668	1429.43221716403	1546.09039707526	1729.53142958307
YNL189W	2856.34867821079	3037.35557313227	2837.65547337373	2761.3415793352	2698.42596329455	2979.95245370825
YNL290W	815.055348996809	857.167830454505	863.352041082007	952.653814976662	899.20746066903	676.631219973745
YNR025C	34.7220888586085	44.1333551149345	26.892813309751	33.4106077290393	32.9468327859073	47.3396993467759
YNL250W	325.291148254332	335.413498873502	317.149729377064	413.569144321622	400.183481155654	466.05117805188
YNL314W	177.265401015001	149.072666166001	168.775586978438	139.963356702732	182.412952253682	124.878862069943
YNL227C	986.838314928872	993.490860698414	973.705309490986	1043.85574418296	875.100022045196	1101.87231238185
YNL218W	190.057749541857	247.146788643633	245.744673347725	253.740020861083	253.931686837724	261.184548120143
YNL004W	1686.76252718398	1735.91196785409	1799.03647658334	1736.44861251196	1726.89618675402	1381.01329818526
YNR023W	350.875845308043	353.066840919476	347.751896246781	372.934621407926	412.237200467572	431.770706111111
YNL092W	38.3770455805672	31.3837191928423	30.6021668697167	46.9554487002715	53.8399462598973	45.707295921025
YNL233W	634.134991259849	675.730703870885	610.188660614351	674.533080367362	815.63500677307	834.974352271582
YNL155W	699.924212255107	665.923291623122	704.777176393475	866.869822158859	970.726195253073	1038.20857877757
YNL020C	466.006982049745	434.46836257591	446.977103975862	486.711285566276	401.790643730577	334.642702278933
YNL076W	730.991344391757	622.770677732964	664.901625623844	612.226811899694	621.168335207471	638.269739468599
YNL200C	186.402792819898	195.167503730488	216.069844868	176.9859220241	200.895321865288	165.688947713716
YNL177C	802.263000469953	802.246321867031	767.836186912892	864.160853964612	907.243273543642	923.940338975005
YNL077W	950.288747709284	508.023954434135	649.13687299399	383.770494184911	376.07604253182	211.396243634741
YNL293W	460.524546966807	393.277231135305	424.720982616068	439.755836866004	338.307722021145	348.518131397816
YNL098C	2074.18793971161	1990.90468629593	2058.69122578094	2010.95738952894	2022.61410053972	1537.72402705734
YNR004W	74.9266128001551	79.440039206882	74.1870711993132	74.0451306427358	70.7151532965815	84.8849781390464
YNL049C	754.748563084489	793.419650844044	752.998772673029	805.466543089273	850.1890021339	888.027463608486
YNR019W	1895.09506033563	2102.70918592043	1966.88472517179	2260.18246339961	2105.38297314822	1661.78668741441
YNL031C	8452.08741952969	8068.5580562348	8509.25706656122	7856.91075271274	7518.30652548655	7028.31294957047
YNL214W	148.025747239331	115.727464523606	138.173420108721	117.388621750679	126.162262131401	115.900643228313
YNL006W	676.166993562375	633.558831205504	703.849838003484	595.070013336133	611.525359757938	478.294203745012
YNR030W	992.32075001181	955.241952932137	943.103142621269	977.937518122962	1120.99589600831	1190.83829908528
YNL038W	573.828205347529	589.425476090569	630.590105194162	521.024882693397	487.77384148892	622.761906923966
YNL090W	378.288020722734	360.912770717686	403.392199646265	374.74060020409	406.612131455344	384.431006764335
YNL151C	1178.72354283171	1079.79608847873	1091.4772850199	1052.88563816378	876.707184620118	969.64763489603
YNL254C	268.639319063971	266.761613139159	271.710148267485	274.508777016972	274.021219024253	341.172315981937
YNR008W	617.687686011035	633.558831205504	605.551968664394	716.07059267914	667.776049880218	660.307185716236
YNR038W	665.202123396499	798.323356967926	795.656338612634	862.354875168448	873.492859470274	1056.9812181737
YNL307C	1966.36671641383	2111.53585694342	1914.95377533227	1876.4119692147	1927.79150861931	2111.51383120878
YNL131W	1324.92181171006	1330.86584202147	1385.44355464717	1391.50666244458	1370.90967640873	1589.14473496849
YNL265C	517.176376157168	540.388414851753	510.036114495278	486.711285566276	447.594777115862	452.175748932997
YNL175C	2732.08014966419	2788.24730203908	2819.1087055739	2451.61621579302	1822.5223599619	2176.80996823882
YNL042W	427.629936469178	343.259428671712	413.592921936171	286.24763919204	256.342430700108	201.601823080235
YNL022C	762.058476528407	753.209260628215	694.57645410357	696.204825921333	600.275221733481	814.569309449695
YNL056W	529.968724684024	544.311379750858	596.27858476448	562.562395005176	507.863373675449	541.141735636421
YNL011C	254.019492176136	234.397152721541	280.056193777407	232.971264705193	226.609923064045	220.374462476371
YNL329C	464.179503688766	537.446191177424	502.617407375347	575.204246578326	614.739684907782	579.503216141567
YNL074C	1114.76180019743	1054.29681663455	1054.38374942024	1031.21389260981	1099.29920124686	786.002249499055
YNL093W	34.7220888586085	47.0755787892634	47.2942578895622	29.7986501367108	20.89311347399	16.3240342575089
YNR047W	475.144373854642	407.98834950695	357.025280146695	343.135971271215	358.397254207674	314.237659457047
YNL183C	641.444904703767	654.154396925806	568.458433064737	636.607525647912	794.741893299081	809.672099172443
YNL057W	14.6198268878351	9.80741224776321	12.9827374598798	6.32092578657501	8.83939416207268	5.71341199012812
YNL238W	1264.61502579774	1431.88218817343	1339.0766351476	1374.34986388102	1460.10719931692	1423.45578725478
YNL154C	2229.52360039486	2223.34035656792	2171.82650935989	2112.99519151222	2167.25873228273	2124.57305861479
YNL267W	877.189613270108	1048.41236928589	1072.00317883008	1182.91611148761	1178.85374870551	1181.04387853077
YNL014W	122.441050185619	140.245995143014	106.643914849013	131.836452119993	118.930030544251	122.430256931317
NME1	3.65495672195878	18.6340832707501	7.41870711993132	7.22391518465716	19.2859508990677	13.0592274060071
YNL078W	659.719688313561	692.403304692083	632.444781974145	603.196917918872	772.241617250168	737.030146726528
YNL209W	17686.3355775586	17130.606973168	17326.3904785996	14696.1524537869	12606.5832376906	10648.1675461731
YNL253W	389.252890888611	366.797218066344	359.807295316669	408.151207933129	367.236648369747	388.512015328712
YNL173C	573.828205347529	479.582458915621	479.433947625561	504.771073527919	752.152085063639	461.153967774627
YNL066W	4130.10109581343	4013.19309178471	3714.91759030561	3542.42740867625	3439.32791033374	2832.2199436778
YNL321W	566.518291903612	514.889143007569	504.47208415533	564.36837380134	605.096709458248	582.768022993069
YNR054C	809.572913913871	897.378220670334	856.860672352067	840.683129614476	836.52812024706	894.557077311489
YNR031C	559.208378459694	554.118791998622	526.728205515124	608.614854307365	601.882384308404	633.372529191346
YNL110C	2119.8748987361	2202.74479084762	2210.77472173953	1926.07638610921	1482.60747536583	2245.37091212035
YNL232W	751.09360636253	862.071536578387	833.677212602282	799.145617302698	732.866134164572	778.656434083176
YNL262W	860.742308021294	1018.9901325426	909.718960581578	978.840507521045	1176.44300484313	1271.64226865995
YNL142W	968.563531319078	1052.33533418499	881.898808881836	1034.82585020214	1100.90636382178	661.939589141987
YNL129W	360.01323711294	362.874253167239	386.70010862642	339.524013678886	321.432514984461	421.976285556606
YNR014W	116.958615102681	97.0933812528558	101.079884509064	57.7913214772572	49.8220398225915	17.1402359703844
YNL005C	1129.38162708526	1151.3901978874	1118.37009832965	1175.69219630295	1104.12068897162	1207.16233334279
YNL240C	385.597934166652	390.335007460976	387.627447016411	456.912635429565	331.075490433995	245.676715575509
YNL256W	1372.43624909552	1483.86147308657	1369.67880201732	1354.48409712322	1161.97854166883	1421.00718211615
YNL012W	74.9266128001551	96.1126400280795	91.8065006091501	88.4929610120501	84.3760351834211	80.8039695746692
YNR029C	425.802458108198	475.659494016516	460.887179825733	478.584380983537	474.11295960208	502.780255131275
YNL107W	270.46679742495	269.703836813488	279.128855387416	288.956607386286	303.753726660316	324.848281724428
YNR065C	319.808713171394	330.50979274962	308.803683867141	350.359886455872	390.54050570612	367.290770793951
YNL023C	718.198995864901	705.152940614175	724.251282583295	772.958924758316	715.990927127887	750.905575845411
YNR056C	20.1022619707733	19.6148244955264	26.892813309751	24.3807137482179	15.2680444617619	13.0592274060071
YNL186W	1701.38235407181	1927.15650668547	1722.99472860405	1821.32961593169	2143.95487494636	2420.85428038857
YNL153C	963.08109623614	862.071536578387	996.888769240771	816.302415866258	744.116272189028	622.761906923966
YNL130C	880.844569992067	881.686361073913	877.262116931878	949.041857384334	1098.4956199594	1207.97853505566
YNL088W	910.084223767737	1000.35604927185	962.577248811089	1058.30357455227	1108.13859540893	1215.32435047154
YNL216W	851.604916216397	786.55446227061	778.036909202797	807.272521885437	904.832529681258	824.363730004201
YNL276C	7.30991344391757	5.88444734865793	7.41870711993132	21.6717455539715	8.03581287461153	16.3240342575089
YNL108C	442.249763357013	422.699467878595	474.797255675604	458.718614225729	451.612683553168	479.110405457887
YNL252C	562.863335181653	595.309923439227	561.967064334797	672.727101571198	758.580735363329	780.288837508927
YNL181W	619.515164372014	657.096620600135	698.285807663535	717.876571475305	668.579631167679	744.375962142407
YNL197C	1048.97257920217	1032.72050968947	986.688046950865	973.422571132552	1194.92537445473	1212.87574533291
YNL064C	6105.60520403215	6126.69043117768	6319.81112779149	7503.84189806262	8803.23300413693	8182.42217157635
YNL202W	5.48243508293818	12.7496359220922	14.8374142398626	11.7388621750679	13.6608818868396	9.79442055450536
YNL283C	654.237253230622	630.616607531175	547.129650094935	672.727101571198	803.581287461153	541.141735636421
YNL147W	533.623681405983	634.53957243028	603.697291884411	577.01022537449	557.68541349804	737.846348439404
YNL286W	440.422284996034	494.293577287266	532.292235855072	547.211575237779	450.809102265707	478.294203745012
YNL322C	919.221615572634	909.14711536765	886.535500831793	978.840507521045	1023.76256022551	623.578108636841
YNL158W	233.917230205362	233.416411496765	231.834597497854	223.941370724372	231.431410788812	236.698496733879
YNL168C	528.141246323044	577.656581393253	575.877140184669	575.204246578326	589.828664996486	465.234976339004
YNL259C	215.642446595568	219.686034349896	200.305092238146	184.209837208757	200.091740577827	267.714161823146
YNR022C	444.077241717992	403.084643383068	443.267750415896	520.121893295315	473.309378314619	470.948388329133
YNL068C	762.058476528407	752.228519403439	739.088696823158	675.436069765444	796.349055874003	694.587657657005
YNL037C	1482.08495075429	1378.92216203551	1404.91766083699	2124.73405368729	2467.7981337932	1750.75267411783
YNL085W	1524.11695305681	1583.89707801376	1507.85222212604	1512.50724178759	1576.62648599878	1933.58185780193
YNL051W	339.910975142167	373.662406639778	413.592921936171	380.158536592583	366.433067082286	484.00761573514
YNL148C	144.370790517372	183.398609033172	157.647526298541	159.82912346054	161.519838779692	106.106222673808
YNL255C	4808.09556773678	4379.99030985105	4784.13875396571	3828.67504786829	3250.48630778036	3026.47595134215
YNL070W	423.974979747219	411.911314406055	454.395811095793	454.203667235319	479.738028614308	686.42564052825
YNL271C	961.25361787516	1048.41236928589	982.051355000908	1020.37801983282	1029.38762923774	1020.25214109431
YNR018W	809.572913913871	832.649299835097	765.981510132909	725.100486659962	814.027844198148	607.254074379332
YNL327W	6778.11724087257	6898.53377507664	6487.65937637994	6662.25577905006	7671.79055139163	7029.12915128334
YNL236W	676.166993562375	766.939637775083	683.448393423673	754.899136796673	746.527016051411	858.644201944969
YNL053W	427.629936469178	392.296489910529	356.097941756703	423.502027700526	489.381004063842	421.976285556606
YNL281W	1114.76180019743	1086.66127705216	1142.48089646942	1648.858640898	1894.04109454594	1535.27542191871
YNL279W	65.7892209952581	79.440039206882	68.6230408593647	47.8584380983537	42.5898082354411	43.2586907823987
YNL156C	1151.31136741702	1101.37239542381	1073.85785561006	1119.70685362186	1103.31710768416	1072.48905071834
YNL260C	221.124881678506	259.896424565725	247.599350127708	252.837031463	290.092844773476	345.253324546314
YNL222W	157.163139044228	149.072666166001	176.194294098369	166.150049247115	156.698351054925	232.617488169502
YNR059W	385.597934166652	348.163134795594	328.277790056961	333.203087892311	252.324524262802	237.514698446755
YNR044W	1361.47137892965	1540.7444641236	1308.47446827789	815.399426468176	789.920405574314	736.213945013653
YNL225C	456.869590244848	392.296489910529	413.592921936171	373.837610806008	429.112407504256	554.200963042428
YNL215W	628.652556176911	560.983980572056	669.538317573802	565.271363199422	595.453734008714	508.493667121403
YNL326C	288.741581034744	303.049038455883	310.658360647124	302.501448357518	329.468327859073	353.415341675068
YNL100W	634.134991259849	566.868427920714	620.389382904257	576.107235976408	583.400014696797	502.780255131275
YNR009W	155.335660683248	136.323030243909	135.391404938747	158.023144664375	255.538849412647	242.411908724008
YNR066C	116.958615102681	175.552679234962	153.010834348583	176.9859220241	184.020114828604	190.991200812854
snR66	9.13739180489696	13.7303771468685	7.41870711993132	12.64185157315	3.21432514984461	10.6106222673808
YNL292W	935.668920821449	1017.02865009305	1023.78158255052	909.310323868719	790.723986861775	883.946455044108
YNL242W	268.639319063971	215.763069450791	239.253304617785	257.351978453411	298.128657648088	293.016414922285
YNR057C	87.7189613270108	89.2474514546453	114.062621968944	74.948120040818	73.9294784464261	42.4424890695232
YNL166C	789.470651943097	848.341159431518	819.767136752411	873.190747945434	952.243825641467	809.672099172443
YNL111C	1432.74303500784	1467.18887226538	1547.72777289567	1387.89470485226	1472.96449991629	1634.03582917664
YNL069C	17797.8117575783	17481.7123316379	17478.4739745582	14623.0103125422	12797.0320028189	12162.221723557
YNL128W	38.3770455805672	33.3452016423949	32.4568436496995	39.7315335156144	37.7683205106742	43.2586907823987
YNL300W	334.428540059229	285.39569640991	256.872734027622	505.674062926001	628.400566794622	458.705362636001
YNL179C	45.6869590244848	54.921508587474	47.2942578895622	54.1793638849287	74.7330597338872	107.738626099559
YNR050C	537.278638127941	545.292120975635	540.638281364995	549.920543432026	647.686517693689	505.228860269901
snR49	87.7189613270108	67.6711445095662	79.7511015392617	55.0823532830108	34.5539953608296	48.1559010596513
YNL138W	1313.95694154418	1486.8036967609	1437.37450448669	1630.79885293635	1713.23530486718	1527.92960650284
YNR048W	367.323150556858	274.60754293737	277.274178607433	310.628352940258	311.789539534927	300.362230338164
YNL302C	11969.983264415	10994.1091297426	11652.0068702421	9485.90362685293	7845.36410948324	7339.28580217601
YNL045W	957.598661153202	890.5130320969	894.881546341715	945.429899792005	953.047406928928	976.177248599034
YNL125C	296.051494478662	281.472731510804	272.637486657476	256.448989055329	416.255106904877	324.848281724428
YNL207W	902.77431032382	950.338246808255	1007.08949153068	893.056514703241	834.920957672138	1048.81920104495
YNR011C	462.352025327786	498.216542186371	497.053377035398	552.629511626272	553.667507060734	608.070276092208
YNL241C	1365.12633565161	1463.26590736627	1443.86587321663	2109.38323391989	2814.14166868896	1706.67778162256
YNL112W	7883.7416492651	8134.26771829481	8108.64688208493	6066.28277631585	3817.01111544048	5569.76048866205
YNL249C	257.674448898094	204.974915978251	192.886385118214	240.19517988985	225.806341776584	241.595707011132
YNL270C	18.2747836097939	10.7881534725395	11.128060679897	9.93288337890359	12.0537193119173	26.1184548120143
YNL115C	413.010109581343	445.25651604845	400.610184476291	425.30800649669	464.469984152547	399.938839308969
YNL073W	630.48003453789	523.715814030556	547.129650094935	549.920543432026	564.11406379773	441.565126665616
YNL082W	268.639319063971	305.010520905436	270.782809877493	306.113405949847	389.736924418659	470.948388329133
YNR034W-A	356.358280390982	366.797218066344	371.862694386557	114.679653556432	53.8399462598973	44.8910942081495
YNL138W-A	124.268528546599	98.0741224776321	118.699313918901	91.2019292062966	107.679892519795	75.0905575845411
YNL109W	16.4473052488145	19.6148244955264	7.41870711993132	8.1269045827393	8.03581287461153	8.97821884162991
YNL101W	1321.2668549881	1185.71614075457	1116.51542154966	1165.75931292405	1145.10333463214	1266.74505838269
YNR012W	862.569786382273	1011.14420274439	894.881546341715	934.594027015019	744.919853476489	1101.87231238185
YNL114C	5.48243508293818	9.80741224776321	5.56403033994849	5.41793638849287	8.83939416207268	10.6106222673808
YNL237W	23.7572186927321	21.5763069450791	32.4568436496995	21.6717455539715	41.78622694798	35.0966736536442
YNL084C	1158.62128086093	1126.87166726799	1192.55716952896	1132.34870519501	1127.424546308	1426.72059410628
YNL289W	380.115499083714	305.991262130212	262.43676436757	426.210995894772	583.400014696797	587.665233270321
YNL208W	1476.60251567135	1324.00065344803	1364.11477167737	1723.80676093881	1685.9135410935	981.074458876286
YNL010W	2467.09578732218	2418.50786029841	2647.55110342549	2085.90550956975	1701.18158555526	1979.28915372296
YNL134C	1028.8703172314	1005.25975539573	1063.65713332015	1315.65555300568	1677.07414693143	1082.28347127284
YNR053C	2542.02240012233	2824.53472735581	2628.07699723567	2667.43068193465	2637.3537854475	3215.01854701638
YNL231C	1443.70790517372	1671.18304701885	1609.8594450251	1807.78477496045	1656.18103345744	1944.19248006931
YNL230C	215.642446595568	200.07120985437	183.6130012183	191.433752393415	210.538297314822	177.115771693972
YNL258C	683.476907006293	723.787023884925	692.721777323587	733.227391242701	735.276878026955	809.672099172443
YNL328C	40.2045239415466	27.460754293737	32.4568436496995	37.0225653213679	36.1611579357519	30.1994633763915
YNL081C	497.074114186395	515.869884232345	523.946190345149	530.957766072301	523.131418137211	475.02939689351
YNR037C	171.782965932063	124.554135546593	171.557602148412	197.75467817999	236.252898513579	133.857080911573
YNR063W	78.5815695221139	92.1896751289742	102.934561289047	117.388621750679	116.519286681867	140.386694614577
YNR060W	601.24038076222	590.406217315346	517.45482161521	383.770494184911	187.234439978449	303.627037189666
YNL287W	3028.13164414285	2956.93479270061	2971.19220153249	2958.1932681171	2700.03312586947	3222.36436243226
YNL095C	420.32002302526	317.760156827528	347.751896246781	353.971844048201	354.379347770369	412.998066714976
YNL096C	6533.23514050133	7080.95164288504	6978.2213846854	6056.34989293694	5355.06569964112	6144.36649452636
YNL282W	140.715833795413	135.342289019132	121.481329088875	110.164706566022	119.733611831712	106.106222673808
YNL047C	471.489417132683	449.179480947555	442.340412025905	427.113985292854	494.202491788609	526.450104804663
YNL139C	762.058476528407	780.670014921952	730.742651313235	742.257285223523	743.312690901567	816.201712875446
YNL298W	628.652556176911	661.019585499241	629.662766804171	670.018133376951	777.063104974935	787.634652924806
YNL113W	1452.84529697862	1442.67034164597	1577.4026013754	1308.43163782103	1095.28129480955	1323.87917828397
YNR003C	921.049093933614	950.338246808255	1029.34561289047	830.750246235573	658.936655718146	722.33851589477
YNL316C	338.083496781188	343.259428671712	336.623835566884	368.419674417515	356.790091632752	392.59302389309
YNL016W	3241.94661237744	3177.60156827528	3145.53181885088	3035.85035635217	3029.50145372855	2676.32541651859
YNL330C	1036.18023067532	951.318988033032	952.376526521183	892.153525305159	903.225367106336	868.438622499475
YNR010W	204.677576429692	223.608999249001	204.014445798111	205.881582762729	183.216533541143	166.505149426591
YNL172W	316.153756449435	349.14387602037	280.983532167399	394.606366961897	429.112407504256	495.434439715396
YNL132W	2236.83351383878	2510.69753542738	2433.33593533747	2276.43627256509	1945.47029694345	2376.7793878933
YNR027W	546.416029932838	535.484708727872	588.859877644548	529.151787276137	544.828112898662	485.640019160891
YNL083W	310.671321366497	303.049038455883	298.602961577236	306.113405949847	315.807445972233	312.605256031296
YNL164C	307.016364644538	314.817933153199	336.623835566884	340.427003076968	362.41516064498	436.667916388364
YNL274C	321.636191532373	252.050494767515	303.239653527193	303.4044377556	237.860061088501	210.580041921865
YNL176C	915.566658850675	1008.20197907006	938.466450671312	1063.72151094077	1172.42509840582	882.314051618357
YNR061C	243.054622010259	289.318661309015	273.564825047467	265.47888303615	255.538849412647	292.20021320941
YNL303W	18.2747836097939	17.6533420459738	18.5467677998283	14.4478303693143	14.4644631743008	10.6106222673808
YNR035C	1832.96079606233	1871.25425687322	1828.71130506307	2006.44244253852	1964.75624784252	1739.32585013758
YNL160W	1871.3378416429	1667.26008211975	1695.17457690431	1867.38207523387	2056.36451461309	1180.2276768179
YNR024W	601.24038076222	611.982524260425	608.333983834368	529.151787276137	467.684309302391	492.98583457677
YNL024C	312.498799727476	267.742354363936	267.073456317527	192.336741791497	151.876863330158	113.452038089687
YNL018C	29.2396537756703	30.402977968066	28.7474900897339	17.1567985635607	22.5002760489123	18.7726393961353
YNL141W	2277.03803778032	2571.50349136351	2649.40578020547	2226.77185567057	1565.37634797433	2079.68196440664
YNL320W	349.048366947064	370.72018296545	390.409462186386	377.449568398336	380.897530256587	381.982401625709
YNL204C	47.5144373854642	39.2296489910529	39.8755507696308	25.2837031463	37.7683205106742	35.0966736536442
YNL106C	327.118626615311	325.606086625739	321.786421327021	305.210416551765	360.004416782597	384.431006764335
YNL161W	745.611171279592	765.958896550307	749.289419113063	858.742917576119	908.850436118564	950.874995499895
YNL247W	3523.37827996827	3727.7973953748	3770.55789370509	3580.3529633957	3252.09347035529	3347.24322450221
YNL062C	1059.93744936805	1069.98867623097	1013.58086026062	1055.59460635803	947.4223379167	1320.61437143247
YNL325C	347.220888586085	273.626801712594	262.43676436757	326.882162105736	277.235544174098	335.458903991808
YNL046W	356.358280390982	304.02977968066	317.149729377064	301.598458959436	386.522599268815	297.913625199538
YNL032W	592.102988957323	683.576633669096	699.213146053527	685.368953144348	621.168335207471	631.740125765596
YNL135C	2817.97163263022	2721.55689875429	3062.07136375165	2636.72904239986	2476.63752795527	2056.01211473325
YNL212W	911.911702128717	902.281926794216	893.026869561732	965.295666549812	969.119032678151	957.404609202899
YNL243W	1138.51901889016	1210.23467137398	1169.37370977917	1274.11804069391	1398.23144018241	1105.95332094623
YNL103W	758.403519806448	757.13222552732	709.413868343432	776.570882350644	882.332253632346	817.017914588322
YNL333W	20.1022619707733	19.6148244955264	17.6194294098369	9.93288337890359	16.8752070366842	18.7726393961353
YNL027W	1935.29958427718	1942.84836628189	1871.36887100268	1556.75372229362	1113.76366442116	702.749674785759
YNL278W	279.604189229847	228.512705372883	240.180643007776	234.777243501358	329.468327859073	282.405792654904
YNL144C	274.121754146909	225.570481698554	251.308703687673	168.859017441361	135.001656293474	102.841415822306
YNL159C	296.051494478662	285.39569640991	268.92813309751	243.807137482179	240.270804950885	283.22199436778
YNL220W	3121.3330405528	3082.46966947198	3086.18216189143	2595.19153008808	2202.61630893102	2686.11983707309
YNL336W	241.22714364928	227.531964148107	198.450415458163	227.5533283167	205.716809590055	193.439805951481
YNL264C	597.585424040261	527.638778929661	565.676417894763	497.547158343262	482.952353764153	437.484118101239
YNL136W	690.78682045021	635.520313655056	645.427519434025	662.794218192294	679.026187904674	677.44742168662
YNL185C	279.604189229847	269.703836813488	281.91087055739	325.979172707654	341.52204717099	291.384011496534
YNL219C	1781.79140195491	1640.78006905079	1556.07381840559	1430.33520656212	1395.01711503256	1766.26050666247
YNL079C	4097.2064853158	4034.76939872979	4023.72127417275	4244.95316038416	4230.85547848297	3451.71704375026
YNL244C	5409.335948499	5145.94920640136	5370.21661644028	4309.96839704607	4049.24610751675	4298.1182200021
YNL054W-B	621.342642732993	686.518857343425	599.987938324445	600.487949724626	531.167231011822	664.388194280613
YNL284C-B	52.9968724684024	54.921508587474	38.9482123796394	27.0896819424643	36.964739223213	43.2586907823987
YJL160C	27.4121754146909	21.5763069450791	26.892813309751	20.7687561558893	13.6608818868396	16.3240342575089
YJL204C	403.872717776446	406.026867057397	398.755507696308	413.569144321622	399.379899868193	509.309868834279
YJR105W	4236.09484075023	4474.14146742958	4315.83286702004	3519.8526737242	3263.34360837974	2329.43968854652
YJR129C	246.709578732218	284.414955185133	298.602961577236	298.88949076519	284.467775761248	233.433689882378
YJL139C	478.799330576601	526.658037704885	547.129650094935	505.674062926001	477.327284751925	513.390877398656
YJL062W-A	166.300530849125	163.783784537646	177.12163248836	201.366635772318	224.199179201662	119.981651792691
YJL110C	1019.7329254265	883.647843523466	793.801661832651	788.309744525712	940.99368761701	932.10235610376
YJR088C	782.16073849918	796.361874518373	855.005995572085	857.839928178037	863.046302733278	991.685081143667
YJL213W	539.106116488921	531.561743828766	500.762730595364	401.830282146554	385.719017981353	248.125320714136
YJR046W	741.956214557633	635.520313655056	617.607367734282	622.159695278597	722.419577427577	602.356864102079
YJL020C	1145.82893233408	1140.60204441486	1015.4355370406	1229.87156018788	1409.48157820686	1277.35568065007
YJL187C	420.32002302526	432.506880126358	395.046154136343	536.375702460794	701.526463953587	769.678215241546
YJR131W	217.469924956548	245.18530619408	256.872734027622	207.687561558893	232.234992076273	251.390127565637
YJL133W	566.518291903612	520.773590356227	577.731816964651	559.853426810929	570.542714097419	541.141735636421
YJR053W	124.268528546599	124.554135546593	115.917298748927	130.030473323829	172.769976804148	195.072209377232
YJR044C	455.042111883869	415.83427930516	478.50660923557	427.113985292854	433.933895229023	608.886477805083
YJR100C	365.495672195878	340.317204997384	370.935355996566	363.904727427104	373.665298669436	386.879611902962
YJR012C	120.61357182464	116.708205748382	129.827374598798	127.321505129582	141.430306593163	131.408475772947
YJR067C	168.128009210104	205.955657203027	200.305092238146	199.560656976154	207.323972164978	199.153217941609
YJR130C	438.594806635054	527.638778929661	494.271361865424	504.771073527919	505.452629813065	479.110405457887
YJR069C	851.604916216397	905.224150468545	988.542723730848	921.952175441869	874.296440757735	814.569309449695
YJR120W	12.7923485268557	10.7881534725395	15.7647526298541	17.1567985635607	19.2859508990677	34.2804719407687
YJL186W	1184.20597791465	1209.2539301492	1213.88595249876	1208.19981463391	1231.89011367795	1221.85396417454
YJL008C	2744.87249819105	2807.86212653461	2841.36482693369	2742.37880197547	2753.87307212937	2701.62766961773
YJL061W	972.218488041037	975.83751865244	993.179415680805	1109.77397024296	1060.72729944872	1230.0159813033
YJR085C	696.269255533148	497.235800961595	632.444781974145	595.973002734215	592.23940885887	419.527680417979
YJR040W	606.722815845158	575.695098943701	538.783604585012	600.487949724626	625.989822932238	638.269739468599
YJL189W	9826.35114698619	8758.01913725255	10162.7014159159	8046.53852630999	7108.48006888136	10415.5500580036
YJR039W	241.22714364928	244.204564969304	247.599350127708	239.292190491768	216.16336632705	239.963303585381
YJR005W	939.323877543408	868.936725151821	856.860672352067	923.758154238034	891.171647794419	972.912441747532
YJL006C	202.850098068713	212.820845776462	215.142506478008	237.486211695604	261.967499712336	341.988517694812
YJR098C	151.68070396129	155.937854739435	149.301480788618	151.7022188778	138.215981443318	176.299569981096
YJL103C	131.578441990516	151.034148615554	168.775586978438	148.090261285472	165.537745216998	154.262123733459
YJL156C	453.214633522889	481.543941365174	465.52387177569	448.785730846826	551.256763198351	596.643452111951
YJL185C	65.7892209952581	39.2296489910529	50.0762730595364	51.4703956906822	57.857852697203	81.6201712875446
YJR138W	453.214633522889	444.275774823674	450.686457535828	437.94985806984	476.523703464464	507.677465408528
YJL108C	184.575314458919	191.244538831383	206.796460968086	257.351978453411	241.074386238346	213.844848773367
YJR049C	630.48003453789	611.001783035648	603.697291884411	679.951016755855	650.097261556073	533.795920220542
YJR008W	361.84071547392	268.723095588712	307.87634547715	246.516105676425	163.127001354614	111.003432951061
YJR002W	2068.70550462867	2266.49297045808	2300.7265455687	2030.82315628674	1696.36009783049	2005.40760853497
YJR145C	10517.1379674364	10347.800662615	10744.1425864405	8491.71229956449	7057.05086648385	4915.98291664881
YJR048W	1072.7297978949	924.838974964071	1058.0931029802	998.706274278852	1424.74962266862	1172.06565968914
YJR009C	24861.0156227637	23609.3835040404	22707.7351557198	16992.4544931098	13969.4571012247	9525.07398925646
YJL173C	617.687686011035	565.887686695937	591.641892814523	624.868663472844	662.15098086799	637.453537755724
YJR014W	1745.24183473532	1782.00680541858	1874.15088617265	1728.32170792922	1505.10775141474	1456.92005748267
YJR135W-A	480.62680893758	493.31283606249	491.48934669545	419.890070108197	384.915436693892	599.092057250578
YJR045C	8307.71662901232	7909.67797782103	7560.58989360001	10005.1225307502	11910.6818427492	9172.47484929427
YJL176C	687.131863728251	733.594436132688	718.687252243347	766.637998971741	838.135282821983	946.793986935518
YJL193W	297.878972839641	338.355722547831	268.000794707519	265.47888303615	238.663642375962	371.371779358328
YJL159W	12273.3446723376	12120.0000557858	11970.0839380092	12378.17866891	12177.4708301863	9005.96969986768
YJL030W	290.569059395723	287.357178859462	312.513037427107	336.81504548464	317.414608547155	337.907509130435
YJL047C	449.559676800931	511.94691933324	488.707331525476	479.487370381619	478.934447326847	510.942272260029
YJL194W	182.747836097939	192.225280056159	178.976309268343	179.694890218347	299.73582022301	291.384011496534
YJR108W	5.48243508293818	10.7881534725395	9.27338389991415	10.8358727769857	5.62506901222807	1.63240342575089
YJL199C	25.5846970537115	17.6533420459738	20.4014445798111	27.0896819424643	19.2859508990677	15.5078325446335
YJL216C	63.9617426342787	65.7096620600135	61.2043337394334	74.0451306427358	65.8936655718146	71.0095490201638
YJL011C	317.981234810414	298.145332332002	290.256916067313	290.76258618245	279.646288036481	338.72371084331
YJR060W	548.243508293818	544.311379750858	549.911665264909	617.644748288187	712.776601978043	633.372529191346
YJR119C	98.6838314928872	126.515617996145	124.26334425885	152.605208275882	127.769424706323	203.234226505986
YJR092W	783.988216860159	837.553005958978	735.379343263192	842.489108410641	1027.78046666281	1072.48905071834
YJL051W	301.5339295616	306.972003354989	317.149729377064	309.725363542176	409.022875317727	444.829933517118
YJR115W	34.7220888586085	32.3644604176186	31.5295052597081	28.8956607386286	9.64297544953384	13.0592274060071
YJL010C	1418.12320812001	1546.62891147226	1466.12199457643	1292.17782865555	1204.56834990427	1717.28840388994
YJL084C	409.355152859384	401.123160933515	383.918093456446	370.225653213679	426.701663641872	482.375212309389
YJR030C	254.019492176136	254.011977217067	272.637486657476	301.598458959436	354.379347770369	409.733259863474
YJL119C	20.1022619707733	20.5955657203028	34.3115204296824	23.4777243501358	24.1074386238346	21.2212445347616
YJR140C	407.527674498404	501.1587658607	451.613795925819	501.15911593559	571.34629538488	586.849031557446
YJR161C	162.645574127166	174.571938010185	180.830986048326	188.724784199168	152.680444617619	139.570492901701
YJL136C	11315.7460111844	10326.2243556699	10727.4504954207	8683.1460519579	7930.54372595412	6390.85941181474
YJL146W	272.294275785929	235.377893946317	240.180643007776	240.19517988985	235.449317226118	205.682831644612
YJL060W	480.62680893758	445.25651604845	489.634669915467	547.211575237779	711.169439403121	719.073709043268
YJL117W	2388.51421780007	2499.90938195484	2455.59205669727	2139.1818840566	2020.20335667734	2367.80116905167
YJL149W	314.326278088455	327.567569075291	309.731022257133	370.225653213679	395.361993430887	421.16008384373
YJR063W	720.026474225881	717.902576536267	704.777176393475	671.824112173115	541.613787748817	618.680898359588
YJL164C	372.805585639796	241.262341294975	289.329577677321	245.613116278343	195.27025285306	153.445922020584
YJL079C	272.294275785929	255.97345966662	288.40223928733	183.306847810675	224.199179201662	112.635836376812
YJL106W	91.3739180489696	76.4978155325531	84.3877934892188	84.8810034197216	81.9652913210376	71.8257507330393
YJL171C	2706.49545261048	2305.72261944913	2468.57479415715	2343.25748802316	1718.05679259195	1218.58915732304
YJL058C	195.540184624795	205.955657203027	239.253304617785	231.165285909029	238.663642375962	253.838732704264
YJL132W	191.885227902836	147.111183716448	161.356879858506	167.053038645197	145.448213030469	173.85096484247
YJL172W	804.090478830933	860.110054128834	820.694475142402	926.46712243228	996.44079645183	817.834116301197
YJL093C	645.099861425726	606.098076911767	581.441170524617	567.980331393669	575.364201822186	581.135619567318
YJL163C	89.5464396879902	75.5170743077768	84.3877934892188	84.8810034197216	84.3760351834211	57.1341199012812
YJR153W	31.0671321366497	36.2874253167239	24.1107981397768	27.0896819424643	31.339670210985	41.6262873566478
YJL179W	566.518291903612	557.061015672951	581.441170524617	591.458055743804	588.221502421564	716.625103904642
YJR080C	550.070986654797	585.502511191464	600.915276714437	626.674642269008	650.900842843534	689.690447379752
YJL104W	581.138118791447	645.32772590282	615.7526909543	699.816783513662	613.13252233286	649.696563448855
YJL050W	2425.06378501965	2649.96278934562	2587.27410807605	2466.96703556042	1954.30969110552	2571.85159727053
YJL002C	2876.45094018156	3028.52890210928	3088.03683867141	2849.83454034725	2953.9648127072	3308.88174399706
YJR084W	467.834460410724	456.044669520989	468.305886945664	494.838190149015	488.577422776381	426.057294120983
YJR034W	113.303658380722	118.669688197935	138.173420108721	154.411187072047	151.073282042697	130.592274060071
YJR019C	202.850098068713	166.726008211975	140.955435278695	148.993250683554	161.519838779692	82.4363730004201
YJR093C	467.834460410724	502.139507085477	439.558396855931	522.830861489562	454.827008703013	449.727143794371
YJL201W	328.946104976291	310.894968254094	293.038931237287	360.292769834776	361.611579357519	492.169632863894
YJL161W	58.4793075513406	51.979284913145	47.2942578895622	42.4405017098608	34.5539953608296	23.6698496733879
YJR021C	211.98748987361	182.417867808396	172.484940538403	204.978593364647	201.698903152749	153.445922020584
YJL070C	323.463669893352	269.703836813488	239.253304617785	235.68023289944	249.110199112957	239.147101872506
snR128	20.1022619707733	18.6340832707501	20.4014445798111	28.8956607386286	21.6966947614511	14.691630831758
YJL029C	623.170121093973	677.692186320438	663.974287233853	751.287179204344	780.27743012478	813.75310773682
YJR010W	685.304385367272	775.76630879807	740.016035213149	1225.35661319747	1296.9801979623	1496.91394141357
YJR144W	646.927339786705	652.192914476254	715.905237073372	650.152366619144	723.223158715038	606.437872666457
YJL073W	453.214633522889	472.717270342187	431.212351346008	421.696048904361	471.702215739697	563.179181884058
snR37	51.169394107423	32.3644604176186	63.9863489094076	71.3361624484894	46.6077146727469	63.6637336042848
YJR094W-A	4208.68266533554	3623.83882554851	3935.62412712356	3080.09683685819	2520.03091747818	3185.63528535287
YJL052W	3729.88333475894	3830.77522397631	3821.56150515462	2110.28622331797	765.009385663018	148.548711743331
YJR139C	3706.12611606621	3701.31738230584	3488.6470231477	3118.92538097573	3064.05544908938	3259.09343951166
YJL089W	27.4121754146909	22.5570481698554	25.9654749197596	30.7016395347929	23.3038573363734	22.8536479605125
YJL077W-B	12.7923485268557	17.6533420459738	15.7647526298541	22.5747349520536	15.2680444617619	14.691630831758
YJL016W	959.426139514181	837.553005958978	860.570025912033	677.242048561608	536.79230002405	459.521564348876
YJR007W	3368.04261928502	3442.40169896489	3328.21748167919	3220.96318295901	3014.23340926679	3486.81371740391
YJR096W	641.444904703767	597.27140588878	632.444781974145	549.920543432026	305.360889235238	223.639269327872
YJR065C	1730.62200784748	1766.31494582215	1727.63142055401	1828.55353111634	1864.30858690988	1730.34763129595
YJL019W	259.501927259074	301.087556006331	274.492163437459	259.157957249575	323.843258846845	370.555577645453
YJR082C	363.668193834899	332.471275199173	370.008017606575	393.703377563815	332.682653008917	346.885727972065
YJL181W	129.750963629537	139.265253918238	109.425930018987	114.679653556432	126.965843418862	167.321351139466
YJR086W	263.156883981032	290.299402533791	272.637486657476	264.575893638068	276.431962886637	331.377895427431
YJR006W	433.112371552116	517.831366681898	519.309498395192	511.091999314494	570.542714097419	594.194846973325
YJR072C	1836.61575278429	1838.8897964556	1831.49332023304	1724.7097503369	1470.55375605391	1091.26169011447
YJL118W	54.8243508293818	67.6711445095662	62.1316721294248	77.6570882350644	109.287055094717	70.1933473072884
YJL184W	217.469924956548	219.686034349896	189.177031558249	247.419095074508	288.485682198554	187.726393961353
YJR133W	449.559676800931	389.3542662362	442.340412025905	418.084091312033	370.450973519592	408.917058150599
YJR025C	447.732198439951	541.369156076529	514.672806445235	654.667313609555	576.167783109647	560.730576745432
YJL095W	398.390282693508	483.505423814726	399.6828460863	418.084091312033	516.702767837521	495.434439715396
YJR147W	420.32002302526	384.450560112318	401.537522866283	380.158536592583	370.450973519592	275.059977239025
YJL107C	210.16001151263	263.81938946483	229.052582327879	332.300098494229	271.61047516187	246.492917288385
YJL012C	5725.48970494844	6305.18533408697	5787.51889193642	5017.91208514248	4922.73896698702	5942.76467144613
YJR121W	8240.09992965608	7588.97559731917	7823.02665796758	6622.52424553445	8443.22858735434	7034.0263615606
YJL145W	1149.48388905604	1171.9857636077	1287.14568530808	1033.01987140597	1026.97688537535	1096.9751021046
YJL153C	80.4090478830933	50.9985436883687	45.4395811095793	56.8883320791751	45.8041333852857	39.9938839308969
YJL088W	96.8563531319078	167.706749436751	146.519465618644	156.217165868211	181.609370966221	93.0469952678009
YJR064W	3044.57894939167	3179.56305072483	3006.43106035217	3043.07427153683	2806.10585581435	2866.50041561857
YJL137C	111.476180019743	111.804499624501	117.77197552891	125.515526333418	184.823696116065	167.321351139466
YJL074C	409.355152859384	542.349897301306	489.634669915467	604.099907316955	634.829217094311	830.077141994329
YJL111W	3238.29165565548	3465.93948835952	3292.97862285951	3267.0156422612	3170.93176032171	3522.72659277043
YJL158C	4259.85205944296	3701.31738230584	3737.1737116654	5303.25673493643	5254.61803870848	3993.67498109956
YJR016C	6759.84245726277	7120.18129187609	6855.81271720653	6860.01045723005	6431.86462483907	5251.44182064062
YJR099W	411.182631220363	332.471275199173	360.73463370666	408.151207933129	371.254554807053	471.764590042008
YJL208C	732.818822752736	722.806282660149	743.725388773115	743.160274621605	804.384868748614	905.16769957887
YJL048C	1292.02720121243	1312.23175875072	1302.91043793794	1247.93134814952	1129.83529017038	621.129503498215
YJL197W	882.672048353046	884.628584748242	862.424702692016	868.675800955023	928.939968305093	1025.14935137156
YJR074W	325.291148254332	263.81938946483	313.440375817098	239.292190491768	240.270804950885	151.813518594833
YJL127C-B	213.814968234589	152.995631065106	199.377753848154	185.11282660684	147.055375605391	202.418024793111
YJL078C	1087.34962478274	1011.14420274439	901.372915071655	763.026041379412	842.153189259289	515.839482537282
YJL165C	3209.05200187981	3030.49038455883	2865.47562507347	2735.15488679082	1802.43282777537	1116.56394321361
YJR117W	2037.63837249202	1906.56094096517	1850.04008803287	1934.20329069195	2251.63476746615	2269.04076179374
YJR057W	376.460542361755	411.911314406055	401.537522866283	428.016974690936	442.773289391095	444.013731804243
YJR160C	16.4473052488145	11.7688946973159	8.34604550992273	13.5448409712322	16.0716257492231	6.52961370300357
YJL134W	756.576041445468	706.133681838951	696.431130883553	689.883900134758	752.9556663511	732.949138162151
YJL081C	999.630663455728	1116.08351379545	1070.14850205009	1154.92344014706	1080.01325034779	1157.37402885738
YJL054W	981.355879845934	1089.60350072649	1097.96865374984	1122.41582181611	1084.0311567851	1067.59184044108
YJR137C	1048.97257920217	1254.36802648892	1046.96504230031	1572.10454206101	1899.66616355817	2386.57380844781
YJR056C	354.530802030002	334.432757648726	345.897219466798	345.844939465461	346.343534895757	360.761157090947
YJL072C	232.089751844383	234.397152721541	268.92813309751	241.098169287933	249.110199112957	293.832616635161
YJR152W	162.645574127166	163.783784537646	183.6130012183	172.47097503369	167.14490779192	162.424140862214
YJL192C	1131.20910544624	1198.46577667666	1169.37370977917	1180.20714329336	1269.65843418862	1166.35224769901
YJR001W	1153.138845778	1144.52500931397	1121.15211349962	1206.39383583774	1280.10499092562	1332.04119541273
YJR110W	259.501927259074	284.414955185133	280.056193777407	258.254967851493	222.592016626739	318.318668021424
YJL190C	13625.6786594623	13797.0675501533	14586.105536175	11243.1209955208	9663.86856300783	9483.44770189981
YJL099W	422.14750138624	404.065384607844	400.610184476291	446.979752050661	421.880175917105	437.484118101239
YJL090C	414.837587942322	434.46836257591	401.537522866283	367.516685019433	397.772737293271	513.390877398656
YJL055W	937.496399182428	989.567895799308	1034.90964323042	956.265772568991	904.832529681258	672.550211409368
YJL085W	374.633064000775	420.737985429042	374.644709556532	410.860176127376	449.201939690785	563.995383596933
YJR109C	975.873444762996	1178.85095218114	1108.16937603974	1164.85632352597	1209.38983762904	1163.90364256039
YJL167W	5520.81212851874	6016.84741400273	5896.94482195541	5847.75934197997	5764.08857495885	4748.66156550935
YJL127C	330.77358333727	337.374981323055	362.589310486643	356.680812242447	372.058136094514	330.561693714556
YJR004C	250.364535454177	278.530507836475	209.57847613806	247.419095074508	276.431962886637	306.891844041168
YJL036W	699.924212255107	603.155853237438	630.590105194162	623.965674074762	621.971916494933	612.151284656585
YJL168C	652.409774869643	686.518857343425	672.320332743776	697.107815319415	707.151532965815	766.413408390044
YJR036C	131.578441990516	127.496359220922	104.78923806903	90.2989398082144	77.1438035962707	99.5766089708045
YJL162C	343.565931864126	288.337920084239	318.077067767055	286.24763919204	287.682100911093	361.577358803823
YJR106W	363.668193834899	292.260884983344	306.021668697167	335.912056086558	329.468327859073	313.421457744171
YJR043C	438.594806635054	432.506880126358	420.084290666111	470.457476400797	450.005520978246	484.00761573514
YJR066W	685.304385367272	636.501054879833	644.500181044033	625.771652870926	637.239960956694	797.429073479311
YJL001W	1021.56040378748	1150.40945666262	1152.68161875933	1324.68544698651	1434.39259811816	1199.81651792691
YJR061W	164.473052488145	149.072666166001	159.502203078523	186.015816004922	175.180720666531	182.012981971225
YJL212C	641.444904703767	687.499598568201	605.551968664394	623.965674074762	675.81186275483	750.089374132535
YJL024C	383.770455805672	375.623889089331	408.028891596223	407.248218535047	421.880175917105	466.867379764755
YJR125C	891.809440157943	818.918922688228	844.805273282179	916.534239053376	928.136387017632	780.288837508927
YJR051W	665.202123396499	640.424019778938	709.413868343432	670.018133376951	596.257315296176	645.615554884478
YJR112W-A	171.782965932063	166.726008211975	188.249693168257	176.9859220241	188.03802126591	127.32746720857
YJR050W	347.220888586085	280.491990286028	329.205128446952	294.374543774779	294.110751210782	282.405792654904
YJR011C	239.3996652883	236.358635171093	233.689274277837	196.851688781907	166.341326504459	209.76384020899
YJR136C	224.779838400465	226.55122292333	205.869122578094	199.560656976154	241.877967525807	256.28733784289
YJL200C	879.017091631088	1007.22123784528	926.411051601423	941.817942199677	865.457046595662	892.108472172863
YJL188C	49.3419157464436	23.5377893946317	9.27338389991415	3.61195759232858	4.01790643730577	6.52961370300357
YJL170C	98.6838314928872	103.95856982629	96.4431925591071	55.0823532830108	60.2685965595865	71.0095490201638
YJL129C	1279.23485268557	1171.00502238293	1152.68161875933	1180.20714329336	1169.21077325598	1102.68851409473
YJR112W	157.163139044228	160.841560863317	134.464066548755	168.859017441361	200.091740577827	170.586157990968
YJR103W	1271.92493924166	1036.64347458857	1104.46002247978	925.564133034198	843.760351834211	453.808152358748
YJL044C	846.122481133459	854.225606780176	881.898808881836	721.488529067633	674.204700179907	739.478751865154
YJL157C	1282.88980940753	1345.57696039311	1249.12481131844	1055.59460635803	1479.39315021598	1852.77788822726
YJR142W	604.895337484179	619.828454058635	626.880751634196	667.309165182705	630.007729369544	654.593773726108
YJL034W	6655.67619068695	5957.02219929138	6171.43698539287	8945.01297740172	11054.0641903156	10092.3341797049
YJL183W	1169.58615102681	1235.73394321816	1168.44637138918	1159.43838713747	1101.70994510924	1250.42102412518
YJR031C	515.348897796189	560.00323934728	509.108776105287	615.838769492022	637.239960956694	784.369846073304
YJL066C	274.121754146909	255.97345966662	257.800072417613	295.277533172861	303.753726660316	164.056544287965
YJR077C	2755.83736835692	2493.04419338141	2427.77190499752	2035.33810327715	2647.8003421845	2016.01823080235
YJR010C-A	180.92035773696	148.091924941225	199.377753848154	163.441081052868	150.269700755236	190.991200812854
YJR033C	456.869590244848	408.969090731726	404.319538036257	456.912635429565	479.738028614308	547.671349339425
YJL068C	341.738453503146	342.278687446936	374.644709556532	469.554487002715	535.988718736589	399.938839308969
YJL112W	449.559676800931	432.506880126358	423.793644226077	577.01022537449	601.078803020943	641.534546320101
YJL039C	1368.78129237356	1460.32368369194	1441.08385804666	1457.42488850458	1379.7490705708	1564.65868358223
YJL180C	403.872717776446	328.548310300068	371.862694386557	398.218324554226	488.577422776381	514.207079111531
YJL147C	166.300530849125	153.976372289882	165.066233418472	161.635102256704	160.716257492231	195.888411090107
YJR116W	217.469924956548	206.936398427804	185.467677998283	182.403858412593	165.537745216998	93.8631969806763
YJL025W	140.715833795413	181.437126583619	153.010834348583	186.918805403004	247.503036538035	302.810835476791
YJR062C	440.422284996034	450.160222172332	506.326760935313	459.621603623811	454.827008703013	487.272422586641
YJR090C	635.962469620829	761.055190426425	670.465655963793	749.48120040818	752.9556663511	858.644201944969
YJR035W	354.530802030002	328.548310300068	344.969881076806	345.844939465461	408.219294030266	382.798603338584
YJL174W	1451.01781861764	1497.59185023344	1511.56157568601	1438.46211114486	1429.57111039339	1226.7511744518
YJL203W	254.019492176136	271.665319263041	271.710148267485	300.695469561354	295.717913785704	324.848281724428
YJL014W	3324.18313862151	3326.67423444128	3404.25922965848	3323.00098494229	3011.8226654044	3191.348697343
YJR149W	135.233398712475	120.631170647488	113.135283578953	84.8810034197216	134.198075006013	160.791737436463
YJR154W	118.78609346366	84.3437453307636	76.9690863692874	71.3361624484894	87.5903603332657	68.5609438815375
YJR075W	1480.25747239331	1542.70594657315	1633.04290477488	1520.63414637033	1235.10443882779	1395.70492901701
YJR052W	354.530802030002	400.142419708739	359.807295316669	393.703377563815	434.737476516484	373.820384496954
IRT1	210.16001151263	203.994174753475	220.706536817957	221.232402530125	108.483473807256	74.2743558716656
YJR126C	1080.03971133882	1027.81680356558	969.99595593102	746.772232213933	682.240513054519	682.344631963873
YJL005W	663.374645035519	678.672927545214	667.683640793819	733.227391242701	805.188450036075	788.450854637681
YJL206C	367.323150556858	278.530507836475	285.620224117356	280.829702803547	263.574662287258	269.346565248897
YJL100W	303.361407922579	275.588284162146	251.308703687673	282.635681599711	273.217637736792	198.337016228733
YJR076C	1345.02407368083	1267.11766241101	1245.41545775847	1368.93192749253	1422.33887880624	1300.20932861059
YJL217W	793.125608665056	874.821172500479	861.497364302024	829.847256837491	902.421785818875	688.874245666877
YJR059W	1118.41675691939	911.108597817203	877.262116931878	744.966253417769	737.687621889339	618.680898359588
YJR124C	635.962469620829	685.538116118649	699.213146053527	644.734430230651	623.579079069855	704.38207821151
YJL143W	953.943704431243	886.590067197795	973.705309490986	994.191327288441	926.52922444271	719.073709043268
YJL059W	158.990617405207	158.880078413764	181.758324438317	178.791900820265	188.841602553371	226.904076179374
YJR078W	76.7540911611345	69.6326269591188	70.4777176393475	97.5228549928716	98.8404983577218	80.8039695746692
YJL207C	891.809440157943	954.261211707361	922.701698041458	956.265772568991	1004.47660932644	1200.63271963978
YJL144W	407.527674498404	260.877165790502	341.260527516841	296.180522570943	204.109647015133	60.398926752783
YJL125C	1052.62753592413	1104.31461909814	1093.33196179988	1099.84108686405	984.387077139913	1147.57960830288
YJL198W	1063.59240609001	1075.87312357962	1025.6362593305	1045.66172297912	1013.31600348851	1178.59527339214
YJL122W	1630.11069799362	1785.92977031768	1780.48970878352	1534.17898734156	1127.424546308	1311.63615259084
YJR073C	763.885954889386	764.978155325531	691.794438933596	615.838769492022	561.703319935346	323.215878298677
YJR143C	3209.05200187981	3224.67714706454	3014.77710586209	2704.45324725602	2601.99620879921	2775.90202548939
YJL131C	266.811840702991	198.109727404817	257.800072417613	259.157957249575	246.699455250574	268.530363536022
YJL177W	9464.51043151227	8704.07836988985	9461.63359308241	7688.95472466946	6625.52771511721	6048.87089411993
YJR032W	630.48003453789	712.018129187609	712.195883513407	748.578211010098	722.419577427577	794.980468340685
YJR151C	102.338788214846	116.708205748382	109.425930018987	117.388621750679	147.858956892852	113.452038089687
YJR024C	729.163866030778	730.652212458359	807.711737682522	751.287179204344	711.169439403121	630.92392405272
YJL140W	1081.8671896998	1219.06134239697	1238.92408902853	1134.15468399117	1169.21077325598	1101.05611066898
YJR068W	974.045966402016	935.627128436611	999.670784410745	899.377440489816	879.921509769963	880.681648192607
YJR017C	577.483162069488	555.099533223398	527.655543905115	585.137129957229	589.025083709025	308.524247466919
YJR058C	248.537057093197	251.069753542738	274.492163437459	276.314755813136	260.360337137414	252.206329278513
YJR101W	794.953087026036	846.379676981965	787.310293102711	841.586119012559	873.492859470274	821.098923152699
YJL026W	3307.7358333727	3330.59719934039	3355.11029498894	2976.25305607875	2709.67610131901	2232.31168471435
YJL096W	484.281765659539	460.948375644871	472.942578895622	527.345808479972	550.45318191089	644.799353171603
YJR156C	7.30991344391757	8.82667102298689	6.4913687299399	15.3508197673965	8.83939416207268	9.79442055450536
YJL063C	486.109244020518	491.351353612937	525.800867125132	568.883320791751	656.525911855762	389.328217041588
YJR094C	93.201396409949	88.2667102298689	89.0244854391758	85.7839928178037	63.4829217094311	79.9877678617937
YJL101C	1027.04283887042	1082.73831215306	1066.43914849013	1021.28100923091	1036.61986082489	901.902892727368
YJL056C	233.917230205362	269.703836813488	255.018057247639	208.590550956975	241.877967525807	291.384011496534
YJR041C	1112.93432183645	1419.13255225134	1314.96583700783	1335.52131976349	1231.89011367795	1660.97048570153
YJL080C	4987.18844711276	5249.90777622765	4914.8934669545	4920.3892301496	4690.50397491075	4820.48731624239
YJR091C	1175.06858610975	982.702707225874	963.50458720108	1007.73616825967	804.384868748614	700.301069647133
YJR013W	392.907847610569	386.412042561871	426.575659396051	390.994409369569	395.361993430887	401.57124273472
YJL222W	7.30991344391757	9.80741224776321	12.9827374598798	4.51494699041072	8.83939416207268	4.08100856437723
YJL121C	919.221615572634	871.87894882615	919.919682871484	981.549475715291	940.99368761701	734.581541587902
YJL138C	3863.28925511044	3993.57826728918	3962.51694043332	3340.15778350585	2854.32073306202	3086.87487809494
YJR047C	82.2365262440726	142.207477592567	107.571253239004	105.649759575611	64.2865029968923	40.8100856437723
YJL151C	815.055348996809	721.825541435373	840.168581332222	799.145617302698	857.42123372105	492.98583457677
YJL057C	376.460542361755	332.471275199173	357.025280146695	340.427003076968	339.111303308607	297.913625199538
YJL218W	69.4441777172169	37.2681665415002	55.6403033994849	49.6644168945179	53.8399462598973	51.4207079111531
YJR087W	56.6518291903612	41.1911314406055	45.4395811095793	31.6046289328751	30.5360889235238	23.6698496733879
YJL130C	4128.27361745245	4055.36496445009	3747.37443395531	3569.51709061872	3125.12762693642	3167.67884766961
YJL069C	1169.58615102681	1264.17543873668	1160.10032587926	1225.35661319747	1200.55044346696	1647.91125829553
YJL045W	14.6198268878351	10.7881534725395	13.9100758498712	30.7016395347929	13.6608818868396	21.2212445347616
YJL091C	482.45428729856	554.118791998622	557.33037238484	527.345808479972	552.060344485812	786.81845121193
YJL033W	2403.1340446879	2508.73605297783	2342.45677311831	2184.33135396071	1746.18213765309	2361.27155534867
YJR122W	179.09287937598	226.55122292333	231.834597497854	301.598458959436	342.325628458451	326.480685150179
YJL041W	1262.78754743676	1348.51918406744	1434.59248931672	1445.68602632951	1395.01711503256	1451.20664549254
YJL065C	327.118626615311	251.069753542738	281.91087055739	272.702798220808	321.432514984461	226.087874466499
YJR148W	1864.02792819898	1913.4261295386	1928.86385118214	2439.87735361795	2569.04937601331	2276.38657720962
YJL123C	1690.41748390594	1587.82004291286	1723.92206699404	1706.64996237525	1827.34384768666	1699.33196620668
YJL046W	374.633064000775	366.797218066344	366.298664046609	395.509356359979	430.719570079178	462.786371200378
YJR123W	44022.1262376326	42606.3410279577	44763.5514232756	36026.5680152833	30900.9148280312	28937.6155282861
YJR118C	672.512036840416	711.037387962833	647.282196214008	704.331730504073	620.36475392001	788.450854637681
YJL071W	317.981234810414	323.644604176186	327.350451666969	346.747928863543	384.915436693892	413.814268427851
YJR015W	1419.95068648099	1271.04062731011	1312.18382183785	1120.60984301994	1115.37082699608	1050.4516044707
YJR102C	297.878972839641	298.145332332002	333.841820396909	293.471554376697	294.110751210782	325.664483437303
YJL004C	374.633064000775	381.508336437989	408.956229986214	356.680812242447	332.682653008917	386.063410190086
YJL155C	539.106116488921	488.409129938608	555.475695604857	461.427582419976	439.558964241251	369.739375932577
YJL154C	1173.24110774877	1223.96504852085	1215.74062927875	1383.37975786185	1439.21408584293	1554.86426302773
YJR107W	151.68070396129	127.496359220922	137.246081718729	134.54542031424	159.109094917308	173.85096484247
YJL035C	237.572186927321	176.533420459738	212.360491308034	193.239731189579	126.162262131401	168.953754565217
YJR089W	478.799330576601	437.410586250239	404.319538036257	477.681391585454	546.435275473584	560.730576745432
YJL042W	592.102988957323	612.963265485201	558.257710774832	588.749087549558	695.901394941359	623.578108636841
YJL115W	456.869590244848	400.142419708739	470.160563725647	474.069433993126	605.90029074571	552.568559616677
YJR003C	858.914829660314	920.916010064966	891.17219278175	854.227970585709	769.830873387785	1031.67896507456
YJL116C	32.8946104976291	19.6148244955264	26.892813309751	38.8285441175322	41.78622694798	40.8100856437723
YJL053W	495.246635825415	577.656581393253	578.659155354643	551.72652222819	499.023979513376	451.359547220122
YJL124C	1050.80005756315	900.320444344663	1046.96504230031	968.004634744059	951.440244354005	932.918557816635
YJR104C	4093.55152859384	3908.25378073364	4249.99184133065	4217.8634784417	4218.80175917105	2418.40567524995
YJL105W	7.30991344391757	7.84592979821057	5.56403033994849	9.02989398082144	12.8573005993784	15.5078325446335
YJL215C	20.1022619707733	19.6148244955264	13.9100758498712	9.93288337890359	24.9110199112957	18.7726393961353
YJR070C	4351.22597749193	4437.85404211285	4645.96533385699	3706.7714791272	3106.64525732482	2824.05792654904
YJR097W	111.476180019743	104.939311051066	124.26334425885	103.843780779447	144.644631743008	218.74205905062
YJL126W	252.192013815156	242.243082519751	224.415890377922	232.971264705193	213.752622464667	184.461587109851
YJL214W	20.1022619707733	12.7496359220922	10.2007222899056	8.1269045827393	16.8752070366842	22.8536479605125
YJL166W	698.096733894128	699.268493265517	754.853449453012	665.50318638654	694.294232366436	666.020597706364
YJL023C	305.188886283559	326.586827850515	307.87634547715	293.471554376697	257.146011987569	286.486801219282
YJL094C	970.391009680057	822.841887587334	837.386566162248	907.504345072555	815.63500677307	779.472635796051
YJR054W	464.179503688766	506.062471984582	457.177826265768	562.562395005176	617.150428770166	934.550961242386
YJR141W	416.665066303301	404.065384607844	415.447598716154	379.255547194501	342.325628458451	420.343882130855
YJL191W	2361.10204238537	2121.34326919118	2268.269701919	1973.03183480949	1811.27222193744	1306.73894231359
YJR135C	115.131136741702	133.38080656958	120.553990698884	109.261717167939	108.483473807256	142.835299753203
YJL049W	305.188886283559	307.952744579765	307.87634547715	326.882162105736	295.717913785704	427.689697546734
YJR155W	162.645574127166	147.111183716448	146.519465618644	143.575314295061	114.912124106945	115.084441515438
YJL109C	3075.64608152832	3426.70983936847	3210.44550615028	3235.41101332832	2852.71357048709	3603.5305623451
YJL013C	316.153756449435	311.87570947887	382.063416676463	388.285441175322	394.558412143426	423.608688982357
YJL141C	1016.07796870454	885.609325973018	916.210329311518	739.548317029276	388.129761843737	277.508582377652
YJL133C-A	32.8946104976291	30.402977968066	36.1661972096652	20.7687561558893	33.7504140733684	22.037446247637
YJL178C	1039.83518739727	1032.72050968947	1108.16937603974	1184.72209028377	1104.12068897162	962.301819480151
YJR022W	87.7189613270108	90.2281926794216	102.934561289047	94.8138867986252	103.661986082489	107.738626099559
YJL062W	601.24038076222	557.061015672951	528.582882295107	598.681970928462	609.114615895554	554.200963042428
YJL082W	886.327005075005	687.499598568201	677.884363083724	614.93578009394	576.971364397108	559.914375032556
YJL098W	1160.44875922191	1315.17398242505	1202.75789181887	1290.37184985938	1434.39259811816	1731.16383300882
YJL196C	588.448032235364	621.789936508188	602.76995349442	600.487949724626	659.740237005607	699.484867934258
YJL003W	69.4441777172169	88.2667102298689	78.8237631492703	95.7168761967073	81.1617100335765	102.841415822306
YJL205C	93.201396409949	75.5170743077768	97.3705309490986	129.127483925747	125.35868084394	91.41459184205
YJR113C	484.281765659539	410.930573181279	423.793644226077	470.457476400797	486.166678913998	301.994633763915
YJR111C	323.463669893352	326.586827850515	316.222390987072	325.076183309572	325.450421421767	347.70192968494
YJR055W	89.5464396879902	82.382262881211	111.28060679897	102.940791381364	106.072729944872	132.224677485822
YJL148W	2187.49159809233	2420.46934274796	2370.27692481806	2015.47233651935	1746.18213765309	2181.70717851607
YJL097W	897.291875240882	796.361874518373	875.407440151896	870.481779751187	779.473848837319	983.523064014913
YJL031C	497.074114186395	564.906945471161	502.617407375347	612.226811899694	610.721778470476	709.279288488763
YJR132W	1006.94057689965	1099.41091297426	1063.65713332015	1109.77397024296	1044.6556736995	1223.48636760029
YJL092W	442.249763357013	527.638778929661	437.703720075948	506.577052324083	568.935551522496	616.232293220962
YJL083W	169.955487571083	201.051951079146	180.830986048326	182.403858412593	191.252346415754	140.386694614577
YJL102W	199.195141346754	187.321573932277	203.08710740812	251.934042064918	350.361441333063	340.356114269061
YJL077W-A	42.032002302526	34.3259428671712	51.0036114495278	26.1866925443822	36.1611579357519	22.8536479605125
YJR083C	270.46679742495	260.877165790502	279.128855387416	272.702798220808	249.913780400419	267.714161823146
YJL128C	836.985089328562	814.995957789123	773.40021725284	811.787468875848	879.117928482501	765.597206677169
YJR042W	1313.95694154418	1381.86438570984	1486.52343915624	1493.54446442787	1378.14190799588	1638.11683774102
YJL209W	286.914102673765	303.049038455883	298.602961577236	325.076183309572	346.343534895757	439.11652152699
YJL087C	593.930467318302	597.27140588878	563.82174111478	593.264034539969	557.68541349804	735.397743300777
YJR127C	449.559676800931	440.352809924568	408.956229986214	349.45689705779	358.397254207674	336.275105704684
YJL210W	257.674448898094	250.089012317962	239.253304617785	225.747349520536	229.020666926429	171.402359703844
YJR134C	793.125608665056	820.880405137781	782.673601152754	838.877150818312	822.06365707276	942.71297837114
YJL076W	1957.22932460893	1996.78913364459	1907.53506821234	2018.18130471359	2014.57828766511	1897.66898243541
YJR027W	47.5144373854642	87.2859690050926	74.1870711993132	82.1720352254751	76.3402223088095	75.0905575845411
YJL113W	34.7220888586085	42.1718726653818	47.2942578895622	55.0823532830108	54.6435275473584	44.0748924952741
YKL103C	537.278638127941	523.715814030556	487.779993135484	474.069433993126	576.167783109647	416.262873566478
YKR004C	191.885227902836	193.206021280935	178.048970878352	194.142720587661	165.537745216998	210.580041921865
YKR092C	2478.06065748806	2672.51983751548	2582.63741612609	2506.69856907603	2409.13669980854	2240.4737018431
YKL002W	730.991344391757	720.844800210596	783.600939542746	749.48120040818	712.776601978043	670.917807983617
YKL173W	836.985089328562	849.321900656294	783.600939542746	838.877150818312	717.59808970281	709.279288488763
YKL061W	120.61357182464	127.496359220922	148.374142398626	121.903568741089	123.751518269018	138.754291188826
YKL139W	350.875845308043	392.296489910529	363.516648876635	397.315335156144	403.397806305499	531.347315081916
YKL180W	13866.9058031116	12593.6980673527	12891.8582976607	11212.419355986	9790.03082513923	8905.57688918399
YKL004W	1487.56738583723	1477.97702573792	1389.15290820714	1350.87213953089	1142.69259076976	1308.37134573934
YKL143W	1401.67590287119	1472.09257838926	1531.03568187583	1407.76047161006	1125.01380244561	1274.90707551145
YKL062W	853.432394577376	806.169286766136	791.019646662677	704.331730504073	865.457046595662	623.578108636841
YKL172W	4184.92544664281	4394.7014282227	4244.42781099071	3935.22779684198	3154.86013457249	3397.03152898761
YKR014C	1058.10997100707	1075.87312357962	1044.18302713033	1085.39325649474	1021.35181636313	1035.75997363894
YKL149C	270.46679742495	253.031235992291	268.000794707519	227.5533283167	281.253450611404	292.20021320941
YKR099W	429.457414830157	544.311379750858	506.326760935313	496.644168945179	610.721778470476	765.597206677169
YKL110C	1087.34962478274	1048.41236928589	1066.43914849013	1014.96008344433	820.456494497837	891.292270459987
YKL094W	1069.07484117294	1121.96796114411	1161.95500265924	1174.78920690487	1172.42509840582	911.697313281874
YKR094C	11206.0973095256	9668.14699384498	10860.0598851895	8433.92097808723	7253.92828191183	8076.31594890254
YKR058W	199.195141346754	214.782328226014	199.377753848154	118.291611148761	107.679892519795	114.268239802562
YKR052C	264.984362342012	256.954200891396	247.599350127708	225.747349520536	176.787883241454	199.153217941609
YKL157W	1690.41748390594	1579.97411311465	1550.50978806565	1635.31379992676	1630.46643225868	1558.12906987923
YKL068W-A	360.01323711294	305.991262130212	304.166991917184	270.896819424643	290.092844773476	439.932723239866
YKR062W	444.077241717992	430.545397676805	456.250487875776	446.979752050661	453.21984612809	521.55289452741
YKL091C	358.185758751961	304.02977968066	325.495774886987	313.337321134504	299.73582022301	232.617488169502
YKR073C	20.1022619707733	17.6533420459738	8.34604550992273	17.1567985635607	11.2501380244561	31.015665089267
YKR087C	310.671321366497	270.684578038265	312.513037427107	270.896819424643	316.611027259694	341.988517694812
YKR038C	809.572913913871	827.745593711215	857.788010742059	819.011384060505	835.724538959599	704.38207821151
YKR048C	2077.84289643357	2130.16994021417	2123.60491308034	2049.78593364647	2106.99013572314	1181.04387853077
YKL096W-A	10063.9233339135	6772.99889830528	7213.76533574322	8653.34740182119	9657.43991270814	8059.99191464503
YKL014C	1622.8007845497	1790.83347644156	1660.86305647462	1610.03009678046	1373.32042027111	1809.51919744486
YKR082W	1001.45814181671	1080.77682970351	1030.27295128046	1180.20714329336	1210.1934189165	1536.90782534447
YKR045C	76.7540911611345	103.95856982629	93.6611773891329	75.8511094389001	93.2154293454938	69.3771455944129
YKL018C-A	254.019492176136	205.955657203027	199.377753848154	250.128063268754	225.002760489123	177.931973406847
YKL126W	1672.14270029614	1593.70449026152	1599.65872273519	1563.07464808019	1476.9824063536	1470.79548660155
YKR072C	970.391009680057	1035.6627333638	972.777971100994	1028.50492441556	1151.53198493183	1052.90020960933
YKL074C	646.927339786705	698.287752040741	643.572842654042	702.525751707908	718.401670990271	719.073709043268
YKL087C	464.179503688766	402.103902158292	411.738245156188	435.240889875594	440.362545528712	368.923174219702
YKL018W	356.358280390982	319.721639277081	340.333189126849	324.17319391149	342.325628458451	409.733259863474
YKL135C	1145.82893233408	1050.37385173544	1032.12762806044	1135.96066278734	1102.5135263967	1230.0159813033
YKL112W	575.655683708509	559.022498122503	588.859877644548	734.130380640783	1061.53088073618	926.388944113632
YKR085C	363.668193834899	304.02977968066	328.277790056961	386.479462379158	422.683757204567	356.68014852657
YKR102W	131.578441990516	92.1896751289742	90.8791622191587	75.8511094389001	106.876311232333	103.657617535182
YKL217W	38.3770455805672	25.4992718441844	23.1834597497854	42.4405017098608	43.3933895229023	40.8100856437723
YKR044W	466.006982049745	473.698011566963	472.01524050563	453.300677837236	462.862821577624	453.808152358748
YKR080W	749.266128001551	878.744137399584	804.002384122557	791.921702118041	601.078803020943	690.506649092628
YKL065W-A	10.9648701658764	7.84592979821057	6.4913687299399	16.2538091654786	15.2680444617619	17.9564376832598
YKR068C	776.678303416242	704.172199389399	771.545540472857	741.354295825441	736.080459314416	817.834116301197
YKR027W	568.345770264591	471.736529117411	497.98071542539	583.331151161065	551.256763198351	569.708795587062
YKL081W	14658.2039334157	15419.2135359333	14707.5868652638	13524.0722150763	12465.1529310974	12573.5873868463
YKR022C	354.530802030002	388.373525011423	402.464861256274	409.054197331211	352.772185195446	324.032080011552
YKL083W	42.032002302526	22.5570481698554	18.5467677998283	17.1567985635607	22.5002760489123	17.1402359703844
YKL198C	478.799330576601	451.140963397108	427.502997786042	386.479462379158	457.237752565396	199.969419654484
YKR007W	345.393410225105	340.317204997384	338.478512346866	346.747928863543	362.41516064498	252.206329278513
YKR078W	403.872717776446	369.739441740673	392.264138966368	376.546579000254	386.522599268815	412.1818650021
YKR001C	1765.34409670609	2074.26769040192	1891.77031558249	2045.27098665606	2222.70584111755	2213.53904531821
YKR025W	661.54716667454	692.403304692083	665.828964013836	612.226811899694	577.774945684569	559.098173319681
YKL124W	157.163139044228	135.342289019132	122.408667478867	134.54542031424	128.573005993785	137.93808947595
YKR095W	1421.77816484197	1481.89999063702	1458.7032874565	1465.55179308732	1478.58956892852	1593.22574353287
YKL129C	592.102988957323	592.367699764898	614.825352564308	567.980331393669	597.060896583637	510.942272260029
YKL100C	1147.65641069506	981.721966001098	1019.14489060056	957.168761967073	969.922613965612	1003.11190512392
YKL041W	480.62680893758	476.640235241292	518.382160005201	484.002317372029	501.43472337576	551.752357903802
YKL221W	14.6198268878351	9.80741224776321	21.3287829698025	19.8657667578072	13.6608818868396	9.79442055450536
YKR074W	800.435522108974	726.729247559254	734.452004873201	697.107815319415	572.953457959802	692.139052518379
YKL138C	436.767328274075	436.429845025463	456.250487875776	518.315914499151	496.613235650993	492.98583457677
YKL063C	531.796203045003	603.155853237438	562.894402724789	581.525172364901	593.042990146331	721.522314181895
YKL024C	1235.37537202207	1151.3901978874	1199.97587664889	1008.63915765776	784.295336562085	666.020597706364
YKL073W	1213.44563169032	1312.23175875072	1222.23199800868	1393.31264124075	1326.71270559836	1499.36254655219
YKR006C	670.684558479437	634.53957243028	688.08508537363	712.458635086812	720.812414852654	720.706112469019
YKL034W	343.565931864126	315.798674377975	335.696497176892	325.076183309572	345.539953608296	350.150534823566
YKL104C	3441.1417537242	3471.82393570818	3295.76063802949	4190.77379649923	3992.99541739447	4751.92637236085
YKL191W	1641.07556815949	1609.39634985794	1530.10834348583	1482.70859165088	1210.99700020396	1041.47338562907
YKR042W	8934.54170682825	9135.60450879143	9090.69823708584	8210.88259676094	8128.22472266956	4659.69557880592
YKR013W	1566.14895535934	1412.2673636779	1333.51260480765	2078.6815943851	2295.83173827651	1570.37209557236
YKR101W	169.955487571083	157.899337188988	150.228819178609	176.9859220241	185.627277403526	199.153217941609
YKL039W	1463.81016714449	1353.42289019132	1341.85865031758	1491.7384856317	1469.75017476645	1472.42789002731
YKL214C	540.9335948499	608.059559361319	593.496569594506	498.450147741344	507.059792387988	468.499783190506
YKL155C	425.802458108198	421.718726653818	417.302275496137	443.367794458333	621.971916494933	618.680898359588
YKL116C	827.847697523665	810.092251665242	884.68082405181	797.339638506533	802.777706173692	809.672099172443
YKR089C	601.24038076222	665.923291623122	604.624630274403	609.517843705447	637.239960956694	613.783688082336
YKR018C	1160.44875922191	1082.73831215306	1109.09671442973	1162.14735533172	1089.65622579732	1092.89409354022
YKR079C	782.16073849918	865.013760252716	809.566414462505	776.570882350644	808.40277518592	1092.07789182735
YKL027W	720.026474225881	833.630041059873	812.348429632479	763.929030777494	731.258971589649	774.575425518799
YKL035W	2383.03178271713	2196.86034349896	2105.9854836705	1831.26249931059	2027.43558826449	1823.39462656375
YKL084W	233.917230205362	229.493446597659	236.471289447811	236.583222297522	244.288711388191	239.963303585381
YKL207W	1184.20597791465	1194.54281177756	1289.00036208807	1116.99788542761	1034.2091169625	1002.29570341105
YKR066C	730.991344391757	740.459624706123	791.946985052668	706.137709300237	818.045750635454	608.070276092208
YKL117W	2867.31354837667	2931.43552085642	3085.25482350144	3293.20233480558	3267.36151481705	2815.89590942029
YKL140W	990.493271650831	895.416738220781	906.009607021612	879.511673732009	790.723986861775	891.292270459987
YKL007W	979.528401484954	1053.31607540977	1012.65352187063	1143.18457797199	1054.29864914903	1041.47338562907
YKL051W	553.725943376756	495.274318512042	544.347634924961	472.263455196962	305.360889235238	185.277788822726
YKL022C	464.179503688766	426.6224327777	450.686457535828	457.815624827647	509.470536250371	552.568559616677
YKL021C	1461.98268878351	1489.74592043523	1464.26731779644	1303.91669083062	1064.74520588603	1352.44623823461
YKL148C	1207.96319660738	975.83751865244	1019.14489060056	828.041278041326	1234.30085754033	910.881111568998
YKL038W	464.179503688766	416.815020529937	321.786421327021	360.292769834776	413.040781755033	336.275105704684
YKL125W	537.278638127941	514.889143007569	522.091513565167	563.465384403258	548.042438048506	714.176498766016
YKL048C	239.3996652883	251.069753542738	250.381365297682	275.411766415054	327.057583996689	390.960620467339
YKR093W	2549.33231356625	2189.99515492553	2157.91643351002	2031.72614568482	2418.77967525807	2188.23679221907
YKL201C	328.946104976291	301.087556006331	263.364102757562	338.621024280804	352.772185195446	421.976285556606
YKL077W	1918.85227902836	1956.57874342876	1971.52141712175	1759.9263368621	1645.73447672044	1693.61855421655
YKR103W	124.268528546599	152.01488984033	126.118021038832	131.836452119993	120.537193119173	143.651501466079
YKR104W	54.8243508293818	43.1526138901581	35.2388588196738	46.0524593021894	44.1969708103634	53.8693130497795
YKR024C	950.288747709284	1108.23758399724	1030.27295128046	1076.36336251392	1063.13804331111	1332.04119541273
YKR056W	1275.57989596362	1360.28807876476	1254.68884165838	1302.11071203445	1206.97909376665	1603.02016408738
YKL203C	478.799330576601	527.638778929661	548.984326874918	566.174352597504	561.703319935346	617.864696646713
YKR054C	469.661938771704	506.062471984582	486.852654745493	531.860755470383	601.078803020943	572.157400725688
YKR057W	6476.58331131097	5674.5687265558	6049.028317914	4504.11111763374	3724.59926738244	3033.00556504516
YKL133C	148.025747239331	123.573394321817	151.156157568601	158.023144664375	132.59091243109	146.100106604705
YKL122C	1154.96632413898	1216.11911872264	1281.58165496814	1226.25960259555	1102.5135263967	1251.23722583806
YKR100C	860.742308021294	813.03447533957	781.746262762763	744.966253417769	748.937759913795	768.045811815795
YKR083C	213.814968234589	215.763069450791	222.56121359794	195.948699383825	195.27025285306	292.20021320941
YKL189W	343.565931864126	297.164591107225	296.748284797253	295.277533172861	278.039125461559	309.340449179794
YKL113C	657.892209952581	780.670014921952	779.89158598278	738.645327631194	809.206356473381	941.896776658265
YKL213C	1408.98581631511	1254.36802648892	1314.03849861783	1293.08081805363	1293.76587281246	1039.02478049044
YKL154W	637.789947981808	644.346984678043	613.898014174317	651.958345415308	621.971916494933	714.992700478891
YKR063C	317.981234810414	360.912770717686	319.931744547038	363.904727427104	351.968603907985	421.16008384373
YKL163W	255.846970537115	263.81938946483	233.689274277837	158.926134062457	79.5545474586542	52.2369096240286
YKL174C	1122.07171364135	1116.08351379545	1096.11397696985	1013.15410464817	830.903051234832	778.656434083176
YKL134C	261.329405620053	264.800130689607	258.727410807605	285.344649793958	335.093396871301	421.976285556606
YKR011C	292.396537756703	298.145332332002	261.509425977579	313.337321134504	396.165574718349	373.004182784079
YKL005C	493.419157464436	439.372068699792	426.575659396051	387.38245177724	345.539953608296	389.328217041588
YKL069W	235.744708566342	239.300858845422	268.000794707519	293.471554376697	252.324524262802	273.427573813275
YKL006W	4515.69902998008	4161.28501672593	4683.98620784664	3660.71901982501	3301.91551017788	3587.20652808759
YKL187C	146.198268878351	121.611911872264	140.028096888704	162.538091654786	184.020114828604	149.364913456207
YKR035W-A	835.157610967582	880.705619849137	951.449188131192	975.228549928716	909.654017406025	796.612871766436
YKL182W	10553.687534656	11268.7166726799	9990.21647537751	8346.33100647326	7336.69715452033	7257.66563088847
YKL099C	893.636918518923	912.089339041979	944.957819401252	848.810034197216	760.187897938251	952.507398925646
YKL179C	849.777437855417	854.225606780176	855.933333962076	829.847256837491	772.241617250168	887.21126189561
YKL047W	546.416029932838	525.677296480108	510.036114495278	495.741179547097	430.719570079178	491.353431151019
YKL049C	283.259145951806	294.222367432896	332.914482006918	336.81504548464	335.896978158762	283.22199436778
YKL220C	98.6838314928872	117.688946973159	100.152546119073	88.4929610120501	103.661986082489	108.554827812434
YKL183W	349.048366947064	351.105358469923	385.772770236429	377.449568398336	399.379899868193	243.228110436883
YKL181W	3623.88958982213	3963.17528932112	4057.10545621244	3589.38285737652	3093.78795672544	3284.3956926108
YKL088W	811.40039227485	770.862602674189	702.922499613493	724.19749726188	720.008833565193	659.490984003361
YKL209C	2726.59771458125	3258.02234870694	2948.9360801727	2786.6252824815	3101.82376960005	3499.87294480991
YKR019C	307.016364644538	260.877165790502	274.492163437459	281.732692201629	260.360337137414	165.688947713716
YKR012C	20.1022619707733	22.5570481698554	14.8374142398626	12.64185157315	12.0537193119173	10.6106222673808
YKL166C	639.617426342787	611.001783035648	658.410256893905	648.34638782298	666.168887305296	643.166949745852
YKL016C	1242.68528546599	1186.69688197935	1393.7896001571	1150.40849315665	1485.82180051567	1307.55514402647
YKR086W	453.214633522889	500.178024635924	431.212351346008	459.621603623811	499.023979513376	551.752357903802
YKL141W	730.991344391757	704.172199389399	688.08508537363	640.21948324024	852.599745996283	653.777572013233
YKL065C	1491.22234255918	1469.15035471493	1497.65149983614	1668.7244076558	1486.62538180313	1531.19441335434
YKL013C	1145.82893233408	1131.77537339187	1087.76793145993	1152.21447195282	1116.977989571	1096.15890039172
YKL040C	851.604916216397	775.76630879807	862.424702692016	796.436649108451	769.027292100324	880.681648192607
YKR061W	455.042111883869	469.775046667858	431.212351346008	619.450727084351	515.89918655006	411.365663289225
YKL096W	1176.89606447073	1134.7175970662	995.034092460788	1494.44745382595	1852.25486759796	1803.80578545474
YKR050W	376.460542361755	363.854994392015	318.077067767055	349.45689705779	375.272461244359	306.891844041168
YKL170W	460.524546966807	451.140963397108	523.946190345149	494.838190149015	550.45318191089	488.904826012392
YKR046C	1196.9983264415	1094.50720685037	1096.11397696985	1262.37917851884	1382.15981443318	854.563193380592
YKL210W	2732.08014966419	2701.94207425877	2572.43669383618	3189.35855402613	3377.45215119923	3113.80953461983
YKR002W	634.134991259849	535.484708727872	558.257710774832	565.271363199422	601.078803020943	653.777572013233
YKL015W	515.348897796189	546.272862200411	532.292235855072	651.958345415308	705.544370390892	816.201712875446
snR87	16.4473052488145	16.6726008211975	17.6194294098369	16.2538091654786	14.4644631743008	26.1184548120143
YKL009W	4418.84267684817	4773.26754098636	4740.55384963611	3925.29491346308	2958.78630043197	3684.33453191976
YKL108W	210.16001151263	276.569025386923	255.94539563763	247.419095074508	285.271357048709	314.237659457047
YKR097W	67.6166993562375	68.6518857343425	89.0244854391758	96.6198655947894	58.6614339846642	57.9503216141567
YKL071W	36.5495672195878	50.0178024635924	30.6021668697167	56.8883320791751	29.7325076360627	38.361480505146
YKL075C	314.326278088455	324.625345400962	319.931744547038	304.307427153683	307.771633097622	351.782938249317
YKL206C	511.69394107423	463.8905993192	457.177826265768	489.420253760522	509.470536250371	511.758473972905
YKL195W	1147.65641069506	1164.13983380949	1180.50177045907	1358.99904411363	1538.85816548811	1544.25364076034
YKL130C	414.837587942322	400.142419708739	381.136078286472	400.927292748472	387.326180556276	413.814268427851
YKL064W	1430.91555664686	1389.71031550805	1449.42990355658	1284.95391347089	1064.74520588603	928.021347539383
YKR026C	1100.14197330959	1177.87021095636	1111.87872959971	1212.71476162432	1127.424546308	1190.83829908528
YKL076C	9.13739180489696	10.7881534725395	4.63669194995707	9.02989398082144	8.03581287461153	15.5078325446335
YKL188C	323.463669893352	236.358635171093	226.270567157905	245.613116278343	210.538297314822	187.726393961353
YKL196C	1222.58302349521	1392.65253918238	1399.35363049705	1400.53655642541	1337.96284362282	1471.61168831443
snR42	20.1022619707733	21.5763069450791	16.6920910198455	20.7687561558893	17.6787883241454	20.4050428218862
YKL109W	2558.46970537115	2413.60415417453	2397.16973812781	2406.46674588891	2965.21495073166	1525.48100136421
YKR071C	2975.13477167445	3208.98528746812	3224.35558200015	3818.74216448939	3670.75932112255	3903.89279268326
YKL168C	328.946104976291	292.260884983344	281.91087055739	292.568564978615	252.324524262802	230.168883030876
YKR090W	508.038984352271	463.8905993192	431.212351346008	530.054776674219	589.025083709025	574.606005864314
YKR036C	423.974979747219	450.160222172332	486.852654745493	521.024882693397	490.988166638765	501.964053418399
YKR084C	935.668920821449	1017.02865009305	995.034092460788	1092.61717167939	977.154845552762	995.766089708045
YKL216W	2450.64848207336	2403.79674192676	2481.55753161703	2336.03357283851	2181.72319545703	2119.67584833753
YKR055W	182.747836097939	185.360091482725	190.10436994824	195.948699383825	180.805789678759	176.299569981096
YKL219W	286.914102673765	327.567569075291	320.85908293703	346.747928863543	318.218189834617	354.231543387944
YKL020C	919.221615572634	877.763396174808	824.403828702368	852.421991789544	935.368618604782	935.367162955262
YKL178C	10.9648701658764	15.6918595964211	16.6920910198455	20.7687561558893	17.6787883241454	19.5888411090107
YKL067W	911.911702128717	889.532290872124	916.210329311518	828.944267439408	872.689278182812	914.1459184205
YKL095W	261.329405620053	231.454929047212	238.325966227794	239.292190491768	231.431410788812	183.645385396975
YKR031C	699.924212255107	765.958896550307	676.957024693733	791.018712719958	723.223158715038	820.282721439824
YKR088C	683.476907006293	663.96180917357	663.974287233853	688.980910736676	573.757039247263	666.83679941924
YKL151C	274.121754146909	259.896424565725	278.201516997424	279.926713405465	255.538849412647	183.645385396975
YKL105C	608.550294206138	640.424019778938	565.676417894763	577.913214772572	624.382660357316	531.347315081916
YKL150W	1747.0693130963	1702.56676621169	1706.3026375842	1526.05208275882	1546.09039707526	1339.38701082861
YKL023C-A	232.089751844383	312.856450703647	298.602961577236	274.508777016972	275.628381599176	284.854397793531
YKL138C-A	199.195141346754	157.899337188988	152.083495958592	170.664996237525	216.966947614511	216.293453911993
YKL082C	1889.61262525269	2246.87814596255	2103.20346850053	2019.98728350976	1874.75514364687	2254.34913096198
YKR070W	440.422284996034	427.603174002476	495.198700255416	450.59170964299	450.809102265707	427.689697546734
YKR021W	544.588551571859	574.714357718924	600.915276714437	613.129801297776	639.650704819078	599.908258963453
YKR016W	964.908574597119	914.050821491532	894.881546341715	911.116302664884	1025.36972280043	1129.62317061962
YKR059W	2695.5305824446	2957.91553392539	2905.3511758431	2506.69856907603	2360.92182256087	2562.05717671603
YKR069W	252.192013815156	330.50979274962	304.166991917184	376.546579000254	415.451525617416	430.954504398236
YKR053C	42.032002302526	47.0755787892634	38.9482123796394	33.4106077290393	35.3575766482907	28.5670599506406
YKL218C	480.62680893758	529.600261379214	540.638281364995	579.719193568737	478.934447326847	321.583474872926
YKL167C	285.086624312785	253.031235992291	248.526688517699	267.284861832315	295.717913785704	357.496350239446
YKL142W	1213.44563169032	1171.00502238293	1311.25648344786	1284.05092407281	1270.46201547608	1145.94720487713
YKL011C	239.3996652883	267.742354363936	251.308703687673	257.351978453411	237.860061088501	328.113088575929
YKL160W	959.426139514181	991.529378248861	1010.79884509064	958.071751365155	908.046854831103	915.778321846251
YKL144C	411.182631220363	438.391327475016	466.451210165682	361.195759232858	368.843810944669	447.278538655745
YKL055C	31.0671321366497	37.2681665415002	36.1661972096652	54.1793638849287	43.3933895229023	32.6480685150179
YKR043C	2545.67735684429	2516.58198277604	2588.20144646604	2400.14582010234	2175.29454515734	1647.09505658265
YKR039W	3671.4040272076	3947.48342972469	3448.77147237807	4360.53580333867	5352.65495577874	3725.14461756354
YKL019W	893.636918518923	741.440365930899	778.036909202797	801.854585496944	749.741341201256	452.175748932997
YKL184W	952.116226070263	972.895294978111	862.424702692016	765.735009573658	781.884592699702	786.002249499055
YKR029C	389.252890888611	361.893511942463	345.897219466798	307.919384746011	400.183481155654	466.867379764755
YKL176C	1211.61815332934	1253.38728526414	1097.96865374984	1070.94542612542	1074.38818133556	1200.63271963978
YKL033W-A	1224.41050185619	1308.30879385161	1341.85865031758	1178.4011644972	1149.92482235691	1268.37746180844
YKL090W	243.054622010259	225.570481698554	202.159769018128	205.881582762729	196.877415427983	239.963303585381
YKR041W	38.3770455805672	28.4414955185133	25.9654749197596	41.5375123117786	45.0005520978246	23.6698496733879
YKL010C	959.426139514181	1099.41091297426	1037.69165840039	1123.31881121419	1223.85430080334	1274.90707551145
YKL032C	1323.09433334908	1295.55915792952	1224.08667478867	1097.13211866981	1240.72950784002	873.335832776728
YKR051W	336.256018420208	292.260884983344	319.004406157047	297.986501367108	278.84270674902	328.929290288805
YKR098C	175.437922654022	154.957113514659	178.048970878352	166.150049247115	205.716809590055	233.433689882378
YKL175W	1191.51589135856	1199.44651790144	1117.44275993965	1100.74407626213	1047.86999884934	1034.12757021319
YKL120W	3201.7420884359	3812.14114070556	3524.81322035737	4149.23628418745	3628.97309417457	4578.07540751838
YKL222C	345.393410225105	297.164591107225	287.474900897339	337.718034882722	367.236648369747	389.328217041588
YKL092C	414.837587942322	475.659494016516	408.956229986214	465.039540012304	499.023979513376	555.017164755303
YKL068W	1412.64077303707	1711.39343723468	1698.88393046427	1787.91900820265	1992.0780116162	2184.15578365469
YKR009C	259.501927259074	177.514161684514	204.014445798111	208.590550956975	163.930582642075	150.181115169082
YKR028W	1315.78441990516	1265.15617996145	1183.28378562905	1227.16259199363	1298.58736053722	1363.056860502
YKR076W	122.441050185619	113.765982074053	116.844637138918	155.314176470129	199.288159290366	171.402359703844
YKR106W	7.30991344391757	13.7303771468685	15.7647526298541	15.3508197673965	13.6608818868396	13.0592274060071
YKL197C	387.425412527631	357.970547043357	364.443987266626	392.800388165733	403.397806305499	366.474569081075
YKL152C	55591.8917409931	52146.010921357	54227.039693138	50301.9274095639	45501.9868212003	36735.6066930981
YKL093W	38.3770455805672	24.518530619408	24.1107981397768	16.2538091654786	28.9289263486015	26.1184548120143
YKL080W	3324.18313862151	3396.3068614004	3235.48364268005	2969.93213029217	2916.19649219652	3179.92187336274
YKL185W	2039.465850853	2105.65140959476	2014.17898306135	1991.99461216921	2331.99289621227	1956.43550576244
YKR081C	2286.17542958522	2427.3345313214	2358.22152574817	1981.15873939222	1513.94714557681	2055.19591302037
YKL101W	1021.56040378748	1243.57987301638	1049.74705747028	1316.55854240377	1582.25155501101	1669.94870454316
YKR008W	674.339515201396	702.210716939846	682.521055033681	688.077921338594	691.883488504053	870.887227638101
YKL056C	18181.582213384	17622.9390680057	18211.0713026514	14401.7779100121	11668.8038752234	9506.30134986032
YKL156W	4057.00196137425	3886.67747378856	4036.70401163263	3471.09124622776	3261.73644580482	3198.69451275887
YKL162C	109.648701658764	97.0933812528558	105.716576459021	86.6869822158859	57.857852697203	84.068776426171
YKL192C	1217.10058841228	1233.77246076861	1250.05214970843	1236.19248597446	1334.74851847298	1085.54827812434
YKR064W	389.252890888611	399.161678483963	429.357674566025	441.561815662169	424.290919779489	528.082508230414
YKL017C	429.457414830157	422.699467878595	370.935355996566	456.009646031483	409.826456605188	354.231543387944
YKL204W	774.850825055262	813.03447533957	744.652727163106	836.168182624066	940.190106329549	980.258257163411
YKL190W	643.272383064746	682.59589244432	698.285807663535	734.130380640783	765.812966950479	681.528430250998
YKL211C	1348.67903040279	1296.5398991543	1259.32553360834	1179.30415389528	1288.94438508769	1068.40804215396
YKL115C	29.2396537756703	21.5763069450791	29.6748284797253	20.7687561558893	26.5181824862181	34.2804719407687
YKL107W	14.6198268878351	7.84592979821057	15.7647526298541	27.9926713405465	18.4823696116065	15.5078325446335
YKL127W	1624.62826291068	1757.48827479917	1623.76952087497	1758.12035806594	1594.30527432293	1465.8982763243
YKR049C	158.990617405207	142.207477592567	162.284218248498	159.82912346054	113.304961532023	85.7011798519219
YKL052C	352.703323669023	312.856450703647	304.166991917184	303.4044377556	326.254002709228	212.212445347616
YKL053C-A	144.370790517372	136.323030243909	175.266955708377	186.015816004922	178.395045816376	226.904076179374
YKL121W	403.872717776446	311.87570947887	307.87634547715	290.76258618245	316.611027259694	283.22199436778
YKL050C	111.476180019743	96.1126400280795	86.2424702692016	92.1049186043787	96.4297544953384	93.8631969806763
YKL194C	285.086624312785	281.472731510804	248.526688517699	312.434331736422	359.200835495135	338.72371084331
YKR037C	175.437922654022	188.302315157054	203.08710740812	223.941370724372	241.877967525807	224.455471040748
YKL059C	361.84071547392	328.548310300068	343.115204296823	404.539250340801	398.576318580732	347.70192968494
YKL205W	1206.1357182464	1410.30588122835	1325.16655929773	1408.66346100815	1387.78488344541	1909.91200812854
YKL137W	279.604189229847	270.684578038265	289.329577677321	338.621024280804	294.914332498243	350.966736536442
YKR015C	23.7572186927321	18.6340832707501	14.8374142398626	16.2538091654786	20.89311347399	15.5078325446335
YKL146W	621.342642732993	603.155853237438	632.444781974145	670.921122775033	720.008833565193	582.768022993069
YKR003W	321.636191532373	392.296489910529	433.067028125991	475.87541278929	569.739132809958	621.94570521109
YKL028W	957.598661153202	949.357505583479	980.196678220925	961.683708957484	961.886801091	934.550961242386
YKR010C	325.291148254332	305.991262130212	294.89360801727	353.971844048201	324.646840134306	400.755041021844
YKL193C	469.661938771704	487.428388713832	545.274973314952	545.405596441615	488.577422776381	522.369096240286
YKL212W	2724.77023622027	2912.80143758567	2979.53824704242	2795.65517646232	2542.53119352709	2460.0319626066
YKL054C	3015.339295616	3022.64445476062	3074.12676282154	3494.5689705779	3442.54223548358	3133.39837572884
YKR096W	595.757945679282	686.518857343425	533.219574245064	626.674642269008	627.596985507161	635.821134329973
YKL006C-A	261.329405620053	305.010520905436	331.059805226935	288.053617988204	254.735268125186	310.15665089267
YKL164C	6253.63095127148	5805.00730945105	6146.3988488631	6028.3572215964	7359.19743056924	7067.49063178849
YKL026C	137.060877073454	151.034148615554	162.284218248498	119.194600546843	90.0011041956491	77.5391627231674
YKL044W	65.7892209952581	82.382262881211	65.8410256893905	56.8883320791751	92.4118480580326	93.8631969806763
YKL089W	177.265401015001	182.417867808396	194.741061898197	210.39652975314	249.913780400419	288.119204645033
YKR077W	213.814968234589	213.801587001238	197.523077068171	205.881582762729	268.396150012025	270.978968674648
YKR095W-A	248.537057093197	199.090468629593	265.218779537545	241.098169287933	244.288711388191	280.773389229154
YKL079W	575.655683708509	552.157309549069	548.984326874918	659.182260599965	567.328388947574	611.335082943709
YKL161C	286.914102673765	303.049038455883	268.92813309751	511.994988712576	545.631694186123	570.524997299937
YKL159C	299.70645120062	271.665319263041	280.056193777407	316.949278726833	274.824800311714	154.262123733459
YKR030W	453.214633522889	504.100989535029	508.181437715295	449.688720244908	415.451525617416	486.456220873766
YKL042W	325.291148254332	306.972003354989	303.239653527193	289.859596784368	340.718465883529	396.674032457467
YKR020W	264.984362342012	246.166047418857	299.530299967227	258.254967851493	253.128105550263	217.925857337744
YKL012W	663.374645035519	550.195827099516	592.569231204514	607.711864909283	585.810758559181	647.247958310229
YKL106W	983.183358206913	1089.60350072649	1036.7643200104	1105.25902325254	1062.33446202364	1351.63003652174
YKR075C	222.952360039486	188.302315157054	184.540339608292	104.746770177529	157.501932342386	132.224677485822
YKR065C	624.997599454952	610.021041810872	580.513832134626	669.115143978869	634.829217094311	620.313301785339
YKL043W	902.77431032382	807.150027990913	910.646298971569	674.533080367362	820.456494497837	568.076392161311
YKL045W	478.799330576601	468.794305443082	499.835392205373	549.017554033944	599.47164044602	596.643452111951
YKR060W	509.86646271325	611.982524260425	634.299458754128	632.995568055583	513.488442687677	780.288837508927
YKL085W	1180.55102119269	1121.96796114411	1258.39819521835	1002.31823187118	1308.23033598676	884.762656756984
YKL165C	933.841442460469	1037.62421581335	865.20671786199	1005.93018946351	1093.67413223463	1391.62392045264
YKL003C	345.393410225105	321.683121726633	356.097941756703	378.352557796418	339.914884596068	388.512015328712
YKL072W	264.984362342012	296.183849882449	325.495774886987	234.777243501358	296.521495073166	373.820384496954
YKL186C	893.636918518923	886.590067197795	879.116793711861	860.548896372284	956.261732078772	737.030146726528
snR64	7.30991344391757	3.92296489910529	15.7647526298541	13.5448409712322	9.64297544953384	5.71341199012812
YKL132C	252.192013815156	237.33937639587	257.800072417613	184.209837208757	149.466119467774	119.981651792691
YKL078W	880.844569992067	875.801913725255	835.531889382265	773.861914156398	625.186241644777	817.834116301197
YKL001C	804.090478830933	801.265580642255	868.916071421956	1252.44629513993	1297.78377924976	1377.74849133375
YKL046C	1337.71416023692	1289.67471058086	1327.02123607771	1333.71534096733	1264.83694646386	1145.13100316425
YKR017C	385.597934166652	280.491990286028	315.295052597081	283.538670997793	245.092292675652	255.471136130015
YKL058W	588.448032235364	575.695098943701	617.607367734282	559.853426810929	569.739132809958	555.017164755303
YKL208W	149.85322560031	150.053407390777	139.100758498712	200.463646374236	195.27025285306	169.769956278093
YKR005C	95.0288747709284	78.4592979821057	61.2043337394334	78.5600776331466	71.5187345840426	64.4799353171603
YKR034W	47.5144373854642	48.0563200140397	47.2942578895622	64.1122472638322	75.5366410213484	41.6262873566478
YKL060C	100856.703264092	100604.434837555	102284.497077663	80720.028273359	73284.2026725948	54281.4949147816
YKR091W	603.067859123199	637.481796104609	628.735428414179	763.026041379412	662.954562155451	395.857830744591
YKL171W	202.850098068713	210.859363326909	200.305092238146	200.463646374236	246.699455250574	199.153217941609
YKL025C	718.198995864901	763.016672875978	780.818924372771	727.809454854208	722.419577427577	830.077141994329
YKL023W	204.677576429692	189.28305638183	208.651137748068	208.590550956975	227.413504351506	172.218561416719
YKL215C	464.179503688766	497.235800961595	449.759119145836	573.398267782162	586.614339846642	609.702679517958
YKL136W	25.5846970537115	15.6918595964211	15.7647526298541	19.8657667578072	16.8752070366842	18.7726393961353
YKL033W	365.495672195878	366.797218066344	392.264138966368	429.822953487101	400.183481155654	517.471885963033
YKR023W	409.355152859384	377.585371538884	426.575659396051	400.02430335039	432.3267326541	420.343882130855
YKR067W	330.77358333727	283.434213960357	298.602961577236	288.053617988204	362.41516064498	359.128753665196
YKL098W	385.597934166652	346.201652346041	363.516648876635	353.068854650118	347.147116183218	306.891844041168
YKL114C	853.432394577376	867.955983927044	902.300253461647	875.89971613968	827.688726084988	965.566626331653
YKL145W	2030.3284590481	2094.86325612222	2170.8991709699	2645.75893638068	2655.83615505911	2272.30556864524
YKL057C	1162.27623758289	1235.73394321816	1171.22838655916	1230.77454958596	1255.19397101432	1613.63078635476
YKL128C	1005.11309853867	1018.00939131782	1046.03770391032	867.772811556941	833.313795097216	683.160833676749
YKL008C	1438.22547009078	1450.51627144418	1317.7478521778	1280.43896648048	1038.22702339981	1256.95063782819
YKL029C	5999.61145909534	6385.60611451863	6061.08371698389	5695.15413370408	4495.23372205769	3141.56039285759
YKR047W	31.0671321366497	25.4992718441844	31.5295052597081	40.6345229136965	23.3038573363734	47.3396993467759
YKL066W	158.990617405207	161.822302088093	162.284218248498	150.799229479718	181.609370966221	127.32746720857
YKL119C	336.256018420208	367.777959291121	342.187865906832	379.255547194501	364.022323219902	433.403109536862
YEL041W	62.1342642732993	44.1333551149345	40.8028891596223	60.5002896715037	69.9115720091203	49.7883044854022
YER011W	31.0671321366497	35.3066840919476	27.8201516997424	18.0597879616429	16.8752070366842	23.6698496733879
YER056C-A	6739.740195292	7988.13727580314	8106.79220530495	6769.71151742184	6034.0918875458	5500.38334306763
YEL067C	20.1022619707733	24.518530619408	11.128060679897	27.0896819424643	32.9468327859073	28.5670599506406
YEL054C	11805.5102119269	11908.1599512341	12674.8611144027	9866.96515284359	8513.94374065092	7338.46960046314
YEL047C	1319.43937662712	1285.75174568176	1145.2629116394	1062.81852154268	986.797821002296	863.541412222222
YER146W	586.620553874385	597.27140588878	624.098736464222	587.846098151476	544.024531611201	339.539912556186
YER159C	888.154483435985	982.702707225874	976.48732466096	897.571461693651	942.600850191933	840.68776426171
YER183C	378.288020722734	307.952744579765	326.423113276978	336.81504548464	285.271357048709	299.546028625289
YEL059C-A	93.201396409949	67.6711445095662	78.8237631492703	77.6570882350644	106.072729944872	56.3179181884058
YER172C	990.493271650831	1008.20197907006	931.975081941372	900.280429887898	849.385420846439	935.367162955262
YER092W	248.537057093197	205.955657203027	269.855471487502	254.643010259165	265.181824862181	261.184548120143
YEL032W	847.949959494438	853.2448655554	771.545540472857	756.705115592837	826.081563510065	719.073709043268
YEL040W	10007.2715047232	10355.6465924132	9451.4328707925	9093.10323868719	8673.05283556823	7699.23075755409
YER105C	1160.44875922191	1262.21395628713	1247.27013453845	1248.83433754761	1383.76697700811	1477.32510030456
YEL053C	787.643173582118	798.323356967926	744.652727163106	921.049186043787	865.457046595662	1066.77563872821
YEL046C	3817.60229608595	3788.60335131093	3617.54705935651	3698.64457454446	3852.36869208877	3134.21457744171
YER137C	89.5464396879902	86.3052277803163	102.007222899056	102.037801983282	83.5724538959599	121.614055218442
YER013W	407.527674498404	439.372068699792	396.900830916326	445.173773254497	520.720674274827	550.119954478051
YER147C-A	14.6198268878351	10.7881534725395	10.2007222899056	7.22391518465716	0.803581287461153	10.6106222673808
YEL036C	1414.46825139805	1572.12818331644	1538.45438899576	1425.82025957171	1555.73337252479	1221.03776246167
YER094C	1423.60564320295	1488.76517921046	1484.66876237626	1666.01543946156	1656.9846147449	1192.47070251103
YER038C	206.505054790671	201.051951079146	219.779198427965	223.941370724372	198.484578002905	277.508582377652
YEL034W	23413.652760868	23031.7269226471	23961.4966589882	22620.7874113558	22923.7633874043	17155.743802929
YER144C	760.230998167427	734.575177357465	723.323944193304	849.713023595298	796.349055874003	723.970919320521
YER069W	709.061604060004	814.995957789123	732.597328093218	700.719772911744	819.652913210376	544.406542487923
YEL066W	222.952360039486	197.128986180041	220.706536817957	200.463646374236	213.752622464667	162.424140862214
YER161C	747.438649640571	752.228519403439	770.618202082866	755.802126194755	720.812414852654	774.575425518799
YER131W	12213.0378864253	11733.5880132239	13494.6282511551	10141.4739298606	9151.18370160761	8478.70339335014
YER027C	710.889082420984	692.403304692083	681.59371664369	678.14503795969	767.420129525401	585.216628131695
YER088C-A	56.6518291903612	62.7674383856846	71.405056029339	79.4630670312287	80.3581287461153	62.8475318914094
YER002W	2671.77336375187	2670.55835506592	2756.04969505449	2483.2208447259	2094.13283512377	2346.57992451691
YEL062W	277.776710868868	292.260884983344	250.381365297682	281.732692201629	300.539401510471	299.546028625289
YEL074W	9.13739180489696	4.90370612388161	15.7647526298541	9.93288337890359	11.2501380244561	7.34581541587902
YER142C	107.821223297784	107.881534725395	123.336005868858	147.18727188739	179.198627103837	210.580041921865
YER035W	294.224016117682	270.684578038265	302.312315137201	252.837031463	262.771080999797	118.34924836694
YER145C	1407.15833795413	1222.0035660713	1152.68161875933	1312.04359541336	1557.34053509971	1477.32510030456
YER176W	915.566658850675	1034.68199213902	936.611773891329	999.609263676934	1133.04961532023	1114.11533807498
YER071C	202.850098068713	190.263797606606	229.979920717871	201.366635772318	214.556203752128	211.396243634741
YER150W	495.246635825415	578.63732261803	637.081473924102	323.270204513408	145.448213030469	40.8100856437723
YER177W	7708.30372661108	7404.59624706123	7726.58346540847	7591.43186967659	8055.90240679806	5812.17239738605
YER123W	652.409774869643	633.558831205504	682.521055033681	651.958345415308	683.04409434198	772.943022093048
YEL018W	358.185758751961	319.721639277081	339.405850736858	348.553907659708	367.236648369747	318.318668021424
YER116C	244.882100371239	219.686034349896	273.564825047467	225.747349520536	257.146011987569	195.072209377232
YER043C	12461.5749435185	12347.5320199339	12413.3516884251	11002.0228262328	8896.44843348243	8144.87689278408
YEL004W	199.195141346754	278.530507836475	267.073456317527	251.031052666836	230.627829501351	256.28733784289
YER141W	990.493271650831	1014.08642641872	981.124016610917	1000.51225307502	1136.26394047007	905.16769957887
YER170W	127.923485268557	107.881534725395	117.77197552891	139.06036730465	166.341326504459	126.511265495694
YER047C	497.074114186395	456.044669520989	409.883568376205	427.113985292854	497.416816938454	429.322100972485
YER132C	570.17324862557	636.501054879833	560.112387554815	616.741758890105	690.276325929131	627.659117201218
YEL068C	129.750963629537	151.034148615554	128.900036208807	145.381293091225	146.25179431793	155.89452715921
YER080W	1337.71416023692	1208.27318892443	1289.92770047806	1340.0362667539	1468.14301219153	1513.23797567108
YER052C	2273.38308105836	2584.25312728561	2511.23236009675	2361.31727598481	2601.99620879921	2555.52756301302
YER070W	1752.55174817924	1915.38761198816	1681.26450105444	1861.96413884538	2478.2446905302	2961.99601602499
YEL007W	1169.58615102681	1307.32805262684	1213.88595249876	1463.74581429116	1587.87662402324	1128.80696890674
YER115C	316.153756449435	338.355722547831	341.260527516841	338.621024280804	309.378795672544	317.502466308549
YER076C	191.885227902836	163.783784537646	180.830986048326	142.672324896979	149.466119467774	121.614055218442
YEL021W	1836.61575278429	1868.31203319889	1947.41061898197	1643.4407045095	1461.71436189184	1243.0752087093
YEL026W	4983.5334903908	4592.81115562751	4586.61567689754	3630.01738029022	3007.00117767964	3935.7246594854
YER040W	288.741581034744	274.60754293737	271.710148267485	275.411766415054	360.807998070058	337.091307417559
YEL016C	285.086624312785	280.491990286028	247.599350127708	263.672904239986	296.521495073166	264.449354971645
YER012W	1741.58687801336	1878.11944544666	1761.0156025937	2095.83839294866	2201.81272764356	2160.48593398131
YER185W	78.5815695221139	64.7289208352372	52.8582882295106	45.1494699041072	43.3933895229023	38.361480505146
YEL060C	2282.52047286326	2145.86179981059	2135.66031215023	2616.86327564205	2957.9827191445	1360.60825536337
YEL052W	694.441777172169	617.866971609082	659.337595283896	601.390939122708	693.490651078975	584.40042641882
YER149C	414.837587942322	429.564656452029	472.942578895622	448.785730846826	458.041333852857	457.07295921025
YER111C	347.220888586085	424.660950328147	396.900830916326	464.136550614222	562.506901222807	745.192163855283
YER081W	990.493271650831	932.684904762282	789.164969882694	1172.08023871062	634.829217094311	777.8402323703
YER010C	219.297403317527	232.435670271988	264.291441147553	265.47888303615	287.682100911093	256.28733784289
YER018C	65.7892209952581	80.4207804316584	77.8964247592788	66.8212154580787	85.1796164708822	43.2586907823987
YER072W	4544.93868375575	4404.50884047046	4434.53218093895	3503.59886455872	3149.23506556026	3179.92187336274
YER093C	531.796203045003	489.389871163384	481.288624405544	567.077341995587	585.007177271719	558.281971606805
YER178W	3653.12924359781	3436.51725161623	3256.81242564985	3546.94235566666	3313.16564820233	2615.11028805293
YER030W	782.16073849918	708.095164288504	749.289419113063	755.802126194755	864.653465308201	781.105039221802
YER128W	137.060877073454	154.957113514659	144.664788838661	181.500869014511	208.9311347399	182.012981971225
YER003C	1706.86478915475	1648.625998849	1612.64146019507	1711.16490936566	1758.235856965	1985.00256571309
YER163C	237.572186927321	242.243082519751	240.180643007776	292.568564978615	269.199731299486	230.168883030876
YEL005C	186.402792819898	194.186762505712	186.395016388274	195.045709985743	182.412952253682	185.277788822726
YER173W	239.3996652883	239.300858845422	232.761935887845	280.829702803547	261.163918424875	286.486801219282
YEL065W	319.808713171394	270.684578038265	255.018057247639	469.554487002715	543.22095032374	692.139052518379
YEL055C	2134.49472562393	2200.78330839807	2184.80924681977	2051.59191244263	1824.12952253682	2468.19397973535
YER029C	462.352025327786	483.505423814726	459.959841435742	403.636260942719	420.273013342183	421.976285556606
YER089C	1366.95381401259	1421.09403470089	1327.02123607771	1321.07348939418	1228.6757885281	950.874995499895
YER179W	34.7220888586085	20.5955657203028	23.1834597497854	18.962777359725	16.0716257492231	16.3240342575089
YEL011W	208.332533151651	179.475644134067	186.395016388274	111.970685362186	87.5903603332657	74.2743558716656
YER166W	864.397264743253	1023.89383866648	881.898808881836	995.997306084605	962.690382378461	904.351497865995
YER061C	449.559676800931	458.006151970542	463.669194995707	467.748508206551	384.915436693892	356.68014852657
YER082C	1385.22859762238	1560.35928861913	1539.38172738575	1454.71592031033	1370.10609512127	1563.02628015648
YER118C	935.668920821449	877.763396174808	864.279379471999	982.452465113373	977.958426840223	874.968236202478
YER152C	431.284893191137	416.815020529937	393.19147735636	464.136550614222	502.238304663221	285.670599506406
YER107C	904.601788684799	731.632953683136	741.870711993132	741.354295825441	651.704424130995	701.933473072884
YER020W	712.716560781963	717.902576536267	772.472878862849	740.451306427358	715.990927127887	343.620921120563
YER125W	1926.16219247228	1930.0987303598	1866.73217905272	1780.69509301799	1760.64660082739	1604.65256751313
YER122C	2057.7406344628	2171.36107165478	2063.3279177309	2050.68892304455	2076.45404679962	2285.36479605125
YER038W-A	18.2747836097939	11.7688946973159	9.27338389991415	10.8358727769857	6.42865029968922	3.26480685150179
YER057C	1165.93119430485	1171.00502238293	1274.1629478482	1114.28891723337	1015.7267473509	990.868879430792
YEL033W	8622.04290710077	8299.03224405723	8982.19964545685	8281.31576981135	9651.01126240845	6772.84181344045
YER006W	3327.83809534347	3630.70401412194	3532.2319274773	3127.05228555847	2311.09978273828	2807.73389229154
YER007W	197.367662985774	217.724551900343	216.997183257991	217.620444937797	201.698903152749	232.617488169502
YEL002C	2255.10829744857	2345.93300966496	2339.67475794834	2222.25690868016	2093.3292538363	2264.95975322936
YEL064C	157.163139044228	149.072666166001	171.557602148412	173.373964431772	187.234439978449	220.374462476371
YER103W	575.655683708509	451.140963397108	449.759119145836	413.569144321622	589.828664996486	408.917058150599
YER007C-A	1670.31522193516	1740.81567397797	1769.36164810362	1489.02951743746	1306.62317341184	1510.78937053245
snR80	7.30991344391757	6.86518857343425	12.0553990698884	9.02989398082144	6.42865029968922	10.6106222673808
YER093C-A	105.993744936805	99.0548637024085	100.152546119073	116.485632352597	132.59091243109	98.760407257929
YER120W	2293.48534302914	2109.57437449387	2186.66392359976	2261.08545279769	2305.47471372605	1710.75879018694
YER033C	296.051494478662	264.800130689607	229.979920717871	290.76258618245	294.914332498243	273.427573813275
YER054C	62.1342642732993	50.9985436883687	74.1870711993132	66.8212154580787	64.2865029968923	53.8693130497795
YER164W	1218.92806677325	1321.05842977371	1230.57804351861	1340.0362667539	1359.65953838427	1305.92274060071
YER139C	151.68070396129	120.631170647488	171.557602148412	154.411187072047	161.519838779692	173.034763129595
YEL042W	2176.52672792646	2318.47225537122	1984.50415458163	2121.12209609496	1889.21960682117	2085.39537639677
YER008C	824.192740801706	880.705619849137	868.916071421956	880.414663130091	887.957322644574	959.037012628649
YER114C	785.815695221139	811.072992890018	786.38295471272	802.757574895026	850.992583421361	843.136369400336
YER034W	221.124881678506	182.417867808396	206.796460968086	185.11282660684	165.537745216998	133.857080911573
YER014W	349.048366947064	435.449103800687	443.267750415896	428.016974690936	410.630037892649	413.814268427851
YER143W	511.69394107423	449.179480947555	502.617407375347	559.853426810929	648.490098981151	577.054611002941
YER053C-A	191.885227902836	159.86081963854	180.830986048326	141.769335498897	121.340774406634	101.209012396555
YER028C	133.405920351496	136.323030243909	146.519465618644	143.575314295061	121.340774406634	119.981651792691
YER048C	1381.57364090042	1294.57841670474	1437.37450448669	1259.67021032459	1166.80002939359	1145.13100316425
YER044C	1302.99207137831	1450.51627144418	1414.19104473691	1291.27483925747	1161.97854166883	1247.15621727368
YEL039C	95.0288747709284	104.939311051066	110.353268408978	74.948120040818	94.0190106329549	68.5609438815375
YER053C	1938.95454099914	1773.18013439559	1836.130012183	1465.55179308732	805.188450036075	415.446671853602
YER155C	2288.0029079462	2472.44862766111	2281.25243937888	2348.67542441166	2157.6157568332	2605.31586749842
snR4	137.060877073454	116.708205748382	112.207945188961	120.097589944925	95.6261732078772	125.695063782819
YER050C	456.869590244848	498.216542186371	465.52387177569	521.024882693397	540.810206461356	621.94570521109
YER031C	1339.54163859789	1379.90290326028	1253.76150326839	1408.66346100815	1354.8380506595	1158.19023057026
YER037W	1893.26758197465	2010.51951079146	2045.70848832106	1383.37975786185	1272.06917805101	797.429073479311
YEL006W	495.246635825415	509.004695658911	502.617407375347	520.121893295315	534.381556161667	560.730576745432
YER100W	966.736052958099	1021.93235621693	1001.52546119073	994.191327288441	945.011594054316	927.205145826507
YER015W	208.332533151651	170.64897311108	205.869122578094	176.9859220241	155.091188480003	174.667166555346
YER129W	793.125608665056	872.859690050926	816.985121582436	850.61601299338	867.064209170584	821.915124865575
YEL072W	148.025747239331	148.091924941225	144.664788838661	158.926134062457	133.394493718551	132.224677485822
YER048W-A	407.527674498404	520.773590356227	492.416685085441	479.487370381619	510.274117537832	576.238409290065
YER051W	237.572186927321	229.493446597659	214.215168088017	204.075603966565	204.913228302594	244.860513862634
YER171W	840.64004605052	915.031562716308	911.573637361561	944.526910393923	812.420681623226	1029.23035993594
YER078C	515.348897796189	501.1587658607	551.766342044892	440.658826264086	440.362545528712	444.013731804243
YER169W	498.901592547374	537.446191177424	485.925316355501	556.241469218601	618.757591345088	765.597206677169
YEL003W	606.722815845158	622.770677732964	650.064211383982	608.614854307365	561.703319935346	743.559760429532
YEL017C-A	1377.91868417846	1393.63328040715	1382.6615394772	983.355454511455	777.866686262396	1134.52038089687
YER133W	3126.81547563574	3197.21639277081	3211.37284454027	3117.11940217956	2874.41026524854	3524.35899619618
YER060W	612.205250928096	608.059559361319	596.27858476448	509.286020518329	392.147668281043	363.209762229574
YER186C	460.524546966807	471.736529117411	505.399422545321	477.681391585454	418.665850767261	413.814268427851
YER188W	164.473052488145	147.111183716448	166.920910198455	115.582642954514	61.0721778470476	39.9938839308969
YER022W	456.869590244848	499.197283411148	522.091513565167	516.509935702987	496.613235650993	608.070276092208
YER157W	840.64004605052	778.708532472399	727.033297753269	764.832020175576	745.72343476395	800.693880330813
YEL038W	352.703323669023	330.50979274962	342.187865906832	308.822374144093	327.057583996689	307.708045754043
YER066W	49.3419157464436	30.402977968066	59.3496569594506	37.9255547194501	28.1253450611404	33.4642702278933
YER098W	264.984362342012	188.302315157054	198.450415458163	168.859017441361	159.912676204769	145.283904891829
RPR1	14.6198268878351	22.5570481698554	11.128060679897	12.64185157315	9.64297544953384	12.2430256931317
YER063W	550.070986654797	629.635866306398	572.167786624703	653.764324211473	666.168887305296	657.85858057761
YER127W	654.237253230622	715.941094086715	725.178620973286	707.943688096401	789.920405574314	912.513514994749
YER154W	699.924212255107	803.227063091807	743.725388773115	850.61601299338	969.922613965612	715.808902191766
YER032W	400.217761054487	447.217998498003	447.904442365853	525.539829683808	648.490098981151	695.40385936988
YER180C-A	69.4441777172169	64.7289208352372	52.8582882295106	70.4331730504073	58.6614339846642	67.744742168662
YEL071W	2267.90064597543	2337.10633864197	2341.52943472832	2280.04823015741	2920.21439863383	2636.33153258769
YEL057C	73.0991344391757	72.5748506334478	91.8065006091501	43.3434911079429	37.7683205106742	44.8910942081495
YEL043W	835.157610967582	903.262668018992	795.656338612634	847.004055401051	894.385972944263	891.292270459987
YER096W	82.2365262440726	92.1896751289742	79.7511015392617	69.5301836523251	37.7683205106742	61.2151284656585
YER017C	919.221615572634	942.492317010045	933.829758721355	949.041857384334	1088.85264450986	1056.9812181737
YEL019C	58.4793075513406	84.3437453307636	79.7511015392617	70.4331730504073	87.5903603332657	77.5391627231674
YER009W	4137.41100925734	4199.53392449221	4428.04081220901	3730.24920347734	3133.9670210985	4007.55041021844
YER104W	115.131136741702	112.785240849277	126.118021038832	116.485632352597	114.912124106945	92.2307935549254
YER067W	588.448032235364	682.59589244432	691.794438933596	287.150628590122	120.537193119173	78.3553644360428
SCR1	67.6166993562375	56.8829910370266	29.6748284797253	62.306268467668	76.3402223088095	25.3022530991388
YER044C-A	62.1342642732993	43.1526138901581	30.6021668697167	53.2763744868465	57.0542714097419	56.3179181884058
YER101C	210.16001151263	188.302315157054	208.651137748068	195.948699383825	204.913228302594	195.072209377232
YER121W	18.2747836097939	14.7111183716448	15.7647526298541	15.3508197673965	11.2501380244561	13.8754291188826
YER019C-A	1436.3979917298	1223.96504852085	1410.48169117694	1183.81910088569	1174.83584226821	1062.69463016383
YEL050C	648.754818147684	637.481796104609	604.624630274403	690.78688953284	802.777706173692	765.597206677169
YER062C	405.700196137425	448.198739722779	417.302275496137	438.852847467922	548.042438048506	419.527680417979
YER016W	730.991344391757	694.364787141636	833.677212602282	780.182839942973	847.778258271517	744.375962142407
YEL025C	608.550294206138	654.154396925806	621.316721294248	610.42083310353	700.722882666126	749.27317241966
YER024W	233.917230205362	225.570481698554	214.215168088017	236.583222297522	249.110199112957	195.072209377232
YER023W	1589.90617405207	1622.14598578004	1654.37168774468	1684.0752274232	1626.44852582137	1360.60825536337
YER079W	392.907847610569	297.164591107225	299.530299967227	208.590550956975	184.020114828604	102.841415822306
YER136W	2013.88115379929	2060.53731325505	2031.79841247119	2087.71148836592	2090.11492868646	1992.34838112896
YER151C	1341.36911695887	1470.13109593971	1375.24283235727	1463.74581429116	1582.25155501101	1637.30063602815
YEL029C	566.518291903612	532.542485053543	574.949801794677	506.577052324083	483.755935051614	489.721027725268
YER065C	202.850098068713	158.880078413764	162.284218248498	156.217165868211	177.591464528915	150.997316881958
YER147C	235.744708566342	224.589740473778	217.924521647982	223.03838132629	227.413504351506	220.374462476371
YER064C	460.524546966807	553.138050773845	451.613795925819	577.01022537449	705.544370390892	966.382828044528
YER119C	131.578441990516	129.457841670474	138.173420108721	134.54542031424	235.449317226118	171.402359703844
YER068W	754.748563084489	783.612238596281	821.621813532394	772.055935360233	769.830873387785	825.996133429952
YER158C	665.202123396499	476.640235241292	454.395811095793	416.278112515869	392.951249568504	231.801286456627
YER138W-A	67.6166993562375	60.8059559361319	57.4949801794677	55.985342681093	64.2865029968923	81.6201712875446
YER130C	1800.0661855647	1986.00098017205	1928.86385118214	1934.20329069195	1723.68186160417	1082.28347127284
YEL015W	1255.47763399284	1237.69542566772	1242.6334425885	1312.04359541336	1290.55154766261	1363.87306221487
YER153C	56.6518291903612	39.2296489910529	38.9482123796394	41.5375123117786	62.6793404219699	23.6698496733879
YER113C	685.304385367272	736.536659807017	689.939762153613	723.294507863798	765.009385663018	901.086691014493
YEL030W	219.297403317527	197.128986180041	209.57847613806	242.001158686015	206.520390877516	204.050428218862
YER083C	694.441777172169	704.172199389399	650.991549773973	679.951016755855	713.580183265504	588.481434983197
YER167W	1134.8640621682	1088.62275950172	1012.65352187063	1106.16201265063	1235.90802011525	1050.4516044707
YEL073C	80.4090478830933	57.863732261803	49.148934669545	49.6644168945179	25.7146011987569	20.4050428218862
YER005W	641.444904703767	636.501054879833	649.13687299399	651.958345415308	664.561724730374	647.247958310229
YER102W	5157.14393468385	5262.65741214974	5442.54901085961	4477.92442508935	4054.06759524152	5189.41049046209
YER046W	107.821223297784	104.939311051066	114.062621968944	100.231823187118	107.679892519795	115.084441515438
YEL031W	3684.19637573445	3619.9158606494	3293.90596124951	3604.73367714392	3678.79513399716	4152.83431511027
YER075C	277.776710868868	276.569025386923	278.201516997424	323.270204513408	397.772737293271	490.537229438143
YER073W	3194.43217499198	3464.95874713474	3274.43185505969	3726.63724588501	3754.33177501851	2953.83399889624
YEL027W	6628.26401527226	6177.68897486605	6363.39603212109	5448.63802802766	4916.31031668734	4915.16671493594
YEL024W	1156.79380249996	1018.9901325426	1112.8060679897	964.39267715173	1333.94493718551	1101.87231238185
YER049W	3329.66557370445	3815.08336437989	3781.68595438499	3499.98690696639	2984.50090163072	3247.6666155314
YEL037C	1604.52600093991	1601.55042005973	1590.38533883528	1684.0752274232	1814.48654708728	1368.77027249212
YER134C	522.658811240106	507.043213209358	530.437559075089	534.569723664629	508.66695496291	481.559010596513
YER088C	1661.17783013027	1720.22010825767	1700.73860724425	1537.79094493389	1366.89176997142	736.213945013653
YER175C	208.332533151651	222.628258024225	194.741061898197	235.68023289944	220.181272764356	202.418024793111
YER021W	2088.80776659945	2221.37887411837	2121.75023630036	2354.09336080015	2435.65488229476	2593.07284180529
YER004W	550.070986654797	578.63732261803	535.074251025046	627.57763166709	674.204700179907	466.867379764755
YER087C-A	16.4473052488145	9.80741224776321	14.8374142398626	10.8358727769857	11.2501380244561	13.8754291188826
YEL017W	376.460542361755	379.546853988436	375.572047946523	412.66615492354	464.469984152547	347.70192968494
YER106W	10.9648701658764	8.82667102298689	12.0553990698884	6.32092578657501	8.83939416207268	17.9564376832598
YER117W	14400.5294845176	14021.6572906271	15216.6956413691	11644.0482882693	10074.4986009005	9157.78321846251
YER076W-A	12.7923485268557	18.6340832707501	17.6194294098369	13.5448409712322	11.2501380244561	14.691630831758
YER187W	40.2045239415466	33.3452016423949	42.6575659396051	26.1866925443822	29.7325076360627	12.2430256931317
YER168C	688.959342089231	689.461081017754	691.794438933596	685.368953144348	651.704424130995	812.936906023945
YER124C	1741.58687801336	1783.96828786813	1852.82210320285	1842.09837208757	1881.18379394656	2169.46415282294
SRG1	241.22714364928	243.223823744528	258.727410807605	225.747349520536	175.984301953993	178.748175119723
YER095W	434.939849913095	371.700924190226	369.080679216583	371.128642611761	459.64849642778	401.57124273472
YEL028W	36.5495672195878	44.1333551149345	55.6403033994849	63.2092578657501	52.232783684975	28.5670599506406
YER045C	584.793075513405	547.253603425187	524.873528735141	617.644748288187	480.54160990177	324.032080011552
YER086W	3062.85373300146	3290.38680912456	3121.4210207111	2876.02123289163	2638.15736673497	2566.95438699328
YER148W	1478.42999403233	1855.5623972768	1958.53867966187	1650.66461969416	1563.7691853994	1934.39805951481
YEL022W	1030.69779559238	1142.56352686441	1099.82333052982	1139.57262037967	1125.81738373308	1353.26243994749
YEL001C	1763.51661834511	1704.52824866125	1733.19545089395	1786.11302940648	1668.23475276935	1557.31286816635
YER056C	6449.17113589628	6523.89062721209	6215.02188972246	5893.81180128216	6558.02688697047	8012.65221529826
YER087C-B	1091.0045815047	990.548637024085	993.179415680805	1047.46770177529	1100.10278253432	1200.63271963978
YEL013W	1134.8640621682	1048.41236928589	1009.87150670065	984.258443909537	948.225919204161	1258.58304125394
YER074W	8983.88362257469	8466.73899349398	9201.97884388481	7454.1774811681	6347.48858965565	6694.48644900441
YEL063C	1277.4073743246	1254.36802648892	1102.60534569979	1160.34137653556	1333.14135589805	1318.16576629385
YEL051W	2359.2745640244	2562.67682034053	2606.74821426587	2291.78709233248	1962.34550398014	2249.45192068473
YEL061C	372.805585639796	412.892055630831	408.956229986214	494.838190149015	545.631694186123	650.512765161731
YER059W	535.451159766962	559.022498122503	569.385771454729	521.927872091479	519.917092987366	466.05117805188
YER140W	398.390282693508	365.816476841568	385.772770236429	377.449568398336	368.843810944669	450.543345507246
YEL056W	551.898465015776	578.63732261803	577.731816964651	570.689299587915	541.613787748817	593.37864526045
YER036C	7174.68004520509	7199.62133108298	6946.69187942569	5982.30476229421	5828.37507795574	6531.24610642932
YEL009C	11794.545341761	12735.9055449453	12701.7539277124	11485.1221542068	11379.5146117374	10887.3146480456
YER156C	2244.14342728269	2335.14485619242	2367.49490964808	1880.02392680702	1585.46588016086	1367.13786906637
YER162C	261.329405620053	256.954200891396	250.381365297682	239.292190491768	238.663642375962	226.904076179374
YER090W	1737.9319212914	1955.59800220399	1937.20989669207	1921.5614391188	1758.235856965	1789.93035633585
YER074W-A	539.106116488921	474.67875279174	536.928927805029	472.263455196962	535.988718736589	570.524997299937
YER041W	310.671321366497	256.954200891396	234.616612667828	239.292190491768	290.092844773476	295.465020060912
YER112W	1153.138845778	989.567895799308	1112.8060679897	1044.75873358104	1038.22702339981	1255.31823440244
snR67	40.2045239415466	36.2874253167239	31.5295052597081	28.8956607386286	20.0895321865288	31.8318668021424
YER174C	648.754818147684	698.287752040741	745.580065553098	562.562395005176	503.041885950682	526.450104804663
YER026C	1706.86478915475	1662.35637599586	1673.8457939345	1320.1704999961	1178.85374870551	1261.03164639256
YER099C	895.464396879902	889.532290872124	947.739834571226	875.89971613968	673.401118892446	728.868129597774
YEL048C	126.096006907578	139.265253918238	131.682051378781	124.612536935336	111.6977989571	185.277788822726
YER025W	4135.58353089637	4460.41109028271	4230.51773514083	3977.66829855185	3553.43645315322	3311.33034913569
YER126C	2086.98028823847	2117.42030429208	2230.24882792935	2034.43511387907	1816.09370966221	2264.95975322936
YER182W	416.665066303301	413.872796855608	433.067028125991	446.076762652579	409.826456605188	394.225427318841
YER165W	13152.3617639687	13376.3295647242	12596.9646896434	11979.0573549577	10816.2041292271	10859.5637898078
YEL058W	1785.44635867687	1731.98900295498	1769.36164810362	1952.2630786536	1783.95045816376	1417.74237526465
YER060W-A	49.3419157464436	33.3452016423949	38.9482123796394	35.2165865252036	28.1253450611404	30.1994633763915
YER184C	307.016364644538	293.24162620812	298.602961577236	346.747928863543	273.217637736792	213.844848773367
YEL012W	270.46679742495	240.281600070199	257.800072417613	219.426423733961	216.966947614511	190.991200812854
YEL020W-A	656.064731591602	727.709988784031	788.237631492703	752.190168602426	774.652361112552	780.288837508927
YER077C	606.722815845158	592.367699764898	558.257710774832	607.711864909283	613.13252233286	748.456970706784
YER039C	34.7220888586085	22.5570481698554	37.0935355996566	33.4106077290393	42.5898082354411	28.5670599506406
YER042W	824.192740801706	850.302641881071	868.916071421956	1018.57204103666	932.957874742399	1288.78250463033
YER019W	387.425412527631	385.431301337094	380.20873989648	455.106656633401	482.148772476692	284.038196080655
YER039C-A	12.7923485268557	6.86518857343425	11.128060679897	14.4478303693143	8.83939416207268	6.52961370300357
YER058W	91.3739180489696	86.3052277803163	86.2424702692016	146.284282489307	159.912676204769	146.100106604705
YER110C	4274.4718863308	4634.00228706812	4386.31058465939	4028.23570484445	3480.31055599425	4191.19579561542
YEL023C	149.85322560031	152.01488984033	151.156157568601	174.276953829854	207.323972164978	191.80740252573
YEL077C	122.441050185619	136.323030243909	127.972697818815	158.023144664375	155.091188480003	122.430256931317
YER001W	2713.8053660544	2859.84141144775	2612.31224460582	2441.68333241412	2472.61962151797	2536.75492361689
YEL020C	248.537057093197	230.474187822436	249.454026907691	254.643010259165	256.342430700108	247.30911900126
YEL044W	423.974979747219	448.198739722779	426.575659396051	449.688720244908	384.111855406431	233.433689882378
YER180C	336.256018420208	359.93202949291	364.443987266626	350.359886455872	360.807998070058	368.106972506826
YER087W	285.086624312785	333.452016423949	329.205128446952	365.710706223268	385.719017981353	352.599139962193
YER055C	5195.52098026441	5238.13888153033	5359.08855576039	4514.94699041072	4271.83812414349	4052.44150442659
YER091C	6789.08211103844	8278.43667833693	7037.57104164485	9299.887810848	9727.35148471726	9600.98074855387
YHR094C	3333.32053042641	3549.30249246551	3482.15565441776	2782.11033549109	2440.47637001952	2711.42209017223
YHL031C	451.38715516191	435.449103800687	477.579270845579	456.912635429565	524.738580712133	356.68014852657
YHL002W	794.953087026036	828.726334935992	810.493752852497	808.175511283519	828.492307372449	737.030146726528
YHR045W	875.362134909129	894.435996996005	927.338389991415	802.757574895026	753.759247638562	826.812335142827
YHR084W	939.323877543408	1096.46868929993	995.034092460788	912.019292062966	972.333357827995	1150.84441515438
YHR206W	1425.43312156393	1470.13109593971	1352.98671099747	1345.4542031424	1314.65898628645	1226.7511744518
YHR097C	1069.07484117294	950.338246808255	993.179415680805	943.623920995841	619.561172632549	329.74549200168
YHR005C-A	1445.5353835347	1523.09112207763	1586.67598527531	1520.63414637033	1402.24934661971	1711.57499189981
YHR007C	12037.5999637713	13138.9901883284	13096.8000818488	10712.1632294485	10477.896407206	10691.4262369555
YHR184W	78.5815695221139	87.2859690050926	106.643914849013	83.9780140216394	86.7867790458045	119.165450079815
YHR132C	1540.56425830563	1385.78735060894	1453.13925711655	1277.72999828623	1161.17496038137	1127.17456548099
YHR025W	2408.61647977084	2265.5122292333	2259.92365640908	2211.42103590317	2241.18821072916	1470.79548660155
YHR073W	1312.1294631832	1305.36657017728	1214.81329088875	1242.51341176103	1351.62372550966	1278.17188236295
YHR064C	7024.82681960478	7656.64674182874	7514.22297410043	6571.05384984376	5380.78030083988	5479.16209853287
YHR143W	5553.70673901637	5370.53894687514	4791.55746108564	4008.36993808664	4291.12407504256	3508.85116365154
YHL047C	345.393410225105	344.240169896489	326.423113276978	372.934621407926	329.468327859073	310.15665089267
YHR175W-A	60.3067859123199	57.863732261803	65.8410256893905	58.6943108753394	76.3402223088095	93.8631969806763
YHR003C	855.259872938356	953.280470482584	970.923294321011	926.46712243228	793.938312011619	918.226926984877
YHL032C	341.738453503146	336.394240098278	331.059805226935	328.688140901901	398.576318580732	295.465020060912
YHR154W	524.486289601086	693.384045916859	629.662766804171	735.936359436948	769.830873387785	925.572742400756
YHR031C	310.671321366497	381.508336437989	346.824557856789	384.673483582993	353.575766482907	373.004182784079
YHL042W	29.2396537756703	27.460754293737	24.1107981397768	25.2837031463	13.6608818868396	15.5078325446335
YHR106W	319.808713171394	276.569025386923	306.021668697167	288.053617988204	279.646288036481	241.595707011132
YHR186C	555.553421737735	559.022498122503	568.458433064737	623.06268467668	671.793956317524	721.522314181895
YHL029C	740.128736196654	673.769221421333	643.572842654042	695.301836523251	887.957322644574	929.653750965133
YHR048W	118.78609346366	129.457841670474	112.207945188961	131.836452119993	98.0369170702607	97.1280038321781
YHR039C-A	2351.96465058048	2351.81745701362	2461.15608703722	2043.46500785989	1866.71933077226	2049.48250103025
YHR035W	131.578441990516	109.843017174948	118.699313918901	115.582642954514	106.072729944872	142.835299753203
YHR165C	994.148228372789	1052.33533418499	954.231203301166	1036.6318289983	981.172751990068	1032.49516678744
YHL006C	18.2747836097939	32.3644604176186	26.892813309751	29.7986501367108	25.7146011987569	19.5888411090107
YHL025W	646.927339786705	625.712901407293	607.406645444377	629.383610463255	636.436379669233	363.209762229574
YHR172W	219.297403317527	196.148244955264	207.723799358077	233.874254103275	285.271357048709	372.187981071204
YHR002W	213.814968234589	157.899337188988	229.052582327879	159.82912346054	159.912676204769	137.93808947595
YHR016C	394.735325971549	326.586827850515	344.042542686815	341.329992475051	383.30827411897	282.405792654904
YHR079C	572.00072698655	588.444734865793	567.531094674746	585.137129957229	639.650704819078	707.646885063012
YHR169W	855.259872938356	952.299729257808	887.462839221784	932.788048218855	919.296992855559	1030.04656164881
YHR065C	1315.78441990516	1450.51627144418	1445.72054999662	1473.67869767006	1233.49727625287	1484.67091572044
YHR088W	1164.10371594387	1214.15763627309	1299.20108437797	1188.3340478761	976.351264265301	1286.3338994917
YHL036W	233.917230205362	223.608999249001	199.377753848154	164.34407045095	137.412400155857	110.187231238185
YHR100C	310.671321366497	260.877165790502	348.679234636772	334.106077290393	289.289263486015	282.405792654904
YHR105W	63.9617426342787	88.2667102298689	59.3496569594506	66.8212154580787	60.2685965595865	63.6637336042848
YHR056C	402.045239415466	387.392783786647	406.17421481624	457.815624827647	451.612683553168	524.001499666037
YHR135C	1156.79380249996	1330.86584202147	1231.5053819086	1340.93925615198	1437.606923268	1141.86619631275
YHR180W	49.3419157464436	29.4222367432896	38.020873989648	25.2837031463	21.6966947614511	26.9346565248897
YHR086W	455.042111883869	416.815020529937	441.413073635913	467.748508206551	420.273013342183	419.527680417979
YHR146W	2704.6679742495	2928.4932971821	2888.65908482326	2907.6258618245	2404.31521208377	2132.73507574354
YHR195W	612.205250928096	542.349897301306	574.949801794677	497.547158343262	499.827560800837	432.586907823987
YHR119W	601.24038076222	656.115879375359	625.953413244205	707.040698698319	782.688173987163	822.73132657845
YHR033W	120.61357182464	95.1318988033032	109.425930018987	106.552748973693	138.215981443318	73.4581541587902
YHR024C	1012.42301198258	979.760483551545	950.5218497412	998.706274278852	1149.92482235691	1048.00299933207
YHL039W	1323.09433334908	1338.71177181968	1434.59248931672	1331.00637277308	1080.01325034779	1408.76415642302
YHR059W	275.949232507888	272.646060487817	322.713759717012	344.038960669297	367.236648369747	373.820384496954
YHR026W	2132.66724726295	2066.42176060371	2091.14806943064	1815.91167954319	1755.82511310262	1814.41640772212
YHR085W	562.863335181653	583.541028741911	608.333983834368	628.480621065172	589.828664996486	730.500533023524
YHR113W	774.850825055262	718.883317761044	743.725388773115	707.040698698319	724.83032128996	615.416091508087
YHR175W	378.288020722734	350.124617245147	376.499386336514	394.606366961897	382.504692831509	471.764590042008
YHR148W	650.582296508664	625.712901407293	673.247671133767	650.152366619144	547.238856761045	602.356864102079
YHR208W	10570.1348399048	12197.4786125431	11035.3268408978	11286.4644866287	9747.44101690379	9777.28031853497
YHR001W	517.176376157168	548.234344649964	625.953413244205	570.689299587915	572.953457959802	631.740125765596
YHR131C	756.576041445468	606.098076911767	552.693680434883	607.711864909283	596.257315296176	503.59645684415
YHR141C	9168.45893703361	9311.1571880264	9899.33731315835	7693.46967165987	6521.06214774726	7087.0794728975
YHR170W	3006.2019038111	3414.94094467115	3298.54265319946	3024.1114941771	2287.7959254019	3113.80953461983
YHL021C	1370.60877073454	1345.57696039311	1350.2046958275	1112.4829384372	763.402223088096	421.976285556606
YHR078W	614.032729289076	662.981067948793	618.534706124274	632.995568055583	625.186241644777	734.581541587902
YHR007C-A	16.4473052488145	14.7111183716448	12.0553990698884	20.7687561558893	17.6787883241454	17.1402359703844
YHL044W	78.5815695221139	88.2667102298689	105.716576459021	91.2019292062966	79.5545474586542	84.8849781390464
YHR161C	608.550294206138	515.869884232345	578.659155354643	538.181681256958	566.524807660113	440.748924952741
YHR074W	1162.27623758289	1080.77682970351	1058.0931029802	1092.61717167939	1038.22702339981	1086.36447983722
YHR164C	363.668193834899	371.700924190226	338.478512346866	464.136550614222	453.21984612809	443.197530091367
YHR204W	730.991344391757	767.92037899986	664.901625623844	610.42083310353	747.330597338872	768.86201352867
YHR163W	1502.18721272506	1417.17106980178	1448.50256516659	1371.64089568678	1464.12510575422	1146.76340659
YHL004W	835.157610967582	776.747050022847	817.912459972428	882.220641926255	906.439692256181	791.715661489183
YHL009C	190.057749541857	214.782328226014	216.997183257991	230.262296510947	230.627829501351	222.006865902121
YHR138C	460.524546966807	404.065384607844	509.108776105287	509.286020518329	406.612131455344	318.318668021424
YHR166C	219.297403317527	216.743810675567	262.43676436757	226.650338918618	212.949041177206	250.573925852762
YHR151C	398.390282693508	353.066840919476	313.440375817098	319.658246921079	369.64739223213	427.689697546734
YHL014C	230.262273483403	188.302315157054	181.758324438317	217.620444937797	224.199179201662	217.109655624869
YHR021C	11023.3494734277	9664.22402894587	11368.2413229048	8768.9300447757	7591.43242264551	9186.35027841315
YHR198C	250.364535454177	193.206021280935	234.616612667828	274.508777016972	320.628933697	211.396243634741
YHL034C	4126.44613909147	3941.59898237604	3941.18815746351	3817.83917509131	3829.06483475239	3210.12133673913
YHR124W	60.3067859123199	56.8829910370266	65.8410256893905	70.4331730504073	33.7504140733684	34.2804719407687
YHR011W	195.540184624795	174.571938010185	171.557602148412	230.262296510947	289.289263486015	270.162766961773
YHR096C	32.8946104976291	13.7303771468685	12.0553990698884	20.7687561558893	13.6608818868396	22.037446247637
YHR190W	3033.61407922579	3253.11864258306	3109.36562164121	3164.97784027792	3360.57694416254	2977.50384856963
YHR075C	91.3739180489696	122.59265309704	112.207945188961	113.77666415835	102.054823507566	111.003432951061
YHR117W	884.499526714026	884.628584748242	831.822535822299	953.556804374744	1051.88790528665	963.934222905902
YHR109W	180.92035773696	165.745266987198	168.775586978438	204.978593364647	206.520390877516	270.162766961773
YHR207C	400.217761054487	450.160222172332	410.810906766197	475.87541278929	438.75538295379	492.98583457677
YHR132W-A	444.077241717992	388.373525011423	411.738245156188	356.680812242447	351.165022620524	364.025963942449
YHR015W	109.648701658764	109.843017174948	103.861899679038	107.455738371775	106.072729944872	168.953754565217
YHL015W	21542.3149192251	21427.2342789131	23136.1654918958	17782.5702164317	16138.3229960823	16551.7545354012
YHR090C	226.607316761445	221.647516799449	248.526688517699	238.389201093686	238.663642375962	284.038196080655
YHR189W	38.3770455805672	33.3452016423949	36.1661972096652	35.2165865252036	34.5539953608296	27.7508582377652
YHR001W-A	354.530802030002	312.856450703647	363.516648876635	272.702798220808	431.523151366639	401.57124273472
YHR108W	2134.49472562393	1992.86616874549	1936.28255830207	2072.36066859852	2202.61630893102	2136.81608430792
YHR006W	573.828205347529	597.27140588878	558.257710774832	512.897978110658	530.363649724361	495.434439715396
YHR147C	380.115499083714	411.911314406055	421.938967446094	479.487370381619	455.630589990474	457.889160923125
YHR092C	1080.03971133882	1110.1990664468	972.777971100994	523.733850887644	1033.40553567504	1100.2399089561
YHR080C	402.045239415466	498.216542186371	419.15695227612	414.472133719704	461.255659002702	456.256757497375
YHR022C	51.169394107423	57.863732261803	38.9482123796394	32.5076183309572	40.1790643730577	53.053111336904
YHL027W	897.291875240882	833.630041059873	780.818924372771	831.653235633655	824.474400935143	686.42564052825
YHL003C	1485.73990747625	1583.89707801376	1504.14286856607	1411.37242920239	1333.94493718551	1684.64033537492
YHR070W	606.722815845158	646.308467127596	679.739039863707	627.57763166709	630.811310657005	546.855147626549
YHR150W	230.262273483403	248.127529868409	232.761935887845	244.710126880261	243.485130100729	306.891844041168
YHR133C	957.598661153202	1022.9130974417	984.833370170883	877.705694935844	823.670819647682	929.653750965133
YHR215W	1842.09818786723	2333.18337374287	1994.70487687153	958.071751365155	708.758695540737	632.556327478471
YHL020C	740.128736196654	552.157309549069	619.462044514265	530.957766072301	485.363097626537	305.259440615417
YHR101C	175.437922654022	197.128986180041	184.540339608292	171.567985635607	139.823144018241	159.975535723587
YHR046C	624.997599454952	750.267036953886	755.780787843003	706.137709300237	634.829217094311	660.307185716236
YHR182W	345.393410225105	296.183849882449	279.128855387416	348.553907659708	376.07604253182	373.820384496954
YHR098C	1456.50025370058	1563.30151229346	1483.74142398626	1589.26134062457	1660.19893989474	1773.60632207834
YHR120W	508.038984352271	547.253603425187	472.942578895622	511.994988712576	530.363649724361	720.706112469019
YHL030W	522.658811240106	618.847712833859	530.437559075089	744.966253417769	850.992583421361	901.902892727368
YHR051W	1302.99207137831	1150.40945666262	1259.32553360834	1069.13944732926	1318.67689272375	1443.04462836379
YHR130C	36.5495672195878	48.0563200140397	49.148934669545	37.9255547194501	32.1432514984461	36.7290770793951
YHR149C	665.202123396499	693.384045916859	728.887974533252	735.936359436948	866.260627883123	987.60407257929
YHR127W	301.5339295616	290.299402533791	304.166991917184	292.568564978615	341.52204717099	324.032080011552
YHR194W	270.46679742495	205.955657203027	213.287829698025	232.068275307111	267.592568724564	176.299569981096
YHR203C	7372.04770819087	7246.69690987224	7751.62160193824	6332.66464875008	5298.81500951884	3823.08882310859
YHR168W	208.332533151651	175.552679234962	199.377753848154	220.329413132043	236.252898513579	234.249891595253
YHR167W	164.473052488145	164.764525762422	173.412278928395	162.538091654786	169.555651654303	192.623604238605
YHR050W	626.825077815932	683.576633669096	681.59371664369	590.555066345722	720.008833565193	649.696563448855
YHR112C	325.291148254332	350.124617245147	369.080679216583	485.808296168194	503.041885950682	337.091307417559
YHR027C	2936.75772609388	2945.16589800329	2819.1087055739	3397.94910498311	3621.74086258742	3496.60813795841
YHR188C	1255.47763399284	1225.9265309704	1151.75428036934	1148.60251436049	1237.51518269018	1061.87842845096
YHL023C	540.9335948499	589.425476090569	574.949801794677	641.122472638323	739.294784464261	789.267056350557
YHR099W	1343.19659531985	1376.96067958596	1242.6334425885	1353.58110772513	1348.40940035981	1367.95407077925
YHR196W	1626.45574127166	1834.9668315565	1837.05735057299	1810.4937431547	1796.00417747568	2934.24515778723
YHR177W	89.5464396879902	54.921508587474	43.5849043295965	60.5002896715037	51.4292023975138	45.707295921025
YHR174W	75405.4121307317	72472.8535460711	68589.656677325	64706.4142877703	60330.472318721	44296.0831594633
YHR199C-A	42.032002302526	26.4800130689607	35.2388588196738	39.7315335156144	48.2148772476692	46.5234976339004
YHR034C	168.128009210104	197.128986180041	159.502203078523	159.82912346054	157.501932342386	119.165450079815
YHR179W	6120.22503091998	5995.27110705765	5746.7160027768	5590.40736352656	5188.72437313667	5012.29471876812
YHR014W	7.30991344391757	15.6918595964211	11.128060679897	15.3508197673965	4.82148772476692	9.79442055450536
YHR171W	215.642446595568	171.629714335856	203.08710740812	144.478303693143	156.698351054925	148.548711743331
YHR121W	910.084223767737	920.916010064966	955.158541691157	962.586698355566	986.797821002296	956.588407490023
YHR116W	80.4090478830933	81.4015216564347	76.041747979296	105.649759575611	115.715705394406	71.8257507330393
YHR087W	316.153756449435	317.760156827528	297.675623187244	181.500869014511	104.46556736995	57.9503216141567
YHR176W	100.511309853867	87.2859690050926	96.4431925591071	114.679653556432	104.46556736995	103.657617535182
YHL010C	228.434795122424	232.435670271988	202.159769018128	184.209837208757	226.609923064045	228.536479605125
YHR102W	484.281765659539	522.735072805779	509.108776105287	625.771652870926	800.366962311308	661.939589141987
YHR063C	1165.93119430485	1180.81243463069	1261.18021038832	1428.52922776595	1221.44355694095	1450.39044377967
YHR050W-A	34.7220888586085	50.9985436883687	49.148934669545	47.8584380983537	66.6972468592757	96.3118021193027
YHL017W	730.991344391757	712.998870412386	704.777176393475	701.622762309826	563.310482510268	655.409975438983
YHL035C	413.010109581343	471.736529117411	459.959841435742	515.606946304904	624.382660357316	682.344631963873
YHR043C	374.633064000775	397.20019603441	401.537522866283	401.830282146554	527.952905861978	459.521564348876
YHR115C	657.892209952581	628.655125081622	578.659155354643	620.353716482433	653.311586705918	568.892593874186
YHL007C	1281.06233104655	1321.05842977371	1313.11116022784	1330.103383375	1659.39535860728	1473.24409174018
YHR018C	1555.18408519346	1709.43195478513	1569.05655586547	1554.94774349745	1549.3047222251	1305.92274060071
YHR076W	418.492544664281	465.852081768753	475.724594065596	482.196338575865	501.43472337576	476.661800319261
YHL019C	420.32002302526	339.336463772607	365.371325656617	370.225653213679	327.057583996689	299.546028625289
YHR061C	126.096006907578	137.303771468685	107.571253239004	117.388621750679	148.662538180313	171.402359703844
snR32	21.9297403317527	11.7688946973159	17.6194294098369	13.5448409712322	4.01790643730577	11.4268239802562
YHR068W	3015.339295616	3168.77489725229	3261.44911759981	2822.74485840478	2362.52898513579	2407.79505298257
YHR037W	840.64004605052	876.782654950031	829.040520652325	1011.348125852	1334.74851847298	1381.82949989813
YHR012W	539.106116488921	611.982524260425	608.333983834368	611.323822501612	648.490098981151	533.795920220542
YHR144C	422.14750138624	464.871340543976	443.267750415896	473.166444595044	474.11295960208	488.088624299517
YHR077C	1345.02407368083	1502.49555635732	1382.6615394772	1470.96972947581	1338.76642491028	1504.25975682945
YHR156C	195.540184624795	186.340832707501	178.048970878352	197.75467817999	180.002208391298	222.823067614997
YHR036W	246.709578732218	239.300858845422	221.633875207948	251.031052666836	234.645735938657	306.891844041168
YHR091C	453.214633522889	409.949831956502	409.883568376205	423.502027700526	517.506349124983	475.02939689351
YHR052W	3479.51879930476	3717.98998312703	3789.10466150492	3254.37379068805	2593.15681463714	3829.61843681159
YHR123W	734.646301113716	737.517401031794	711.268545123415	670.018133376951	636.436379669233	651.328966874606
YHR009C	1054.45501428511	1107.25684277247	1080.34922434	1033.01987140597	1007.69093447629	834.158150558706
YHL018W	36.5495672195878	33.3452016423949	34.3115204296824	36.1195759232858	32.9468327859073	22.037446247637
YHL012W	5.48243508293818	14.7111183716448	10.2007222899056	15.3508197673965	9.64297544953384	12.2430256931317
YHR211W	188.230271180877	148.091924941225	133.536728158764	122.806558139172	151.876863330158	129.776072347196
YHR155W	442.249763357013	451.140963397108	445.122427195879	472.263455196962	461.255659002702	602.356864102079
YHR139C	38.3770455805672	24.518530619408	18.5467677998283	17.1567985635607	8.03581287461153	7.34581541587902
YHR032W-A	69.4441777172169	81.4015216564347	78.8237631492703	74.0451306427358	73.1258971589649	47.3396993467759
YHR210C	135.233398712475	86.3052277803163	97.3705309490986	70.4331730504073	85.1796164708822	42.4424890695232
YHR072W-A	3185.29478318708	2921.62810860866	3423.7333358483	2640.34099999219	2142.34771237143	2879.55964302457
YHR140W	29.2396537756703	30.402977968066	25.0381365297682	25.2837031463	18.4823696116065	22.037446247637
YHR044C	116.958615102681	115.727464523606	109.425930018987	80.3660564293108	115.715705394406	79.1715661489183
YHL016C	100.511309853867	69.6326269591188	63.0590105194162	74.0451306427358	81.9652913210376	70.1933473072884
YHR202W	202.850098068713	174.571938010185	213.287829698025	193.239731189579	177.591464528915	179.564376832598
YHR019C	6324.90260734968	6377.76018472042	6196.47512192263	5747.52751879285	5321.31528556776	4486.66081567633
YHR104W	668.857080118458	661.019585499241	723.323944193304	730.518423048455	812.420681623226	656.226177151859
YHR083W	526.313767962065	509.985436883687	529.510220685098	565.271363199422	582.596433409336	395.041629031716
YHL022C	36.5495672195878	46.0948375644871	40.8028891596223	49.6644168945179	52.232783684975	40.8100856437723
YHR032W	782.16073849918	903.262668018992	822.549151922385	829.847256837491	859.831977583434	688.058043954001
YHR008C	963.08109623614	980.741224776321	983.906031780891	923.758154238034	1085.63831936002	657.042378864734
YHL038C	338.083496781188	332.471275199173	322.713759717012	307.919384746011	346.343534895757	360.761157090947
YHR071C-A	5.48243508293818	9.80741224776321	8.34604550992273	2.70896819424643	8.83939416207268	10.6106222673808
YHR081W	681.649428645313	849.321900656294	852.22398040211	752.190168602426	521.524255562288	651.328966874606
YHL028W	197.367662985774	159.86081963854	152.083495958592	142.672324896979	203.306065727672	86.5173815647973
YHL033C	5857.06814693895	6465.04615372551	6243.7693798122	5894.71479068024	5424.97727165024	4558.48656640937
YHR066W	1228.06545857815	1288.69396935609	1191.62983113897	1191.04301607035	1202.15760604189	1646.27885486978
YHR029C	361.84071547392	399.161678483963	428.430336176034	477.681391585454	425.09450106695	388.512015328712
YHR178W	155.335660683248	158.880078413764	133.536728158764	152.605208275882	194.466671565599	148.548711743331
YHR040W	402.045239415466	432.506880126358	422.866305836085	427.113985292854	389.736924418659	349.334333110691
YHR192W	413.010109581343	443.295033598897	416.374937106145	463.23356121614	450.809102265707	434.219311249737
YHR017W	427.629936469178	475.659494016516	510.036114495278	435.240889875594	402.594225018038	472.580791754883
YHR004C	442.249763357013	400.142419708739	403.392199646265	344.941950067379	316.611027259694	292.20021320941
YHL040C	365.495672195878	366.797218066344	319.931744547038	362.09874863094	340.718465883529	395.041629031716
YHR191C	142.543312156393	148.091924941225	157.647526298541	173.373964431772	161.519838779692	111.819634663936
YHR201C	1270.09746088068	1477.97702573792	1409.55435278695	1303.91669083062	1161.97854166883	1331.22499369985
YHR103W	1131.20910544624	1087.64201827694	1065.51181010014	1045.66172297912	1058.31655558634	1113.29913636211
YHR153C	29.2396537756703	16.6726008211975	27.8201516997424	39.7315335156144	34.5539953608296	50.6045061982777
YHR082C	1112.93432183645	1030.75902723991	1035.83698162041	1020.37801983282	1156.3534726566	1104.32091752048
YHR020W	5040.18531958116	5485.28567017397	5513.95406688895	4598.92500443236	4100.67530991426	3938.9894663369
YHR057C	617.687686011035	538.4269324022	571.240448234712	638.413504444076	619.561172632549	506.861263695652
YHL024W	20.1022619707733	13.7303771468685	24.1107981397768	23.4777243501358	35.3575766482907	26.9346565248897
YHR128W	3086.61095169419	3037.35557313227	2877.53102414336	2764.05054752944	2679.94359368295	2975.055243431
YHR047C	1229.89293693913	1322.03917099848	1280.65431657814	1327.39441518075	1444.03557356769	1623.42520690926
YHL026C	201.022619707733	182.417867808396	184.540339608292	150.799229479718	156.698351054925	115.084441515438
YHR197W	1339.54163859789	1592.72374903675	1465.19465618644	1417.69335498897	1166.80002939359	1625.87381204789
YHR028C	1295.68215793439	1366.17252611342	1243.56078097849	1383.37975786185	1319.48047401121	1377.74849133375
YHR134W	321.636191532373	321.683121726633	314.36771420709	281.732692201629	320.628933697	277.508582377652
YHR122W	464.179503688766	404.065384607844	465.52387177569	425.30800649669	372.058136094514	408.100856437723
YHR067W	197.367662985774	213.801587001238	232.761935887845	252.837031463	242.681548813268	212.212445347616
YHR013C	968.563531319078	948.376764358703	1008.94416831066	912.019292062966	867.867790458045	811.304502598194
YHR137W	615.860207650055	612.963265485201	621.316721294248	464.136550614222	810.009937760842	679.079825112371
YHR158C	983.183358206913	980.741224776321	900.445576681664	938.205984607348	963.493963665923	991.685081143667
YHR038W	241.22714364928	251.069753542738	262.43676436757	270.896819424643	250.71736168788	338.72371084331
YHR042W	2891.0707670694	2877.49475349373	2733.79357369469	2568.10184814562	2516.01301104087	1893.58797387104
YHR041C	367.323150556858	310.894968254094	312.513037427107	306.113405949847	293.307169923321	161.607939149338
YHR069C	798.608043747994	816.957440238676	809.566414462505	892.153525305159	821.260075785299	842.320167687461
YHR200W	979.528401484954	893.455255771229	1023.78158255052	1255.15526333418	1317.87331143629	985.971669153539
YHR114W	619.515164372014	622.770677732964	642.64550426405	607.711864909283	672.597537604985	622.761906923966
YHR039C	1944.43697608207	2207.6484969715	2121.75023630036	2541.91515560124	2749.0515844046	2525.32809963663
YHR152W	533.623681405983	511.94691933324	525.800867125132	470.457476400797	482.952353764153	530.53111336904
YHL011C	2108.91002857022	2233.14776881568	2216.33875207948	2024.50223050017	1746.18213765309	2011.93722223798
YHR129C	222.952360039486	252.050494767515	217.924521647982	271.799808822725	261.967499712336	285.670599506406
YHR199C	422.14750138624	444.275774823674	426.575659396051	484.905306770112	495.00607307607	383.61480505146
YHR159W	160.818095766187	146.130442491672	162.284218248498	172.47097503369	198.484578002905	173.85096484247
YHR193C	9552.22939283928	9185.62231125503	9312.33211229379	8061.88934607739	6963.03185585089	6386.77840325037
YHR030C	2865.48607001569	2996.16444169166	3081.54546994147	3493.66598117982	2479.04827181766	1902.56619271267
YHL050C	65.7892209952581	132.400065344803	114.062621968944	102.940791381364	129.376587281246	108.554827812434
YHR162W	2722.94275785929	2534.23532482201	2622.51296689572	2470.57899315275	2220.29509725517	2208.64183504096
YHR089C	4903.12444250771	5050.81730759806	5262.64536320128	3934.3248074439	3269.77225867943	2650.20696170657
YHR010W	13936.3499808288	13447.9236741329	14192.9140588186	11579.9360410054	9768.33413037778	9063.10381976896
YHR005C	1639.24808979851	1592.72374903675	1631.1882279949	1311.14060601527	1438.41050455546	1644.64645144402
YHR187W	506.211505991292	517.831366681898	519.309498395192	531.860755470383	515.89918655006	541.957937349296
YHR183W	7880.08669254314	7534.0540887317	7800.77053660778	7786.47757966233	8774.30407778833	5681.58012332598
YHR205W	1142.17397561212	1233.77246076861	1048.81971908029	1243.41640115911	1550.10830351256	1571.18829728523
YHR111W	396.562804332528	435.449103800687	465.52387177569	493.032211352851	477.327284751925	462.786371200378
YHR049W	1871.3378416429	1866.35055074934	1875.07822456264	1719.2918139484	1988.06010517889	1675.66211653329
YHR072W	2044.94828593594	2134.09290511328	1998.4142304315	2220.45092988399	2229.13449141724	2180.89097680319
YHR209W	637.789947981808	532.542485053543	516.527483225218	572.495278384079	409.826456605188	394.225427318841
YHR107C	1514.97956125192	1462.2851661415	1536.59971221577	1517.022188778	1501.08984497743	1450.39044377967
YHR071W	586.620553874385	672.788480196557	688.08508537363	670.018133376951	584.203595984258	621.129503498215
YHR216W	953.943704431243	934.646387211834	963.50458720108	551.72652222819	469.291471877313	328.113088575929
YHL013C	573.828205347529	496.255059736819	555.475695604857	549.017554033944	535.988718736589	674.998816547994
YHR060W	528.141246323044	587.463993641017	600.915276714437	605.002896715037	546.435275473584	571.341199012812
YHR143W-A	619.515164372014	670.826997747004	621.316721294248	591.458055743804	527.149324574516	616.232293220962
YHR142W	1045.31762248021	1018.00939131782	988.542723730848	1109.77397024296	1025.36972280043	1100.2399089561
YHR058C	301.5339295616	310.894968254094	295.820946407261	293.471554376697	310.985958247466	316.686264595673
YHL008C	42.032002302526	43.1526138901581	49.148934669545	46.0524593021894	67.5008281467369	37.5452787922705
YHR118C	255.846970537115	286.376437634686	277.274178607433	315.143299930668	299.73582022301	373.004182784079
YHL048W	701.751690616087	856.187089229729	982.051355000908	892.153525305159	793.134730724158	738.662550152279
YHR157W	31.0671321366497	25.4992718441844	26.892813309751	27.0896819424643	31.339670210985	24.4860513862634
YHR110W	411.182631220363	432.506880126358	437.703720075948	439.755836866004	494.202491788609	516.655684250157
YHR023W	762.058476528407	871.87894882615	820.694475142402	877.705694935844	946.618756629238	1084.73207641147
YHR062C	624.997599454952	678.672927545214	696.431130883553	687.174931940512	621.168335207471	434.219311249737
YHR136C	710.889082420984	860.110054128834	781.746262762763	519.218903897233	434.737476516484	441.565126665616
YHL001W	2540.19492176136	2563.6575615653	2814.47201362394	2243.92865423413	1876.36230622179	2096.00599866415
YHR181W	444.077241717992	408.969090731726	427.502997786042	441.561815662169	440.362545528712	595.827250399076
YHR214C-B	127.923485268557	152.995631065106	132.609389768772	126.4185157315	105.269148657411	136.3056860502
YIR015W	131.578441990516	110.823758399724	114.062621968944	111.970685362186	128.573005993785	119.981651792691
YIL086C	16.4473052488145	5.88444734865793	12.9827374598798	10.8358727769857	12.0537193119173	17.1402359703844
YIL156W-B	151.68070396129	190.263797606606	239.253304617785	193.239731189579	204.109647015133	205.682831644612
YIL146C	186.402792819898	141.22673636779	154.865511128566	149.896240081636	135.805237580935	140.386694614577
YIL010W	325.291148254332	329.529051524844	354.24326497672	445.173773254497	479.738028614308	523.185297953161
YIL117C	1293.85467957341	1204.35022402532	1299.20108437797	1581.13443604183	1247.96173942717	1145.13100316425
YIL050W	484.281765659539	509.985436883687	537.856266195021	502.062105333672	455.630589990474	424.424890695232
YIL107C	308.843843005517	364.835735616792	318.077067767055	338.621024280804	345.539953608296	331.377895427431
YIL150C	215.642446595568	218.70529312512	222.56121359794	274.508777016972	271.61047516187	258.735942981516
YIL165C	87.7189613270108	59.8252147113556	90.8791622191587	73.1421412446537	76.3402223088095	60.398926752783
YIL045W	321.636191532373	292.260884983344	306.949007087158	242.904148084097	185.627277403526	167.321351139466
YIL126W	1434.57051336882	1550.55187637136	1548.65511128566	1519.73115697225	1505.10775141474	1706.67778162256
YIL158W	376.460542361755	454.083187071437	500.762730595364	493.935200750933	504.649048525604	461.970169487503
YIR018W	120.61357182464	103.95856982629	112.207945188961	97.5228549928716	139.823144018241	106.106222673808
YIR039C	228.434795122424	204.974915978251	181.758324438317	183.306847810675	170.359232941764	138.754291188826
YIL056W	1129.38162708526	945.434540684374	993.179415680805	1008.63915765776	911.261179980948	763.964803251418
YIL161W	297.878972839641	295.203108657673	331.059805226935	336.81504548464	302.950145372855	377.085191348456
YIL119C	301.5339295616	290.299402533791	284.692885727364	166.150049247115	129.376587281246	202.418024793111
YIL144W	391.08036924959	339.336463772607	302.312315137201	395.509356359979	404.20138759296	497.883044854022
YIL026C	433.112371552116	473.698011566963	472.942578895622	530.054776674219	663.758143442912	745.192163855283
YIL139C	292.396537756703	305.010520905436	313.440375817098	274.508777016972	273.217637736792	327.296886863054
YIL068C	785.815695221139	734.575177357465	663.974287233853	713.361624484894	786.706080424469	907.616304717496
YIL065C	224.779838400465	219.686034349896	229.979920717871	242.904148084097	250.71736168788	203.234226505986
YIL098C	286.914102673765	246.166047418857	268.000794707519	310.628352940258	322.236096271922	287.303002932157
YIL009W	683.476907006293	708.095164288504	649.13687299399	591.458055743804	791.527568149236	915.778321846251
YIL044C	643.272383064746	723.787023884925	715.905237073372	731.421412446537	681.436931767058	692.139052518379
YIR004W	1151.31136741702	1122.94870236889	1148.97226519936	1247.02835875144	1190.90746801743	1236.5455950063
YIL092W	191.885227902836	188.302315157054	203.08710740812	196.851688781907	222.592016626739	232.617488169502
YIL136W	540.9335948499	523.715814030556	521.164175175175	476.778402187372	398.576318580732	175.483368268221
YIR022W	615.860207650055	677.692186320438	748.362080723072	677.242048561608	673.401118892446	459.521564348876
YIL002W-A	590.275510596344	572.752875269372	597.205923154471	563.465384403258	500.631142088298	648.88036173598
YIL133C	13477.652912223	12489.7394975265	12939.1525555502	10257.0565728151	8239.1189403392	9019.84512898656
YIL123W	1728.79452948651	1811.42904216187	1657.15370291466	2495.86269629905	2505.56645430388	1694.43475592943
YIR001C	466.006982049745	459.967634420095	517.45482161521	497.547158343262	534.381556161667	461.153967774627
YIL153W	418.492544664281	343.259428671712	358.879956926678	407.248218535047	419.469432054722	182.8291836841
YIR002C	643.272383064746	683.576633669096	637.081473924102	725.100486659962	705.544370390892	812.936906023945
YIL108W	624.997599454952	549.21508587474	573.095125014694	603.196917918872	610.721778470476	433.403109536862
YIL067C	314.326278088455	326.586827850515	319.004406157047	288.956607386286	339.914884596068	351.782938249317
YIR019C	102.338788214846	84.3437453307636	59.3496569594506	59.5973002734215	85.9831977583434	70.1933473072884
YIL028W	43.8594806635054	18.6340832707501	30.6021668697167	25.2837031463	23.3038573363734	18.7726393961353
YIL134W	151.68070396129	143.188218817343	161.356879858506	170.664996237525	172.769976804148	171.402359703844
YIL159W	228.434795122424	295.203108657673	214.215168088017	302.501448357518	368.843810944669	465.234976339004
YIL011W	138.888355434434	109.843017174948	116.844637138918	83.0750246235573	70.7151532965815	53.8693130497795
YIL110W	855.259872938356	894.435996996005	915.282990921526	879.511673732009	715.187345840426	858.644201944969
YIL131C	394.735325971549	392.296489910529	371.862694386557	443.367794458333	511.881280112755	465.234976339004
YIL128W	877.189613270108	886.590067197795	841.095919722213	879.511673732009	876.707184620118	1224.30256931317
YIL064W	930.186485738511	956.222694156913	962.577248811089	796.436649108451	619.561172632549	710.911691914514
YIL071C	259.501927259074	246.166047418857	235.543951057819	218.523434335879	212.949041177206	257.103539555766
YIL147C	869.879699826191	842.45671208286	854.078657182093	824.429320448998	889.564485219497	881.497849905482
YIL149C	1500.35973436408	1620.18450333048	1494.86948466616	1647.95565149991	1563.7691853994	1754.01748096933
YIL106W	453.214633522889	445.25651604845	421.011629056102	470.457476400797	515.89918655006	442.381328378492
YIL005W	767.540911611345	764.978155325531	767.836186912892	797.339638506533	818.045750635454	867.622420786599
YIL169C	18.2747836097939	19.6148244955264	10.2007222899056	16.2538091654786	13.6608818868396	4.08100856437723
YIL004C	281.431667590826	310.894968254094	310.658360647124	332.300098494229	273.217637736792	335.458903991808
YIR014W	32.8946104976291	38.2489077662765	37.0935355996566	37.9255547194501	32.1432514984461	35.0966736536442
YIR033W	1065.41988445099	1209.2539301492	1071.07584044008	1247.93134814952	1238.31876397764	1363.87306221487
YIL105C	608.550294206138	549.21508587474	608.333983834368	555.338479820519	517.506349124983	577.054611002941
YIL017C	1538.73677994465	1624.10746822959	1495.79682305615	1526.95507215691	1283.31931607546	872.519631063852
YIL132C	54.8243508293818	60.8059559361319	61.2043337394334	65.0152366619144	64.2865029968923	53.8693130497795
YIL070C	420.32002302526	437.410586250239	395.973492526334	564.36837380134	634.829217094311	692.139052518379
YIL051C	2044.94828593594	1961.48244955264	2044.78114993107	1721.09779274457	2032.25707598926	1505.07595854232
YIL118W	944.806312626346	929.742681087953	1033.98230484043	981.549475715291	1028.58404795028	987.60407257929
YIL097W	294.224016117682	260.877165790502	269.855471487502	234.777243501358	222.592016626739	206.499033357488
YIR034C	363.668193834899	371.700924190226	368.153340826592	325.076183309572	374.468879956897	279.957187516278
YIL109C	2991.58207692327	2984.39554699435	2833.01878142377	3308.55315457298	3233.61110074368	2794.67466488553
YIL102C-A	80.4090478830933	57.863732261803	83.4604550992273	70.4331730504073	77.9473848837319	81.6201712875446
YIL084C	347.220888586085	281.472731510804	291.184254457304	288.053617988204	326.254002709228	257.919741268641
YIL039W	1712.34722423769	1878.11944544666	1794.39978463339	1722.00078214265	1566.98351054925	1638.11683774102
YIR003W	736.473779474695	723.787023884925	684.375731813664	747.675221612016	801.17054359877	634.188730904222
YIR031C	539.106116488921	420.737985429042	501.690068985355	382.867504786829	406.612131455344	348.518131397816
YIL074C	1518.63451797388	1722.18159070722	1557.92849518558	1677.75430163662	1665.02042761951	1824.21082827662
YIL022W	1525.94443141779	1596.64671393585	1531.96302026582	1694.91110020019	1877.16588750925	1431.61780438353
YIL030C	1792.75627212078	1858.50462095113	1688.68320817437	1777.08313542566	1824.93310382428	1985.00256571309
YIL140W	727.336387669798	704.172199389399	652.846226553956	860.548896372284	1055.90581172396	1038.20857877757
YIL031W	476.971852215621	466.832822993529	454.395811095793	465.942529410386	521.524255562288	635.004932617097
YIL014W	646.927339786705	618.847712833859	550.8390036549	580.622182966819	597.864477871098	708.463086775887
YIL137C	1074.55727625588	1055.27755785932	1058.0931029802	1070.94542612542	1159.56779780644	1094.52649696597
YIR037W	1039.83518739727	1076.8538648044	1048.81971908029	1015.86307284241	999.655121601675	881.497849905482
YIL127C	1608.18095766187	1612.33857353227	1615.42347536504	1396.92459883308	1081.62041292271	1332.04119541273
YIL143C	846.122481133459	864.033019027939	867.988733031964	900.280429887898	924.922061867787	927.205145826507
YIL079C	529.968724684024	621.789936508188	603.697291884411	606.808875511201	614.739684907782	665.204395993489
YIR008C	389.252890888611	423.680209103371	451.613795925819	461.427582419976	460.452077715241	492.169632863894
YIL040W	624.997599454952	540.388414851753	598.133261544463	501.15911593559	540.810206461356	652.961370300357
YIL129C	654.237253230622	676.711445095662	670.465655963793	741.354295825441	803.581287461153	816.201712875446
YIL124W	699.924212255107	634.53957243028	778.964247592789	710.652656290648	740.098365751722	670.917807983617
YIL042C	226.607316761445	202.032692303922	213.287829698025	183.306847810675	218.574110189434	113.452038089687
YIL115C	1403.50338123217	1450.51627144418	1378.95218591723	1494.44745382595	1512.33998300189	1638.11683774102
YIL035C	1390.71103270532	1546.62891147226	1578.32993976539	1476.38766586431	1510.73282042697	1749.93647240496
YIL006W	157.163139044228	123.573394321817	131.682051378781	102.037801983282	130.180168568707	119.165450079815
YIL048W	939.323877543408	959.164917831242	909.718960581578	915.631249655294	1003.67302803898	1194.91930764965
YIL066C	52.9968724684024	77.4785567573294	68.6230408593647	86.6869822158859	83.5724538959599	84.8849781390464
YIR029W	164.473052488145	140.245995143014	180.830986048326	169.762006839443	132.59091243109	118.34924836694
YIL094C	1054.45501428511	1114.1220313459	1224.08667478867	1312.94658481144	1311.4446611366	1079.01866442134
YIL103W	590.275510596344	692.403304692083	726.105959363278	690.78688953284	619.561172632549	794.164266627809
YIL155C	166.300530849125	122.59265309704	127.045359428824	135.448409712322	246.699455250574	148.548711743331
YIL152W	124.268528546599	143.188218817343	162.284218248498	130.030473323829	146.25179431793	119.981651792691
YIL002C	529.968724684024	510.966178108463	532.292235855072	522.830861489562	613.13252233286	639.90214289435
YIL047C-A	21.9297403317527	33.3452016423949	27.8201516997424	22.5747349520536	15.2680444617619	28.5670599506406
YIL156W	389.252890888611	359.93202949291	384.845431846437	404.539250340801	406.612131455344	391.776822180214
YIR012W	2320.89751844383	2455.77602683991	2292.38050005878	2205.1001101166	1908.50555772024	2007.8562136736
YIL112W	705.406647338045	737.517401031794	671.392994353784	772.055935360233	741.705528326644	781.105039221802
YIR026C	1257.30511235382	1357.34585509043	1387.29823142716	1133.25169459309	793.938312011619	906.800103004621
YIR025W	197.367662985774	211.840104551685	199.377753848154	226.650338918618	209.734716027361	170.586157990968
YIR042C	211.98748987361	249.108271093186	293.038931237287	228.456317714783	224.199179201662	201.601823080235
YIL075C	3470.38140749987	3602.26251860343	3472.88227051785	3956.89954239596	4120.76484210079	3583.12551952321
YIL063C	846.122481133459	860.110054128834	804.929722512548	913.82527085913	919.296992855559	904.351497865995
YIL018W	20928.282189936	20382.7448745263	21645.9326991796	17336.4934537791	14808.3959653341	10662.8591770048
YIL027C	445.904720078972	513.908401782792	521.164175175175	482.196338575865	395.361993430887	519.104289388784
YIL085C	1054.45501428511	1002.3175317214	1112.8060679897	1031.21389260981	918.493411568098	1016.17113252993
snR68	36.5495672195878	30.402977968066	29.6748284797253	35.2165865252036	36.964739223213	37.5452787922705
YIL008W	716.371517503922	674.749962646109	746.507403943089	662.794218192294	544.024531611201	643.166949745852
YIL030W-A	10.9648701658764	9.80741224776321	12.0553990698884	6.32092578657501	10.446556736995	16.3240342575089
YIL076W	1971.84915149676	1778.08384051947	1924.22715923219	2055.20387003496	1826.5402663992	1965.41372460407
YIL029C	96.8563531319078	113.765982074053	117.77197552891	98.4258443909537	85.1796164708822	93.0469952678009
YIR023W	495.246635825415	545.292120975635	524.873528735141	614.032790695858	652.508005418456	655.409975438983
YIL053W	15073.041521358	14333.5330001059	14570.3407835451	11532.0776029071	9770.74487424016	8122.02324482357
YIL101C	58.4793075513406	34.3259428671712	39.8755507696308	94.8138867986252	94.0190106329549	38.361480505146
YIL120W	116.958615102681	134.361547794356	146.519465618644	105.649759575611	112.501380244561	133.857080911573
YIL164C	148.025747239331	111.804499624501	126.118021038832	125.515526333418	120.537193119173	79.9877678617937
YIL096C	617.687686011035	692.403304692083	657.482918503913	657.376281803801	470.898634452236	701.117271360008
YIL062C	767.540911611345	759.093707976873	785.455616322728	778.376861146808	768.223710812862	599.092057250578
YIL151C	714.544039142942	642.385502228491	654.700903333939	676.339059163526	712.776601978043	843.952571113212
YIL059C	148.025747239331	122.59265309704	157.647526298541	118.291611148761	122.144355694095	79.9877678617937
YIR030C	188.230271180877	194.186762505712	176.194294098369	198.657667578072	180.805789678759	220.374462476371
YIL083C	553.725943376756	538.4269324022	577.731816964651	590.555066345722	497.416816938454	604.805469240706
YIL019W	1010.5955336216	1082.73831215306	1105.38736086977	953.556804374744	650.097261556073	839.055360835959
YIL020C-A	16.4473052488145	10.7881534725395	24.1107981397768	11.7388621750679	10.446556736995	15.5078325446335
YIL099W	18.2747836097939	23.5377893946317	25.9654749197596	20.7687561558893	37.7683205106742	13.8754291188826
YIL093C	381.942977444693	356.009064593805	408.028891596223	440.658826264086	495.809654363531	357.496350239446
YIR024C	343.565931864126	307.952744579765	337.551173956875	368.419674417515	334.28981558384	294.648818348036
YIL135C	630.48003453789	528.619520154437	515.600144835227	573.398267782162	597.864477871098	365.6583673682
YIL020C	420.32002302526	497.235800961595	470.160563725647	404.539250340801	310.985958247466	377.085191348456
YIL023C	476.971852215621	440.352809924568	414.520260326162	486.711285566276	488.577422776381	367.290770793951
YIL037C	12.7923485268557	15.6918595964211	16.6920910198455	17.1567985635607	16.0716257492231	14.691630831758
YIL142W	2909.34555067919	3076.58522212332	2930.38931237287	2857.96144492999	2896.10696001	2573.48400069628
YIL034C	985.010836567892	1111.17980767157	1016.36287543059	1108.87098084487	1067.95953103587	975.361046886158
YIL073C	111.476180019743	80.4207804316584	81.6057783192445	112.873674760268	116.519286681867	106.922424386683
YIL091C	1213.44563169032	1437.76663552209	1265.81690233828	1495.35044322403	1514.75072686427	1915.62542011867
YIL078W	8910.78448813552	9078.72151775441	8889.4658064577	8066.4042930678	6913.2098160283	7552.31444923651
YIL052C	8991.19353601861	9896.65969921786	10122.8258651463	7684.43977767905	6505.7941032855	5436.71960946335
YIR017C	25.5846970537115	20.5955657203028	28.7474900897339	22.5747349520536	54.6435275473584	49.7883044854022
YIL125W	1195.17084808052	1158.25538646084	1124.86146705959	1070.04243672734	1303.40884826199	1169.61705455051
YIL154C	528.141246323044	415.83427930516	485.925316355501	479.487370381619	519.113511699905	173.034763129595
YIL138C	1065.41988445099	1054.29681663455	1065.51181010014	1033.01987140597	1075.99534391048	1296.94452175908
YIL130W	646.927339786705	782.631497371505	676.957024693733	631.189589259419	989.208564864679	1334.48980055135
YIL043C	3263.87635270919	3106.00745886661	3230.84695073009	2914.84977700916	2745.83725925476	1895.22037729679
YIL055C	129.750963629537	113.765982074053	118.699313918901	108.358727769857	130.180168568707	138.754291188826
YIL049W	246.709578732218	205.955657203027	195.668400288189	158.023144664375	178.395045816376	204.866629931737
YIL162W	656.064731591602	652.192914476254	601.842615104428	674.533080367362	764.205804375557	743.559760429532
YIL104C	500.729070908353	539.407673626977	532.292235855072	604.099907316955	555.274669635657	710.095490201638
YIL077C	356.358280390982	304.02977968066	304.166991917184	277.217745211218	245.092292675652	163.240342575089
YIR032C	171.782965932063	167.706749436751	155.792849518558	158.926134062457	148.662538180313	85.7011798519219
YIL007C	248.537057093197	214.782328226014	235.543951057819	227.5533283167	239.467223663424	198.337016228733
YIL021W	1366.95381401259	1354.4036314161	1374.31549396728	1339.13327735582	1285.73005993784	1270.00986523419
YIL038C	1173.24110774877	1188.6583644289	1195.33918469893	1247.02835875144	1333.14135589805	1469.97928488868
YIR011C	813.22787063583	832.649299835097	851.296642012119	809.078500681601	817.242169347993	812.936906023945
YIL046W	464.179503688766	418.776502979489	391.336800576377	441.561815662169	453.21984612809	310.972852605545
YIL157C	460.524546966807	429.564656452029	497.053377035398	489.420253760522	525.542161999594	397.490234170342
YIL121W	168.128009210104	137.303771468685	139.100758498712	161.635102256704	165.537745216998	164.87274600084
YIR038C	310.671321366497	294.222367432896	270.782809877493	328.688140901901	380.093948969125	389.328217041588
YIR027C	14.6198268878351	17.6533420459738	23.1834597497854	25.2837031463	29.7325076360627	28.5670599506406
YIL088C	968.563531319078	1079.79608847873	1005.23481475069	997.80328488077	961.083219803539	1011.27392225268
YIR028W	38.3770455805672	40.2103902158292	45.4395811095793	58.6943108753394	45.8041333852857	40.8100856437723
YIL001W	243.054622010259	268.723095588712	244.817334957734	334.106077290393	282.057031898865	318.318668021424
YIL148W	12660.7700848652	11440.3463870158	12954.9173081801	10440.3634206258	8930.1988475558	10696.3234472327
YIL145C	1059.93744936805	1020.95161499215	956.085880081149	958.974740763237	845.367514409133	768.86201352867
YIR006C	1566.14895535934	1688.83638906483	1503.21553017608	1739.15758070621	1822.5223599619	1567.92349043373
YIL013C	164.473052488145	180.456385358843	146.519465618644	190.530762995332	193.663090278138	211.396243634741
YIL114C	467.834460410724	469.775046667858	433.067028125991	425.30800649669	319.021771122078	325.664483437303
YIR035C	1224.41050185619	1186.69688197935	1276.94496301818	962.586698355566	711.169439403121	289.751608070783
YIR007W	175.437922654022	148.091924941225	165.066233418472	181.500869014511	201.698903152749	182.012981971225
YIL113W	45.6869590244848	43.1526138901581	55.6403033994849	31.6046289328751	24.9110199112957	7.34581541587902
YIL036W	705.406647338045	595.309923439227	585.150524084583	595.070013336133	585.810758559181	511.758473972905
YIR010W	361.84071547392	359.93202949291	350.533911416755	415.375123117786	437.951801666328	421.976285556606
YIL033C	1761.68913998413	1802.60237113888	1810.16453726324	1647.95565149991	1640.91298899567	1150.84441515438
YIR009W	109.648701658764	106.900793500619	109.425930018987	99.3288337890359	119.733611831712	100.39281068368
YIL041W	1790.9287937598	1740.81567397797	1773.07100166359	1683.17223802512	1733.32483705371	1250.42102412518
YIL087C	129.750963629537	148.091924941225	151.156157568601	150.799229479718	122.947936981556	64.4799353171603
ICR1	124.268528546599	153.976372289882	113.135283578953	155.314176470129	168.752070366842	152.629720307708
YIR036C	248.537057093197	161.822302088093	224.415890377922	230.262296510947	222.592016626739	137.93808947595
YIL122W	279.604189229847	231.454929047212	275.41950182745	285.344649793958	258.753174562491	199.969419654484
YIL090W	754.748563084489	798.323356967926	751.144095893046	847.004055401051	803.581287461153	1007.1929136883
YIL024C	74.9266128001551	61.7866971609083	55.6403033994849	70.4331730504073	67.5008281467369	69.3771455944129
YIL111W	235.744708566342	231.454929047212	215.142506478008	239.292190491768	205.716809590055	175.483368268221
YIL095W	467.834460410724	460.948375644871	431.212351346008	502.062105333672	503.041885950682	536.244525359168
YIL089W	47.5144373854642	34.3259428671712	48.2215962795536	42.4405017098608	29.7325076360627	36.7290770793951
YIL166C	38.3770455805672	42.1718726653818	26.892813309751	41.5375123117786	48.2148772476692	64.4799353171603
YIL009C-A	182.747836097939	215.763069450791	229.052582327879	216.717455539715	235.449317226118	217.925857337744
YIL061C	217.469924956548	183.398609033172	210.505814528051	199.560656976154	204.109647015133	202.418024793111
YIL069C	6074.5380718955	5756.95098943701	6041.60961079407	5232.82356188603	4505.68027879469	4960.05780914409
YIR016W	197.367662985774	214.782328226014	188.249693168257	209.493540355057	206.520390877516	106.922424386683
YIR021W	338.083496781188	306.972003354989	325.495774886987	314.240310532586	337.504140733684	324.848281724428
YIL072W	43.8594806635054	51.979284913145	42.6575659396051	37.0225653213679	40.9826456605188	26.9346565248897
YIL047C	1374.2637274565	1453.45849511851	1369.67880201732	1350.87213953089	1326.71270559836	1174.51426482777
YIR005W	113.303658380722	96.1126400280795	112.207945188961	127.321505129582	108.483473807256	141.202896327452
YIL116W	1218.92806677325	1282.80952200743	1242.6334425885	1223.55063440131	1078.40608777287	1113.29913636211
YIL003W	345.393410225105	408.969090731726	355.170603366712	305.210416551765	274.824800311714	297.913625199538
YIL082W-A	217.469924956548	218.70529312512	190.10436994824	179.694890218347	190.448765128293	161.607939149338
YCR031C	15579.2530273493	13949.0824399936	15231.533055609	11945.6467472287	10449.7710621448	8442.79051798362
YCL011C	2512.78274634666	2356.7211631375	2446.31867279735	2259.27947400153	2334.40364007465	1905.01479785129
YCL040W	1407.15833795413	1229.84949586951	1178.64709367909	962.586698355566	1006.88735318882	568.892593874186
YCR052W	985.010836567892	998.394566822295	931.975081941372	1055.59460635803	1119.38873343339	751.721777558286
YCR100C	184.575314458919	224.589740473778	194.741061898197	168.859017441361	167.14490779192	130.592274060071
YCR107W	113.303658380722	113.765982074053	110.353268408978	106.552748973693	102.858404795028	130.592274060071
YCL002C	464.179503688766	533.523226278319	517.45482161521	387.38245177724	350.361441333063	465.234976339004
YCL024W	332.601061698249	361.893511942463	364.443987266626	401.830282146554	535.988718736589	568.076392161311
YCR060W	263.156883981032	270.684578038265	292.111592847296	313.337321134504	318.218189834617	211.396243634741
YCR071C	317.981234810414	307.952744579765	329.205128446952	360.292769834776	363.218741932441	346.069526259189
YCR007C	210.16001151263	182.417867808396	185.467677998283	219.426423733961	170.359232941764	80.8039695746692
YCL012C	193.712706263816	169.668231886304	177.12163248836	215.814466141632	174.37713937907	185.277788822726
YCR036W	487.936722381498	500.178024635924	476.651932455587	620.353716482433	589.828664996486	617.048494933837
YCR063W	45.6869590244848	43.1526138901581	47.2942578895622	58.6943108753394	71.5187345840426	58.7665233270321
YCR025C	10.9648701658764	6.86518857343425	11.128060679897	11.7388621750679	11.2501380244561	8.16201712875446
YCR069W	767.540911611345	777.727791247623	669.538317573802	711.55564568873	759.38431665079	621.94570521109
YCR020C-A	264.984362342012	215.763069450791	266.146117927536	207.687561558893	165.537745216998	172.218561416719
YCR092C	427.629936469178	374.643147864555	379.281401506489	455.106656633401	437.148220378867	591.746241834699
YCR005C	1794.58375048176	1444.63182409552	1593.16735400525	1043.85574418296	1182.06807385536	495.434439715396
YCL034W	531.796203045003	387.392783786647	433.994366515982	424.405017098608	483.755935051614	298.729826912413
YCL026C-B	31.0671321366497	28.4414955185133	20.4014445798111	38.8285441175322	38.5719017981354	52.2369096240286
YCR020W-B	166.300530849125	159.86081963854	215.142506478008	170.664996237525	174.37713937907	309.340449179794
YCR094W	436.767328274075	458.006151970542	442.340412025905	502.062105333672	494.202491788609	582.768022993069
YCL028W	1334.05920351496	1318.11620609938	1342.78598870757	1333.71534096733	1347.60581907235	1064.32703358958
YCL029C	517.176376157168	508.023954434135	541.565619754986	518.315914499151	527.952905861978	421.976285556606
YCR086W	171.782965932063	149.072666166001	158.574864688532	176.082932626018	171.162814229226	173.85096484247
YCR006C	29.2396537756703	33.3452016423949	38.9482123796394	25.2837031463	27.3217637736792	20.4050428218862
YCR083W	248.537057093197	204.974915978251	226.270567157905	260.060946647658	254.735268125186	239.963303585381
YCL039W	537.278638127941	492.332094837713	494.271361865424	512.897978110658	468.487890589852	399.938839308969
YCL037C	65.7892209952581	95.1318988033032	75.1144095893046	99.3288337890359	118.930030544251	81.6201712875446
YCL004W	250.364535454177	295.203108657673	306.949007087158	266.381872434233	274.824800311714	281.589590942029
YCR011C	884.499526714026	884.628584748242	904.154930241629	902.989398082144	903.225367106336	1000.6632999853
YCL054W-A	138.888355434434	141.22673636779	143.737450448669	78.5600776331466	130.180168568707	164.056544287965
YCR020C	105.993744936805	71.5941094086715	80.6784399292531	53.2763744868465	67.5008281467369	66.1123387429111
YCL057W	1107.45188675351	1177.87021095636	1127.64348222956	1420.40232318321	1629.66285097122	1509.1569671067
YCR045W-A	73.0991344391757	70.6133681838951	42.6575659396051	49.6644168945179	78.750966171193	39.1776822180214
YCL048W	7.30991344391757	18.6340832707501	24.1107981397768	13.5448409712322	8.03581287461153	11.4268239802562
YCR002C	1275.57989596362	1293.59767547997	1345.56800387754	1259.67021032459	1236.71160140271	1425.08819068053
YCR035C	1005.11309853867	989.567895799308	1034.90964323042	1042.95275478488	958.672475941156	1125.54216205524
YCR066W	317.981234810414	315.798674377975	313.440375817098	324.17319391149	280.449869323942	310.972852605545
YCR032W	449.559676800931	467.813564218305	461.814518215725	494.838190149015	480.54160990177	518.288087675908
YCL059C	2218.55873022898	2389.08562355512	2438.89996567742	1929.68834370154	1378.14190799588	1713.20739532556
YCR079W	237.572186927321	224.589740473778	255.94539563763	221.232402530125	241.074386238346	160.791737436463
YCR021C	5243.03541764988	4563.38891888422	4680.27685428667	2526.56433583384	735.276878026955	66.1123387429111
YCL026C-A	23.7572186927321	11.7688946973159	12.0553990698884	8.1269045827393	16.0716257492231	13.8754291188826
YCL001W	988.665793289851	933.665645987058	956.085880081149	842.489108410641	866.260627883123	1073.30525243121
YCR054C	307.016364644538	370.72018296545	364.443987266626	390.091419971486	397.772737293271	508.493667121403
YCR046C	350.875845308043	319.721639277081	293.966269627279	387.38245177724	445.184033253479	212.212445347616
YCR017C	1918.85227902836	1881.06166912098	1825.9292898931	1836.68043569908	1708.41381714241	1834.00524883113
YCR097W	374.633064000775	396.219454809634	457.177826265768	381.061525990665	317.414608547155	544.406542487923
YCR043C	747.438649640571	742.421107155675	746.507403943089	657.376281803801	662.15098086799	780.288837508927
YCR095W-A	14.6198268878351	16.6726008211975	14.8374142398626	14.4478303693143	11.2501380244561	8.97821884162991
YCL009C	2255.10829744857	2414.5848953993	2388.82369261788	2412.78767167549	2256.45625519092	1278.17188236295
YCR014C	261.329405620053	286.376437634686	230.907259107862	263.672904239986	252.324524262802	281.589590942029
YCL036W	471.489417132683	459.967634420095	449.759119145836	485.808296168194	671.793956317524	695.40385936988
YCR051W	957.598661153202	958.184176606466	937.53911228132	837.071172022148	709.562276828198	392.59302389309
YCL045C	2167.38933612156	2320.43373782078	2303.50856073867	2189.7492903492	2261.27774291568	2320.46146970489
YCL005W	252.192013815156	230.474187822436	250.381365297682	270.896819424643	254.735268125186	211.396243634741
snR43	52.9968724684024	41.1911314406055	43.5849043295965	25.2837031463	32.1432514984461	24.4860513862634
YCR088W	1052.62753592413	997.413825597519	985.760708560874	1162.14735533172	1375.73116413349	905.983901291745
YCR037C	964.908574597119	933.665645987058	881.898808881836	837.071172022148	948.225919204161	859.460403657845
YCR077C	2147.28707415079	2244.916663513	2065.18259451088	2085.90550956975	2160.02650069558	1931.94945437618
YCR009C	2030.3284590481	1981.09727404817	2012.32430628137	1936.9122588862	1807.25431550013	1579.35031441399
YCR098C	213.814968234589	198.109727404817	261.509425977579	143.575314295061	163.930582642075	208.947638496114
YCR073W-A	345.393410225105	307.952744579765	334.769158786901	339.524013678886	375.272461244359	208.947638496114
YCL032W	476.971852215621	451.140963397108	451.613795925819	498.450147741344	463.666402865085	320.76727316005
YCR076C	166.300530849125	115.727464523606	144.664788838661	176.082932626018	184.823696116065	126.511265495694
YCL057C-A	431.284893191137	364.835735616792	407.101553206231	424.405017098608	508.66695496291	341.988517694812
YCR053W	4833.68026479049	5064.54768474492	4704.38765242645	4573.64130128606	4289.51691246764	4171.60695450641
YCL008C	277.776710868868	232.435670271988	251.308703687673	248.32208447259	231.431410788812	144.467703178954
YCR072C	718.198995864901	773.804826348518	667.683640793819	715.167603281058	751.348503776178	999.030896559546
YCR057C	2178.35420628744	2428.31527254617	2309.07259107862	2253.86153761303	2303.06396986367	2582.46221953791
YCL044C	241.22714364928	211.840104551685	219.779198427965	276.314755813136	356.790091632752	278.324784090527
YCL033C	232.089751844383	180.456385358843	229.979920717871	245.613116278343	253.128105550263	120.797853505566
YCL030C	3444.79671044615	3616.97363697507	3562.83409434702	3056.61911250806	2986.91164549311	2477.17219857698
YCL035C	897.291875240882	799.304098192702	858.71534913205	958.974740763237	976.351264265301	720.706112469019
YCR008W	1282.88980940753	1390.69105673282	1295.49173081801	1224.45362379939	1358.05237580935	1358.97585193762
YCR091W	158.990617405207	136.323030243909	139.100758498712	108.358727769857	118.12644925679	121.614055218442
YCR042C	705.406647338045	687.499598568201	672.320332743776	653.764324211473	724.83032128996	767.22961010292
YCL055W	458.697068605827	486.447647489055	454.395811095793	428.016974690936	446.791195828401	538.693130497795
YCR003W	286.914102673765	309.914227029318	307.87634547715	362.09874863094	351.968603907985	348.518131397816
YCR089W	341.738453503146	351.105358469923	337.551173956875	357.583801640529	434.737476516484	376.268989635581
YCL016C	217.469924956548	239.300858845422	224.415890377922	231.165285909029	253.128105550263	204.866629931737
YCL031C	1240.85780710501	1267.11766241101	1211.10393732879	1098.03510806789	1162.78212295629	1544.25364076034
YCR018C	308.843843005517	380.527595213213	384.845431846437	418.987080710115	362.41516064498	368.923174219702
YCR087C-A	879.017091631088	789.496685944939	887.462839221784	720.585539669551	492.595329213687	470.948388329133
YCL010C	325.291148254332	288.337920084239	290.256916067313	317.852268124915	319.021771122078	249.757724139887
YCL018W	4025.9348292376	4556.52373031079	4431.75016576897	4646.78344253071	3922.28026409789	2779.98303405377
YCR073C	336.256018420208	369.739441740673	354.24326497672	383.770494184911	327.861165284151	381.982401625709
YCR048W	502.556549269333	487.428388713832	492.416685085441	498.450147741344	540.006625173895	310.15665089267
YCL005W-A	688.959342089231	710.056646738057	764.126833352926	626.674642269008	580.989270834414	476.661800319261
YCR033W	815.055348996809	1028.79754479036	925.483713211432	872.287758547351	1012.51242220105	957.404609202899
YCR019W	275.949232507888	255.97345966662	280.056193777407	313.337321134504	261.967499712336	259.552144694392
YCR102C	95.0288747709284	76.4978155325531	85.3151318792102	109.261717167939	106.072729944872	73.4581541587902
YCR075W-A	93.201396409949	85.32448655554	108.498591628996	126.4185157315	98.8404983577218	92.2307935549254
YCL058W-A	270.46679742495	222.628258024225	250.381365297682	254.643010259165	253.931686837724	293.016414922285
YCL047C	255.846970537115	262.838648240054	285.620224117356	293.471554376697	309.378795672544	293.832616635161
YCR106W	204.677576429692	239.300858845422	205.869122578094	242.001158686015	228.217085638967	295.465020060912
YCR061W	184.575314458919	160.841560863317	116.844637138918	170.664996237525	192.055927703216	99.5766089708045
YCR024C-B	7304.43100883463	7111.35462085311	6904.03431348608	5206.63686934164	5212.02823047304	5857.87969330708
YCR101C	100.511309853867	91.2089339041979	94.5885157791243	81.269045827393	96.4297544953384	85.7011798519219
YCL049C	445.904720078972	431.526138901581	398.755507696308	442.464805060251	349.557860045602	244.044312149758
YCR015C	173.610444293042	173.591196785409	168.775586978438	174.276953829854	164.734163929536	253.022530991388
snR33	151.68070396129	126.515617996145	174.339617318386	155.314176470129	135.805237580935	208.947638496114
YCR038C	202.850098068713	182.417867808396	192.886385118214	176.082932626018	151.073282042697	128.143668921445
YCL063W	416.665066303301	412.892055630831	409.883568376205	392.800388165733	455.630589990474	476.661800319261
YCR024C	193.712706263816	212.820845776462	201.232430628137	251.031052666836	309.378795672544	347.70192968494
YCR065W	224.779838400465	257.934942116173	238.325966227794	242.904148084097	350.361441333063	370.555577645453
YCR034W	3092.09338677713	3188.38972174782	3065.78071731162	2680.0725335078	2432.44055714491	2839.56575909368
YCL052C	895.464396879902	853.2448655554	893.026869561732	858.742917576119	823.670819647682	821.915124865575
YCR004C	707.234125699025	694.364787141636	676.029686303741	796.436649108451	908.046854831103	768.045811815795
YCR059C	643.272383064746	532.542485053543	489.634669915467	557.144458616683	481.345191189231	283.22199436778
YCR028C-A	1200.65328316346	1197.48503545189	1295.49173081801	1240.70743296487	1162.78212295629	1296.12832004621
YCL021W-A	63.9617426342787	75.5170743077768	61.2043337394334	67.7242048561608	53.0363649724361	68.5609438815375
YCL064C	1297.50963629537	1159.23612768561	1317.7478521778	528.248797878054	887.957322644574	601.540662389204
YCR028C	471.489417132683	495.274318512042	450.686457535828	502.965094731754	490.988166638765	530.53111336904
YCR082W	590.275510596344	584.521769966688	548.056988484926	677.242048561608	724.83032128996	786.81845121193
YCL061C	451.38715516191	494.293577287266	474.797255675604	588.749087549558	704.740789103431	764.781004964293
YCR090C	588.448032235364	581.579546292359	604.624630274403	547.211575237779	495.00607307607	608.886477805083
YCR084C	2213.07629514604	2318.47225537122	2102.27613011054	2438.07137482179	2817.3559938388	2282.09998919975
YCR099C	133.405920351496	136.323030243909	114.062621968944	83.0750246235573	72.3223158715038	86.5173815647973
YCR095C	380.115499083714	442.314292374121	388.554785406403	424.405017098608	360.004416782597	486.456220873766
YCR068W	186.402792819898	150.053407390777	160.429541468515	192.336741791497	264.378243574719	170.586157990968
YCL017C	994.148228372789	989.567895799308	996.888769240771	1089.90820348515	1006.88735318882	989.236476005041
YCL058C	133.405920351496	104.939311051066	132.609389768772	134.54542031424	130.180168568707	121.614055218442
YCL014W	482.45428729856	562.945463021608	532.292235855072	623.06268467668	683.847675629441	737.030146726528
YCL050C	3457.58905897301	3657.1840271909	3709.35355996566	3903.62316790911	3907.01221963613	3780.64633403907
YCR067C	939.323877543408	955.241952932137	842.023258112205	1016.76606224049	1134.65677789515	1027.59795651019
YCR047C	648.754818147684	617.866971609082	625.026074854214	682.659984950101	559.292576072963	475.845598606385
YCR044C	519.003854518147	537.446191177424	614.825352564308	518.315914499151	576.971364397108	533.795920220542
YCR026C	652.409774869643	629.635866306398	567.531094674746	586.943108753394	669.383212455141	648.88036173598
YCR093W	1456.50025370058	1527.99482820151	1362.26009489739	1535.08197673965	1725.2890241791	2052.74730788175
YCR012W	51904.0404085367	46536.1711156365	46101.7007200332	43613.4849379695	41894.7104217872	29646.8948167748
YCR075C	155.335660683248	116.708205748382	126.118021038832	141.769335498897	164.734163929536	134.673282624449
YCL043C	7019.34438452185	7024.06865184801	6540.51766460945	8915.21432726501	9147.96937645777	5360.81285016593
YCL025C	2244.14342728269	1933.04095403413	1857.4587951528	1670.53038645197	2097.34716027361	1483.85471400756
YCR023C	511.69394107423	578.63732261803	562.894402724789	535.472713062712	560.899738647885	602.356864102079
YCL056C	248.537057093197	249.108271093186	259.654749197596	193.239731189579	201.698903152749	243.228110436883
YCR081W	360.01323711294	376.604630314107	340.333189126849	433.434911079429	445.184033253479	551.752357903802
YCR018C-A	7.30991344391757	11.7688946973159	13.9100758498712	13.5448409712322	15.2680444617619	17.1402359703844
YCR030C	877.189613270108	919.93526884019	831.822535822299	881.317652528173	958.672475941156	887.21126189561
YCL027W	312.498799727476	277.549766611699	287.474900897339	195.045709985743	240.270804950885	252.206329278513
YCL051W	657.892209952581	614.924747934754	585.150524084583	585.137129957229	535.185137449128	430.13830268536
YCL038C	305.188886283559	322.66386295141	273.564825047467	261.866925443822	242.681548813268	230.168883030876
YCR027C	283.259145951806	259.896424565725	270.782809877493	263.672904239986	286.878519623632	270.978968674648
YCL001W-A	7.30991344391757	2.94222367432896	9.27338389991415	11.7388621750679	10.446556736995	12.2430256931317
YCR016W	1352.33398712475	1324.00065344803	1408.62701439696	1251.54330574185	1088.0490632224	1376.93228962088
YCL054W	2520.09265979058	2818.65028000715	2634.56836596561	2685.4904698963	2544.13835610201	3099.11790378807
YCR105W	31.0671321366497	20.5955657203028	31.5295052597081	31.6046289328751	29.7325076360627	38.361480505146
YCR024C-A	4340.26110732606	4668.32822993529	4424.33145864904	3397.94910498311	3420.84554072213	4921.69632863894
YCL019W	36.5495672195878	49.0370612388161	38.9482123796394	36.1195759232858	37.7683205106742	46.5234976339004
YFL026W	6226.21877585679	6216.9186238571	6264.17082439201	4286.49067269594	4380.32159795075	5404.07154094833
YFR027W	54.8243508293818	63.7481796104609	73.2597328093218	74.948120040818	80.3581287461153	88.1497849905482
YFR052W	1164.10371594387	1156.29390401128	1190.70249274898	1324.68544698651	1463.32152446676	1551.59945617622
YFR017C	42.032002302526	54.921508587474	49.148934669545	39.7315335156144	28.1253450611404	17.1402359703844
YFL018C	2213.07629514604	2213.53294432016	2160.69844868	2221.35391928207	2514.40584846595	2061.72552672338
YFR036W	73.0991344391757	80.4207804316584	69.5503792493561	87.589971613968	96.4297544953384	51.4207079111531
YFR006W	1189.68841299758	1251.42580281459	1316.82051378781	1270.50608310158	1486.62538180313	1556.49666645348
YFR021W	341.738453503146	304.02977968066	319.004406157047	325.979172707654	345.539953608296	282.405792654904
YFL034W	440.422284996034	469.775046667858	376.499386336514	462.330571818058	473.309378314619	525.633903091787
YFL024C	321.636191532373	342.278687446936	344.969881076806	330.494119698065	409.022875317727	519.920491101659
YFL013C	922.876572294593	873.840431275702	905.082268631621	949.944846782416	928.136387017632	908.432506430372
YFL046W	321.636191532373	330.50979274962	329.205128446952	380.158536592583	346.343534895757	431.770706111111
YFR014C	464.179503688766	398.180937259187	434.921704905974	360.292769834776	356.790091632752	358.312551952321
YFL056C	126.096006907578	144.168960042119	155.792849518558	140.866346100815	161.519838779692	142.019098040328
YFL041W-A	45.6869590244848	31.3837191928423	26.892813309751	31.6046289328751	22.5002760489123	21.2212445347616
YFR055W	2529.23005159548	2688.2116971119	2535.34315823653	3268.82162105736	2755.48023470429	2269.04076179374
YFR013W	760.230998167427	847.360418206742	809.566414462505	837.071172022148	891.97522908188	910.064909856123
YFR049W	175.437922654022	183.398609033172	223.488551987931	226.650338918618	231.431410788812	207.315235070363
YFL050C	310.671321366497	368.758700515897	314.36771420709	321.464225717243	297.325076360627	306.891844041168
YFR044C	3291.28852812389	3346.28905893681	3254.03041047987	3030.43241996368	2775.56976689082	2744.07015868725
YFR034W-A	25.5846970537115	21.5763069450791	25.9654749197596	16.2538091654786	16.0716257492231	14.691630831758
YFR009W	1611.83591438382	1769.25716949648	1683.11917783442	1591.97030881882	1446.44631743008	1549.1508510376
YFL045C	7203.91969898076	7141.75759882117	7178.52647692354	6194.50727084351	5674.89105205066	6865.07260699538
YFR018C	277.776710868868	327.567569075291	306.021668697167	342.232981873133	325.450421421767	198.337016228733
YFR034C	243.054622010259	333.452016423949	262.43676436757	333.203087892311	348.75427875814	213.844848773367
YFR029W	202.850098068713	203.994174753475	179.903647658334	217.620444937797	258.753174562491	216.293453911993
YFL003C	56.6518291903612	50.9985436883687	50.0762730595364	49.6644168945179	31.339670210985	54.6855147626549
YFR041C	588.448032235364	635.520313655056	622.244059684239	693.495857727087	685.454838204364	802.326283756564
YFL059W	5.48243508293818	16.6726008211975	9.27338389991415	17.1567985635607	10.446556736995	8.97821884162991
YFL062W	9.13739180489696	12.7496359220922	9.27338389991415	13.5448409712322	10.446556736995	8.97821884162991
YFR026C	47.5144373854642	35.3066840919476	39.8755507696308	34.3135971271215	49.0184585351303	29.3832616635161
YFL014W	71.2716560781963	35.3066840919476	66.7683640793819	68.627194254243	85.1796164708822	65.2961370300357
YFL066C	10.9648701658764	16.6726008211975	7.41870711993132	10.8358727769857	12.0537193119173	8.97821884162991
YFL047W	568.345770264591	581.579546292359	590.714554424531	696.204825921333	760.187897938251	871.703429350977
YFR032C-A	6540.54505394524	5960.94516419048	7002.33218282517	5119.04689772768	4463.09047055924	5795.03216141567
RUF20	45.6869590244848	60.8059559361319	62.1316721294248	49.6644168945179	51.4292023975138	55.5017164755304
YFL044C	392.907847610569	436.429845025463	406.17421481624	453.300677837236	468.487890589852	337.907509130435
YFR011C	469.661938771704	482.52468258995	452.54113431581	511.994988712576	548.846019335968	601.540662389204
YFR022W	319.808713171394	339.336463772607	269.855471487502	248.32208447259	211.341878602283	150.181115169082
YFR047C	634.134991259849	595.309923439227	612.970675784325	630.286599861337	548.042438048506	464.418774626129
YFL054C	89.5464396879902	96.1126400280795	87.169808659193	78.5600776331466	113.304961532023	99.5766089708045
YFR024C-A	868.052221465211	812.053734114794	794.729000222643	954.459793772827	1075.19176262302	797.429073479311
YFR045W	219.297403317527	202.032692303922	215.142506478008	242.904148084097	249.110199112957	185.277788822726
YFR002W	1222.58302349521	1317.1354648746	1213.88595249876	1237.09547537254	1284.92647865038	1495.28153798782
YFL033C	517.176376157168	465.852081768753	418.229613886128	484.905306770112	517.506349124983	479.110405457887
YFL021W	1244.51276382697	1319.09694732415	1191.62983113897	1317.46153180185	1538.05458420065	921.491733836379
YFL008W	570.17324862557	659.058103049688	595.351246374488	690.78688953284	819.652913210376	919.043128697753
YFR005C	550.070986654797	546.272862200411	523.018851955158	539.987660053122	468.487890589852	639.90214289435
YFL022C	3894.35638724708	4243.66727960714	3981.06370823314	3761.85383241021	3604.06207426327	2969.34183144087
YFL028C	645.099861425726	651.212173251477	674.175009523759	593.264034539969	523.131418137211	507.677465408528
YFR008W	127.923485268557	120.631170647488	136.318743328738	122.806558139172	117.322867969328	126.511265495694
YFL002C	1149.48388905604	1062.14274643276	1112.8060679897	1005.02720006543	940.190106329549	1046.37059590632
YFL055W	80.4090478830933	62.7674383856846	60.276995349442	69.5301836523251	74.7330597338872	64.4799353171603
YFL034C-B	369.150628917837	423.680209103371	381.136078286472	413.569144321622	453.21984612809	434.219311249737
YFR023W	12.7923485268557	24.518530619408	13.9100758498712	20.7687561558893	14.4644631743008	23.6698496733879
YFR001W	1838.44323114527	1986.98172139683	1929.79118957213	1665.11245006347	1256.80113358924	1488.75192428481
YFL023W	619.515164372014	654.154396925806	607.406645444377	729.615433650373	708.758695540737	831.70954542008
YFR031C-A	14782.4724619623	14714.0605953191	15410.5093648773	12246.34221679	11025.9388452545	6957.30340055031
YFL010C	816.882827357788	769.881861449412	832.749874212291	893.056514703241	929.743549592554	477.478002032136
YFR030W	738.301257835675	845.398935757189	733.524666483209	950.847836180498	1206.97909376665	1283.88529435308
YFR003C	352.703323669023	298.145332332002	300.457638357218	316.949278726833	375.272461244359	278.324784090527
YFL039C	18466.6688376968	18233.9408510414	17122.3760328015	16899.4465851073	17111.4599351978	14793.6560458675
YFL029C	303.361407922579	272.646060487817	317.149729377064	323.270204513408	323.039677559384	293.832616635161
YFL030W	58.4793075513406	51.979284913145	50.0762730595364	49.6644168945179	69.1079907216592	60.398926752783
YFL016C	1098.31449494861	891.493773321676	969.99595593102	996.900295482687	1417.51739108147	795.79667005356
YFR040W	1297.50963629537	1225.9265309704	1172.15572494915	1195.55796306076	1323.49838044852	1318.98196800672
YFL041W	643.272383064746	647.289208352372	625.953413244205	625.771652870926	709.562276828198	624.394310349716
YFL036W	720.026474225881	746.344072054781	696.431130883553	677.242048561608	863.046302733278	932.918557816635
YFR053C	336.256018420208	370.72018296545	336.623835566884	426.210995894772	1383.76697700811	1038.20857877757
YFL048C	1006.94057689965	1121.96796114411	1128.57082061955	1136.86365218542	1088.0490632224	1181.04387853077
YFR046C	244.882100371239	221.647516799449	235.543951057819	225.747349520536	251.520942975341	211.396243634741
YFL037W	3530.68819341219	3555.18693981417	3500.70242221759	3404.27003076968	3323.61220493933	2808.55009400441
YFL017C	297.878972839641	305.991262130212	334.769158786901	331.397109096147	358.397254207674	315.053861169922
YFL034C-A	1480.25747239331	1589.78152536242	1646.02564223476	1623.5749377517	1495.46477596521	1791.5627597616
YFR010W	1560.6665202764	1567.22447719256	1571.83857103545	1647.95565149991	1618.41271294676	1739.32585013758
YFR020W	129.750963629537	158.880078413764	168.775586978438	125.515526333418	107.679892519795	132.224677485822
YFR038W	570.17324862557	592.367699764898	609.26132222436	599.584960326544	717.59808970281	843.136369400336
YFL031W	2764.97476016182	2806.88138530983	3020.34113620204	3041.26829274066	3129.94911466119	1776.05492721697
YFL017W-A	263.156883981032	183.398609033172	189.177031558249	191.433752393415	198.484578002905	195.072209377232
YFL005W	1577.11382552522	1574.089665766	1657.15370291466	1569.39557386677	1485.01821922821	1348.36522967024
YFR019W	497.074114186395	482.52468258995	437.703720075948	530.054776674219	625.186241644777	639.085941181474
YFL042C	391.08036924959	374.643147864555	355.170603366712	354.874833446283	380.093948969125	259.552144694392
YFR042W	191.885227902836	199.090468629593	183.6130012183	211.299519151222	242.681548813268	329.74549200168
YFR050C	1849.40810131114	1789.85273521679	1944.628603812	2321.58574246919	2403.51163079631	2100.9032089414
YFR007W	182.747836097939	183.398609033172	218.851860037974	195.948699383825	216.16336632705	205.682831644612
YFL038C	2554.81474864919	2440.08416724349	2501.95897619684	2660.20676675	2658.24689892149	2017.6506342281
YFR015C	325.291148254332	445.25651604845	341.260527516841	147.18727188739	171.162814229226	151.813518594833
YFL060C	9.13739180489696	10.7881534725395	8.34604550992273	10.8358727769857	16.8752070366842	14.691630831758
YFR043C	215.642446595568	239.300858845422	243.889996567742	244.710126880261	224.199179201662	259.552144694392
YFL049W	555.553421737735	491.351353612937	505.399422545321	520.121893295315	503.041885950682	546.855147626549
YFR052C-A	14.6198268878351	23.5377893946317	19.4741061898197	21.6717455539715	58.6614339846642	61.2151284656585
YFR028C	789.470651943097	876.782654950031	785.455616322728	898.474451091734	970.726195253073	988.420274292166
YFR051C	1546.04669338857	1528.97556942629	1523.61697475589	1647.05266210183	1714.03888615464	1425.08819068053
YFR016C	1098.31449494861	1044.48940438678	1005.23481475069	1127.8337582046	1198.94328089204	1216.14055218442
YFR032C	40.2045239415466	45.1140963397108	26.892813309751	18.0597879616429	14.4644631743008	13.8754291188826
YFL001W	570.17324862557	627.674383856846	636.154135534111	634.801546851748	638.043542244156	739.478751865154
YFR037C	2224.04116531192	2324.35670271988	2374.91361676801	2283.66018774974	2397.08298049662	1802.98958374186
YFR025C	473.316895493663	505.081730759806	562.894402724789	649.249377221062	627.596985507161	503.59645684415
YFL025C	476.971852215621	553.138050773845	456.250487875776	520.121893295315	562.506901222807	668.469202844991
YFR033C	1789.10131539883	1553.49410004569	1602.44073790516	1619.05999076128	2319.13559561289	1323.87917828397
YFR031C	612.205250928096	678.672927545214	651.918888163965	776.570882350644	786.706080424469	891.292270459987
YFR039C	590.275510596344	635.520313655056	588.859877644548	592.361045141887	651.704424130995	701.117271360008
YFL027C	610.377772567117	546.272862200411	590.714554424531	500.256126537508	463.666402865085	533.795920220542
YFL007W	1036.18023067532	1384.80660938417	1194.41184630894	1319.26751059801	1264.03336517639	1396.52113072989
YFL004W	2616.94901292249	2889.26364819104	2782.94250836424	2441.68333241412	2324.76066462512	2705.7086781821
YFR048W	520.831332879127	472.717270342187	412.66558354618	484.905306770112	482.952353764153	515.839482537282
YFL009W	604.895337484179	623.75141895774	654.700903333939	673.63009096928	679.026187904674	737.030146726528
YFR004W	1471.12008058841	1503.4762975821	1516.19826763596	1665.11245006347	1691.53861010573	1326.3277834226
YAL037W	67.6166993562375	68.6518857343425	105.716576459021	72.2391518465715	59.4650152721253	47.3396993467759
YAL016W	1893.26758197465	1979.13579159862	1943.70126542201	1865.57609643771	1773.50390142676	1782.58454091997
YAL003W	18764.5478105364	18188.8267547017	19349.8428455609	17022.2531432465	15804.836761786	12975.158629581
YAL053W	2691.87562572265	2682.32724976324	2550.18057247639	3021.40252598285	2567.44221343838	2215.98765045684
YAL019W	1253.65015563186	1362.24956121431	1244.48811936848	1405.05150341582	1378.14190799588	1282.25289092733
YAL024C	268.639319063971	307.952744579765	261.509425977579	344.038960669297	397.772737293271	491.353431151019
YAL034W-A	149.85322560031	161.822302088093	148.374142398626	168.859017441361	205.716809590055	227.72027789225
YAL048C	255.846970537115	250.089012317962	226.270567157905	291.665575580533	302.950145372855	266.897960110271
YAL025C	1845.75314458919	1913.4261295386	1966.88472517179	1768.95623084292	1632.87717612106	1589.14473496849
YAL031C	476.971852215621	375.623889089331	370.935355996566	353.971844048201	415.451525617416	419.527680417979
YAL063C-A	25.5846970537115	20.5955657203028	19.4741061898197	11.7388621750679	13.6608818868396	17.1402359703844
YAL023C	3203.56956679687	3245.27271278485	3080.61813155148	2889.56607386286	3206.28933697	2735.09193984562
YAL062W	38.3770455805672	56.8829910370266	60.276995349442	60.5002896715037	64.2865029968923	34.2804719407687
YAL026C	804.090478830933	876.782654950031	827.185843872342	790.115723321876	866.260627883123	1012.09012396555
YAL014C	423.974979747219	406.026867057397	475.724594065596	419.890070108197	483.755935051614	344.437122833438
YAR035W	27.4121754146909	23.5377893946317	14.8374142398626	35.2165865252036	31.339670210985	10.6106222673808
YAL010C	343.565931864126	359.93202949291	368.153340826592	381.964515388747	339.111303308607	429.322100972485
YAL042W	1979.15906494068	2142.91957613626	2105.9854836705	2125.63704308537	2163.24082584542	1399.78593758139
YAL038W	83102.7509871769	76692.0022950588	72855.4132712855	64698.2873831876	59947.9676258895	43032.6029079322
YAR003W	391.08036924959	410.930573181279	412.66558354618	429.822953487101	409.826456605188	448.09474036862
YAR007C	793.125608665056	792.438909619268	814.203106412462	920.146196645705	1039.03060468727	1163.90364256039
YAL030W	345.393410225105	316.779415602752	344.042542686815	347.650918261626	416.255106904877	322.399676585801
YAR027W	1030.69779559238	908.166374142874	940.321127451295	908.407334470637	754.562828926023	598.275855537702
YAL055W	133.405920351496	129.457841670474	142.810112058678	156.217165868211	135.001656293474	120.797853505566
YAL060W	915.566658850675	934.646387211834	1020.07222899056	896.668472295569	1039.03060468727	794.980468340685
YAL017W	562.863335181653	574.714357718924	531.364897465081	532.763744868465	576.971364397108	518.288087675908
YAR018C	321.636191532373	339.336463772607	317.149729377064	387.38245177724	447.594777115862	477.478002032136
YAL063C	47.5144373854642	40.2103902158292	41.7302275496137	24.3807137482179	45.8041333852857	33.4642702278933
YAL046C	208.332533151651	168.687490661527	170.63026375842	204.978593364647	219.377691476895	158.343132297837
snR18	109.648701658764	35.3066840919476	56.5676417894763	44.2464805060251	44.1969708103634	62.0313301785339
YAR050W	10.9648701658764	11.7688946973159	20.4014445798111	12.64185157315	21.6966947614511	8.16201712875446
YAR019C	308.843843005517	251.069753542738	246.672011737716	303.4044377556	269.199731299486	273.427573813275
YAR029W	67.6166993562375	62.7674383856846	52.8582882295106	46.0524593021894	42.5898082354411	35.0966736536442
YAR002W	866.224743104232	1102.35313664859	1042.32835035035	1079.07233070816	1052.69148657411	1067.59184044108
YAL039C	391.08036924959	397.20019603441	413.592921936171	455.106656633401	535.185137449128	262.816951545894
YAL022C	710.889082420984	611.982524260425	583.2958473046	548.114564635862	603.489546883326	460.337766061752
YAL011W	299.70645120062	313.837191928423	266.146117927536	326.882162105736	292.50358863586	301.994633763915
YAL001C	458.697068605827	451.140963397108	440.485735245922	487.614274964358	565.721226372652	595.0110486862
YAL056W	975.873444762996	939.550093335716	869.843409811947	846.101066002969	844.563933121672	833.341948845831
YAL013W	546.416029932838	503.120248310253	529.510220685098	515.606946304904	551.256763198351	295.465020060912
YAR071W	422.14750138624	523.715814030556	435.849043295965	194.142720587661	130.983749856168	120.797853505566
YAR033W	47.5144373854642	90.2281926794216	73.2597328093218	55.985342681093	57.857852697203	58.7665233270321
YAL054C	82.2365262440726	68.6518857343425	80.6784399292531	85.7839928178037	85.9831977583434	85.7011798519219
YAL067C	38.3770455805672	65.7096620600135	65.8410256893905	100.231823187118	100.447660932644	201.601823080235
YAL059W	1032.52527395336	1112.16054889635	1187.920477579	892.153525305159	627.596985507161	813.75310773682
YAL005C	2852.69372148883	2076.22917285147	2041.9991347611	3632.72634848447	6259.09464803492	4851.50298133165
YAL035W	5725.48970494844	5887.38957233226	5631.72604241786	5568.73561797258	5044.88332268112	4920.88012692607
YAL008W	237.572186927321	195.167503730488	209.57847613806	252.837031463	234.645735938657	208.131436783239
YAL020C	257.674448898094	246.166047418857	264.291441147553	258.254967851493	310.182376960005	168.137552852342
YAL032C	230.262273483403	189.28305638183	239.253304617785	191.433752393415	222.592016626739	164.056544287965
YAL015C	321.636191532373	331.490533974397	323.641098107004	393.703377563815	377.683205106742	319.1348697343
YAL028W	124.268528546599	117.688946973159	124.26334425885	94.8138867986252	96.4297544953384	70.1933473072884
YAL009W	277.776710868868	254.992718441844	271.710148267485	238.389201093686	270.003312586947	269.346565248897
YAR014C	813.22787063583	885.609325973018	868.916071421956	864.160853964612	955.458150791311	940.264373232514
YAL036C	1273.75241760264	1528.97556942629	1450.35724194657	1470.96972947581	1196.53253702966	1334.48980055135
YAL002W	434.939849913095	416.815020529937	399.6828460863	436.143879273676	480.54160990177	548.4875510523
YAL021C	1286.54476612949	1254.36802648892	1229.65070512862	1288.56587106322	1407.87441563194	1085.54827812434
YAL061W	144.370790517372	131.419324120027	130.754712988789	94.8138867986252	52.232783684975	24.4860513862634
YAR023C	82.2365262440726	57.863732261803	75.1144095893046	80.3660564293108	40.1790643730577	39.9938839308969
YAL034C	323.463669893352	253.031235992291	223.488551987931	236.583222297522	227.413504351506	194.256007664356
YAL026C-A	31.0671321366497	32.3644604176186	21.3287829698025	17.1567985635607	25.7146011987569	30.1994633763915
YAR002C-A	2443.33856862945	2406.73896560109	2390.67836939787	2200.58516312619	2216.27719081786	2207.00943161521
YAR008W	285.086624312785	263.81938946483	272.637486657476	282.635681599711	319.021771122078	324.848281724428
YAL049C	539.106116488921	498.216542186371	553.621018824875	567.077341995587	548.846019335968	483.191414022264
YAL047C	259.501927259074	290.299402533791	267.073456317527	313.337321134504	304.557307947777	388.512015328712
YAL029C	1184.20597791465	1352.44214896655	1274.1629478482	1341.84224555007	1384.57055829557	1602.2039623745
YAR031W	67.6166993562375	75.5170743077768	63.9863489094076	55.985342681093	30.5360889235238	53.8693130497795
YAL027W	230.262273483403	229.493446597659	269.855471487502	275.411766415054	284.467775761248	229.352681318
YAL033W	365.495672195878	395.238713584858	408.028891596223	374.74060020409	306.164470522699	247.30911900126
YAR015W	3004.37442545012	3033.43260823316	2975.82889348245	2438.97436421987	1676.27056564397	1644.64645144402
YAL044W-A	252.192013815156	230.474187822436	247.599350127708	285.344649793958	259.556755849952	226.087874466499
YAL041W	800.435522108974	751.247778178662	647.282196214008	782.891808137219	878.31434719504	834.974352271582
YAR042W	933.841442460469	922.877492514519	950.5218497412	1030.31090321173	1126.62096502054	857.011798519219
YAL051W	542.76107321088	514.889143007569	438.631058465939	573.398267782162	543.22095032374	597.459653824827
YAL043C	648.754818147684	587.463993641017	559.185049164823	648.34638782298	756.169991500945	568.076392161311
YAL044C	760.230998167427	782.631497371505	842.023258112205	948.138867986252	880.725091057424	623.578108636841
YAL058W	369.150628917837	356.009064593805	304.166991917184	364.807716825186	344.736372320835	340.356114269061
YAL012W	4009.48752398879	4134.80500365697	4110.89108283194	4689.22394424058	5093.09819992879	3198.69451275887
YAR028W	539.106116488921	529.600261379214	537.856266195021	398.218324554226	284.467775761248	239.963303585381
YAL007C	1472.94755894939	1526.03334575196	1466.12199457643	1507.99229479718	1360.46311967173	1675.66211653329
YAL040C	1427.26059992491	1358.32659631521	1234.28739707857	1353.58110772513	1652.16312702013	1808.70299573199
YAR009C	93.201396409949	106.900793500619	123.336005868858	111.970685362186	91.6082667705715	124.062660357068
Q0020	5.48243508293818	12.7496359220922	10.2007222899056	7.22391518465716	16.0716257492231	12.2430256931317
Q0158	27.4121754146909	41.1911314406055	25.9654749197596	41.5375123117786	49.8220398225915	78.3553644360428
